politician_A_id,politician_B_id,n_shared,observed_similarity,null_mean,null_sd,empirical_p,first_observed_similarity,second_observed_similarity,first_null_mean,second_null_mean,half_estimable,excess_similarity,z_score,q_value,first_excess,second_excess,sign_stable,party_A,party_B,party_relation
12,49,70,1.0,0.6726571428571435,0.0567601297088898,0.0009990009990009,1.0,1.0,0.660270833333334,0.6996818181818172,True,0.3273428571428565,5.767126657774136,0.0029480586527566,0.3397291666666659,0.3003181818181828,True,S,V,different-party
12,74,69,1.0,0.6762318840579737,0.0557041823204476,0.0009990009990009,1.0,1.0,0.6628333333333329,0.7068571428571405,True,0.3237681159420262,5.81227660931267,0.0029480586527566,0.337166666666667,0.2931428571428595,True,S,S,same-party
12,80,69,1.0,0.675449275362322,0.0561746828961365,0.0009990009990009,1.0,1.0,0.6608541666666667,0.708809523809521,True,0.324550724637678,5.777526599264509,0.0029480586527566,0.3391458333333332,0.291190476190479,True,S,V,different-party
12,93,70,1.0,0.6716285714285719,0.0547321538941667,0.0009990009990009,1.0,1.0,0.657874999999999,0.7016363636363617,True,0.3283714285714281,5.999607273018818,0.0029480586527566,0.342125000000001,0.2983636363636383,True,S,V,different-party
12,97,70,1.0,0.6715857142857153,0.0544159872748766,0.0009990009990009,1.0,1.0,0.6584375,0.7002727272727258,True,0.3284142857142846,6.035253648074683,0.0029480586527566,0.3415625,0.2997272727272742,True,S,S,same-party
12,102,70,0.9857142857142858,0.6722000000000017,0.0567285927489414,0.0009990009990009,1.0,0.9545454545454546,0.6603541666666668,0.6980454545454527,True,0.3135142857142841,5.5265655381541965,0.0029480586527566,0.3396458333333332,0.2565000000000018,True,S,V,different-party
12,120,70,1.0,0.6718714285714302,0.0560528803433123,0.0009990009990009,1.0,1.0,0.6587291666666667,0.700545454545454,True,0.3281285714285697,5.853910975115818,0.0029480586527566,0.3412708333333333,0.299454545454546,True,S,S,same-party
12,125,66,1.0,0.6700454545454536,0.0579332816822141,0.0009990009990009,1.0,1.0,0.6585625000000004,0.7006666666666639,False,0.3299545454545464,5.695423008564766,0.0029480586527566,0.3414374999999996,0.2993333333333361,True,S,V,different-party
12,127,67,1.0,0.6638358208955216,0.0583518257297837,0.0009990009990009,1.0,1.0,0.6565208333333341,0.6823157894736865,False,0.3361641791044784,5.760988193603244,0.0029480586527566,0.3434791666666659,0.3176842105263134,True,S,V,different-party
12,152,70,1.0,0.671200000000002,0.0550929022737166,0.0009990009990009,1.0,1.0,0.6571458333333338,0.7018636363636354,True,0.328799999999998,5.968100906473025,0.0029480586527566,0.3428541666666662,0.2981363636363646,True,S,S,same-party
12,168,70,1.0,0.6718571428571447,0.0541076882489096,0.0009990009990009,1.0,1.0,0.6581458333333331,0.7017727272727259,True,0.3281428571428553,6.06462533814625,0.0029480586527566,0.3418541666666669,0.2982272727272741,True,S,V,different-party
12,180,69,1.0,0.6730000000000032,0.0563340252305958,0.0009990009990009,1.0,1.0,0.6577083333333326,0.7079523809523803,True,0.3269999999999968,5.804662433786076,0.0029480586527566,0.3422916666666674,0.2920476190476196,True,S,V,different-party
12,191,66,0.8939393939393939,0.6705909090909075,0.0581048765744936,0.0009990009990009,0.9166666666666666,0.8333333333333334,0.6609583333333326,0.696277777777775,False,0.2233484848484864,3.843885367558457,0.0029480586527566,0.255708333333334,0.1370555555555583,True,S,RV,different-party
12,201,67,1.0,0.6692985074626873,0.0589201386909426,0.0009990009990009,1.0,1.0,0.6618125000000005,0.6882105263157914,False,0.3307014925373127,5.612707299824278,0.0029480586527566,0.3381874999999995,0.3117894736842086,True,S,S,same-party
12,208,67,1.0,0.6689402985074635,0.054541145926087,0.0009990009990009,1.0,1.0,0.6626666666666671,0.6847894736842126,False,0.3310597014925365,6.069907330901727,0.0029480586527566,0.3373333333333329,0.3152105263157874,True,S,S,same-party
12,213,67,1.0,0.6669104477611942,0.0555303183097661,0.0009990009990009,1.0,1.0,0.6582708333333324,0.6887368421052655,False,0.3330895522388057,5.998336807304513,0.0029480586527566,0.3417291666666676,0.3112631578947344,True,S,S,same-party
12,224,63,1.0,0.6739999999999946,0.0588550887133688,0.0009990009990009,1.0,1.0,0.6567857142857095,0.7084285714285691,True,0.3260000000000054,5.539028266318029,0.0029480586527566,0.3432142857142904,0.2915714285714309,True,S,S,same-party
12,257,68,1.0,0.674367647058824,0.0532663028609558,0.0009990009990009,1.0,1.0,0.6577234042553182,0.7116190476190448,True,0.325632352941176,6.113289930994328,0.0029480586527566,0.3422765957446818,0.2883809523809552,True,S,S,same-party
12,260,67,1.0,0.6656417910447768,0.0552442400874804,0.0009990009990009,1.0,1.0,0.6566874999999999,0.6882631578947385,False,0.3343582089552231,6.052363258608672,0.0029480586527566,0.3433125000000001,0.3117368421052615,True,S,S,same-party
12,266,69,1.0,0.6702753623188445,0.0544378155613578,0.0009990009990009,1.0,1.0,0.6571041666666668,0.7003809523809501,True,0.3297246376811554,6.0569042729041325,0.0029480586527566,0.3428958333333332,0.2996190476190499,True,S,S,same-party
12,273,70,1.0,0.6734285714285728,0.0563153293009343,0.0009990009990009,1.0,1.0,0.6608958333333333,0.7007727272727259,True,0.3265714285714272,5.79897929436433,0.0029480586527566,0.3391041666666666,0.2992272727272741,True,S,S,same-party
12,278,70,1.0,0.6720142857142868,0.0554137781536194,0.0009990009990009,1.0,1.0,0.659374999999999,0.6995909090909086,True,0.3279857142857132,5.918847716473384,0.0029480586527566,0.3406250000000009,0.3004090909090914,True,S,S,same-party
12,286,70,1.0,0.6710142857142876,0.054143655334336,0.0009990009990009,1.0,1.0,0.6567083333333332,0.7022272727272714,True,0.3289857142857124,6.076163721385853,0.0029480586527566,0.3432916666666668,0.2977727272727286,True,S,S,same-party
12,1619,70,1.0,0.6718571428571439,0.0539110025144297,0.0009990009990009,1.0,1.0,0.6606041666666659,0.696409090909089,True,0.328142857142856,6.0867511609531935,0.0029480586527566,0.3393958333333341,0.303590909090911,True,S,S,same-party
12,1845,69,1.0,0.6756231884058006,0.0554045871928859,0.0009990009990009,1.0,1.0,0.6611875000000013,0.7086190476190447,True,0.3243768115941994,5.854692328361039,0.0029480586527566,0.3388124999999987,0.2913809523809553,True,S,V,different-party
12,11702,70,0.9857142857142858,0.6714857142857152,0.0548294474632539,0.0009990009990009,1.0,0.9545454545454546,0.6586041666666661,0.6995909090909063,True,0.3142285714285705,5.7310183845854565,0.0029480586527566,0.3413958333333339,0.2549545454545483,True,S,KF,different-party
12,15762,70,1.0,0.6717714285714295,0.0546156141986399,0.0009990009990009,1.0,1.0,0.6593333333333329,0.6989090909090901,True,0.3282285714285705,6.009793650489496,0.0029480586527566,0.3406666666666671,0.3010909090909098,True,S,S,same-party
12,15787,67,1.0,0.6673134328358211,0.0579692442422022,0.0009990009990009,1.0,1.0,0.6580208333333338,0.690789473684212,False,0.3326865671641789,5.739018534969604,0.0029480586527566,0.3419791666666661,0.309210526315788,True,S,S,same-party
12,15793,66,1.0,0.6698484848484824,0.0561007424087598,0.0009990009990009,1.0,1.0,0.6584583333333337,0.7002222222222199,False,0.3301515151515176,5.884975866201125,0.0029480586527566,0.3415416666666663,0.2997777777777801,True,S,KF,different-party
12,16351,70,1.0,0.6709571428571428,0.0570926259273831,0.0009990009990009,1.0,1.0,0.655750000000001,0.704136363636361,True,0.3290428571428572,5.763316221632034,0.0029480586527566,0.3442499999999989,0.295863636363639,True,S,S,same-party
12,17141,67,1.0,0.675597014925374,0.0563638610956703,0.0009990009990009,1.0,1.0,0.6586956521739141,0.7126190476190453,True,0.3244029850746259,5.755513883692142,0.0029480586527566,0.3413043478260859,0.2873809523809547,True,S,KF,different-party
12,18695,70,1.0,0.6736000000000009,0.0548609441459076,0.0009990009990009,1.0,1.0,0.6603749999999997,0.702454545454543,True,0.3263999999999991,5.949587727325814,0.0029480586527566,0.3396250000000003,0.297545454545457,True,S,V,different-party
12,18699,69,1.0,0.6731594202898584,0.0559017918186449,0.0009990009990009,1.0,1.0,0.6608125000000008,0.7013809523809501,True,0.3268405797101416,5.846692370263712,0.0029480586527566,0.3391874999999992,0.2986190476190499,True,S,V,different-party
12,18713,69,0.9710144927536232,0.6736956521739159,0.0559252540472861,0.0009990009990009,0.9583333333333334,1.0,0.658208333333333,0.7090952380952357,True,0.2973188405797072,5.3163610187325565,0.0029480586527566,0.3001250000000004,0.2909047619047643,True,S,KF,different-party
12,18717,70,1.0,0.6720000000000017,0.0557465613977931,0.0009990009990009,1.0,1.0,0.6585833333333339,0.7012727272727252,True,0.3279999999999983,5.88377097664329,0.0029480586527566,0.3414166666666661,0.2987272727272748,True,S,S,same-party
12,18718,66,1.0,0.6677272727272705,0.0568154770289233,0.0009990009990009,1.0,1.0,0.6609791666666658,0.6857222222222193,False,0.3322727272727295,5.848278403146691,0.0029480586527566,0.3390208333333342,0.3142777777777806,True,S,S,same-party
12,18719,62,1.0,0.6660645161290341,0.0604622250222128,0.0009990009990009,1.0,1.0,0.6558139534883689,0.6892631578947394,False,0.3339354838709659,5.523043251357081,0.0029480586527566,0.3441860465116311,0.3107368421052606,True,S,S,same-party
12,18720,69,1.0,0.677289855072468,0.0548317106552735,0.0009990009990009,1.0,1.0,0.6613125000000007,0.7138095238095227,True,0.322710144927532,5.885465564924786,0.0029480586527566,0.3386874999999992,0.2861904761904773,True,S,S,same-party
12,18725,70,0.8714285714285714,0.6736571428571444,0.055051950445549,0.0009990009990009,0.9166666666666666,0.7727272727272727,0.6600833333333334,0.7032727272727245,True,0.197771428571427,3.5924508935798607,0.0029480586527566,0.2565833333333333,0.0694545454545482,True,S,RV,different-party
12,18729,70,0.8714285714285714,0.6695857142857161,0.055301297811725,0.0009990009990009,0.9166666666666666,0.7727272727272727,0.6548958333333339,0.7016363636363608,True,0.2018428571428553,3.649875592974971,0.0029480586527566,0.2617708333333327,0.0710909090909118,True,S,RV,different-party
12,19928,70,1.0,0.6723857142857148,0.0568031353714378,0.0009990009990009,1.0,1.0,0.6603333333333338,0.6986818181818166,True,0.3276142857142852,5.767538773555422,0.0029480586527566,0.3396666666666662,0.3013181818181834,True,S,S,same-party
12,20349,66,1.0,0.6702121212121204,0.058091675640205,0.0009990009990009,1.0,1.0,0.6596041666666664,0.6984999999999975,False,0.3297878787878796,5.67702472262023,0.0029480586527566,0.3403958333333335,0.3015000000000025,True,S,SP,different-party
12,20362,70,1.0,0.6704714285714297,0.0544753305935456,0.0009990009990009,1.0,1.0,0.6581249999999998,0.6974090909090892,True,0.3295285714285703,6.049133944450329,0.0029480586527566,0.3418750000000001,0.3025909090909108,True,S,S,same-party
12,20363,70,1.0,0.6725142857142868,0.0560240538784974,0.0009990009990009,1.0,1.0,0.6602916666666659,0.6991818181818169,True,0.3274857142857131,5.845448367516394,0.0029480586527566,0.339708333333334,0.3008181818181831,True,S,S,same-party
12,20364,70,1.0,0.6740857142857165,0.0556787333353902,0.0009990009990009,1.0,1.0,0.6608333333333329,0.7029999999999987,True,0.3259142857142835,5.853478809424128,0.0029480586527566,0.339166666666667,0.2970000000000012,True,S,S,same-party
12,20365,70,1.0,0.6749571428571438,0.0543354235892578,0.0009990009990009,1.0,1.0,0.6625000000000004,0.7021363636363623,True,0.3250428571428562,5.98215373455039,0.0029480586527566,0.3374999999999996,0.2978636363636376,True,S,S,same-party
12,20367,70,1.0,0.6713428571428575,0.0552266367795669,0.0009990009990009,1.0,1.0,0.6588541666666669,0.6985909090909079,True,0.3286571428571425,5.951062060305306,0.0029480586527566,0.3411458333333331,0.301409090909092,True,S,S,same-party
12,20368,67,1.0,0.6639402985074636,0.055673157631444,0.0009990009990009,1.0,1.0,0.6547499999999998,0.6871578947368451,False,0.3360597014925364,6.036296768314265,0.0029480586527566,0.3452500000000001,0.3128421052631549,True,S,S,same-party
12,20369,65,0.9846153846153848,0.6699538461538496,0.0579205024761332,0.0009990009990009,1.0,0.9545454545454546,0.6536511627906935,0.7018181818181799,True,0.3146615384615351,5.432645177606924,0.0029480586527566,0.3463488372093065,0.2527272727272747,True,S,KF,different-party
12,20371,70,1.0,0.6722714285714301,0.0550665226226402,0.0009990009990009,1.0,1.0,0.6599791666666662,0.6990909090909068,True,0.3277285714285699,5.951502942621371,0.0029480586527566,0.3400208333333337,0.3009090909090932,True,S,V,different-party
12,20378,70,1.0,0.6708714285714301,0.0545183793069249,0.0009990009990009,1.0,1.0,0.6585000000000003,0.6978636363636345,True,0.3291285714285699,6.037020461955729,0.0029480586527566,0.3414999999999997,0.3021363636363655,True,S,M,different-party
12,20384,66,1.0,0.6692878787878763,0.0557786184429239,0.0009990009990009,1.0,1.0,0.6595416666666656,0.6952777777777753,False,0.3307121212121237,5.929012414506611,0.0029480586527566,0.3404583333333344,0.3047222222222246,True,S,M,different-party
12,20386,68,1.0,0.6750588235294126,0.0550180467026241,0.0009990009990009,1.0,1.0,0.6599375000000006,0.7113499999999994,True,0.3249411764705874,5.906083475244301,0.0029480586527566,0.3400624999999994,0.2886500000000006,True,S,M,different-party
12,20389,70,1.0,0.675257142857144,0.0559144672883657,0.0009990009990009,1.0,1.0,0.6622083333333333,0.7037272727272719,True,0.324742857142856,5.807850327323535,0.0029480586527566,0.3377916666666667,0.2962727272727281,True,S,M,different-party
12,20415,70,1.0,0.6716000000000016,0.0543464478465327,0.0009990009990009,1.0,1.0,0.6576666666666664,0.7019999999999983,True,0.3283999999999983,6.04271324093448,0.0029480586527566,0.3423333333333336,0.2980000000000017,True,S,M,different-party
12,20496,69,1.0,0.674594202898554,0.0549620807841586,0.0009990009990009,1.0,1.0,0.6593125000000006,0.709523809523807,True,0.325405797101446,5.920550904528992,0.0029480586527566,0.3406874999999993,0.290476190476193,True,S,M,different-party
12,20781,70,1.0,0.6719000000000005,0.0556135831045678,0.0009990009990009,1.0,1.0,0.658958333333333,0.7001363636363612,True,0.3280999999999995,5.899637852556402,0.0029480586527566,0.341041666666667,0.2998636363636388,True,S,S,same-party
12,20925,70,0.9857142857142858,0.6739142857142869,0.0576761260410817,0.0009990009990009,1.0,0.9545454545454546,0.6604166666666659,0.7033636363636355,True,0.3117999999999988,5.406049632700867,0.0029480586527566,0.3395833333333341,0.251181818181819,True,S,KF,different-party
12,21044,70,1.0,0.6702857142857154,0.0550740919542478,0.0009990009990009,1.0,1.0,0.6557291666666674,0.7020454545454525,True,0.3297142857142846,5.986740298654234,0.0029480586527566,0.3442708333333326,0.2979545454545474,True,S,S,same-party
12,21143,70,1.0,0.6720285714285723,0.0563114041695475,0.0009990009990009,1.0,1.0,0.6610624999999992,0.6959545454545434,True,0.3279714285714277,5.824245255613612,0.0029480586527566,0.3389375000000008,0.3040454545454566,True,S,S,same-party
12,21159,69,1.0,0.6732608695652202,0.0537517665887202,0.0009990009990009,1.0,1.0,0.6568958333333338,0.7106666666666648,True,0.3267391304347797,6.078667756816488,0.0029480586527566,0.3431041666666662,0.2893333333333352,True,S,M,different-party
12,21168,70,1.0,0.6739142857142868,0.0551595693265692,0.0009990009990009,1.0,1.0,0.6606041666666667,0.7029545454545442,True,0.3260857142857132,5.911679845706201,0.0029480586527566,0.3393958333333333,0.2970454545454558,True,S,V,different-party
18,15763,96,1.0,0.6769895833333323,0.0458834022464125,0.0009990009990009,1.0,1.0,0.6563220338983079,0.7099459459459446,True,0.3230104166666677,7.0398096229213785,0.0029480586527566,0.3436779661016921,0.2900540540540554,True,DF,DF,same-party
18,18721,53,0.981132075471698,0.7791132075471754,0.0510497543532048,0.0009990009990009,0.9285714285714286,1.0,0.6779999999999999,0.8154102564102537,False,0.2020188679245227,3.9572936341042393,0.0029480586527566,0.2505714285714286,0.1845897435897463,True,DF,DF,same-party
18,20356,107,0.9906542056074766,0.7079439252336459,0.0402803478934584,0.0009990009990009,1.0,0.979591836734694,0.6608793103448333,0.7636530612244933,True,0.2827102803738307,7.018566004484356,0.0029480586527566,0.3391206896551667,0.2159387755102005,True,DF,DF,same-party
34,82,106,0.9905660377358492,0.721094339622641,0.0420333105413587,0.0009990009990009,0.9836065573770492,1.0,0.6886721311475388,0.7650444444444435,True,0.269471698113208,6.410908268766058,0.0029480586527566,0.2949344262295104,0.2349555555555564,True,DD,DD,same-party
34,113,81,0.9876543209876544,0.6988024691358018,0.0506928843005803,0.0009990009990009,0.9814814814814816,1.0,0.6738518518518509,0.7487037037037078,True,0.2888518518518524,5.698074904144794,0.0029480586527566,0.3076296296296306,0.2512962962962922,True,DD,DD,same-party
34,119,79,0.9873417721518988,0.6821392405063297,0.0490082195864232,0.0009990009990009,0.9827586206896552,1.0,0.6744655172413846,0.7033333333333318,True,0.3052025316455691,6.2275784393138665,0.0029480586527566,0.3082931034482705,0.2966666666666682,True,DD,DD,same-party
34,182,65,0.9846153846153848,0.6690769230769269,0.0576706666117144,0.0009990009990009,0.9791666666666666,1.0,0.6594583333333327,0.6962352941176445,False,0.3155384615384577,5.471385716120083,0.0029480586527566,0.3197083333333339,0.3037647058823555,True,DD,DD,same-party
34,20355,43,1.0,0.8096976744186114,0.0575299702297646,0.0009990009990009,1.0,1.0,0.8104375,0.8092592592592649,False,0.1903023255813886,3.307881523688512,0.0029480586527566,0.1895624999999999,0.1907407407407351,True,DD,DD,same-party
34,20374,84,0.988095238095238,0.705619047619048,0.0501864265271615,0.0009990009990009,0.9824561403508772,1.0,0.6843333333333355,0.7505555555555588,True,0.2824761904761901,5.6285376350378336,0.0029480586527566,0.2981228070175417,0.2494444444444412,True,DD,DD,same-party
34,20375,69,0.9855072463768116,0.6717246376811626,0.0557207853419793,0.0009990009990009,0.9803921568627452,1.0,0.6640980392156856,0.6933333333333305,False,0.313782608695649,5.631338588820092,0.0029480586527566,0.3162941176470595,0.3066666666666695,True,DD,DD,same-party
34,20376,100,0.99,0.7124000000000019,0.043265597325219,0.0009990009990009,0.984375,1.0,0.6955625,0.7423333333333348,True,0.277599999999998,6.416183230138555,0.0029480586527566,0.2888125,0.2576666666666651,True,DD,DD,same-party
38,49,44,1.0,0.7837272727272734,0.0558081765433602,0.0009990009990009,1.0,1.0,0.8046666666666662,0.775875,False,0.2162727272727266,3.875287469833265,0.0029480586527566,0.1953333333333338,0.224125,True,S,V,different-party
38,74,44,1.0,0.8058409090909077,0.0557637207070489,0.0009990009990009,,1.0,,0.8058409090909077,False,0.1941590909090923,3.4818173616695067,0.0029480586527566,,0.1941590909090923,False,S,S,same-party
38,80,54,1.0,0.792407407407407,0.0526785681973577,0.0009990009990009,1.0,1.0,0.7141428571428539,0.8040638297872325,False,0.207592592592593,3.940740982459075,0.0029480586527566,0.2858571428571461,0.1959361702127675,True,S,V,different-party
38,93,59,1.0,0.7975254237288135,0.0480026365774457,0.0009990009990009,1.0,1.0,0.7864615384615339,0.8006521739130414,False,0.2024745762711864,4.217988650363427,0.0029480586527566,0.2135384615384661,0.1993478260869585,True,S,V,different-party
38,97,42,1.0,0.8080238095238171,0.0560235999001426,0.0009990009990009,1.0,1.0,0.7041428571428523,0.8287999999999953,False,0.1919761904761828,3.42670215442,0.0029480586527566,0.2958571428571477,0.1712000000000046,True,S,S,same-party
38,102,60,1.0,0.8001333333333349,0.0465944433732232,0.0009990009990009,1.0,1.0,0.7788461538461503,0.806021276595742,False,0.199866666666665,4.289495746643551,0.0029480586527566,0.2211538461538497,0.193978723404258,True,S,V,different-party
38,118,60,1.0,0.800950000000003,0.0444123726874551,0.0009990009990009,1.0,1.0,0.7825384615384561,0.8060425531914892,False,0.1990499999999969,4.481859174711944,0.0029480586527566,0.2174615384615439,0.1939574468085108,True,S,S,same-party
38,127,45,0.9777777777777776,0.8035333333333313,0.0511932963687882,0.0029970029970029,1.0,0.96875,0.7809999999999968,0.8126875,False,0.1742444444444464,3.403657447436429,0.0087126097043452,0.2190000000000032,0.1560625,True,S,V,different-party
38,164,45,1.0,0.8324666666666641,0.0493183380834474,0.0009990009990009,1.0,1.0,0.8578333333333371,0.8285641025641017,False,0.1675333333333358,3.3969784839437733,0.0029480586527566,0.1421666666666629,0.1714358974358982,True,S,V,different-party
38,168,50,1.0,0.8136999999999985,0.049444461315252,0.0009990009990009,1.0,1.0,0.8610000000000029,0.8072499999999999,False,0.1863000000000014,3.7678638829165223,0.0029480586527566,0.1389999999999971,0.1927500000000001,True,S,V,different-party
38,180,60,1.0,0.8015333333333354,0.0457562171642388,0.0009990009990009,1.0,1.0,0.7826923076923034,0.8067446808510615,False,0.1984666666666645,4.33747977797819,0.0029480586527566,0.2173076923076966,0.1932553191489384,True,S,V,different-party
38,213,45,1.0,0.8004888888888869,0.0520541171531867,0.0009990009990009,1.0,1.0,0.7780769230769184,0.80959375,False,0.199511111111113,3.832763324445296,0.0029480586527566,0.2219230769230815,0.19040625,True,S,S,same-party
38,214,40,1.0,0.768924999999999,0.0600193443541071,0.0009990009990009,1.0,1.0,0.778153846153842,0.764481481481486,False,0.231075000000001,3.850008734462097,0.0029480586527566,0.221846153846158,0.235518518518514,True,S,S,same-party
38,224,51,1.0,0.8152941176470587,0.0484027608336472,0.0009990009990009,1.0,1.0,0.7863076923076873,0.8252105263157894,False,0.1847058823529412,3.816019565242291,0.0029480586527566,0.2136923076923127,0.1747894736842106,True,S,S,same-party
38,257,57,0.9824561403508772,0.7990350877193023,0.0487381325934109,0.0009990009990009,1.0,0.9772727272727272,0.7832307692307657,0.8037045454545458,False,0.1834210526315748,3.763399270171711,0.0029480586527566,0.2167692307692342,0.1735681818181814,True,S,S,same-party
38,273,53,1.0,0.8097547169811383,0.0481876362292969,0.0009990009990009,1.0,1.0,0.8550000000000029,0.8039787234042546,False,0.1902452830188616,3.948010276196058,0.0029480586527566,0.1449999999999971,0.1960212765957454,True,S,S,same-party
38,278,57,1.0,0.8098596491228104,0.0466178904070475,0.0009990009990009,1.0,1.0,0.7808461538461491,0.8184318181818185,False,0.1901403508771896,4.078699169288123,0.0029480586527566,0.2191538461538509,0.1815681818181814,True,S,S,same-party
38,286,59,1.0,0.7987457627118655,0.0468292471098373,0.0009990009990009,1.0,1.0,0.7694166666666673,0.8062340425531902,False,0.2012542372881345,4.2976184694171,0.0029480586527566,0.2305833333333327,0.1937659574468098,True,S,S,same-party
38,1619,60,1.0,0.8003333333333366,0.0455126876602926,0.0009990009990009,1.0,1.0,0.7816923076923045,0.8054893617021261,False,0.1996666666666634,4.387055059393073,0.0029480586527566,0.2183076923076955,0.1945106382978738,True,S,S,same-party
38,15762,51,1.0,0.8166470588235285,0.0506720595892787,0.0009990009990009,1.0,1.0,0.782692307692304,0.8282631578947368,False,0.1833529411764715,3.618422907271477,0.0029480586527566,0.2173076923076959,0.1717368421052632,True,S,S,same-party
38,15776,40,1.0,0.7724749999999995,0.0627350385355701,0.0009990009990009,1.0,1.0,0.7809999999999964,0.7683703703703749,False,0.2275250000000005,3.6267611419573145,0.0029480586527566,0.2190000000000036,0.231629629629625,True,S,S,same-party
38,15787,41,1.0,0.7956585365853617,0.0567330208021323,0.0009990009990009,1.0,1.0,0.763250000000001,0.8090689655172328,False,0.2043414634146383,3.6018082683684254,0.0029480586527566,0.236749999999999,0.1909310344827671,True,S,S,same-party
38,16351,57,1.0,0.7995614035087761,0.0484731762708955,0.0009990009990009,1.0,1.0,0.7771538461538414,0.8061818181818183,False,0.2004385964912238,4.135041520098863,0.0029480586527566,0.2228461538461585,0.1938181818181816,True,S,S,same-party
38,18695,47,1.0,0.8057446808510639,0.049178136496842,0.0009990009990009,,1.0,,0.8057446808510639,False,0.1942553191489361,3.950034161245823,0.0029480586527566,,0.1942553191489361,False,S,V,different-party
38,18696,44,1.0,0.796818181818183,0.0549428903547705,0.0009990009990009,1.0,1.0,0.7808461538461492,0.8035161290322532,False,0.203181818181817,3.698054777785736,0.0029480586527566,0.2191538461538508,0.1964838709677467,True,S,V,different-party
38,18698,47,1.0,0.8040425531914878,0.0525320656823455,0.0009990009990009,,1.0,,0.8040425531914878,False,0.1959574468085122,3.73024445666083,0.0029480586527566,,0.1959574468085122,False,S,V,different-party
38,18699,57,1.0,0.7998421052631639,0.0477474314840937,0.0009990009990009,1.0,1.0,0.7813076923076887,0.8053181818181818,False,0.2001578947368361,4.192013863688469,0.0029480586527566,0.2186923076923113,0.1946818181818181,True,S,V,different-party
38,18715,44,1.0,0.8312954545454563,0.0497663230928962,0.0009990009990009,1.0,1.0,0.8623333333333362,0.8263947368421063,False,0.1687045454545437,3.38993389444568,0.0029480586527566,0.1376666666666638,0.1736052631578937,True,S,S,same-party
38,18718,57,1.0,0.800298245614039,0.0486822696341516,0.0009990009990009,1.0,1.0,0.7757692307692262,0.8075454545454561,False,0.199701754385961,4.102145522111528,0.0029480586527566,0.2242307692307737,0.1924545454545438,True,S,S,same-party
38,18720,60,1.0,0.8002166666666677,0.0455652929117846,0.0009990009990009,1.0,1.0,0.7792307692307653,0.8060212765957439,False,0.1997833333333323,4.38455062102019,0.0029480586527566,0.2207692307692347,0.1939787234042561,True,S,S,same-party
38,20362,51,1.0,0.8164705882352932,0.049785571912375,0.0009990009990009,1.0,1.0,0.7853076923076883,0.8271315789473688,False,0.1835294117647068,3.6863975789557486,0.0029480586527566,0.2146923076923117,0.1728684210526312,True,S,S,same-party
38,20363,51,1.0,0.792843137254901,0.0515678509286511,0.0009990009990009,1.0,1.0,0.7141428571428536,0.8053636363636371,False,0.207156862745099,4.017170756867873,0.0029480586527566,0.2858571428571463,0.1946363636363629,True,S,S,same-party
38,20364,45,1.0,0.8100222222222208,0.0524706816393196,0.0009990009990009,1.0,1.0,0.7192857142857102,0.8267368421052634,False,0.1899777777777792,3.6206462703052966,0.0029480586527566,0.2807142857142898,0.1732631578947365,True,S,S,same-party
38,20365,40,1.0,0.7722999999999998,0.0617476539859787,0.0009990009990009,1.0,1.0,0.7821538461538416,0.7675555555555592,False,0.2277000000000002,3.68758949209155,0.0029480586527566,0.2178461538461583,0.2324444444444408,True,S,S,same-party
38,20367,60,1.0,0.7986000000000009,0.0458212181032868,0.0009990009990009,1.0,1.0,0.7757692307692277,0.8049148936170202,False,0.2013999999999991,4.39534364944245,0.0029480586527566,0.2242307692307723,0.1950851063829798,True,S,S,same-party
38,20371,40,1.0,0.7694999999999993,0.0596830131784799,0.0009990009990009,1.0,1.0,0.7766153846153798,0.7660740740740773,False,0.2305000000000007,3.862070423802139,0.0029480586527566,0.2233846153846201,0.2339259259259226,True,S,V,different-party
38,20377,49,1.0,0.8109387755102136,0.0499324420321089,0.0009990009990009,1.0,1.0,0.7849999999999954,0.8203055555555561,False,0.1890612244897863,3.7863404391119273,0.0029480586527566,0.2150000000000046,0.1796944444444439,True,S,M,different-party
38,20378,60,1.0,0.8018166666666692,0.0463106654376948,0.0009990009990009,1.0,1.0,0.78661538461538,0.8060212765957439,False,0.1981833333333308,4.279431777976962,0.0029480586527566,0.2133846153846199,0.1939787234042561,True,S,M,different-party
38,20389,57,1.0,0.8002456140350924,0.0467078438965476,0.0009990009990009,1.0,1.0,0.7836153846153798,0.8051590909090914,False,0.1997543859649075,4.276677519247943,0.0029480586527566,0.2163846153846201,0.1948409090909085,True,S,M,different-party
38,20415,60,1.0,0.8003166666666682,0.0462010200804424,0.0009990009990009,1.0,1.0,0.7806153846153797,0.8057659574468063,False,0.1996833333333317,4.322054642638952,0.0029480586527566,0.2193846153846202,0.1942340425531936,True,S,M,different-party
38,20496,47,1.0,0.8065744680851057,0.0529822263215347,0.0009990009990009,,1.0,,0.8065744680851057,False,0.1934255319148943,3.650762630113869,0.0029480586527566,,0.1934255319148943,False,S,M,different-party
38,20781,53,1.0,0.7868301886792523,0.0509590838544787,0.0009990009990009,1.0,1.0,0.7109999999999946,0.7983695652173901,False,0.2131698113207477,4.183156273560296,0.0029480586527566,0.2890000000000053,0.2016304347826099,True,S,S,same-party
38,20930,51,1.0,0.8152549019607841,0.0498377852156923,0.0009990009990009,1.0,1.0,0.7837692307692268,0.8260263157894738,False,0.1847450980392159,3.70692833238194,0.0029480586527566,0.2162307692307732,0.1739736842105261,True,S,S,same-party
38,21044,60,1.0,0.8006333333333377,0.0456010539656677,0.0009990009990009,1.0,1.0,0.7834615384615335,0.8053829787234019,False,0.1993666666666622,4.371974972700458,0.0029480586527566,0.2165384615384664,0.194617021276598,True,S,S,same-party
38,21159,51,1.0,0.8159215686274494,0.0495572238210483,0.0009990009990009,1.0,1.0,0.785307692307688,0.8263947368421061,False,0.1840784313725506,3.714462134466207,0.0029480586527566,0.2146923076923119,0.1736052631578939,True,S,M,different-party
49,74,107,1.0,0.7200186915887843,0.0405019352858889,0.0009990009990009,1.0,1.0,0.6868596491228094,0.7578200000000003,True,0.2799813084112157,6.912788399737593,0.0029480586527566,0.3131403508771906,0.2421799999999997,True,V,S,different-party
49,80,114,1.0,0.7077368421052611,0.0406419160319185,0.0009990009990009,1.0,1.0,0.67459375,0.75016,True,0.2922631578947389,7.191175673538797,0.0029480586527566,0.32540625,0.2498399999999999,True,V,V,same-party
49,93,133,1.0,0.7188571428571399,0.0364734260409194,0.0009990009990009,1.0,1.0,0.7008400000000006,0.7421551724137948,True,0.2811428571428601,7.708155982589813,0.0029480586527566,0.2991599999999994,0.2578448275862052,True,V,V,same-party
49,97,118,1.0,0.7138898305084754,0.0402666844765155,0.0009990009990009,1.0,1.0,0.6864782608695683,0.7524897959183694,True,0.2861101694915245,7.1053818612354425,0.0029480586527566,0.3135217391304317,0.2475102040816306,True,V,S,different-party
49,102,130,0.9923076923076924,0.7154846153846206,0.0369406151398085,0.0009990009990009,1.0,0.9827586206896552,0.6964027777777778,0.7391724137931052,True,0.2768230769230717,7.49373219355942,0.0029480586527566,0.3035972222222222,0.2435862068965499,True,V,V,same-party
49,118,62,1.0,0.7733870967741917,0.0479233918895772,0.0009990009990009,1.0,1.0,0.7901363636363652,0.7641750000000004,True,0.2266129032258083,4.728649085356035,0.0029480586527566,0.2098636363636348,0.2358249999999996,True,V,S,different-party
49,120,103,1.0,0.7003980582524288,0.0448775687968651,0.0009990009990009,1.0,1.0,0.6991830985915473,0.70309375,True,0.2996019417475711,6.675984233987728,0.0029480586527566,0.3008169014084527,0.29690625,True,V,S,different-party
49,125,85,1.0,0.6892352941176468,0.0500392453120912,0.0009990009990009,1.0,1.0,0.685734375,0.6999047619047585,True,0.3107647058823531,6.210419520600992,0.0029480586527566,0.314265625,0.3000952380952415,True,V,V,same-party
49,127,119,1.0,0.7154705882352942,0.0401483240964985,0.0009990009990009,1.0,1.0,0.7027027027027009,0.7364666666666662,True,0.2845294117647058,7.086956134976516,0.0029480586527566,0.2972972972972991,0.2635333333333338,True,V,V,same-party
49,152,128,1.0,0.717296875,0.0365766226425193,0.0009990009990009,1.0,1.0,0.6991466666666674,0.7429811320754768,True,0.282703125,7.729065850693535,0.0029480586527566,0.3008533333333326,0.2570188679245232,True,V,S,different-party
49,164,54,1.0,0.8017037037037047,0.0497385136078856,0.0009990009990009,1.0,1.0,0.8166842105263212,0.7935714285714239,False,0.1982962962962953,3.986775677688465,0.0029480586527566,0.1833157894736787,0.206428571428576,True,V,V,same-party
49,168,124,1.0,0.7242661290322587,0.0378539071310728,0.0009990009990009,1.0,1.0,0.7035522388059715,0.748614035087722,True,0.2757338709677412,7.284158805932119,0.0029480586527566,0.2964477611940285,0.251385964912278,True,V,V,same-party
49,180,125,1.0,0.7209359999999978,0.0385933329650809,0.0009990009990009,1.0,1.0,0.7012133333333342,0.7505200000000013,True,0.2790640000000022,7.230886232409564,0.0029480586527566,0.2987866666666657,0.2494799999999987,True,V,V,same-party
49,191,100,0.85,0.7113600000000027,0.0430418749939794,0.0009990009990009,0.8852459016393442,0.7948717948717948,0.6881803278688514,0.747615384615382,True,0.1386399999999973,3.2210492693310853,0.0029480586527566,0.1970655737704928,0.0472564102564128,True,V,RV,different-party
49,201,112,1.0,0.7055625000000006,0.0401594217278281,0.0009990009990009,1.0,1.0,0.6853030303030287,0.734630434782609,True,0.2944374999999993,7.331716626685677,0.0029480586527566,0.3146969696969712,0.2653695652173909,True,V,S,different-party
49,208,94,1.0,0.6941276595744653,0.0443093009608866,0.0009990009990009,1.0,1.0,0.6875692307692353,0.7088275862068986,True,0.3058723404255347,6.903118166895458,0.0029480586527566,0.3124307692307647,0.2911724137931014,True,V,S,different-party
49,213,117,1.0,0.7115811965811967,0.0392819416530553,0.0009990009990009,1.0,1.0,0.6934507042253515,0.7395652173913035,True,0.2884188034188033,7.342274624970583,0.0029480586527566,0.3065492957746485,0.2604347826086964,True,V,S,different-party
49,214,52,1.0,0.7736346153846158,0.0542789118195497,0.0009990009990009,1.0,1.0,0.7762083333333335,0.7714285714285698,True,0.2263653846153842,4.170411252309846,0.0029480586527566,0.2237916666666665,0.2285714285714302,True,V,S,different-party
49,224,106,1.0,0.7220377358490561,0.0410866891622552,0.0009990009990009,1.0,1.0,0.7004923076923115,0.7561951219512159,True,0.2779622641509439,6.765263150146864,0.0029480586527566,0.2995076923076885,0.2438048780487841,True,V,S,different-party
49,257,119,0.9915966386554622,0.7222436974789919,0.0391292420448327,0.0009990009990009,1.0,0.9803921568627452,0.6929705882352949,0.7612745098039202,True,0.2693529411764703,6.883673874077505,0.0029480586527566,0.3070294117647051,0.2191176470588248,True,V,S,different-party
49,260,93,1.0,0.6898709677419355,0.047682687130125,0.0009990009990009,1.0,1.0,0.6653833333333328,0.7343939393939423,True,0.3101290322580645,6.504017515030752,0.0029480586527566,0.3346166666666672,0.2656060606060577,True,V,S,different-party
49,266,115,1.0,0.7051304347826098,0.0410672409142587,0.0009990009990009,1.0,1.0,0.6735238095238043,0.7434230769230764,True,0.2948695652173901,7.180164984373477,0.0029480586527566,0.3264761904761957,0.2565769230769236,True,V,S,different-party
49,273,128,1.0,0.7263046875,0.0369873201039164,0.0009990009990009,1.0,1.0,0.7040149253731344,0.7507868852459013,True,0.2736953125,7.399706486737854,0.0029480586527566,0.2959850746268656,0.2492131147540986,True,V,S,different-party
49,278,135,1.0,0.7228222222222238,0.0365987780428448,0.0009990009990009,1.0,1.0,0.701293333333334,0.7497333333333326,True,0.2771777777777762,7.573416179449878,0.0029480586527566,0.298706666666666,0.2502666666666674,True,V,S,different-party
49,286,130,1.0,0.7202692307692365,0.0370230537005223,0.0009990009990009,1.0,1.0,0.6926714285714299,0.7524666666666666,True,0.2797307692307634,7.555583380384887,0.0029480586527566,0.30732857142857,0.2475333333333333,True,V,S,different-party
49,1619,124,1.0,0.7174516129032266,0.0389324988248725,0.0009990009990009,1.0,1.0,0.6845074626865675,0.756175438596494,True,0.2825483870967734,7.257391527005288,0.0029480586527566,0.3154925373134325,0.2438245614035059,True,V,S,different-party
49,1845,99,1.0,0.7141010101010123,0.0436689392463058,0.0009990009990009,1.0,1.0,0.6893548387096788,0.7555675675675666,True,0.2858989898989876,6.546964383229732,0.0029480586527566,0.3106451612903211,0.2444324324324334,True,V,V,same-party
49,11702,115,0.9391304347826088,0.7124260869565233,0.0418613555851503,0.0009990009990009,0.9661016949152542,0.9107142857142856,0.6822542372881369,0.7442142857142862,True,0.2267043478260854,5.415599773517731,0.0029480586527566,0.2838474576271172,0.1664999999999995,True,V,KF,different-party
49,15760,52,1.0,0.7868461538461545,0.0507557889763156,0.0009990009990009,1.0,1.0,0.8327999999999955,0.7682162162162145,False,0.2131538461538454,4.199596744586322,0.0029480586527566,0.1672000000000044,0.2317837837837855,True,V,S,different-party
49,15762,112,1.0,0.7062946428571437,0.041066702105856,0.0009990009990009,1.0,1.0,0.6766984126984068,0.7443469387755102,True,0.2937053571428563,7.151909992328654,0.0029480586527566,0.3233015873015932,0.2556530612244898,True,V,S,different-party
49,15776,60,1.0,0.7778666666666677,0.0479777225580573,0.0009990009990009,1.0,1.0,0.7954545454545482,0.7676842105263147,True,0.2221333333333323,4.629926588627279,0.0029480586527566,0.2045454545454518,0.2323157894736852,True,V,S,different-party
49,15787,115,1.0,0.7117130434782615,0.0395688457937786,0.0009990009990009,1.0,1.0,0.7002191780821886,0.7316904761904741,True,0.2882869565217385,7.285705477086857,0.0029480586527566,0.2997808219178114,0.2683095238095259,True,V,S,different-party
49,15793,93,0.913978494623656,0.6929784946236579,0.0456289130980523,0.0009990009990009,0.9193548387096774,0.9032258064516128,0.6762903225806461,0.7263548387096754,True,0.2209999999999979,4.843420213080445,0.0029480586527566,0.2430645161290312,0.1768709677419374,True,V,KF,different-party
49,16180,43,1.0,0.759325581395349,0.0571224157383908,0.0009990009990009,1.0,1.0,0.7461333333333329,0.7663928571428567,False,0.240674418604651,4.213309529955655,0.0029480586527566,0.2538666666666671,0.2336071428571433,True,V,S,different-party
49,16351,133,1.0,0.7222706766917281,0.0347768132083668,0.0009990009990009,1.0,1.0,0.701240000000001,0.7494655172413797,True,0.2777293233082719,7.986048682616324,0.0029480586527566,0.298759999999999,0.2505344827586203,True,V,S,different-party
49,17141,89,0.9775280898876404,0.7025955056179791,0.0455263601727499,0.0009990009990009,0.981132075471698,0.9722222222222222,0.6740566037735849,0.7446111111111114,True,0.2749325842696613,6.038975732442226,0.0029480586527566,0.3070754716981132,0.2276111111111107,True,V,KF,different-party
49,18695,122,1.0,0.7194098360655726,0.0386085258994691,0.0009990009990009,1.0,1.0,0.6887540983606546,0.750065573770491,True,0.2805901639344274,7.267569983506815,0.0029480586527566,0.3112459016393454,0.249934426229509,True,V,V,same-party
49,18696,49,1.0,0.7569183673469416,0.0554353391372673,0.0009990009990009,1.0,1.0,0.7477619047619068,0.7637857142857142,True,0.2430816326530583,4.384957978720882,0.0029480586527566,0.2522380952380931,0.2362142857142858,True,V,V,same-party
49,18698,43,1.0,0.7728139534883737,0.0584269683269276,0.0009990009990009,,1.0,,0.7728139534883737,False,0.2271860465116263,3.8883764298775274,0.0029480586527566,,0.2271860465116263,False,V,V,same-party
49,18699,129,1.0,0.7203333333333295,0.0360132827201937,0.0009990009990009,1.0,1.0,0.6967916666666669,0.7500701754386007,True,0.2796666666666705,7.765653268532849,0.0029480586527566,0.3032083333333331,0.2499298245613993,True,V,V,same-party
49,18713,104,0.9134615384615384,0.7125384615384617,0.0425286480485451,0.0009990009990009,0.8732394366197183,1.0,0.6985352112676049,0.742666666666669,True,0.2009230769230767,4.7244172138679135,0.0029480586527566,0.1747042253521133,0.2573333333333309,True,V,KF,different-party
49,18715,42,1.0,0.8260238095238197,0.0527673124626364,0.0009990009990009,1.0,1.0,0.8371333333333298,0.8198518518518578,False,0.1739761904761803,3.2970447490455324,0.0029480586527566,0.1628666666666701,0.1801481481481421,True,V,S,different-party
49,18716,42,1.0,0.799000000000007,0.0574913306411666,0.0009990009990009,1.0,1.0,0.8592857142857205,0.7688571428571428,False,0.2009999999999929,3.496179297963006,0.0029480586527566,0.1407142857142794,0.2311428571428572,True,V,S,different-party
49,18717,125,1.0,0.7191439999999985,0.0375911739689484,0.0009990009990009,1.0,1.0,0.7027027027027013,0.7430000000000005,True,0.2808560000000015,7.471328249338465,0.0029480586527566,0.2972972972972987,0.2569999999999994,True,V,S,different-party
49,18718,129,1.0,0.7211395348837178,0.0356702412450698,0.0009990009990009,1.0,1.0,0.6979041095890377,0.7514285714285711,True,0.2788604651162821,7.817734205955917,0.0029480586527566,0.3020958904109623,0.2485714285714289,True,V,S,different-party
49,18719,106,1.0,0.7049716981132074,0.04335476956482,0.0009990009990009,1.0,1.0,0.6890769230769265,0.7301707317073144,True,0.2950283018867926,6.804979125669055,0.0029480586527566,0.3109230769230735,0.2698292682926856,True,V,S,different-party
49,18720,125,1.0,0.7253359999999975,0.0381817882367706,0.0009990009990009,1.0,1.0,0.6988055555555556,0.7613773584905709,True,0.2746640000000024,7.19358659413154,0.0029480586527566,0.3011944444444444,0.2386226415094291,True,V,S,different-party
49,18725,115,0.8695652173913043,0.713452173913044,0.0406084159748404,0.0009990009990009,0.8873239436619719,0.8409090909090909,0.7002676056338021,0.7347272727272727,True,0.1561130434782602,3.844351958347314,0.0029480586527566,0.1870563380281698,0.1061818181818182,True,V,RV,different-party
49,18729,126,0.8333333333333334,0.7185317460317414,0.0385802503184336,0.0039960039960039,0.8591549295774648,0.8,0.697605633802815,0.7455454545454558,True,0.1148015873015919,2.975656880244238,0.0115747230371736,0.1615492957746497,0.0544545454545442,True,V,RV,different-party
49,19928,110,1.0,0.7132727272727277,0.0412280163979792,0.0009990009990009,1.0,1.0,0.689737704918032,0.7425714285714298,True,0.2867272727272723,6.954670580302904,0.0029480586527566,0.310262295081968,0.2574285714285702,True,V,S,different-party
49,20349,70,1.0,0.6717857142857155,0.0558307366312279,0.0009990009990009,1.0,1.0,0.6625576923076922,0.698444444444442,False,0.3282142857142844,5.878738227693442,0.0029480586527566,0.3374423076923077,0.301555555555558,True,V,SP,different-party
49,20362,124,1.0,0.7281451612903227,0.0382639088145375,0.0009990009990009,1.0,1.0,0.7095205479452021,0.7548039215686256,True,0.2718548387096773,7.104732556920365,0.0029480586527566,0.2904794520547978,0.2451960784313743,True,V,S,different-party
49,20363,127,1.0,0.7163464566929063,0.0367736221930306,0.0009990009990009,1.0,1.0,0.6882028985507278,0.7498275862068968,True,0.2836535433070937,7.713505670400122,0.0029480586527566,0.3117971014492722,0.2501724137931032,True,V,S,different-party
49,20364,121,1.0,0.7176198347107456,0.0396942457149077,0.0009990009990009,1.0,1.0,0.6888115942029017,0.7558461538461546,True,0.2823801652892543,7.113881627008782,0.0029480586527566,0.3111884057970983,0.2441538461538454,True,V,S,different-party
49,20365,128,1.0,0.713671875,0.0395849230902111,0.0009990009990009,1.0,1.0,0.7010533333333341,0.7315283018867973,True,0.286328125,7.233262127287175,0.0029480586527566,0.2989466666666659,0.2684716981132027,True,V,S,different-party
49,20367,135,1.0,0.7246000000000018,0.0358340645815447,0.0009990009990009,1.0,1.0,0.70212,0.7527000000000004,True,0.2753999999999982,7.685424559452151,0.0029480586527566,0.29788,0.2472999999999996,True,V,S,different-party
49,20368,104,1.0,0.7162980769230772,0.0420942387861915,0.0009990009990009,1.0,1.0,0.7012835820895539,0.7434864864864842,True,0.2837019230769227,6.739685316984217,0.0029480586527566,0.2987164179104461,0.2565135135135158,True,V,S,different-party
49,20369,118,0.9322033898305084,0.7231271186440675,0.0394832186155989,0.0009990009990009,0.9672131147540984,0.8947368421052632,0.7069180327868843,0.7404736842105311,True,0.2090762711864409,5.295319847704596,0.0029480586527566,0.260295081967214,0.1542631578947321,True,V,KF,different-party
49,20371,130,1.0,0.7200846153846209,0.0367677224709606,0.0009990009990009,1.0,1.0,0.7024266666666662,0.7441636363636378,True,0.2799153846153791,7.61307379962025,0.0029480586527566,0.2975733333333338,0.2558363636363622,True,V,V,same-party
49,20377,56,1.0,0.7906785714285706,0.0504656338369777,0.0009990009990009,1.0,1.0,0.7975000000000031,0.7862647058823531,True,0.2093214285714294,4.147801437461648,0.0029480586527566,0.2024999999999969,0.2137352941176469,True,V,M,different-party
49,20378,135,1.0,0.7262296296296313,0.0370402393602864,0.0009990009990009,1.0,1.0,0.7054324324324307,0.7514590163934428,True,0.2737703703703686,7.391160940063959,0.0029480586527566,0.2945675675675693,0.2485409836065572,True,V,M,different-party
49,20384,82,1.0,0.6722439024390245,0.0504467485589792,0.0009990009990009,1.0,1.0,0.6661833333333324,0.6887727272727256,True,0.3277560975609754,6.497070810773527,0.0029480586527566,0.3338166666666676,0.3112272727272743,True,V,M,different-party
49,20386,93,0.989247311827957,0.7132688172043019,0.0456279657194036,0.0009990009990009,1.0,0.9722222222222222,0.6834736842105282,0.7604444444444455,True,0.2759784946236551,6.04845055597763,0.0029480586527566,0.3165263157894717,0.2117777777777767,True,V,M,different-party
49,20389,128,1.0,0.71521875,0.0371634674217952,0.0009990009990009,1.0,1.0,0.6888000000000022,0.7471034482758627,True,0.28478125,7.662935397491575,0.0029480586527566,0.3111999999999978,0.2528965517241373,True,V,M,different-party
49,20415,133,1.0,0.7227142857142834,0.0361273668897847,0.0009990009990009,1.0,1.0,0.6986805555555559,0.7510819672131139,True,0.2772857142857166,7.675226238647383,0.0029480586527566,0.3013194444444441,0.248918032786886,True,V,M,different-party
49,20496,112,1.0,0.7147946428571433,0.0409263370449242,0.0009990009990009,1.0,1.0,0.6862622950819652,0.7489215686274501,True,0.2852053571428566,6.968748677160884,0.0029480586527566,0.3137377049180347,0.2510784313725499,True,V,M,different-party
49,20781,128,1.0,0.7148046875,0.0372047734745201,0.0009990009990009,1.0,1.0,0.6869264705882369,0.7463999999999994,True,0.2851953124999999,7.6655570204,0.0029480586527566,0.3130735294117631,0.2536000000000006,True,V,S,different-party
49,20925,126,0.9285714285714286,0.7259841269841228,0.0382392602781674,0.0009990009990009,0.9066666666666666,0.9607843137254902,0.7029066666666681,0.7599215686274493,True,0.2025873015873057,5.297887566694701,0.0029480586527566,0.2037599999999985,0.2008627450980409,True,V,KF,different-party
49,20930,54,1.0,0.784925925925928,0.0500970331512841,0.0009990009990009,1.0,1.0,0.7523703703703739,0.8174814814814861,True,0.2150740740740719,4.293149924159905,0.0029480586527566,0.2476296296296261,0.1825185185185138,True,V,S,different-party
49,21044,136,1.0,0.721573529411767,0.0361628921733098,0.0009990009990009,1.0,1.0,0.6977200000000007,0.7509016393442606,True,0.278426470588233,7.699231279784823,0.0029480586527566,0.3022799999999993,0.2490983606557394,True,V,S,different-party
49,21143,110,1.0,0.7075272727272736,0.0414042349803706,0.0009990009990009,1.0,1.0,0.6805689655172462,0.737596153846154,True,0.2924727272727264,7.063836040235612,0.0029480586527566,0.3194310344827538,0.262403846153846,True,V,S,different-party
49,21159,115,1.0,0.7252608695652177,0.0382730685565975,0.0009990009990009,1.0,1.0,0.7039178082191765,0.7623571428571443,True,0.2747391304347822,7.178393078895752,0.0029480586527566,0.2960821917808235,0.2376428571428557,True,V,M,different-party
49,21168,120,1.0,0.7030583333333341,0.0391545968879171,0.0009990009990009,1.0,1.0,0.6861857142857144,0.7266800000000005,True,0.2969416666666659,7.583826428265438,0.0029480586527566,0.3138142857142856,0.2733199999999994,True,V,V,same-party
74,80,117,1.0,0.7260769230769228,0.0406780595106447,0.0009990009990009,1.0,1.0,0.6722181818181827,0.7738548387096772,True,0.2739230769230771,6.733926844553546,0.0029480586527566,0.3277818181818173,0.2261451612903228,True,S,V,different-party
74,93,124,1.0,0.7269112903225811,0.0365392535491541,0.0009990009990009,1.0,1.0,0.6840634920634863,0.7711639344262297,True,0.2730887096774189,7.473844787498143,0.0029480586527566,0.3159365079365137,0.2288360655737703,True,S,V,different-party
74,97,127,1.0,0.7419527559055106,0.0369441821077536,0.0009990009990009,1.0,1.0,0.6912000000000045,0.7951612903225797,True,0.2580472440944894,6.984787032010973,0.0029480586527566,0.3087999999999955,0.2048387096774203,True,S,S,same-party
74,102,127,1.0,0.7304015748031452,0.0359979296356966,0.0009990009990009,1.0,1.0,0.6889692307692347,0.7738387096774184,True,0.2695984251968548,7.489275853506663,0.0029480586527566,0.3110307692307653,0.2261612903225816,True,S,V,different-party
74,118,55,1.0,0.7991454545454553,0.0503622036667009,0.0009990009990009,1.0,1.0,0.7568181818181859,0.8097272727272735,False,0.2008545454545447,3.988200095131027,0.0029480586527566,0.243181818181814,0.1902727272727264,True,S,S,same-party
74,120,93,1.0,0.6913010752688195,0.0461874830444621,0.0009990009990009,1.0,1.0,0.6911384615384658,0.6916785714285705,True,0.3086989247311805,6.68360569537883,0.0029480586527566,0.3088615384615342,0.3083214285714295,True,S,S,same-party
74,125,78,1.0,0.6856794871794883,0.0513809507444519,0.0009990009990009,1.0,1.0,0.6783728813559338,0.7083684210526335,False,0.3143205128205116,6.1174522515905725,0.0029480586527566,0.3216271186440662,0.2916315789473664,True,S,V,different-party
74,127,120,0.9916666666666668,0.7338499999999992,0.0386577537102394,0.0009990009990009,1.0,0.9821428571428572,0.691203125,0.7825892857142857,True,0.2578166666666674,6.6692097166105775,0.0029480586527566,0.3087968749999999,0.1995535714285714,True,S,V,different-party
74,152,115,1.0,0.7218347826086979,0.0397247131574605,0.0009990009990009,1.0,1.0,0.691921875,0.7593725490196068,True,0.278165217391302,7.002321609943727,0.0029480586527566,0.308078125,0.2406274509803931,True,S,S,same-party
74,164,62,1.0,0.8230645161290308,0.0449443663061464,0.0009990009990009,1.0,1.0,0.7800000000000005,0.8393333333333309,False,0.1769354838709692,3.936766683186548,0.0029480586527566,0.2199999999999995,0.160666666666669,True,S,V,different-party
74,168,136,1.0,0.7394779411764726,0.0339739204403281,0.0009990009990009,1.0,1.0,0.6884923076923114,0.7861549295774664,True,0.2605220588235274,7.668295429169224,0.0029480586527566,0.3115076923076886,0.2138450704225336,True,S,V,different-party
74,180,127,1.0,0.7321102362204699,0.0369118300473394,0.0009990009990009,1.0,1.0,0.6887692307692348,0.7775483870967725,True,0.2678897637795301,7.257558442265296,0.0029480586527566,0.3112307692307652,0.2224516129032274,True,S,V,different-party
74,191,121,0.8842975206611571,0.7328842975206609,0.0383470081294477,0.0009990009990009,0.9076923076923076,0.8571428571428571,0.6909384615384659,0.7815714285714279,True,0.1514132231404962,3.948501604854585,0.0029480586527566,0.2167538461538417,0.0755714285714291,True,S,RV,different-party
74,201,120,1.0,0.7369166666666678,0.0401250513016514,0.0009990009990009,1.0,1.0,0.695875,0.7838214285714292,True,0.2630833333333322,6.556585594259528,0.0029480586527566,0.304125,0.2161785714285707,True,S,S,same-party
74,208,82,1.0,0.6934756097560986,0.0497306911527543,0.0009990009990009,1.0,1.0,0.6808305084745774,0.7259130434782622,True,0.3065243902439014,6.163686511059569,0.0029480586527566,0.3191694915254226,0.2740869565217377,True,S,S,same-party
74,213,118,1.0,0.7321779661016956,0.0388431529910456,0.0009990009990009,1.0,1.0,0.6863968253968193,0.7846181818181842,True,0.2678220338983044,6.894961229332861,0.0029480586527566,0.3136031746031806,0.2153818181818158,True,S,S,same-party
74,214,41,1.0,0.770756097560973,0.0618388996550535,0.0009990009990009,1.0,1.0,0.7770000000000011,0.7663333333333333,False,0.229243902439027,3.707114837388488,0.0029480586527566,0.2229999999999988,0.2336666666666667,True,S,S,same-party
74,224,112,1.0,0.7358571428571432,0.0392758655413283,0.0009990009990009,1.0,1.0,0.6922203389830524,0.7844339622641572,True,0.2641428571428568,6.725322370423897,0.0029480586527566,0.3077796610169476,0.2155660377358428,True,S,S,same-party
74,244,40,1.0,0.7988,0.056716635802691,0.0009990009990009,1.0,1.0,0.7630000000000055,0.8123793103448198,False,0.2012,3.547460055634216,0.0029480586527566,0.2369999999999945,0.1876206896551802,True,S,S,same-party
74,257,125,0.992,0.7376479999999979,0.035681665842303,0.0009990009990009,1.0,0.9859154929577464,0.6718888888888868,0.787661971830986,True,0.2543520000000021,7.128366739493716,0.0029480586527566,0.3281111111111132,0.1982535211267605,True,S,S,same-party
74,260,101,1.0,0.7303960396039605,0.0402297216962187,0.0009990009990009,1.0,1.0,0.6755740740740726,0.793382978723403,True,0.2696039603960395,6.701611371608863,0.0029480586527566,0.3244259259259274,0.2066170212765969,True,S,S,same-party
74,266,105,1.0,0.7146095238095237,0.0424068093093052,0.0009990009990009,1.0,1.0,0.6721999999999999,0.7612600000000003,True,0.2853904761904763,6.7298266679038585,0.0029480586527566,0.3278000000000001,0.2387399999999997,True,S,S,same-party
74,273,136,1.0,0.7416102941176491,0.0354731926061005,0.0009990009990009,1.0,1.0,0.6911692307692348,0.7877887323943662,True,0.2583897058823509,7.284083751681092,0.0029480586527566,0.3088307692307652,0.2122112676056338,True,S,S,same-party
74,278,133,1.0,0.7416165413533775,0.0344330922192768,0.0009990009990009,1.0,1.0,0.6882461538461573,0.7926323529411733,True,0.2583834586466225,7.503928401236375,0.0029480586527566,0.3117538461538427,0.2073676470588267,True,S,S,same-party
74,286,129,1.0,0.7384651162790671,0.0370151233035663,0.0009990009990009,1.0,1.0,0.6797758620689698,0.7864084507042259,True,0.2615348837209329,7.065622382939205,0.0029480586527566,0.3202241379310302,0.213591549295774,True,S,S,same-party
74,1454,41,0.975609756097561,0.8279512195121941,0.0534691218351097,0.0029970029970029,1.0,0.9714285714285714,0.8088333333333355,0.8312285714285677,False,0.1476585365853668,2.7615665176009863,0.0087126097043452,0.1911666666666645,0.1402000000000037,True,S,KF,different-party
74,1619,125,1.0,0.7372959999999977,0.0355343083663617,0.0009990009990009,1.0,1.0,0.6769074074074054,0.7832253521126763,True,0.2627040000000022,7.3929678690099,0.0029480586527566,0.3230925925925946,0.2167746478873237,True,S,S,same-party
74,1845,97,1.0,0.7138453608247474,0.0455682796954305,0.0009990009990009,1.0,1.0,0.6743454545454557,0.76557142857143,True,0.2861546391752526,6.279689316512589,0.0029480586527566,0.3256545454545443,0.23442857142857,True,S,V,different-party
74,11702,105,0.9714285714285714,0.7189238095238094,0.041758463295269,0.0009990009990009,1.0,0.9411764705882352,0.6791851851851847,0.7609999999999995,True,0.252504761904762,6.0467924817858165,0.0029480586527566,0.3208148148148153,0.1801764705882358,True,S,KF,different-party
74,15760,44,1.0,0.7855909090909098,0.0584150609358095,0.0009990009990009,1.0,1.0,0.7641818181818234,0.7927272727272765,False,0.2144090909090902,3.670441962642092,0.0029480586527566,0.2358181818181766,0.2072727272727235,True,S,S,same-party
74,15762,104,1.0,0.7280769230769224,0.0405301491342658,0.0009990009990009,1.0,1.0,0.6696470588235275,0.7843018867924582,True,0.2719230769230776,6.709155597288012,0.0029480586527566,0.3303529411764725,0.2156981132075418,True,S,S,same-party
74,15770,48,1.0,0.8130416666666677,0.051053694710882,0.0009990009990009,1.0,1.0,0.7649999999999962,0.8212439024390219,False,0.1869583333333323,3.66199418851232,0.0029480586527566,0.2350000000000037,0.1787560975609781,True,S,S,same-party
74,15776,44,1.0,0.7835681818181822,0.0582192397101834,0.0009990009990009,1.0,1.0,0.7597272727272787,0.7915151515151545,False,0.2164318181818177,3.717530824160876,0.0029480586527566,0.2402727272727213,0.2084848484848455,True,S,S,same-party
74,15787,121,1.0,0.7332231404958667,0.0369446294798603,0.0009990009990009,1.0,1.0,0.690969230769235,0.7822678571428576,True,0.2667768595041333,7.220991609878272,0.0029480586527566,0.309030769230765,0.2177321428571423,True,S,S,same-party
74,15793,94,0.9574468085106383,0.7035425531914871,0.0447656465107255,0.0009990009990009,0.9827586206896552,0.9166666666666666,0.6801379310344876,0.7412500000000011,True,0.2539042553191513,5.671854985012174,0.0029480586527566,0.3026206896551675,0.1754166666666655,True,S,KF,different-party
74,16180,48,1.0,0.8123958333333337,0.050063977080406,0.0009990009990009,1.0,1.0,0.7610909090909146,0.827648648648648,False,0.1876041666666663,3.7472885217521097,0.0029480586527566,0.2389090909090854,0.172351351351352,True,S,S,same-party
74,16351,136,1.0,0.7410000000000013,0.0359736661780281,0.0009990009990009,1.0,1.0,0.6913076923076963,0.7864929577464789,True,0.2589999999999987,7.199710997434825,0.0029480586527566,0.3086923076923037,0.2135070422535211,True,S,S,same-party
74,17141,86,0.9883720930232558,0.700999999999996,0.047684373636016,0.0009990009990009,0.981132075471698,1.0,0.6742830188679246,0.7439090909090941,True,0.2873720930232598,6.026546457689176,0.0029480586527566,0.3068490566037735,0.2560909090909059,True,S,KF,different-party
74,18695,136,1.0,0.7424485294117651,0.0353288404229696,0.0009990009990009,1.0,1.0,0.6941384615384655,0.7866760563380276,True,0.2575514705882349,7.290119559678035,0.0029480586527566,0.3058615384615345,0.2133239436619723,True,S,V,different-party
74,18696,43,1.0,0.816093023255822,0.0549207261582884,0.0009990009990009,1.0,1.0,0.8020000000000014,0.8183783783783765,False,0.183906976744178,3.348589678405468,0.0029480586527566,0.1979999999999986,0.1816216216216235,True,S,V,different-party
74,18698,53,1.0,0.818867924528305,0.0504629798611266,0.0009990009990009,,1.0,,0.818867924528305,False,0.1811320754716949,3.5894050642702373,0.0029480586527566,,0.1811320754716949,False,S,V,different-party
74,18699,135,1.0,0.7413851851851886,0.0352892240608478,0.0009990009990009,1.0,1.0,0.6899076923076953,0.7891857142857134,True,0.2586148148148114,7.328435852510998,0.0029480586527566,0.3100923076923046,0.2108142857142866,True,S,V,different-party
74,18713,91,0.967032967032967,0.7054725274725259,0.0448608274184694,0.0009990009990009,0.9482758620689656,1.0,0.682655172413798,0.7455757575757602,True,0.2615604395604411,5.830486297556679,0.0029480586527566,0.2656206896551675,0.2544242424242398,True,S,KF,different-party
74,18715,55,1.0,0.8214727272727291,0.0483352832347612,0.0009990009990009,1.0,1.0,0.7604545454545498,0.8367272727272743,False,0.1785272727272708,3.6935187047560234,0.0029480586527566,0.2395454545454501,0.1632727272727256,True,S,S,same-party
74,18716,49,1.0,0.8098775510204176,0.0510628574608814,0.0009990009990009,1.0,1.0,0.7603636363636415,0.8242105263157898,False,0.1901224489795824,3.7233021893698894,0.0029480586527566,0.2396363636363585,0.1757894736842101,True,S,S,same-party
74,18717,114,1.0,0.7209912280701755,0.0396527955770126,0.0009990009990009,1.0,1.0,0.69365625,0.7559800000000008,True,0.2790087719298245,7.036295117905136,0.0029480586527566,0.30634375,0.2440199999999992,True,S,S,same-party
74,18718,132,1.0,0.7398030303030309,0.0352968455955526,0.0009990009990009,1.0,1.0,0.6928461538461578,0.7853582089552268,True,0.2601969696969691,7.371677703963263,0.0029480586527566,0.3071538461538422,0.2146417910447732,True,S,S,same-party
74,18719,79,1.0,0.6977594936708859,0.0506041894055751,0.0009990009990009,1.0,1.0,0.6732244897959149,0.7378333333333328,True,0.3022405063291141,5.972638034111376,0.0029480586527566,0.3267755102040851,0.2621666666666672,True,S,S,same-party
74,18720,135,1.0,0.7412222222222262,0.0362938636990332,0.0009990009990009,1.0,1.0,0.6916615384615427,0.7872428571428559,True,0.2587777777777738,7.130069697833428,0.0029480586527566,0.3083384615384573,0.2127571428571441,True,S,S,same-party
74,18725,97,0.9072164948453608,0.7113402061855726,0.0435435407920404,0.0009990009990009,0.921875,0.8787878787878788,0.695578125,0.741909090909094,True,0.1958762886597882,4.498400568646303,0.0029480586527566,0.2262968749999999,0.1368787878787848,True,S,RV,different-party
74,18729,110,0.8727272727272727,0.7160727272727276,0.041539640586876,0.0009990009990009,0.8983050847457628,0.8431372549019608,0.6771694915254275,0.7610784313725495,True,0.156654545454545,3.7712060875182,0.0029480586527566,0.2211355932203352,0.0820588235294113,True,S,RV,different-party
74,19928,118,1.0,0.7339322033898322,0.0372790190459058,0.0009990009990009,1.0,1.0,0.6934615384615422,0.7835660377358569,True,0.2660677966101678,7.137199513821128,0.0029480586527566,0.3065384615384577,0.2164339622641431,True,S,S,same-party
74,20349,72,1.0,0.679791666666667,0.052708978142306,0.0009990009990009,1.0,1.0,0.6735370370370366,0.6985555555555527,False,0.320208333333333,6.07502449523533,0.0029480586527566,0.3264629629629634,0.3014444444444473,True,S,SP,different-party
74,20362,126,1.0,0.7415396825396802,0.0365328010848818,0.0009990009990009,1.0,1.0,0.693,0.7916451612903214,True,0.2584603174603198,7.074746796989428,0.0029480586527566,0.307,0.2083548387096786,True,S,S,same-party
74,20363,136,1.0,0.7411544117647065,0.036915130497432,0.0009990009990009,1.0,1.0,0.6924923076923118,0.7857042253521122,True,0.2588455882352934,7.011910421210609,0.0029480586527566,0.3075076923076881,0.2142957746478878,True,S,S,same-party
74,20364,127,1.0,0.7435118110236207,0.0372190880633853,0.0009990009990009,1.0,1.0,0.6925384615384661,0.7969516129032247,True,0.2564881889763792,6.891307721983172,0.0029480586527566,0.3074615384615339,0.2030483870967753,True,S,S,same-party
74,20365,107,1.0,0.7079906542056071,0.0432280820465019,0.0009990009990009,1.0,1.0,0.6892923076923101,0.7369285714285705,True,0.2920093457943928,6.755084472178713,0.0029480586527566,0.3107076923076899,0.2630714285714295,True,S,S,same-party
74,20367,135,1.0,0.7419259259259309,0.0361981138283073,0.0009990009990009,1.0,1.0,0.69453125,0.7846478873239442,True,0.2580740740740691,7.129489544625164,0.0029480586527566,0.3054687499999999,0.2153521126760558,True,S,S,same-party
74,20368,112,1.0,0.7333482142857148,0.0386303849344551,0.0009990009990009,1.0,1.0,0.6888923076923121,0.79482978723404,True,0.2666517857142851,6.902643765179093,0.0029480586527566,0.3111076923076878,0.20517021276596,True,S,S,same-party
74,20369,121,0.9586776859504132,0.7366859504132228,0.0361042247433044,0.0009990009990009,0.9830508474576272,0.935483870967742,0.6953728813559333,0.7759999999999995,True,0.2219917355371904,6.148635986938316,0.0029480586527566,0.2876779661016938,0.1594838709677424,True,S,KF,different-party
74,20371,116,1.0,0.7207241379310342,0.0372887369448257,0.0009990009990009,1.0,1.0,0.6907846153846185,0.7588823529411763,True,0.2792758620689658,7.489550061247605,0.0029480586527566,0.3092153846153814,0.2411176470588236,True,S,V,different-party
74,20377,53,1.0,0.8152830188679285,0.049341475987826,0.0009990009990009,1.0,1.0,0.7602727272727335,0.8296904761904866,False,0.1847169811320714,3.743645228157475,0.0029480586527566,0.2397272727272664,0.1703095238095133,True,S,M,different-party
74,20378,135,1.0,0.742251851851856,0.0367133626703395,0.0009990009990009,1.0,1.0,0.693578125,0.7861267605633808,True,0.2577481481481439,7.020554081698884,0.0029480586527566,0.3064218749999999,0.2138732394366191,True,S,M,different-party
74,20384,69,1.0,0.6742173913043513,0.0540396333322769,0.0009990009990009,1.0,1.0,0.6670784313725475,0.6944444444444422,False,0.3257826086956487,6.028586587412392,0.0029480586527566,0.3329215686274525,0.3055555555555578,True,S,M,different-party
74,20385,49,1.0,0.812979591836746,0.0523009571355942,0.0009990009990009,1.0,1.0,0.7646363636363693,0.826973684210527,False,0.187020408163254,3.5758505848829745,0.0029480586527566,0.2353636363636306,0.173026315789473,True,S,M,different-party
74,20386,106,0.9905660377358492,0.7213113207547173,0.0418276577486618,0.0009990009990009,1.0,0.975609756097561,0.6912000000000035,0.7690487804878022,True,0.2692547169811318,6.437241085768091,0.0029480586527566,0.3087999999999965,0.2065609756097587,True,S,M,different-party
74,20389,126,1.0,0.7374047619047595,0.036917192025222,0.0009990009990009,1.0,1.0,0.6753818181818195,0.7854507042253526,True,0.2625952380952405,7.113088067907056,0.0029480586527566,0.3246181818181805,0.2145492957746474,True,S,M,different-party
74,20415,135,1.0,0.7427851851851894,0.0351632355381418,0.0009990009990009,1.0,1.0,0.694203125,0.7865774647887329,True,0.2572148148148105,7.314879045638654,0.0029480586527566,0.3057968749999999,0.213422535211267,True,S,M,different-party
74,20496,126,1.0,0.7344603174603138,0.0380830513421692,0.0009990009990009,1.0,1.0,0.694828125,0.7753709677419333,True,0.2655396825396862,6.972647232330754,0.0029480586527566,0.305171875,0.2246290322580667,True,S,M,different-party
74,20781,135,1.0,0.742762962962967,0.0360780993975074,0.0009990009990009,1.0,1.0,0.695390625,0.7854647887323952,True,0.257237037037033,7.130005220142087,0.0029480586527566,0.3046093749999999,0.2145352112676047,True,S,S,same-party
74,20925,126,0.9761904761904762,0.74413492063492,0.0375660024542621,0.0009990009990009,0.9692307692307692,0.9836065573770492,0.69175384615385,0.7999508196721314,True,0.2320555555555561,6.17727573856418,0.0029480586527566,0.2774769230769192,0.1836557377049177,True,S,KF,different-party
74,20930,57,1.0,0.8141929824561439,0.0488194343383144,0.0009990009990009,1.0,1.0,0.7383846153846149,0.8365909090909089,False,0.1858070175438561,3.806005130174789,0.0029480586527566,0.2616153846153851,0.163409090909091,True,S,S,same-party
74,21044,136,1.0,0.7404558823529421,0.0351791064866419,0.0009990009990009,1.0,1.0,0.690446153846157,0.7862394366197188,True,0.2595441176470578,7.377791637363245,0.0029480586527566,0.3095538461538429,0.2137605633802811,True,S,S,same-party
74,21143,115,1.0,0.7205565217391313,0.039807153711528,0.0009990009990009,1.0,1.0,0.6944307692307734,0.7545200000000002,True,0.2794434782608687,7.0199311482032165,0.0029480586527566,0.3055692307692266,0.2454799999999998,True,S,S,same-party
74,21159,123,1.0,0.7371544715447167,0.0369070838472268,0.0009990009990009,1.0,1.0,0.6894375,0.788915254237289,True,0.2628455284552833,7.12181784785019,0.0029480586527566,0.3105624999999999,0.2110847457627109,True,S,M,different-party
74,21168,97,1.0,0.702350515463922,0.0445550435656263,0.0009990009990009,1.0,1.0,0.6733636363636373,0.7403095238095233,True,0.297649484536078,6.680489136940508,0.0029480586527566,0.3266363636363627,0.2596904761904767,True,S,V,different-party
80,93,132,1.0,0.7200454545454587,0.0366444971806185,0.0009990009990009,1.0,1.0,0.6699242424242408,0.7701666666666668,True,0.2799545454545413,7.639743126359793,0.0029480586527566,0.3300757575757592,0.2298333333333332,True,V,V,same-party
80,97,123,1.0,0.7236097560975627,0.0380952568102824,0.0009990009990009,1.0,1.0,0.6768235294117657,0.7814545454545477,True,0.2763902439024372,7.25524033815767,0.0029480586527566,0.3231764705882343,0.2185454545454522,True,V,S,different-party
80,102,132,1.0,0.723060606060609,0.036878116014768,0.0009990009990009,1.0,1.0,0.6701076923076966,0.774432835820898,True,0.276939393939391,7.509586276817648,0.0029480586527566,0.3298923076923034,0.225567164179102,True,V,V,same-party
80,118,62,1.0,0.7770645161290306,0.0491488469604898,0.0009990009990009,1.0,1.0,0.675076923076925,0.8041224489796012,False,0.2229354838709694,4.535925004510979,0.0029480586527566,0.324923076923075,0.1958775510203988,True,V,S,different-party
80,120,92,1.0,0.677999999999998,0.0464435559017195,0.0009990009990009,1.0,1.0,0.670984375,0.6940357142857149,True,0.3220000000000019,6.933146994200766,0.0029480586527566,0.329015625,0.3059642857142851,True,V,S,different-party
80,125,83,1.0,0.6783253012048154,0.0507057337422081,0.0009990009990009,1.0,1.0,0.6631803278688521,0.7203181818181804,True,0.3216746987951846,6.343951167940952,0.0029480586527566,0.3368196721311479,0.2796818181818196,True,V,V,same-party
80,127,116,0.9913793103448276,0.7194741379310344,0.039656559646397,0.0009990009990009,1.0,0.98,0.6823484848484842,0.7684799999999993,True,0.2719051724137932,6.856499273720957,0.0029480586527566,0.3176515151515158,0.2115200000000007,True,V,V,same-party
80,139,42,1.0,0.7664523809523819,0.0573326081533018,0.0009990009990009,1.0,1.0,0.6436363636363643,0.8100322580645105,False,0.2335476190476181,4.073556507723048,0.0029480586527566,0.3563636363636356,0.1899677419354895,True,V,V,same-party
80,152,111,1.0,0.70136036036036,0.0424198734019841,0.0009990009990009,1.0,1.0,0.677761194029851,0.7372954545454541,True,0.29863963963964,7.040087951457004,0.0029480586527566,0.322238805970149,0.2627045454545459,True,V,S,different-party
80,164,52,1.0,0.8072692307692299,0.0483983480337619,0.0009990009990009,1.0,1.0,0.7494545454545515,0.8227804878048771,False,0.1927307692307701,3.982176604381704,0.0029480586527566,0.2505454545454485,0.1772195121951228,True,V,V,same-party
80,168,121,1.0,0.7261983471074371,0.0391752707103741,0.0009990009990009,1.0,1.0,0.6764745762711869,0.773516129032257,True,0.2738016528925628,6.989145139973641,0.0029480586527566,0.3235254237288131,0.226483870967743,True,V,V,same-party
80,180,133,1.0,0.7262706766917261,0.0368199604654375,0.0009990009990009,1.0,1.0,0.6776911764705896,0.7770923076923024,True,0.2737293233082739,7.434264454608003,0.0029480586527566,0.3223088235294103,0.2229076923076975,True,V,V,same-party
80,191,111,0.8468468468468469,0.7203243243243241,0.0406529237361321,0.0009990009990009,0.8813559322033898,0.8076923076923077,0.6758135593220351,0.7708269230769244,True,0.1265225225225227,3.112261330667102,0.0029480586527566,0.2055423728813546,0.0368653846153833,True,V,RV,different-party
80,201,116,1.0,0.7176465517241373,0.0402890057682902,0.0009990009990009,1.0,1.0,0.67559375,0.7694038461538455,True,0.2823534482758627,7.008200944439556,0.0029480586527566,0.32440625,0.2305961538461545,True,V,S,different-party
80,208,83,1.0,0.6777951807228874,0.0499966193823064,0.0009990009990009,1.0,1.0,0.667193548387099,0.7090952380952366,True,0.3222048192771126,6.444532115528188,0.0029480586527566,0.332806451612901,0.2909047619047634,True,V,S,different-party
80,213,116,1.0,0.7156120689655179,0.0405988338930185,0.0009990009990009,1.0,1.0,0.67159375,0.7697884615384617,True,0.2843879310344821,7.004830034869197,0.0029480586527566,0.32840625,0.2302115384615383,True,V,S,different-party
80,214,46,1.0,0.7412391304347836,0.0629834233637257,0.0009990009990009,1.0,1.0,0.6995294117647028,0.7656896551724094,False,0.2587608695652164,4.108396396157873,0.0029480586527566,0.3004705882352971,0.2343103448275906,True,V,S,different-party
80,224,114,1.0,0.7275438596491224,0.040157198568899,0.0009990009990009,1.0,1.0,0.6737413793103505,0.7832678571428565,True,0.2724561403508776,6.784739724396253,0.0029480586527566,0.3262586206896495,0.2167321428571434,True,V,S,different-party
80,257,130,0.9923076923076924,0.7252000000000055,0.0384606329298541,0.0009990009990009,1.0,0.984375,0.6784999999999978,0.773359375,True,0.2671076923076868,6.944963510997011,0.0029480586527566,0.3215000000000022,0.211015625,True,V,S,different-party
80,260,101,1.0,0.7152475247524749,0.0434467986944945,0.0009990009990009,1.0,1.0,0.6752539682539633,0.7815526315789479,True,0.2847524752475251,6.554049637806984,0.0029480586527566,0.3247460317460366,0.218447368421052,True,V,S,different-party
80,266,110,1.0,0.7017363636363644,0.0411960180756995,0.0009990009990009,1.0,1.0,0.6787910447761196,0.7374883720930202,True,0.2982636363636356,7.240108396291189,0.0029480586527566,0.3212089552238804,0.2625116279069798,True,V,S,different-party
80,273,126,1.0,0.7289999999999968,0.0395390289938981,0.0009990009990009,1.0,1.0,0.6765762711864417,0.7751641791044799,True,0.2710000000000032,6.853987234785801,0.0029480586527566,0.3234237288135583,0.2248358208955201,True,V,S,different-party
80,278,130,1.0,0.7257461538461586,0.0376219999778005,0.0009990009990009,1.0,1.0,0.6744117647058848,0.7820483870967729,True,0.2742538461538414,7.2897200126433725,0.0029480586527566,0.3255882352941152,0.217951612903227,True,V,S,different-party
80,286,127,1.0,0.7205511811023567,0.0395516530477029,0.0009990009990009,1.0,1.0,0.6609333333333323,0.7739402985074646,True,0.2794488188976433,7.065414397739645,0.0029480586527566,0.3390666666666677,0.2260597014925354,True,V,S,different-party
80,1619,129,1.0,0.7231472868216999,0.0367155848493509,0.0009990009990009,1.0,1.0,0.672,0.7735076923076876,True,0.2768527131783,7.540468558903922,0.0029480586527566,0.3279999999999999,0.2264923076923124,True,V,S,different-party
80,1845,94,1.0,0.6991914893616998,0.045705428832919,0.0009990009990009,1.0,1.0,0.6772372881355943,0.7361999999999967,True,0.3008085106383001,6.581461290691242,0.0029480586527566,0.3227627118644057,0.2638000000000032,True,V,V,same-party
80,11702,102,0.9509803921568628,0.7032254901960782,0.0442089391975242,0.0009990009990009,0.9818181818181818,0.9148936170212766,0.6713090909090915,0.7405744680851041,True,0.2477549019607845,5.604181110381839,0.0029480586527566,0.3105090909090903,0.1743191489361725,True,V,KF,different-party
80,15762,119,1.0,0.7223529411764711,0.0405802484614946,0.0009990009990009,1.0,1.0,0.6625409836065559,0.7852586206896512,True,0.2776470588235289,6.841926044069921,0.0029480586527566,0.3374590163934441,0.2147413793103487,True,V,S,different-party
80,15770,45,1.0,0.7902444444444436,0.0558330473916341,0.0009990009990009,1.0,1.0,0.7527272727272771,0.802382352941177,False,0.2097555555555563,3.756835160442728,0.0029480586527566,0.2472727272727228,0.197617647058823,True,V,S,different-party
80,15776,42,1.0,0.7430476190476196,0.0609695534463183,0.0009990009990009,1.0,1.0,0.686846153846155,0.7682413793103412,False,0.2569523809523804,4.214437640233305,0.0029480586527566,0.313153846153845,0.2317586206896588,True,V,S,different-party
80,15787,113,1.0,0.7125840707964649,0.0395957483289159,0.0009990009990009,1.0,1.0,0.6735606060606047,0.767382978723403,True,0.2874159292035351,7.258757349804689,0.0029480586527566,0.3264393939393952,0.232617021276597,True,V,S,different-party
80,15793,87,0.896551724137931,0.6737011494252888,0.0485232812417728,0.0009990009990009,0.896551724137931,0.896551724137931,0.6569827586206949,0.7071379310344846,True,0.2228505747126422,4.592652619724205,0.0029480586527566,0.2395689655172361,0.1894137931034464,True,V,KF,different-party
80,16180,46,1.0,0.7668695652173904,0.0574621220305378,0.0009990009990009,1.0,1.0,0.6477499999999995,0.8089117647058836,False,0.2331304347826096,4.057114957549151,0.0029480586527566,0.3522500000000005,0.1910882352941164,True,V,S,different-party
80,16351,132,1.0,0.723492424242428,0.0366665292574431,0.0009990009990009,1.0,1.0,0.6765882352941196,0.773328125,True,0.276507575757572,7.541143963099311,0.0029480586527566,0.3234117647058804,0.2266718749999999,True,V,S,different-party
80,17141,92,0.967391304347826,0.7069347826086949,0.045309182453947,0.0009990009990009,0.9642857142857144,0.9722222222222222,0.682321428571428,0.7452222222222225,True,0.2604565217391311,5.748426866979181,0.0029480586527566,0.2819642857142863,0.2269999999999997,True,V,KF,different-party
80,18695,126,1.0,0.7286349206349169,0.0378862687232838,0.0009990009990009,1.0,1.0,0.6783898305084761,0.7728805970149274,True,0.2713650793650831,7.162623517958353,0.0029480586527566,0.3216101694915239,0.2271194029850726,True,V,V,same-party
80,18696,51,1.0,0.7725686274509795,0.0547828013777992,0.0009990009990009,1.0,1.0,0.7178888888888875,0.8023939393939439,False,0.2274313725490204,4.151510452716408,0.0029480586527566,0.2821111111111125,0.1976060606060561,True,V,V,same-party
80,18698,49,1.0,0.8041224489796008,0.0491841146740386,0.0009990009990009,,1.0,,0.8041224489796008,False,0.1958775510203991,3.98253688855746,0.0029480586527566,,0.1958775510203991,False,V,V,same-party
80,18699,128,1.0,0.721671875,0.0365270795175983,0.0009990009990009,1.0,1.0,0.6703846153846191,0.7745873015873047,True,0.278328125,7.619774936178648,0.0029480586527566,0.3296153846153808,0.2254126984126953,True,V,V,same-party
80,18713,94,0.9042553191489362,0.6938297872340414,0.0469787777293347,0.0009990009990009,0.8524590163934426,1.0,0.6680983606557362,0.7413939393939429,True,0.2104255319148947,4.479161487070783,0.0029480586527566,0.1843606557377063,0.258606060606057,True,V,KF,different-party
80,18715,45,1.0,0.808444444444442,0.0529116163552176,0.0009990009990009,1.0,1.0,0.688200000000001,0.8234750000000007,False,0.191555555555558,3.6202930235501816,0.0029480586527566,0.3117999999999989,0.1765249999999992,True,V,S,different-party
80,18717,108,1.0,0.7022592592592597,0.0405263940701109,0.0009990009990009,1.0,1.0,0.68171212121212,0.7345476190476188,True,0.2977407407407403,7.346835255701424,0.0029480586527566,0.31828787878788,0.2654523809523812,True,V,S,different-party
80,18718,129,1.0,0.7229302325581352,0.0382554721361798,0.0009990009990009,1.0,1.0,0.6736363636363613,0.7745714285714321,True,0.2770697674418648,7.242617904585417,0.0029480586527566,0.3263636363636387,0.2254285714285678,True,V,S,different-party
80,18719,97,1.0,0.7008556701030962,0.0446398424516305,0.0009990009990009,1.0,1.0,0.6788225806451634,0.7398857142857098,True,0.2991443298969037,6.701285521360004,0.0029480586527566,0.3211774193548365,0.2601142857142902,True,V,S,different-party
80,18720,130,1.0,0.724069230769235,0.0360722068011392,0.0009990009990009,1.0,1.0,0.6717692307692351,0.7763692307692248,True,0.275930769230765,7.649400846250713,0.0029480586527566,0.3282307692307649,0.2236307692307751,True,V,S,different-party
80,18725,101,0.8811881188118812,0.7004851485148523,0.0440452628193439,0.0009990009990009,0.9047619047619048,0.8421052631578947,0.6738095238095182,0.7447105263157884,True,0.1807029702970288,4.102665274996773,0.0029480586527566,0.2309523809523865,0.0973947368421063,True,V,RV,different-party
80,18729,107,0.8317757009345794,0.6949532710280383,0.0441817413482062,0.0019980019980019,0.8548387096774194,0.8,0.6623387096774204,0.7398888888888875,True,0.1368224299065411,3.0968093545298,0.005829605033321,0.192499999999999,0.0601111111111125,True,V,RV,different-party
80,19928,117,1.0,0.7297521367521377,0.0393580640076403,0.0009990009990009,1.0,1.0,0.6782711864406802,0.7821206896551678,True,0.2702478632478623,6.8663911719692505,0.0029480586527566,0.3217288135593198,0.2178793103448322,True,V,S,different-party
80,20349,72,1.0,0.6806111111111111,0.0547714378506636,0.0009990009990009,1.0,1.0,0.6748333333333322,0.6979444444444417,False,0.3193888888888889,5.83130371270724,0.0029480586527566,0.3251666666666678,0.3020555555555583,True,V,SP,different-party
80,20362,121,1.0,0.7304297520661162,0.0395166989062965,0.0009990009990009,1.0,1.0,0.6854307692307735,0.7826607142857143,True,0.2695702479338838,6.821679325317602,0.0029480586527566,0.3145692307692265,0.2173392857142857,True,V,S,different-party
80,20363,132,1.0,0.7225151515151542,0.0376617496685861,0.0009990009990009,1.0,1.0,0.6752058823529422,0.77278125,True,0.2774848484848458,7.367816177597742,0.0029480586527566,0.3247941176470578,0.22721875,True,V,S,different-party
80,20364,126,1.0,0.726904761904758,0.0384157559204149,0.0009990009990009,1.0,1.0,0.6779117647058842,0.7843448275862028,True,0.273095238095242,7.108938287222747,0.0029480586527566,0.3220882352941158,0.2156551724137971,True,V,S,different-party
80,20365,115,1.0,0.7033391304347841,0.0419251198458072,0.0009990009990009,1.0,1.0,0.6770588235294139,0.7413617021276567,True,0.2966608695652158,7.075969506021189,0.0029480586527566,0.322941176470586,0.2586382978723432,True,V,S,different-party
80,20367,134,1.0,0.7271492537313428,0.0344558578665255,0.0009990009990009,1.0,1.0,0.6805074626865684,0.7737910447761209,True,0.2728507462686572,7.918849309328522,0.0029480586527566,0.3194925373134316,0.226208955223879,True,V,S,different-party
80,20368,102,1.0,0.7194117647058824,0.0429863948783851,0.0009990009990009,1.0,1.0,0.6739830508474591,0.7817441860465137,True,0.2805882352941176,6.52737304647071,0.0029480586527566,0.3260169491525408,0.2182558139534862,True,V,S,different-party
80,20369,117,0.9487179487179488,0.7349572649572645,0.0400177309502225,0.0009990009990009,0.9807692307692308,0.9230769230769232,0.6820576923076914,0.777276923076919,True,0.2137606837606841,5.341649281079376,0.0029480586527566,0.2987115384615393,0.1458000000000041,True,V,KF,different-party
80,20371,113,1.0,0.7016194690265536,0.0434611762083476,0.0009990009990009,1.0,1.0,0.67779411764706,0.7376222222222213,True,0.2983805309734464,6.865449971787378,0.0029480586527566,0.32220588235294,0.2623777777777787,True,V,V,same-party
80,20377,51,1.0,0.7824901960784312,0.0544874868727616,0.0009990009990009,1.0,1.0,0.6920000000000021,0.8134473684210537,False,0.2175098039215688,3.99192211653098,0.0029480586527566,0.3079999999999979,0.1865526315789463,True,V,M,different-party
80,20378,133,1.0,0.7280902255639056,0.0368460325658835,0.0009990009990009,1.0,1.0,0.682742424242423,0.772761194029853,True,0.2719097744360944,7.379621508771647,0.0029480586527566,0.3172575757575769,0.227238805970147,True,V,M,different-party
80,20384,82,1.0,0.6759512195121946,0.0518958323277203,0.0009990009990009,1.0,1.0,0.67121875,0.6927777777777735,False,0.3240487804878054,6.244215883106929,0.0029480586527566,0.32878125,0.3072222222222265,True,V,M,different-party
80,20386,89,0.9887640449438202,0.6969438202247223,0.0478780556757938,0.0009990009990009,1.0,0.9705882352941176,0.6713454545454548,0.7383529411764702,True,0.2918202247190978,6.095072588059084,0.0029480586527566,0.3286545454545452,0.2322352941176474,True,V,M,different-party
80,20388,41,0.926829268292683,0.7912439024390201,0.0552407991841264,0.0089910089910089,1.0,0.88,0.7104375,0.8429599999999959,False,0.1355853658536628,2.454442510900958,0.0258051348129677,0.2895624999999999,0.037040000000004,True,V,UFG,different-party
80,20389,132,1.0,0.7228030303030326,0.0378141985800759,0.0009990009990009,1.0,1.0,0.6767647058823553,0.77171875,True,0.2771969696969674,7.330499656365078,0.0029480586527566,0.3232352941176447,0.22828125,True,V,M,different-party
80,20415,131,1.0,0.723526717557251,0.036658343278213,0.0009990009990009,1.0,1.0,0.671,0.7737014925373175,True,0.276473282442749,7.541892451180788,0.0029480586527566,0.3289999999999999,0.2262985074626825,True,V,M,different-party
80,20496,125,1.0,0.7295359999999979,0.0370984770712389,0.0009990009990009,1.0,1.0,0.677810344827591,0.7743134328358238,True,0.2704640000000021,7.2904340380506465,0.0029480586527566,0.322189655172409,0.2256865671641762,True,V,M,different-party
80,20781,132,1.0,0.7242348484848518,0.0354072812414019,0.0009990009990009,1.0,1.0,0.6774242424242419,0.7710454545454544,True,0.2757651515151482,7.788374081450071,0.0029480586527566,0.322575757575758,0.2289545454545456,True,V,S,different-party
80,20925,125,0.92,0.7270319999999981,0.0372357015977706,0.0009990009990009,0.8823529411764706,0.9649122807017544,0.6765294117647079,0.7872807017543901,True,0.1929680000000019,5.182338232390264,0.0029480586527566,0.2058235294117626,0.1776315789473642,True,V,KF,different-party
80,20930,65,1.0,0.7839076923076843,0.0471866275594463,0.0009990009990009,1.0,1.0,0.721559999999998,0.8228750000000005,True,0.2160923076923157,4.579524303153045,0.0029480586527566,0.278440000000002,0.1771249999999995,True,V,S,different-party
80,21044,135,1.0,0.7237629629629647,0.0363316477826721,0.0009990009990009,1.0,1.0,0.675573529411767,0.772671641791047,True,0.2762370370370353,7.603206953051608,0.0029480586527566,0.324426470588233,0.227328358208953,True,V,S,different-party
80,21143,100,1.0,0.6985100000000011,0.0449009576289156,0.0009990009990009,1.0,1.0,0.6701964285714297,0.7345454545454537,True,0.3014899999999989,6.714556123538964,0.0029480586527566,0.3298035714285703,0.2654545454545463,True,V,S,different-party
80,21159,122,1.0,0.727049180327868,0.0377077361412825,0.0009990009990009,1.0,1.0,0.6765454545454541,0.7865714285714294,True,0.272950819672132,7.238589414369652,0.0029480586527566,0.3234545454545459,0.2134285714285706,True,V,M,different-party
80,21168,112,1.0,0.6985535714285707,0.0416334786929843,0.0009990009990009,1.0,1.0,0.6751764705882358,0.7346818181818184,True,0.3014464285714293,7.24048141147105,0.0029480586527566,0.3248235294117642,0.2653181818181815,True,V,V,same-party
82,113,98,0.9897959183673468,0.7056326530612185,0.0447610832642734,0.0009990009990009,0.984375,1.0,0.69128125,0.7326470588235288,True,0.2841632653061284,6.348444777987232,0.0029480586527566,0.29309375,0.2673529411764712,True,DD,DD,same-party
82,119,116,0.9913793103448276,0.7225603448275879,0.0372111778311984,0.0009990009990009,0.9846153846153848,1.0,0.6879384615384669,0.7666862745098031,True,0.2688189655172397,7.224145570900416,0.0029480586527566,0.2966769230769177,0.2333137254901969,True,DD,DD,same-party
82,182,69,1.0,0.6719565217391334,0.0545743202271787,0.0009990009990009,1.0,1.0,0.656795918367343,0.7091000000000007,True,0.3280434782608665,6.010949415316703,0.0029480586527566,0.343204081632657,0.2908999999999992,True,DD,DD,same-party
82,1146,59,0.9830508474576272,0.8134067796610182,0.0448942545566115,0.0009990009990009,0.9583333333333334,1.0,0.7851249999999992,0.8327999999999955,True,0.169644067796609,3.778747848072369,0.0029480586527566,0.1732083333333341,0.1672000000000044,True,DD,DD,same-party
82,17629,57,0.9824561403508772,0.8252807017543905,0.0457895783124162,0.0009990009990009,0.9,1.0,0.783999999999999,0.8340638297872305,False,0.1571754385964866,3.432559206466138,0.0029480586527566,0.1160000000000009,0.1659361702127695,True,DD,DD,same-party
82,20355,71,1.0,0.805295774647888,0.0436543169814657,0.0009990009990009,1.0,1.0,0.7887857142857185,0.8093508771929873,False,0.1947042253521119,4.460136793224302,0.0029480586527566,0.2112142857142814,0.1906491228070127,True,DD,DD,same-party
82,20373,46,0.9782608695652174,0.7813260869565203,0.0572711995051244,0.0009990009990009,0.9583333333333334,1.0,0.7825416666666657,0.7800000000000014,True,0.1969347826086971,3.4386355499866186,0.0029480586527566,0.1757916666666676,0.2199999999999986,True,DD,DD,same-party
82,20374,122,0.9918032786885246,0.7328442622950813,0.0378584575929984,0.0009990009990009,0.9846153846153848,1.0,0.6896153846153885,0.7821403508771971,True,0.2589590163934433,6.840189296072519,0.0029480586527566,0.2949999999999961,0.2178596491228028,True,DD,DD,same-party
82,20375,97,0.9896907216494846,0.7178762886597995,0.0441140204627578,0.0009990009990009,0.9830508474576272,1.0,0.6786779661016956,0.7787368421052632,True,0.2718144329896851,6.161633651577006,0.0029480586527566,0.3043728813559315,0.2212631578947368,True,DD,DD,same-party
82,20376,138,0.9927536231884058,0.7339202898550723,0.0351980269961876,0.0009990009990009,0.9861111111111112,1.0,0.6977361111111109,0.7733939393939406,True,0.2588333333333334,7.353631877189262,0.0029480586527566,0.2883750000000002,0.2266060606060593,True,DD,DD,same-party
93,97,138,1.0,0.7204492753623198,0.0356298475604499,0.0009990009990009,1.0,1.0,0.683223684210528,0.7660806451612896,True,0.2795507246376801,7.845970268702142,0.0029480586527566,0.3167763157894719,0.2339193548387104,True,V,S,different-party
93,102,153,0.9934640522875816,0.7263660130718952,0.0328617957102279,0.0009990009990009,1.0,0.9864864864864864,0.693569620253164,0.7613783783783792,True,0.2670980392156865,8.127919775624264,0.0029480586527566,0.3064303797468359,0.2251081081081073,True,V,V,same-party
93,118,85,1.0,0.7746470588235268,0.040125422064613,0.0009990009990009,1.0,1.0,0.7526896551724112,0.7860178571428577,True,0.2253529411764732,5.616213601780753,0.0029480586527566,0.2473103448275888,0.2139821428571423,True,V,S,different-party
93,120,113,1.0,0.6918761061946948,0.0414181800884918,0.0009990009990009,1.0,1.0,0.6927564102564119,0.6899142857142827,True,0.3081238938053052,7.4393392743714,0.0029480586527566,0.3072435897435881,0.3100857142857173,True,V,S,different-party
93,125,94,1.0,0.691670212765956,0.0446965060763524,0.0009990009990009,1.0,1.0,0.6836197183098577,0.7165217391304368,True,0.308329787234044,6.898297301076334,0.0029480586527566,0.3163802816901423,0.2834782608695632,True,V,V,same-party
93,127,136,0.9926470588235294,0.723602941176473,0.0373640280860033,0.0009990009990009,1.0,0.9821428571428572,0.7027625000000003,0.7533749999999994,True,0.2690441176470565,7.200618654599522,0.0029480586527566,0.2972374999999997,0.2287678571428577,True,V,V,same-party
93,139,44,1.0,0.7543636363636368,0.0560088227683201,0.0009990009990009,1.0,1.0,0.6450909090909099,0.7907878787878833,False,0.2456363636363632,4.385672676114533,0.0029480586527566,0.35490909090909,0.2092121212121167,True,V,V,same-party
93,152,133,1.0,0.7113458646616522,0.0364313426451235,0.0009990009990009,1.0,1.0,0.6992592592592581,0.7301730769230769,True,0.2886541353383478,7.923236268015646,0.0029480586527566,0.3007407407407418,0.2698269230769231,True,V,S,different-party
93,164,73,1.0,0.7916438356164334,0.0422829193283599,0.0009990009990009,1.0,1.0,0.7749199999999982,0.800354166666666,True,0.2083561643835666,4.927667429145987,0.0029480586527566,0.2250800000000018,0.1996458333333339,True,V,V,same-party
93,168,141,1.0,0.7297234042553175,0.0351186586738246,0.0009990009990009,1.0,1.0,0.6990136986301343,0.7626911764705876,True,0.2702765957446825,7.696096774508378,0.0029480586527566,0.3009863013698657,0.2373088235294124,True,V,V,same-party
93,180,146,1.0,0.7308150684931509,0.0337892309577722,0.0009990009990009,1.0,1.0,0.6966585365853663,0.774578125,True,0.2691849315068491,7.966589468794369,0.0029480586527566,0.3033414634146337,0.225421875,True,V,V,same-party
93,191,119,0.8487394957983193,0.7196386554621864,0.0398462147876277,0.0029970029970029,0.8805970149253731,0.8076923076923077,0.6841044776119412,0.7654230769230774,True,0.1291008403361329,3.239977524194309,0.0087126097043452,0.1964925373134319,0.0422692307692302,True,V,RV,different-party
93,201,131,1.0,0.7155038167938924,0.0376800914264452,0.0009990009990009,1.0,1.0,0.6840277777777771,0.7539152542372879,True,0.2844961832061076,7.5503050134968,0.0029480586527566,0.3159722222222229,0.2460847457627121,True,V,S,different-party
93,208,100,1.0,0.6873100000000015,0.0440977154567725,0.0009990009990009,1.0,1.0,0.6831944444444444,0.6978928571428574,True,0.3126899999999984,7.09084352241598,0.0029480586527566,0.3168055555555555,0.3021071428571426,True,V,S,different-party
93,213,136,1.0,0.7182941176470611,0.0366671673211612,0.0009990009990009,1.0,1.0,0.6908701298701281,0.7540847457627112,True,0.2817058823529389,7.682782798178191,0.0029480586527566,0.3091298701298719,0.2459152542372887,True,V,S,different-party
93,214,61,1.0,0.7540655737704915,0.0502115315212474,0.0009990009990009,1.0,1.0,0.7429032258064484,0.7655999999999991,True,0.2459344262295084,4.897967036226309,0.0029480586527566,0.2570967741935516,0.2344000000000009,True,V,S,different-party
93,224,127,1.0,0.7337244094488151,0.0374476542745618,0.0009990009990009,1.0,1.0,0.6977222222222226,0.7808545454545467,True,0.2662755905511849,7.110608012958122,0.0029480586527566,0.3022777777777774,0.2191454545454533,True,V,S,different-party
93,244,56,1.0,0.7902857142857131,0.047927944919771,0.0009990009990009,1.0,1.0,0.7845238095238137,0.7937428571428512,True,0.2097142857142868,4.375616064184226,0.0029480586527566,0.2154761904761862,0.2062571428571488,True,V,S,different-party
93,257,134,0.9925373134328358,0.7279104477611925,0.0361365506414831,0.0009990009990009,1.0,0.984375,0.6889714285714297,0.7705,True,0.2646268656716433,7.322969707237731,0.0029480586527566,0.3110285714285703,0.213875,True,V,S,different-party
93,260,105,1.0,0.7063142857142862,0.0431807759232966,0.0009990009990009,1.0,1.0,0.6677704918032771,0.75975,True,0.2936857142857138,6.801307016978958,0.0029480586527566,0.3322295081967229,0.2402499999999999,True,V,S,different-party
93,266,116,1.0,0.6951293103448261,0.0414734202089428,0.0009990009990009,1.0,1.0,0.6700461538461575,0.7270980392156855,True,0.3048706896551739,7.350989817556328,0.0029480586527566,0.3299538461538425,0.2729019607843145,True,V,S,different-party
93,273,147,1.0,0.7312380952380907,0.0339351618041095,0.0009990009990009,1.0,1.0,0.700520547945203,0.7615405405405415,True,0.2687619047619093,7.919865133201227,0.0029480586527566,0.299479452054797,0.2384594594594584,True,V,S,different-party
93,278,150,1.0,0.7287400000000025,0.0345299265411236,0.0009990009990009,1.0,1.0,0.6961585365853676,0.7680294117647035,True,0.2712599999999975,7.855794297069783,0.0029480586527566,0.3038414634146323,0.2319705882352964,True,V,S,different-party
93,286,149,1.0,0.7278590604026852,0.0344210273151748,0.0009990009990009,1.0,1.0,0.6907894736842125,0.7664520547945173,True,0.2721409395973148,7.906241063215988,0.0029480586527566,0.3092105263157875,0.2335479452054827,True,V,S,different-party
93,1619,136,1.0,0.724977941176473,0.0364880889404166,0.0009990009990009,1.0,1.0,0.6820735294117677,0.7678823529411741,True,0.275022058823527,7.537310580245121,0.0029480586527566,0.3179264705882323,0.2321176470588258,True,V,S,different-party
93,1845,99,1.0,0.7056969696969724,0.0430825496062002,0.0009990009990009,1.0,1.0,0.6860634920634866,0.7400555555555556,True,0.2943030303030276,6.831142376510445,0.0029480586527566,0.3139365079365134,0.2599444444444444,True,V,V,same-party
93,11702,114,0.9385964912280702,0.7081228070175436,0.0409760351035747,0.0009990009990009,0.9661016949152542,0.9090909090909092,0.6860338983050852,0.7318181818181836,True,0.2304736842105266,5.62459700232003,0.0029480586527566,0.280067796610169,0.1772727272727254,True,V,KF,different-party
93,15760,55,1.0,0.7627636363636369,0.0522041128804018,0.0009990009990009,1.0,1.0,0.7830000000000051,0.7502647058823544,True,0.2372363636363631,4.544399867111332,0.0029480586527566,0.2169999999999948,0.2497352941176456,True,V,S,different-party
93,15762,130,1.0,0.7218076923076975,0.0366467799075533,0.0009990009990009,1.0,1.0,0.6740153846153887,0.7695999999999953,True,0.2781923076923025,7.59118013626522,0.0029480586527566,0.3259846153846113,0.2304000000000047,True,V,S,different-party
93,15770,50,1.0,0.7645799999999988,0.0581205781251598,0.0009990009990009,1.0,1.0,0.7084444444444469,0.7769024390243877,False,0.2354200000000011,4.050544705405989,0.0029480586527566,0.2915555555555531,0.2230975609756122,True,V,S,different-party
93,15776,66,1.0,0.7521363636363638,0.0461845680661711,0.0009990009990009,1.0,1.0,0.757896551724137,0.7476216216216213,True,0.2478636363636361,5.366806419159496,0.0029480586527566,0.242103448275863,0.2523783783783787,True,V,S,different-party
93,15787,133,1.0,0.7188646616541331,0.0364965230437797,0.0009990009990009,1.0,1.0,0.6953874999999999,0.7543018867924607,True,0.2811353383458669,7.703071824366082,0.0029480586527566,0.3046125,0.2456981132075393,True,V,S,different-party
93,15793,98,0.8979591836734694,0.6827653061224437,0.0445956650615171,0.0009990009990009,0.8970588235294118,0.9,0.673632352941178,0.7034666666666681,True,0.2151938775510257,4.825443846485487,0.0029480586527566,0.2234264705882338,0.1965333333333319,True,V,KF,different-party
93,16180,63,1.0,0.7549682539682543,0.0503655048259136,0.0009990009990009,1.0,1.0,0.7104999999999989,0.7788292682926804,True,0.2450317460317457,4.865070783638284,0.0029480586527566,0.2895000000000011,0.2211707317073196,True,V,S,different-party
93,16351,153,1.0,0.7246928104575165,0.0329936547689846,0.0009990009990009,1.0,1.0,0.6951219512195128,0.7588450704225348,True,0.2753071895424834,8.34424653680027,0.0029480586527566,0.3048780487804872,0.2411549295774652,True,V,S,different-party
93,17141,90,0.9666666666666668,0.7002111111111112,0.0467146781005726,0.0009990009990009,0.9629629629629628,0.9722222222222222,0.6695555555555545,0.7461944444444449,True,0.2664555555555554,5.703893645202903,0.0029480586527566,0.2934074074074084,0.2260277777777772,True,V,KF,different-party
93,18695,141,1.0,0.7263758865248211,0.0348642012641295,0.0009990009990009,1.0,1.0,0.687805970149255,0.761297297297298,True,0.2736241134751789,7.848282867638807,0.0029480586527566,0.3121940298507449,0.238702702702702,True,V,V,same-party
93,18696,63,1.0,0.7656507936507935,0.0482799521612429,0.0009990009990009,1.0,1.0,0.7403181818181819,0.779243902439022,True,0.2343492063492065,4.853965173091699,0.0029480586527566,0.2596818181818181,0.220756097560978,True,V,V,same-party
93,18698,56,1.0,0.784321428571429,0.0512289844484731,0.0009990009990009,,1.0,,0.784321428571429,False,0.215678571428571,4.210088756405147,0.0029480586527566,,0.215678571428571,False,V,V,same-party
93,18699,149,1.0,0.725395973154363,0.0332099020101788,0.0009990009990009,1.0,1.0,0.6922911392405068,0.7627571428571421,True,0.274604026845637,8.268739448899039,0.0029480586527566,0.3077088607594932,0.2372428571428578,True,V,V,same-party
93,18700,53,1.0,0.7725849056603841,0.0517397942107933,0.0009990009990009,1.0,1.0,0.7336666666666666,0.798125,True,0.2274150943396159,4.395361400416532,0.0029480586527566,0.2663333333333334,0.201875,True,V,V,same-party
93,18713,110,0.9,0.7093454545454555,0.0420119744564803,0.0009990009990009,0.8571428571428571,1.0,0.6953116883116878,0.7420909090909134,True,0.1906545454545445,4.538100099342897,0.0029480586527566,0.1618311688311693,0.2579090909090866,True,V,KF,different-party
93,18715,61,1.0,0.8070491803278695,0.0457987867145628,0.0009990009990009,1.0,1.0,0.7824285714285758,0.8199749999999991,True,0.1929508196721304,4.213011599514212,0.0029480586527566,0.2175714285714242,0.1800250000000008,True,V,S,different-party
93,18716,61,1.0,0.784852459016392,0.0473056667729098,0.0009990009990009,1.0,1.0,0.7981999999999994,0.7783414634146305,True,0.215147540983608,4.548028928889655,0.0029480586527566,0.2018000000000006,0.2216585365853695,True,V,S,different-party
93,18717,128,1.0,0.7109921875,0.0380643486005014,0.0009990009990009,1.0,1.0,0.7006125000000013,0.7282916666666668,True,0.2890078124999999,7.592611541398944,0.0029480586527566,0.2993874999999987,0.2717083333333332,True,V,S,different-party
93,18718,149,1.0,0.725704697986578,0.0337807539527765,0.0009990009990009,1.0,1.0,0.6944124999999989,0.7619855072463773,True,0.274295302013422,8.119869153804867,0.0029480586527566,0.3055875000000011,0.2380144927536227,True,V,S,different-party
93,18719,109,1.0,0.7046513761467884,0.0422725593874383,0.0009990009990009,1.0,1.0,0.6886060606060597,0.7292790697674397,True,0.2953486238532116,6.986769387352893,0.0029480586527566,0.3113939393939403,0.2707209302325603,True,V,S,different-party
93,18720,143,1.0,0.728391608391609,0.0354042567118592,0.0009990009990009,1.0,1.0,0.692594936708861,0.772578125,True,0.271608391608391,7.671630951580224,0.0029480586527566,0.307405063291139,0.227421875,True,V,S,different-party
93,18725,123,0.8699186991869918,0.7123902439024412,0.0378920634202308,0.0009990009990009,0.8961038961038961,0.8260869565217391,0.6986103896103898,0.7354565217391305,True,0.1575284552845506,4.15729419476388,0.0029480586527566,0.1974935064935062,0.0906304347826086,True,V,RV,different-party
93,18729,130,0.8307692307692308,0.708846153846159,0.0365640348513664,0.0019980019980019,0.8589743589743589,0.7884615384615384,0.6934871794871811,0.7318846153846156,True,0.1219230769230718,3.3345082789328844,0.005829605033321,0.1654871794871778,0.0565769230769228,True,V,RV,different-party
93,19928,132,1.0,0.7250151515151545,0.0364789698638364,0.0009990009990009,1.0,1.0,0.6841641791044788,0.7671230769230729,True,0.2749848484848455,7.538174721250916,0.0029480586527566,0.3158358208955212,0.2328769230769271,True,V,S,different-party
93,20349,70,1.0,0.6729571428571431,0.0551073746526755,0.0009990009990009,1.0,1.0,0.6655961538461515,0.6942222222222184,False,0.3270428571428568,5.934647752757328,0.0029480586527566,0.3344038461538485,0.3057777777777816,True,V,SP,different-party
93,20362,141,1.0,0.732553191489359,0.0345322401570807,0.0009990009990009,1.0,1.0,0.7050126582278481,0.7676451612903209,True,0.2674468085106409,7.7448438703679585,0.0029480586527566,0.2949873417721519,0.2323548387096791,True,V,S,different-party
93,20363,147,1.0,0.719530612244891,0.0348235297607369,0.0009990009990009,1.0,1.0,0.6817500000000017,0.7599718309859156,True,0.280469387755109,8.054019500094865,0.0029480586527566,0.3182499999999982,0.2400281690140844,True,V,S,different-party
93,20364,141,1.0,0.7241276595744655,0.0352635056277077,0.0009990009990009,1.0,1.0,0.6865131578947401,0.7681076923076893,True,0.2758723404255345,7.823168329831977,0.0029480586527566,0.3134868421052599,0.2318923076923107,True,V,S,different-party
93,20365,137,1.0,0.7126131386861301,0.0370220110274241,0.0009990009990009,1.0,1.0,0.7000121951219529,0.7314000000000014,True,0.2873868613138699,7.762594557626481,0.0029480586527566,0.2999878048780471,0.2685999999999986,True,V,S,different-party
93,20367,154,1.0,0.7303831168831166,0.0335333045023027,0.0009990009990009,1.0,1.0,0.7009382716049374,0.7630547945205439,True,0.2696168831168833,8.04027181688487,0.0029480586527566,0.2990617283950626,0.236945205479456,True,V,S,different-party
93,20368,123,1.0,0.7252276422764252,0.0375845156958158,0.0009990009990009,1.0,1.0,0.699342465753422,0.7630199999999998,True,0.2747723577235748,7.310786174482068,0.0029480586527566,0.300657534246578,0.2369800000000002,True,V,S,different-party
93,20369,137,0.927007299270073,0.7357664233576646,0.0357321181854175,0.0009990009990009,0.9545454545454546,0.9014084507042254,0.7064696969696967,0.763,True,0.1912408759124083,5.352072186710016,0.0029480586527566,0.2480757575757578,0.1384084507042253,True,V,KF,different-party
93,20371,134,1.0,0.7097014925373125,0.0384560533801698,0.0009990009990009,1.0,1.0,0.697353658536586,0.7291730769230763,True,0.2902985074626875,7.548837749751573,0.0029480586527566,0.3026463414634139,0.2708269230769237,True,V,V,same-party
93,20377,74,1.0,0.7755405405405418,0.0443372275727968,0.0009990009990009,1.0,1.0,0.7567931034482731,0.7876222222222222,True,0.2244594594594582,5.062550631766963,0.0029480586527566,0.2432068965517269,0.2123777777777777,True,V,M,different-party
93,20378,154,1.0,0.7314480519480503,0.0337190701557733,0.0009990009990009,1.0,1.0,0.7043875000000002,0.7607027027027046,True,0.2685519480519497,7.964393644644107,0.0029480586527566,0.2956124999999998,0.2392972972972954,True,V,M,different-party
93,20384,84,1.0,0.669333333333335,0.0505382674292455,0.0009990009990009,1.0,1.0,0.6619354838709683,0.6901818181818168,True,0.330666666666665,6.54289676886142,0.0029480586527566,0.3380645161290316,0.3098181818181832,True,V,M,different-party
93,20385,58,1.0,0.7866896551724085,0.0490022133431051,0.0009990009990009,1.0,1.0,0.7986470588235309,0.7817317073170709,False,0.2133103448275914,4.353075713826005,0.0029480586527566,0.201352941176469,0.2182682926829291,True,V,M,different-party
93,20386,98,0.9897959183673468,0.7017244897959134,0.0437611543834762,0.0009990009990009,1.0,0.9714285714285714,0.6801587301587254,0.7405428571428536,True,0.2880714285714335,6.582811459841335,0.0029480586527566,0.3198412698412746,0.2308857142857178,True,V,M,different-party
93,20389,143,1.0,0.7217132867132854,0.0357636968629954,0.0009990009990009,1.0,1.0,0.6825972222222217,0.7613802816901397,True,0.2782867132867146,7.781262500708003,0.0029480586527566,0.3174027777777782,0.2386197183098602,True,V,M,different-party
93,20415,152,1.0,0.7291315789473686,0.0333768318578844,0.0009990009990009,1.0,1.0,0.6962435897435904,0.7637972972972978,True,0.2708684210526314,8.115462312479657,0.0029480586527566,0.3037564102564096,0.2362027027027021,True,V,M,different-party
93,20496,133,1.0,0.7293308270676655,0.0364987557364822,0.0009990009990009,1.0,1.0,0.6872272727272718,0.7708059701492553,True,0.2706691729323345,7.415846580813383,0.0029480586527566,0.3127727272727282,0.2291940298507446,True,V,M,different-party
93,20781,147,1.0,0.7203197278911496,0.0335896101486177,0.0009990009990009,1.0,1.0,0.6850945945945934,0.7560273972602707,True,0.2796802721088504,8.326392324037128,0.0029480586527566,0.3149054054054065,0.2439726027397293,True,V,S,different-party
93,20925,146,0.910958904109589,0.7294246575342485,0.0342650710403932,0.0009990009990009,0.8780487804878049,0.953125,0.6972073170731727,0.770703125,True,0.1815342465753405,5.297938719033727,0.0029480586527566,0.1808414634146321,0.1824218749999999,True,V,KF,different-party
93,20930,69,1.0,0.7832173913043479,0.0461324366978884,0.0009990009990009,1.0,1.0,0.735379310344827,0.8179000000000007,True,0.2167826086956521,4.699136317366354,0.0029480586527566,0.264620689655173,0.1820999999999992,True,V,S,different-party
93,21044,156,1.0,0.7280000000000003,0.0329812818279601,0.0009990009990009,1.0,1.0,0.6961463414634161,0.7632972972972986,True,0.2719999999999997,8.247102141718738,0.0029480586527566,0.3038536585365838,0.2367027027027014,True,V,S,different-party
93,21143,115,1.0,0.7005478260869578,0.0408085159716312,0.0009990009990009,1.0,1.0,0.6805,0.7257058823529404,True,0.2994521739130422,7.3379824476149,0.0029480586527566,0.3195,0.2742941176470596,True,V,S,different-party
93,21159,135,1.0,0.7331777777777801,0.0351887921161511,0.0009990009990009,1.0,1.0,0.6987500000000001,0.783254545454548,True,0.2668222222222198,7.582591108597676,0.0029480586527566,0.3012499999999999,0.216745454545452,True,V,M,different-party
93,21168,124,1.0,0.7006774193548374,0.0396826287859602,0.0009990009990009,1.0,1.0,0.6818055555555561,0.7268076923076925,True,0.2993225806451626,7.542912095356526,0.0029480586527566,0.3181944444444439,0.2731923076923075,True,V,V,same-party
97,102,138,0.9927536231884058,0.7248913043478256,0.0373116549205143,0.0009990009990009,1.0,0.984126984126984,0.6869333333333333,0.7700793650793666,True,0.2678623188405802,7.179052213342232,0.0029480586527566,0.3130666666666667,0.2140476190476175,True,S,V,different-party
97,118,68,1.0,0.7754705882352907,0.0441499616682967,0.0009990009990009,1.0,1.0,0.7214782608695666,0.8030666666666654,True,0.2245294117647093,5.085608305883078,0.0029480586527566,0.2785217391304334,0.1969333333333346,True,S,S,same-party
97,120,105,1.0,0.6869523809523809,0.0440680884335267,0.0009990009990009,1.0,1.0,0.6861081081081066,0.6889677419354819,True,0.3130476190476191,7.103725851867326,0.0029480586527566,0.3138918918918933,0.311032258064518,True,S,S,same-party
97,125,92,1.0,0.6907065217391294,0.046951783217103,0.0009990009990009,1.0,1.0,0.6820985915492956,0.7198095238095221,True,0.3092934782608706,6.587470316744106,0.0029480586527566,0.3179014084507043,0.2801904761904779,True,S,V,different-party
97,127,130,0.9923076923076924,0.7298615384615418,0.038802733937578,0.0009990009990009,1.0,0.9814814814814816,0.6952105263157916,0.7786296296296314,True,0.2624461538461505,6.763599551215844,0.0029480586527566,0.3047894736842084,0.20285185185185,True,S,V,different-party
97,139,44,1.0,0.7845227272727259,0.0538749425142921,0.0009990009990009,1.0,1.0,0.6392727272727282,0.8329393939393994,False,0.2154772727272741,3.9995824157048823,0.0029480586527566,0.3607272727272718,0.1670606060606005,True,S,V,different-party
97,152,129,1.0,0.7168372093023202,0.0381245664547904,0.0009990009990009,1.0,1.0,0.6918701298701289,0.7538076923076918,True,0.2831627906976798,7.427305200531652,0.0029480586527566,0.3081298701298711,0.2461923076923081,True,S,S,same-party
97,164,75,1.0,0.7997466666666685,0.0425264609114355,0.0009990009990009,1.0,1.0,0.7681904761904781,0.8120185185185202,True,0.2002533333333315,4.708911323478666,0.0029480586527566,0.2318095238095219,0.1879814814814797,True,S,V,different-party
97,168,138,1.0,0.7368840579710144,0.0359163554187006,0.0009990009990009,1.0,1.0,0.6914202898550749,0.7823478260869562,True,0.2631159420289856,7.325797368961013,0.0029480586527566,0.3085797101449251,0.2176521739130438,True,S,V,different-party
97,180,131,1.0,0.7292595419847309,0.0375205167503372,0.0009990009990009,1.0,1.0,0.6903589743589758,0.7865094339622708,True,0.2707404580152691,7.215797687883264,0.0029480586527566,0.3096410256410242,0.2134905660377292,True,S,V,different-party
97,191,119,0.8907563025210085,0.7348739495798309,0.0394488703305269,0.0009990009990009,0.8840579710144928,0.9,0.6924492753623217,0.7934199999999991,True,0.1558823529411775,3.951503595289271,0.0029480586527566,0.1916086956521711,0.1065800000000009,True,S,RV,different-party
97,201,131,1.0,0.7283893129770977,0.036336276456489,0.0009990009990009,1.0,1.0,0.6893108108108101,0.7791228070175471,True,0.2716106870229022,7.474918002347963,0.0029480586527566,0.3106891891891898,0.2208771929824529,True,S,S,same-party
97,208,102,1.0,0.690147058823529,0.0433156909959763,0.0009990009990009,1.0,1.0,0.6816805555555546,0.7104666666666684,True,0.309852941176471,7.153364844283648,0.0029480586527566,0.3183194444444454,0.2895333333333316,True,S,S,same-party
97,213,129,1.0,0.724604651162787,0.037961791430885,0.0009990009990009,1.0,1.0,0.6830273972602724,0.7788035714285705,True,0.2753953488372129,7.2545403801243165,0.0029480586527566,0.3169726027397276,0.2211964285714295,True,S,S,same-party
97,214,45,1.0,0.7572888888888879,0.0605217370738812,0.0009990009990009,1.0,1.0,0.7346296296296325,0.7912777777777831,False,0.2427111111111121,4.010313035378099,0.0029480586527566,0.2653703703703675,0.2087222222222169,True,S,S,same-party
97,224,121,1.0,0.7301652892561985,0.0386042597157719,0.0009990009990009,1.0,1.0,0.6876029411764731,0.7847735849056675,True,0.2698347107438015,6.989765189916573,0.0029480586527566,0.3123970588235268,0.2152264150943325,True,S,S,same-party
97,257,131,1.0,0.7361297709923655,0.0364645305094957,0.0009990009990009,1.0,1.0,0.6788030303030289,0.794338461538453,True,0.2638702290076344,7.236353391110291,0.0029480586527566,0.3211969696969711,0.205661538461547,True,S,S,same-party
97,260,117,1.0,0.7238717948717955,0.0392174574782511,0.0009990009990009,1.0,1.0,0.6748571428571377,0.7810555555555572,True,0.2761282051282044,7.040951221310997,0.0029480586527566,0.3251428571428623,0.2189444444444428,True,S,S,same-party
97,266,118,1.0,0.7111101694915261,0.0404618862609428,0.0009990009990009,1.0,1.0,0.6771044776119416,0.7557843137254897,True,0.2888898305084739,7.139801358873728,0.0029480586527566,0.3228955223880584,0.2442156862745103,True,S,S,same-party
97,273,141,1.0,0.738893617021273,0.0346590353480659,0.0009990009990009,1.0,1.0,0.6916086956521756,0.7842083333333328,True,0.261106382978727,7.533573290674331,0.0029480586527566,0.3083913043478243,0.2157916666666671,True,S,S,same-party
97,278,144,1.0,0.7355833333333335,0.0347633667915111,0.0009990009990009,1.0,1.0,0.6895256410256424,0.7900151515151527,True,0.2644166666666665,7.606186945369002,0.0029480586527566,0.3104743589743576,0.2099848484848473,True,S,S,same-party
97,286,141,1.0,0.73060283687943,0.0351585330478436,0.0009990009990009,1.0,1.0,0.6768714285714298,0.7835774647887337,True,0.26939716312057,7.662355046326174,0.0029480586527566,0.3231285714285702,0.2164225352112663,True,S,S,same-party
97,1619,130,1.0,0.7318000000000044,0.0370264683938477,0.0009990009990009,1.0,1.0,0.67159375,0.7901818181818188,True,0.2681999999999955,7.243466947675711,0.0029480586527566,0.32840625,0.2098181818181812,True,S,S,same-party
97,1845,104,1.0,0.7176923076923073,0.0425038502649472,0.0009990009990009,1.0,1.0,0.6800677966101706,0.7670222222222197,True,0.2823076923076927,6.641932214327199,0.0029480586527566,0.3199322033898294,0.2329777777777802,True,S,V,different-party
97,11702,107,0.9813084112149532,0.7109626168224302,0.0426136060655653,0.0009990009990009,0.9818181818181818,0.9807692307692308,0.6740000000000014,0.7500576923076923,True,0.270345794392523,6.344119152379848,0.0029480586527566,0.3078181818181804,0.2307115384615384,True,S,KF,different-party
97,15760,46,1.0,0.7784130434782601,0.0572969320336403,0.0009990009990009,1.0,1.0,0.7552666666666666,0.7896129032258017,False,0.2215869565217398,3.86734417807294,0.0029480586527566,0.2447333333333333,0.2103870967741983,True,S,S,same-party
97,15762,124,1.0,0.7190403225806455,0.0377855345362165,0.0009990009990009,1.0,1.0,0.6646557377049165,0.7716984126984144,True,0.2809596774193544,7.435641201530743,0.0029480586527566,0.3353442622950835,0.2283015873015855,True,S,S,same-party
97,15770,53,1.0,0.8004905660377416,0.0527031029607564,0.0009990009990009,1.0,1.0,0.7576363636363687,0.8117142857142943,False,0.1995094339622584,3.785534868996542,0.0029480586527566,0.2423636363636313,0.1882857142857057,True,S,S,same-party
97,15776,57,1.0,0.7621578947368465,0.0523255625457816,0.0009990009990009,1.0,1.0,0.7316521739130448,0.782794117647059,True,0.2378421052631535,4.545428538012492,0.0029480586527566,0.2683478260869552,0.217205882352941,True,S,S,same-party
97,15787,130,1.0,0.7268230769230792,0.0375946275249032,0.0009990009990009,1.0,1.0,0.6892631578947384,0.779685185185187,True,0.2731769230769207,7.266381955665448,0.0029480586527566,0.3107368421052616,0.2203148148148129,True,S,S,same-party
97,15793,98,0.9285714285714286,0.6978265306122404,0.0435409950093802,0.0009990009990009,0.8970588235294118,1.0,0.6767647058823538,0.7455666666666665,True,0.2307448979591881,5.299486102912391,0.0029480586527566,0.2202941176470579,0.2544333333333335,True,S,KF,different-party
97,16180,60,1.0,0.7785833333333347,0.0503788754006839,0.0009990009990009,1.0,1.0,0.7068636363636344,0.8201052631578939,True,0.2214166666666652,4.395029958601643,0.0029480586527566,0.2931363636363656,0.1798947368421061,True,S,S,same-party
97,16351,150,1.0,0.7350400000000021,0.0340852555966813,0.0009990009990009,1.0,1.0,0.6913076923076934,0.7824166666666664,True,0.2649599999999978,7.773449116391396,0.0029480586527566,0.3086923076923066,0.2175833333333335,True,S,S,same-party
97,17141,89,0.9775280898876404,0.7034269662921374,0.0458112893605102,0.0009990009990009,0.9642857142857144,1.0,0.6805357142857145,0.7422727272727309,True,0.274101123595503,5.983265859174454,0.0029480586527566,0.2837499999999998,0.2577272727272691,True,S,KF,different-party
97,18695,141,1.0,0.7376737588652452,0.0341510115091844,0.0009990009990009,1.0,1.0,0.6940869565217409,0.7794444444444454,True,0.2623262411347548,7.681360801398391,0.0029480586527566,0.3059130434782591,0.2205555555555546,True,S,V,different-party
97,18696,56,1.0,0.7810714285714293,0.0509743975494669,0.0009990009990009,1.0,1.0,0.7147222222222197,0.8125000000000003,False,0.2189285714285707,4.294873151097397,0.0029480586527566,0.2852777777777803,0.1874999999999996,True,S,V,different-party
97,18698,54,1.0,0.8119629629629654,0.0487892686808716,0.0009990009990009,,1.0,,0.8119629629629654,False,0.1880370370370345,3.854065496799636,0.0029480586527566,,0.1880370370370345,False,S,V,different-party
97,18699,146,1.0,0.7330205479452055,0.0335130340590704,0.0009990009990009,1.0,1.0,0.6836000000000009,0.7852253521126775,True,0.2669794520547944,7.9664363299429475,0.0029480586527566,0.3163999999999991,0.2147746478873224,True,S,V,different-party
97,18700,56,1.0,0.7786428571428571,0.052470283796667,0.0009990009990009,1.0,1.0,0.7338095238095238,0.805542857142852,True,0.2213571428571429,4.218714419669364,0.0029480586527566,0.2661904761904762,0.194457142857148,True,S,V,different-party
97,18713,104,0.903846153846154,0.7020576923076938,0.0441961935624955,0.0009990009990009,0.8591549295774648,1.0,0.682971830985914,0.7431212121212153,True,0.20178846153846,4.565743003481087,0.0029480586527566,0.1761830985915508,0.2568787878787847,True,S,KF,different-party
97,18715,62,1.0,0.8131612903225779,0.0455310694053939,0.0009990009990009,1.0,1.0,0.7550666666666658,0.8317021276595714,False,0.1868387096774221,4.103543187485241,0.0029480586527566,0.2449333333333342,0.1682978723404286,True,S,S,same-party
97,18716,53,1.0,0.805509433962269,0.049848885621253,0.0009990009990009,1.0,1.0,0.7705000000000001,0.8180769230769206,False,0.1944905660377309,3.901603087287672,0.0029480586527566,0.2294999999999999,0.1819230769230794,True,S,S,same-party
97,18717,123,1.0,0.7169756097561006,0.0403577246395591,0.0009990009990009,1.0,1.0,0.6956447368421081,0.7514680851063804,True,0.2830243902438993,7.012892643766031,0.0029480586527566,0.3043552631578918,0.2485319148936196,True,S,S,same-party
97,18718,143,1.0,0.7336643356643352,0.0334273440042355,0.0009990009990009,1.0,1.0,0.6885526315789497,0.7848358208955227,True,0.2663356643356648,7.967598750948249,0.0029480586527566,0.3114473684210502,0.2151641791044772,True,S,S,same-party
97,18719,102,1.0,0.6965588235294102,0.0437286703028094,0.0009990009990009,1.0,1.0,0.678209677419356,0.7249999999999996,True,0.3034411764705897,6.939181419634758,0.0029480586527566,0.321790322580644,0.2750000000000003,True,S,S,same-party
97,18720,136,1.0,0.7345220588235303,0.0366031418793838,0.0009990009990009,1.0,1.0,0.6862266666666667,0.7939016393442621,True,0.2654779411764697,7.252873047108453,0.0029480586527566,0.3137733333333333,0.2060983606557379,True,S,S,same-party
97,18725,116,0.8793103448275862,0.7074051724137922,0.0411833915625089,0.0009990009990009,0.9041095890410958,0.8372093023255814,0.6915753424657503,0.7342790697674386,True,0.171905172413794,4.174138308955761,0.0029480586527566,0.2125342465753456,0.1029302325581428,True,S,RV,different-party
97,18726,64,0.921875,0.81178125,0.0450916282099254,0.0069930069930069,0.8461538461538461,0.9411764705882352,0.7956153846153793,0.8159019607843134,False,0.1100937499999999,2.4415563236584688,0.0201232014059239,0.0505384615384668,0.1252745098039218,True,S,RV,different-party
97,18729,121,0.8677685950413223,0.7091900826446279,0.0401198789503801,0.0009990009990009,0.8611111111111112,0.8775510204081632,0.6777222222222224,0.7554285714285743,True,0.1585785123966944,3.952616920724581,0.0029480586527566,0.1833888888888887,0.1221224489795889,True,S,RV,different-party
97,19928,132,1.0,0.7296742424242445,0.0379708220048572,0.0009990009990009,1.0,1.0,0.6938840579710173,0.768873015873018,True,0.2703257575757555,7.119302224776057,0.0029480586527566,0.3061159420289827,0.2311269841269819,True,S,S,same-party
97,20349,72,1.0,0.6793194444444451,0.0539242315968058,0.0009990009990009,1.0,1.0,0.6749259259259249,0.6924999999999967,False,0.3206805555555548,5.946872974533957,0.0029480586527566,0.325074074074075,0.3075000000000033,True,S,SP,different-party
97,20357,56,0.9285714285714286,0.8058392857142852,0.0483668459589214,0.0029970029970029,0.8823529411764706,0.9487179487179488,0.7835882352941183,0.81553846153846,False,0.1227321428571434,2.5375262832184964,0.0087126097043452,0.0987647058823523,0.1331794871794887,True,S,KF,different-party
97,20362,144,1.0,0.739187499999999,0.0352984052142113,0.0009990009990009,1.0,1.0,0.7000933333333323,0.781681159420289,True,0.260812500000001,7.388789901901763,0.0029480586527566,0.2999066666666676,0.2183188405797109,True,S,S,same-party
97,20363,150,1.0,0.7343066666666686,0.0340671211951074,0.0009990009990009,1.0,1.0,0.6902307692307693,0.7820555555555555,True,0.2656933333333314,7.799113162854774,0.0029480586527566,0.3097692307692307,0.2179444444444445,True,S,S,same-party
97,20364,150,1.0,0.7347266666666689,0.0351131884434714,0.0009990009990009,1.0,1.0,0.6911153846153856,0.7819722222222217,True,0.2652733333333311,7.554806188005219,0.0029480586527566,0.3088846153846144,0.2180277777777782,True,S,S,same-party
97,20365,121,1.0,0.7038264462809912,0.0412970173812856,0.0009990009990009,1.0,1.0,0.6896410256410265,0.7295581395348811,True,0.2961735537190088,7.171790422163123,0.0029480586527566,0.3103589743589735,0.2704418604651188,True,S,S,same-party
97,20367,148,1.0,0.7377432432432444,0.0328137695336586,0.0009990009990009,1.0,1.0,0.6931818181818187,0.7860704225352136,True,0.2622567567567556,7.992277646972154,0.0029480586527566,0.3068181818181813,0.2139295774647863,True,S,S,same-party
97,20368,126,1.0,0.7317777777777729,0.0367296595241147,0.0009990009990009,1.0,1.0,0.6928260869565245,0.7789298245614078,True,0.2682222222222271,7.302605733280122,0.0029480586527566,0.3071739130434755,0.2210701754385922,True,S,S,same-party
97,20369,122,0.9590163934426228,0.7343032786885241,0.0385933672291506,0.0009990009990009,0.967741935483871,0.95,0.6985806451612905,0.771216666666668,True,0.2247131147540988,5.822583798398562,0.0029480586527566,0.2691612903225805,0.1787833333333319,True,S,KF,different-party
97,20371,127,1.0,0.7149212598425134,0.0378936835138925,0.0009990009990009,1.0,1.0,0.6907435897435901,0.7534081632653082,True,0.2850787401574866,7.523120312465034,0.0029480586527566,0.3092564102564099,0.2465918367346917,True,S,V,different-party
97,20377,75,1.0,0.7823333333333331,0.0453744048378805,0.0009990009990009,1.0,1.0,0.7319130434782626,0.8046346153846148,True,0.2176666666666669,4.797124445915582,0.0029480586527566,0.2680869565217374,0.1953653846153852,True,S,M,different-party
97,20378,148,1.0,0.7399864864864873,0.0341635688383796,0.0009990009990009,1.0,1.0,0.6986710526315806,0.7835972222222227,True,0.2600135135135126,7.610841675926174,0.0029480586527566,0.3013289473684194,0.2164027777777772,True,S,M,different-party
97,20384,86,1.0,0.6758604651162741,0.050625588258701,0.0009990009990009,1.0,1.0,0.672140625,0.6866818181818155,True,0.3241395348837259,6.402681845934217,0.0029480586527566,0.3278593749999999,0.3133181818181845,True,S,M,different-party
97,20385,50,1.0,0.8066999999999995,0.0516272735613118,0.0009990009990009,1.0,1.0,0.765363636363641,0.8183589743589726,False,0.1933000000000004,3.74414503548091,0.0029480586527566,0.2346363636363589,0.1816410256410273,True,S,M,different-party
97,20386,109,0.9908256880733946,0.7223853211009157,0.0411992665128696,0.0009990009990009,1.0,0.9772727272727272,0.690400000000003,0.7696363636363635,True,0.2684403669724788,6.515658886514991,0.0029480586527566,0.309599999999997,0.2076363636363638,True,S,M,different-party
97,20388,47,0.9574468085106383,0.7999574468085093,0.0517870780969752,0.0019980019980019,1.0,0.935483870967742,0.71575,0.8434193548387047,False,0.157489361702129,3.0410937919150087,0.005829605033321,0.28425,0.0920645161290372,True,S,UFG,different-party
97,20389,140,1.0,0.7299928571428573,0.0358672535642492,0.0009990009990009,1.0,1.0,0.6753235294117665,0.7816249999999999,True,0.2700071428571426,7.527957008848665,0.0029480586527566,0.3246764705882334,0.2183750000000001,True,S,M,different-party
97,20415,146,1.0,0.7343493150684932,0.0347676397766615,0.0009990009990009,1.0,1.0,0.6885675675675672,0.7814027777777803,True,0.2656506849315068,7.640745435640116,0.0029480586527566,0.3114324324324328,0.2185972222222196,True,S,M,different-party
97,20496,124,1.0,0.7354677419354837,0.0376610352659266,0.0009990009990009,1.0,1.0,0.6942500000000013,0.7855178571428576,True,0.2645322580645163,7.024030438798073,0.0029480586527566,0.3057499999999987,0.2144821428571424,True,S,M,different-party
97,20781,148,1.0,0.7352162162162167,0.034219023613737,0.0009990009990009,1.0,1.0,0.6908289473684237,0.7820694444444456,True,0.2647837837837833,7.737911717547885,0.0029480586527566,0.3091710526315763,0.2179305555555544,True,S,S,same-party
97,20925,149,0.9261744966442952,0.7358859060402693,0.0338509484238624,0.0009990009990009,0.8846153846153846,0.971830985915493,0.6902307692307704,0.7860422535211271,True,0.190288590604026,5.621366592786111,0.0029480586527566,0.1943846153846141,0.1857887323943658,True,S,KF,different-party
97,20930,72,1.0,0.7942916666666661,0.0441207185223125,0.0009990009990009,1.0,1.0,0.7243999999999986,0.8314680851063793,True,0.2057083333333339,4.662397626849708,0.0029480586527566,0.2756000000000014,0.1685319148936207,True,S,S,same-party
97,21044,150,1.0,0.7344466666666687,0.0338880181709129,0.0009990009990009,1.0,1.0,0.689128205128208,0.783541666666668,True,0.2655533333333313,7.83620133800752,0.0029480586527566,0.3108717948717919,0.2164583333333319,True,S,S,same-party
97,21143,116,1.0,0.713775862068965,0.0412931395689431,0.0009990009990009,1.0,1.0,0.6878181818181802,0.7480400000000009,True,0.2862241379310349,6.931517945085144,0.0029480586527566,0.3121818181818198,0.2519599999999991,True,S,S,same-party
97,21159,135,1.0,0.7345481481481514,0.0360557385882147,0.0009990009990009,1.0,1.0,0.6909078947368439,0.7907627118644084,True,0.2654518518518486,7.362263602016868,0.0029480586527566,0.3090921052631561,0.2092372881355916,True,S,M,different-party
97,21168,111,1.0,0.695513513513514,0.0429645107915764,0.0009990009990009,1.0,1.0,0.6750294117647059,0.7279069767441837,True,0.304486486486486,7.086930140170087,0.0029480586527566,0.3249705882352941,0.2720930232558163,True,S,V,different-party
99,20391,106,1.0,0.7164150943396228,0.0416505875023674,0.0009990009990009,1.0,1.0,0.7037746478873247,0.7420571428571396,True,0.2835849056603772,6.808665199362634,0.0029480586527566,0.2962253521126753,0.2579428571428603,True,LA,LA,same-party
99,20393,115,1.0,0.734947826086957,0.0387024404875723,0.0009990009990009,1.0,1.0,0.6901803278688512,0.7855185185185194,True,0.265052173913043,6.848461507179453,0.0029480586527566,0.3098196721311488,0.2144814814814806,True,LA,LA,same-party
99,20394,109,1.0,0.732449541284404,0.0398626865312243,0.0009990009990009,1.0,1.0,0.674962962962962,0.7888909090909102,True,0.267550458715596,6.711801988208301,0.0029480586527566,0.325037037037038,0.2111090909090898,True,LA,LA,same-party
99,20395,107,1.0,0.7327289719626132,0.0392924495438116,0.0009990009990009,1.0,1.0,0.705757142857143,0.7837567567567548,True,0.2672710280373868,6.802096360507532,0.0029480586527566,0.294242857142857,0.2162432432432451,True,LA,LA,same-party
99,20396,79,1.0,0.6874303797468349,0.0490050645642558,0.0009990009990009,1.0,1.0,0.6799152542372892,0.7096000000000007,True,0.3125696202531651,6.378312589371687,0.0029480586527566,0.3200847457627108,0.2903999999999993,True,LA,LA,same-party
99,20398,116,1.0,0.7342931034482757,0.0390364216239608,0.0009990009990009,1.0,1.0,0.692796875,0.7853653846153856,True,0.2657068965517243,6.806640708804915,0.0029480586527566,0.307203125,0.2146346153846143,True,LA,LA,same-party
99,20399,100,1.0,0.7077200000000017,0.0444969839604621,0.0009990009990009,1.0,1.0,0.6877076923076952,0.7448857142857102,True,0.2922799999999983,6.568535077786487,0.0029480586527566,0.3122923076923047,0.2551142857142898,True,LA,LA,same-party
99,20400,120,1.0,0.7376833333333339,0.0376071449714713,0.0009990009990009,1.0,1.0,0.6938461538461578,0.7894909090909112,True,0.2623166666666661,6.975181627471554,0.0029480586527566,0.3061538461538422,0.2105090909090887,True,LA,LA,same-party
99,20820,57,1.0,0.8252280701754426,0.0465014274861969,0.0009990009990009,1.0,1.0,0.8134545454545485,0.8326285714285664,True,0.1747719298245573,3.7584207468993274,0.0029480586527566,0.1865454545454514,0.1673714285714336,True,LA,LA,same-party
102,118,84,0.988095238095238,0.7760357142857143,0.0421444773086889,0.0009990009990009,1.0,0.9824561403508772,0.7488518518518561,0.7889122807017589,True,0.2120595238095238,5.03172746114005,0.0029480586527566,0.2511481481481439,0.1935438596491182,True,V,S,different-party
102,120,112,0.9910714285714286,0.6930178571428568,0.0433506276450899,0.0009990009990009,1.0,0.9714285714285714,0.693675324675324,0.6915714285714265,True,0.2980535714285718,6.875415365810288,0.0029480586527566,0.306324675324676,0.2798571428571449,True,V,S,different-party
102,125,91,1.0,0.6887802197802182,0.04674665738274,0.0009990009990009,1.0,1.0,0.6776617647058842,0.7216521739130453,True,0.3112197802197818,6.657583614410286,0.0029480586527566,0.3223382352941157,0.2783478260869547,True,V,V,same-party
102,127,136,0.9852941176470588,0.7247941176470605,0.0380564280683299,0.0009990009990009,1.0,0.9649122807017544,0.7006455696202529,0.7582631578947399,True,0.2604999999999984,6.845098534530703,0.0029480586527566,0.299354430379747,0.2066491228070145,True,V,V,same-party
102,139,45,1.0,0.7588666666666668,0.056346495189272,0.0009990009990009,1.0,1.0,0.6427272727272733,0.7964411764705901,False,0.2411333333333332,4.279473506264204,0.0029480586527566,0.3572727272727267,0.2035588235294099,True,V,V,same-party
102,152,132,0.9924242424242424,0.7112272727272763,0.0366556202739643,0.0009990009990009,1.0,0.9807692307692308,0.6986624999999994,0.7305576923076924,True,0.2811969696969661,7.6713193664518,0.0029480586527566,0.3013375000000006,0.2502115384615383,True,V,S,different-party
102,164,73,0.9863013698630136,0.7991780821917749,0.0442421873876602,0.0009990009990009,1.0,0.979591836734694,0.7872916666666667,0.8050000000000086,True,0.1871232876712387,4.229521610937117,0.0029480586527566,0.2127083333333332,0.1745918367346852,True,V,V,same-party
102,168,141,0.9929078014184396,0.7318156028368766,0.0353090291337523,0.0009990009990009,1.0,0.9855072463768116,0.7015555555555567,0.7633913043478269,True,0.2610921985815631,7.394488180134688,0.0029480586527566,0.2984444444444433,0.2221159420289847,True,V,V,same-party
102,180,146,1.0,0.7334178082191768,0.035027340949559,0.0009990009990009,1.0,1.0,0.698765432098764,0.7765999999999951,True,0.2665821917808232,7.610688809199461,0.0029480586527566,0.301234567901236,0.2234000000000049,True,V,V,same-party
102,191,119,0.8571428571428571,0.7240756302521008,0.0388587622134658,0.0029970029970029,0.8939393939393939,0.8113207547169812,0.6872121212121204,0.7699811320754784,True,0.1330672268907563,3.4243815116850067,0.0087126097043452,0.2067272727272735,0.0413396226415028,True,V,RV,different-party
102,201,134,0.9925373134328358,0.7197313432835803,0.0370283764404277,0.0009990009990009,1.0,0.9833333333333332,0.6902972972972966,0.7560333333333331,True,0.2728059701492554,7.367483977812339,0.0029480586527566,0.3097027027027034,0.2273000000000001,True,V,S,different-party
102,208,97,0.9896907216494846,0.6832680412371159,0.0466074136311624,0.0009990009990009,1.0,0.9642857142857144,0.6777971014492786,0.6967499999999996,True,0.3064226804123686,6.574548050173065,0.0029480586527566,0.3222028985507214,0.2675357142857146,True,V,S,different-party
102,213,139,0.9928057553956836,0.7231582733812947,0.0370165474778632,0.0009990009990009,1.0,0.9833333333333332,0.697506329113925,0.756933333333334,True,0.2696474820143888,7.284511938225584,0.0029480586527566,0.302493670886075,0.2263999999999992,True,V,S,different-party
102,214,63,1.0,0.7600793650793641,0.0491637510656245,0.0009990009990009,1.0,1.0,0.7538787878787916,0.7668999999999995,True,0.2399206349206358,4.880031114802162,0.0029480586527566,0.2461212121212084,0.2331000000000005,True,V,S,different-party
102,224,130,1.0,0.7380846153846191,0.0376393203233576,0.0009990009990009,1.0,1.0,0.7030810810810803,0.7843392857142859,True,0.2619153846153809,6.95855776260778,0.0029480586527566,0.2969189189189197,0.2156607142857141,True,V,S,different-party
102,244,54,0.9814814814814816,0.7928333333333347,0.0476493092359272,0.0009990009990009,1.0,0.9722222222222222,0.7793333333333368,0.7995833333333343,False,0.1886481481481468,3.959095130090729,0.0029480586527566,0.2206666666666632,0.1726388888888879,True,V,S,different-party
102,257,134,0.9925373134328358,0.7300149253731343,0.0362043006291055,0.0009990009990009,1.0,0.9846153846153848,0.6871159420289884,0.7755538461538407,True,0.2625223880597015,7.251138221094471,0.0029480586527566,0.3128840579710116,0.2090615384615439,True,V,S,different-party
102,260,108,0.9907407407407408,0.7104351851851874,0.0436490297661432,0.0009990009990009,1.0,0.9777777777777776,0.6740476190476133,0.761377777777777,True,0.2803055555555532,6.421804953222005,0.0029480586527566,0.3259523809523866,0.2164000000000007,True,V,S,different-party
102,266,115,0.991304347826087,0.6965565217391323,0.0423138537627172,0.0009990009990009,1.0,0.9803921568627452,0.671546875,0.7279411764705876,True,0.2947478260869547,6.9657523453147965,0.0029480586527566,0.328453125,0.2524509803921574,True,V,S,different-party
102,273,147,0.9931972789115646,0.7344081632653023,0.0340702381046199,0.0009990009990009,1.0,0.9866666666666668,0.701791666666666,0.7657200000000012,True,0.2587891156462623,7.595753069045036,0.0029480586527566,0.2982083333333339,0.2209466666666655,True,V,S,different-party
102,278,150,0.9933333333333332,0.7321000000000019,0.0352216396158475,0.0009990009990009,1.0,0.9855072463768116,0.6981111111111103,0.7720000000000005,True,0.2612333333333314,7.416841923957244,0.0029480586527566,0.3018888888888896,0.2135072463768111,True,V,S,different-party
102,286,147,0.9931972789115646,0.7278639455782263,0.0339515712492415,0.0009990009990009,1.0,0.9864864864864864,0.6879041095890394,0.767283783783785,True,0.2653333333333383,7.815053135111251,0.0029480586527566,0.3120958904109606,0.2192027027027014,True,V,S,different-party
102,1619,139,0.9928057553956836,0.7292446043165465,0.035241351242081,0.0009990009990009,1.0,0.9855072463768116,0.6884857142857151,0.7705942028985513,True,0.263561151079137,7.478747034092827,0.0029480586527566,0.3115142857142848,0.2149130434782603,True,V,S,different-party
102,1845,98,1.0,0.7058979591836682,0.0444918171786097,0.0009990009990009,1.0,1.0,0.6878709677419362,0.7369444444444433,True,0.2941020408163318,6.610250141855904,0.0029480586527566,0.3121290322580637,0.2630555555555567,True,V,V,same-party
102,11702,116,0.9396551724137931,0.7093965517241371,0.0414717385854491,0.0009990009990009,0.9672131147540984,0.9090909090909092,0.6900327868852444,0.7308727272727299,True,0.230258620689656,5.552181522730879,0.0029480586527566,0.2771803278688539,0.1782181818181791,True,V,KF,different-party
102,15760,52,0.9807692307692308,0.758538461538462,0.0537866659262901,0.0009990009990009,1.0,0.9705882352941176,0.7801111111111154,0.7471176470588236,False,0.2222307692307686,4.131707466964325,0.0029480586527566,0.2198888888888845,0.2234705882352941,True,V,S,different-party
102,15762,133,0.9924812030075189,0.7256466165413493,0.0355602115797404,0.0009990009990009,1.0,0.9848484848484848,0.6806567164179101,0.7713181818181802,True,0.2668345864661694,7.503740124487659,0.0029480586527566,0.3193432835820898,0.2135303030303046,True,V,S,different-party
102,15770,50,0.98,0.7730200000000003,0.0519767369231679,0.0009990009990009,1.0,0.9761904761904762,0.73,0.7812142857142893,False,0.2069799999999997,3.982166104539376,0.0029480586527566,0.27,0.1949761904761868,True,V,S,different-party
102,15776,63,0.984126984126984,0.7510793650793649,0.0501065653016988,0.0009990009990009,1.0,0.972972972972973,0.7539615384615375,0.7490540540540526,True,0.2330476190476191,4.651039592205247,0.0029480586527566,0.2460384615384625,0.2239189189189204,True,V,S,different-party
102,15787,133,0.9924812030075189,0.7201804511278173,0.037179516622986,0.0009990009990009,1.0,0.9814814814814816,0.69620253164557,0.7552592592592612,True,0.2723007518797015,7.323945457412244,0.0029480586527566,0.30379746835443,0.2262222222222203,True,V,S,different-party
102,15793,98,0.8979591836734694,0.684183673469383,0.0453884218555764,0.0009990009990009,0.8970588235294118,0.9,0.675147058823531,0.7046666666666678,True,0.2137755102040863,4.709912824999927,0.0029480586527566,0.2219117647058808,0.1953333333333322,True,V,KF,different-party
102,16180,63,0.984126984126984,0.7580476190476191,0.0474677328546426,0.0009990009990009,1.0,0.9761904761904762,0.7065714285714249,0.7837857142857182,True,0.226079365079365,4.762800990973664,0.0029480586527566,0.2934285714285751,0.1924047619047579,True,V,S,different-party
102,16351,153,0.9934640522875816,0.7285620915032668,0.034903195504415,0.0009990009990009,1.0,0.9861111111111112,0.6977037037037042,0.7632777777777772,True,0.2649019607843149,7.5896191439206815,0.0029480586527566,0.3022962962962958,0.222833333333334,True,V,S,different-party
102,17141,89,0.9775280898876404,0.7043033707865194,0.0456254491030571,0.0009990009990009,0.981132075471698,0.9722222222222222,0.6746415094339626,0.7479722222222225,True,0.273224719101121,5.988428047775935,0.0029480586527566,0.3064905660377355,0.2242499999999997,True,V,KF,different-party
102,18695,141,0.9929078014184396,0.7286453900709189,0.0349992866284625,0.0009990009990009,1.0,0.9866666666666668,0.6894242424242406,0.7631600000000018,True,0.2642624113475208,7.550508504725186,0.0029480586527566,0.3105757575757594,0.2235066666666648,True,V,V,same-party
102,18696,63,0.984126984126984,0.7662063492063508,0.0472696905010803,0.0009990009990009,1.0,0.975609756097561,0.7486818181818187,0.775609756097558,True,0.2179206349206333,4.610155738499131,0.0029480586527566,0.2513181818181813,0.2000000000000029,True,V,V,same-party
102,18698,57,0.9824561403508772,0.7876315789473732,0.0476513717796564,0.0009990009990009,,0.9824561403508772,,0.7876315789473732,False,0.1948245614035039,4.088540458066714,0.0029480586527566,,0.1948245614035039,False,V,V,same-party
102,18699,152,0.993421052631579,0.7285657894736848,0.0337055876885551,0.0009990009990009,1.0,0.9859154929577464,0.6976543209876532,0.7638309859154927,True,0.2648552631578942,7.857903728165128,0.0029480586527566,0.3023456790123467,0.2220845070422538,True,V,V,same-party
102,18700,51,0.9803921568627452,0.772509803921567,0.0547455453637676,0.0009990009990009,1.0,0.9696969696969696,0.719444444444443,0.8014545454545497,False,0.207882352941178,3.797246909494872,0.0029480586527566,0.280555555555557,0.1682424242424199,True,V,V,same-party
102,18713,107,0.9065420560747663,0.7074672897196262,0.042606145348613,0.0009990009990009,0.8648648648648649,1.0,0.6923783783783782,0.7413030303030318,True,0.1990747663551401,4.672442548516546,0.0029480586527566,0.1724864864864866,0.2586969696969682,True,V,KF,different-party
102,18715,59,1.0,0.8100677966101706,0.0456521540188911,0.0009990009990009,1.0,1.0,0.7780000000000025,0.8241463414634128,False,0.1899322033898294,4.160421506315656,0.0029480586527566,0.2219999999999975,0.1758536585365872,True,V,S,different-party
102,18716,59,0.9830508474576272,0.7889661016949163,0.0495952047321021,0.0009990009990009,1.0,0.9761904761904762,0.7928823529411767,0.7873809523809573,False,0.1940847457627108,3.913377247076531,0.0029480586527566,0.2071176470588233,0.1888095238095188,True,V,S,different-party
102,18717,127,0.9921259842519684,0.7112913385826708,0.0385605162345622,0.0009990009990009,1.0,0.9791666666666666,0.7024050632911407,0.7259166666666661,True,0.2808346456692977,7.282958660641129,0.0029480586527566,0.2975949367088593,0.2532500000000005,True,V,S,different-party
102,18718,151,0.9933774834437086,0.7312781456953603,0.0348193976516628,0.0009990009990009,1.0,0.9857142857142858,0.7002592592592591,0.7671714285714287,True,0.2620993377483482,7.527394367082949,0.0029480586527566,0.2997407407407408,0.218542857142857,True,V,S,different-party
102,18719,108,0.9907407407407408,0.7039814814814832,0.0444233342208054,0.0009990009990009,1.0,0.9767441860465116,0.6868000000000043,0.7299534883720897,True,0.2867592592592575,6.4551494004012735,0.0029480586527566,0.3131999999999957,0.2467906976744218,True,V,S,different-party
102,18720,146,1.0,0.7342534246575334,0.035128977099903,0.0009990009990009,1.0,1.0,0.6997160493827145,0.7772923076923024,True,0.2657465753424666,7.564882250533851,0.0029480586527566,0.3002839506172855,0.2227076923076976,True,V,S,different-party
102,18725,125,0.872,0.716079999999999,0.0384724541683028,0.0009990009990009,0.8987341772151899,0.8260869565217391,0.704582278481014,0.7358260869565234,True,0.1559200000000009,4.052769789988142,0.0029480586527566,0.1941518987341759,0.0902608695652157,True,V,RV,different-party
102,18729,127,0.8346456692913385,0.7055354330708609,0.0397952895609917,0.0009990009990009,0.8666666666666667,0.7884615384615384,0.6879866666666674,0.7308461538461538,True,0.1291102362204776,3.2443597632980765,0.0029480586527566,0.1786799999999992,0.0576153846153846,True,V,RV,different-party
102,19928,132,0.9924242424242424,0.7298106060606085,0.0365682964470444,0.0009990009990009,1.0,0.9848484848484848,0.6883030303030284,0.7713181818181822,True,0.2626136363636339,7.181456668180644,0.0029480586527566,0.3116969696969716,0.2135303030303026,True,V,S,different-party
102,20349,72,1.0,0.6811388888888882,0.054244049940891,0.0009990009990009,1.0,1.0,0.6753148148148138,0.698611111111109,False,0.3188611111111118,5.878268887713402,0.0029480586527566,0.3246851851851862,0.301388888888891,True,V,SP,different-party
102,20362,141,0.9929078014184396,0.7341276595744657,0.0345977580431669,0.0009990009990009,1.0,0.984126984126984,0.7054487179487191,0.7696349206349219,True,0.258780141843974,7.479679507588289,0.0029480586527566,0.2945512820512809,0.2144920634920621,True,V,S,different-party
102,20363,147,0.9931972789115646,0.7247551020408102,0.034387086283215,0.0009990009990009,1.0,0.9861111111111112,0.6868133333333334,0.7642777777777776,True,0.2684421768707544,7.806482196829392,0.0029480586527566,0.3131866666666666,0.2218333333333335,True,V,S,different-party
102,20364,141,0.9929078014184396,0.7269503546099256,0.0367077213600916,0.0009990009990009,1.0,0.9848484848484848,0.6852533333333339,0.7743333333333337,True,0.2659574468085141,7.245272573569795,0.0029480586527566,0.314746666666666,0.2105151515151512,True,V,S,different-party
102,20365,136,0.9926470588235294,0.7127867647058849,0.0384120416855051,0.0009990009990009,1.0,0.9818181818181818,0.7005308641975289,0.7308363636363651,True,0.2798602941176445,7.285743788600819,0.0029480586527566,0.2994691358024711,0.2509818181818167,True,V,S,different-party
102,20367,154,0.9935064935064936,0.7334415584415581,0.0328606775914821,0.0009990009990009,1.0,0.9864864864864864,0.7018750000000005,0.7675675675675683,True,0.2600649350649354,7.914168365546634,0.0029480586527566,0.2981249999999995,0.2189189189189182,True,V,S,different-party
102,20368,123,0.991869918699187,0.7284715447154472,0.0386295850248909,0.0009990009990009,1.0,0.9803921568627452,0.7007638888888894,0.7675882352941162,True,0.2633983739837398,6.81856597253166,0.0029480586527566,0.2992361111111106,0.2128039215686288,True,V,S,different-party
102,20369,137,0.9416058394160584,0.7384817518248187,0.0343271661516917,0.0009990009990009,0.9692307692307692,0.9166666666666666,0.7078000000000034,0.7661805555555565,True,0.2031240875912396,5.91729846540883,0.0029480586527566,0.2614307692307658,0.1504861111111101,True,V,KF,different-party
102,20371,133,0.9924812030075189,0.710834586466164,0.0378634542966518,0.0009990009990009,1.0,0.9807692307692308,0.6979876543209865,0.7308461538461549,True,0.2816466165413547,7.438481822992569,0.0029480586527566,0.3020123456790134,0.2499230769230758,True,V,V,same-party
102,20377,72,0.9861111111111112,0.7793750000000012,0.0450828954232161,0.0009990009990009,1.0,0.9782608695652174,0.7525769230769236,0.7945217391304338,True,0.20673611111111,4.585688411766206,0.0029480586527566,0.2474230769230764,0.1837391304347836,True,V,M,different-party
102,20378,154,0.9935064935064936,0.7324415584415568,0.033118408671511,0.0009990009990009,1.0,0.9866666666666668,0.7029620253164571,0.763493333333334,True,0.2610649350649368,7.882774128864135,0.0029480586527566,0.2970379746835428,0.2231733333333326,True,V,M,different-party
102,20384,83,1.0,0.6699156626505991,0.051140864962953,0.0009990009990009,1.0,1.0,0.6626393442622943,0.6900909090909066,True,0.3300843373494009,6.45441444114247,0.0029480586527566,0.3373606557377057,0.3099090909090933,True,V,M,different-party
102,20385,59,0.9830508474576272,0.7895932203389832,0.04940641945706,0.0009990009990009,1.0,0.9761904761904762,0.797058823529413,0.7865714285714333,False,0.193457627118644,3.9156374666409786,0.0029480586527566,0.2029411764705869,0.1896190476190429,True,V,M,different-party
102,20386,100,0.99,0.7063500000000013,0.0455549421330928,0.0009990009990009,1.0,0.9714285714285714,0.6875538461538491,0.741257142857139,True,0.2836499999999987,6.226547257403814,0.0029480586527566,0.3124461538461509,0.2301714285714324,True,V,M,different-party
102,20388,42,0.9285714285714286,0.7920238095238148,0.058538607818521,0.0149850149850149,1.0,0.8846153846153846,0.712625,0.840884615384605,False,0.1365476190476138,2.332607899916804,0.0427851369409811,0.287375,0.0437307692307795,True,V,UFG,different-party
102,20389,143,0.993006993006993,0.7245174825174816,0.0346470232688914,0.0009990009990009,1.0,0.9861111111111112,0.6863239436619698,0.7621805555555561,True,0.2684895104895114,7.7492807507818595,0.0029480586527566,0.3136760563380302,0.223930555555555,True,V,M,different-party
102,20415,155,0.9935483870967742,0.7310903225806474,0.0340331393042887,0.0009990009990009,1.0,0.9866666666666668,0.6999749999999993,0.7642799999999997,True,0.2624580645161267,7.711838222430823,0.0029480586527566,0.3000250000000006,0.2223866666666669,True,V,M,different-party
102,20496,133,1.0,0.7341879699248071,0.0358080068841089,0.0009990009990009,1.0,1.0,0.6903846153846191,0.7760588235294094,True,0.2658120300751929,7.4232567854302,0.0029480586527566,0.3096153846153808,0.2239411764705906,True,V,M,different-party
102,20781,148,0.9932432432432432,0.7251216216216219,0.034426877042431,0.0009990009990009,1.0,0.9864864864864864,0.6885540540540529,0.7616891891891895,True,0.2681216216216213,7.788148233461961,0.0029480586527566,0.3114459459459471,0.224797297297297,True,V,S,different-party
102,20925,146,0.9178082191780822,0.7335753424657535,0.0343496713585582,0.0009990009990009,0.8888888888888888,0.953846153846154,0.6989259259259252,0.7767538461538386,True,0.1842328767123286,5.3634538388800825,0.0029480586527566,0.1899629629629636,0.1770923076923153,True,V,KF,different-party
102,20930,69,1.0,0.7876376811594197,0.0448530686475667,0.0009990009990009,1.0,1.0,0.7409642857142864,0.8195121951219496,True,0.2123623188405803,4.734621849604502,0.0029480586527566,0.2590357142857136,0.1804878048780503,True,V,S,different-party
102,21044,156,0.9935897435897436,0.7303012820512824,0.0337738583156673,0.0009990009990009,1.0,0.9866666666666668,0.6974444444444441,0.7657866666666674,True,0.2632884615384612,7.795628769376473,0.0029480586527566,0.3025555555555559,0.2208799999999993,True,V,S,different-party
102,21143,117,0.9914529914529916,0.7024786324786315,0.040698997518998,0.0009990009990009,1.0,0.9803921568627452,0.687696969696969,0.7216078431372527,True,0.2889743589743599,7.10028198703097,0.0029480586527566,0.3123030303030309,0.2587843137254924,True,V,S,different-party
102,21159,135,1.0,0.7364074074074107,0.0351280348837901,0.0009990009990009,1.0,1.0,0.700822784810127,0.7866071428571433,True,0.2635925925925892,7.503767104097932,0.0029480586527566,0.2991772151898729,0.2133928571428567,True,V,M,different-party
102,21168,123,0.991869918699187,0.7012682926829286,0.0391711988531678,0.0009990009990009,1.0,0.9807692307692308,0.684619718309859,0.7240000000000008,True,0.2906016260162584,7.418757518899796,0.0029480586527566,0.315380281690141,0.25676923076923,True,V,V,same-party
110,16582,40,1.0,0.7738250000000004,0.0586850774329499,0.0009990009990009,1.0,1.0,0.6922307692307702,0.8131111111111166,False,0.2261749999999995,3.854046205501107,0.0029480586527566,0.3077692307692298,0.1868888888888834,True,EL,EL,same-party
112,191,43,1.0,0.7958372093023314,0.0554535107785362,0.0009990009990009,1.0,1.0,0.7570909090909147,0.80915625,False,0.2041627906976686,3.68169278791076,0.0029480586527566,0.2429090909090853,0.1908437499999999,True,RV,RV,same-party
112,224,57,0.912280701754386,0.8023333333333375,0.0473000805905659,0.0129870129870129,0.8181818181818182,0.9714285714285714,0.7594090909090914,0.8293142857142809,True,0.1099473684210484,2.324464716514193,0.0371286710688531,0.0587727272727268,0.1421142857142905,True,RV,S,different-party
112,1454,56,0.9464285714285714,0.7811249999999996,0.051672673188459,0.0009990009990009,0.8,1.0,0.7308666666666666,0.7995121951219477,False,0.1653035714285717,3.199052056503471,0.0029480586527566,0.0691333333333334,0.2004878048780523,True,RV,KF,different-party
112,18725,46,1.0,0.7602608695652165,0.0578779773077587,0.0009990009990009,1.0,1.0,0.7655714285714305,0.7557999999999961,True,0.2397391304347834,4.142147697387583,0.0029480586527566,0.2344285714285695,0.2442000000000038,True,RV,RV,same-party
112,18726,60,1.0,0.7974500000000018,0.0478360302050707,0.0009990009990009,1.0,1.0,0.8481111111111215,0.7885098039215676,False,0.2025499999999982,4.234256043649023,0.0029480586527566,0.1518888888888785,0.2114901960784324,True,RV,RV,same-party
112,18729,51,1.0,0.7375882352941164,0.0571487257713647,0.0009990009990009,1.0,1.0,0.7294999999999995,0.7428064516129002,True,0.2624117647058835,4.591734306653063,0.0029480586527566,0.2705000000000005,0.2571935483870998,True,RV,RV,same-party
112,20362,65,0.9076923076923076,0.7943230769230686,0.045293275769744,0.0089910089910089,0.8695652173913043,0.9285714285714286,0.783304347826086,0.8003571428571497,True,0.1133692307692391,2.503003566038604,0.0258051348129677,0.0862608695652182,0.1282142857142789,True,RV,S,different-party
112,20925,70,0.9,0.7837999999999999,0.0445424946511283,0.0049950049950049,0.8076923076923077,0.9545454545454546,0.7485000000000007,0.8046590909090915,True,0.1162,2.60874477081082,0.0144114415767959,0.0591923076923069,0.1498863636363631,True,RV,KF,different-party
113,119,98,1.0,0.6922142857142802,0.0456162572032023,0.0009990009990009,1.0,1.0,0.6914375,0.6936764705882342,True,0.3077857142857197,6.7472811921998925,0.0029480586527566,0.3085624999999999,0.3063235294117657,True,DD,DD,same-party
113,182,65,1.0,0.669061538461542,0.0575101799125159,0.0009990009990009,1.0,1.0,0.6598333333333334,0.695117647058821,False,0.3309384615384579,5.75443272898605,0.0029480586527566,0.3401666666666666,0.304882352941179,True,DD,DD,same-party
113,20373,41,1.0,0.774195121951217,0.0628780397078754,0.0009990009990009,1.0,1.0,0.79775,0.7591199999999972,False,0.225804878048783,3.5911564529977094,0.0029480586527566,0.20225,0.2408800000000027,True,DD,DD,same-party
113,20374,106,1.0,0.7075094339622636,0.0439076160927523,0.0009990009990009,1.0,1.0,0.694828125,0.726833333333332,True,0.2924905660377364,6.661499577200155,0.0029480586527566,0.305171875,0.273166666666668,True,DD,DD,same-party
113,20375,76,1.0,0.6859736842105288,0.0514157483144569,0.0009990009990009,1.0,1.0,0.6823103448275912,0.6977777777777758,False,0.3140263157894711,6.107590107779759,0.0029480586527566,0.3176896551724087,0.3022222222222241,True,DD,DD,same-party
113,20376,98,1.0,0.6926326530612193,0.0450584037385587,0.0009990009990009,1.0,1.0,0.690703125,0.696264705882352,True,0.3073673469387806,6.821532088047557,0.0029480586527566,0.309296875,0.303735294117648,True,DD,DD,same-party
118,120,42,1.0,0.7216190476190438,0.0649025371110837,0.0009990009990009,1.0,1.0,0.7455199999999975,0.6864705882352914,False,0.2783809523809561,4.289215256785632,0.0029480586527566,0.2544800000000025,0.3135294117647086,True,S,S,same-party
118,127,66,0.9848484848484848,0.782651515151515,0.0451679395128806,0.0009990009990009,1.0,0.9743589743589745,0.7733703703703739,0.7890769230769209,True,0.2021969696969698,4.476559521589623,0.0029480586527566,0.226629629629626,0.1852820512820534,True,S,V,different-party
118,139,45,1.0,0.7600444444444435,0.0584664855697418,0.0009990009990009,1.0,1.0,0.6429090909090918,0.7979411764705885,False,0.2399555555555564,4.104155623811615,0.0029480586527566,0.3570909090909082,0.2020588235294115,True,S,V,different-party
118,152,62,1.0,0.7536935483870956,0.0499092155374217,0.0009990009990009,1.0,1.0,0.7626785714285713,0.7462941176470589,True,0.2463064516129044,4.935089621439245,0.0029480586527566,0.2373214285714286,0.2537058823529411,True,S,S,same-party
118,164,69,1.0,0.79959420289855,0.0412535118604002,0.0009990009990009,1.0,1.0,0.7845000000000003,0.805755102040826,True,0.20040579710145,4.857908771006283,0.0029480586527566,0.2154999999999997,0.194244897959174,True,S,V,different-party
118,168,71,1.0,0.788661971830988,0.0446259198946332,0.0009990009990009,1.0,1.0,0.7855500000000005,0.7898823529411769,True,0.211338028169012,4.735768554866872,0.0029480586527566,0.2144499999999994,0.210117647058823,True,S,V,different-party
118,180,76,1.0,0.7879736842105223,0.0427531598870983,0.0009990009990009,1.0,1.0,0.7542068965517233,0.8088085106382962,True,0.2120263157894777,4.959313331444799,0.0029480586527566,0.2457931034482766,0.1911914893617038,True,S,V,different-party
118,201,62,1.0,0.7658387096774185,0.0479130013390998,0.0009990009990009,1.0,1.0,0.7237500000000007,0.7858809523809579,True,0.2341612903225814,4.887218161628547,0.0029480586527566,0.2762499999999993,0.2141190476190421,True,S,S,same-party
118,213,67,1.0,0.771432835820897,0.0467886791071051,0.0009990009990009,1.0,1.0,0.7453999999999984,0.7869285714285759,True,0.228567164179103,4.885095466274737,0.0029480586527566,0.2546000000000016,0.2130714285714241,True,S,S,same-party
118,214,57,1.0,0.7557192982456185,0.0511087010807412,0.0009990009990009,1.0,1.0,0.7442592592592621,0.7660333333333325,True,0.2442807017543815,4.779630407129074,0.0029480586527566,0.2557407407407379,0.2339666666666675,True,S,S,same-party
118,224,64,1.0,0.80003125,0.0454944452569402,0.0009990009990009,1.0,1.0,0.7608846153846143,0.8268157894736852,True,0.19996875,4.3954541894209465,0.0029480586527566,0.2391153846153857,0.1731842105263148,True,S,S,same-party
118,244,56,1.0,0.7955178571428558,0.0476244064713481,0.0009990009990009,1.0,1.0,0.7862499999999992,0.8006666666666667,True,0.2044821428571441,4.293641811161781,0.0029480586527566,0.2137500000000007,0.1993333333333332,True,S,S,same-party
118,257,65,0.9846153846153848,0.7897076923076828,0.0441344601471312,0.0009990009990009,1.0,0.9787234042553192,0.7513888888888894,0.8043829787234034,False,0.1949076923077018,4.416224683794416,0.0029480586527566,0.2486111111111105,0.1743404255319157,True,S,S,same-party
118,266,46,1.0,0.7354565217391305,0.0579891235261839,0.0009990009990009,1.0,1.0,0.7007499999999995,0.7477058823529428,False,0.2645434782608695,4.561949934308282,0.0029480586527566,0.2992500000000004,0.2522941176470572,True,S,S,same-party
118,273,77,1.0,0.7891948051948073,0.0396337795311636,0.0009990009990009,1.0,1.0,0.7863000000000006,0.7902105263157939,True,0.2108051948051926,5.318826448016103,0.0029480586527566,0.2136999999999994,0.209789473684206,True,S,S,same-party
118,278,80,1.0,0.7835749999999994,0.0415715957424197,0.0009990009990009,1.0,1.0,0.7543103448275837,0.8002156862745087,True,0.2164250000000006,5.206078721177404,0.0029480586527566,0.2456896551724162,0.1997843137254913,True,S,S,same-party
118,286,83,1.0,0.7800963855421736,0.0399547819125856,0.0009990009990009,1.0,1.0,0.7609629629629673,0.7893214285714284,True,0.2199036144578263,5.503812157927393,0.0029480586527566,0.2390370370370327,0.2106785714285716,True,S,S,same-party
118,1619,67,1.0,0.7845820895522412,0.0461410567628326,0.0009990009990009,1.0,1.0,0.73625,0.7997450980392142,False,0.2154179104477588,4.668681767628723,0.0029480586527566,0.26375,0.2002549019607857,True,S,S,same-party
118,15760,54,1.0,0.7643888888888895,0.05192499184561,0.0009990009990009,1.0,1.0,0.7874500000000006,0.7508235294117644,True,0.2356111111111105,4.537528129261137,0.0029480586527566,0.2125499999999993,0.2491764705882355,True,S,S,same-party
118,15762,65,1.0,0.7813846153846096,0.0457592018663982,0.0009990009990009,1.0,1.0,0.7198823529411746,0.8031666666666675,False,0.2186153846153904,4.777517432530299,0.0029480586527566,0.2801176470588253,0.1968333333333325,True,S,S,same-party
118,15770,46,1.0,0.7739565217391301,0.0562127098923979,0.0009990009990009,1.0,1.0,0.7005,0.7809523809523858,False,0.2260434782608699,4.0212165308088,0.0029480586527566,0.2995,0.2190476190476141,True,S,S,same-party
118,15776,65,1.0,0.7538153846153819,0.0491831890657839,0.0009990009990009,1.0,1.0,0.7616785714285716,0.7478648648648645,True,0.2461846153846181,5.005462639995532,0.0029480586527566,0.2383214285714283,0.2521351351351355,True,S,S,same-party
118,15787,63,1.0,0.7740317460317488,0.0472289768602537,0.0009990009990009,1.0,1.0,0.7548518518518551,0.7884166666666672,True,0.2259682539682511,4.784525708377527,0.0029480586527566,0.2451481481481449,0.2115833333333328,True,S,S,same-party
118,16180,63,1.0,0.7620000000000007,0.0487158951861435,0.0009990009990009,1.0,1.0,0.7111428571428547,0.7874285714285776,True,0.2379999999999993,4.8854690874631554,0.0029480586527566,0.2888571428571452,0.2125714285714224,True,S,S,same-party
118,16351,83,1.0,0.7766867469879567,0.0408009575453912,0.0009990009990009,1.0,1.0,0.7531724137931015,0.7893148148148172,True,0.2233132530120433,5.473235591679593,0.0029480586527566,0.2468275862068984,0.2106851851851827,True,S,S,same-party
118,18695,71,1.0,0.7808873239436622,0.0446743419466765,0.0009990009990009,1.0,1.0,0.7506428571428579,0.7883157894736893,False,0.2191126760563377,4.904664881642161,0.0029480586527566,0.249357142857142,0.2116842105263107,True,S,V,different-party
118,18696,58,1.0,0.7678793103448263,0.0505358392923644,0.0009990009990009,1.0,1.0,0.7403529411764694,0.7792926829268255,False,0.2321206896551737,4.593189564188072,0.0029480586527566,0.2596470588235305,0.2207073170731744,True,S,V,different-party
118,18698,57,1.0,0.7886491228070225,0.0489047842223661,0.0009990009990009,,1.0,,0.7886491228070225,False,0.2113508771929775,4.321681008385236,0.0029480586527566,,0.2113508771929775,False,S,V,different-party
118,18699,81,1.0,0.7728024691358023,0.0421134749061289,0.0009990009990009,1.0,1.0,0.7429629629629662,0.7877222222222224,True,0.2271975308641977,5.394889198068348,0.0029480586527566,0.2570370370370338,0.2122777777777775,True,S,V,different-party
118,18700,53,1.0,0.7776603773584975,0.0514813967124077,0.0009990009990009,1.0,1.0,0.7350000000000003,0.8035151515151563,True,0.2223396226415025,4.318834313753489,0.0029480586527566,0.2649999999999997,0.1964848484848437,True,S,V,different-party
118,18715,61,1.0,0.8103442622950809,0.0450768992674727,0.0009990009990009,1.0,1.0,0.7848499999999998,0.8227804878048757,True,0.189655737704919,4.207382069018525,0.0029480586527566,0.2151500000000001,0.1772195121951243,True,S,S,same-party
118,18716,61,1.0,0.791836065573771,0.046218882468947,0.0009990009990009,1.0,1.0,0.8051578947368464,0.78580952380953,False,0.208163934426229,4.503872082283421,0.0029480586527566,0.1948421052631536,0.21419047619047,True,S,S,same-party
118,18717,57,1.0,0.7590000000000034,0.0502748464503497,0.0009990009990009,1.0,1.0,0.7701481481481525,0.7489666666666674,True,0.2409999999999965,4.793649648199375,0.0029480586527566,0.2298518518518475,0.2510333333333325,True,S,S,same-party
118,18718,80,1.0,0.7756124999999994,0.0419222622220976,0.0009990009990009,1.0,1.0,0.7418148148148191,0.7928301886792519,True,0.2243875000000006,5.352466401055135,0.0029480586527566,0.2581851851851808,0.207169811320748,True,S,S,same-party
118,18719,43,1.0,0.7533488372093019,0.0613871194790077,0.0009990009990009,1.0,1.0,0.7437777777777774,0.7602399999999975,False,0.2466511627906981,4.017962805292472,0.0029480586527566,0.2562222222222226,0.2397600000000025,True,S,S,same-party
118,18720,74,1.0,0.7845810810810817,0.041675618777852,0.0009990009990009,1.0,1.0,0.744111111111114,0.807829787234041,True,0.2154189189189183,5.168943503087222,0.0029480586527566,0.2558888888888859,0.192170212765959,True,S,S,same-party
118,19928,62,1.0,0.7916290322580632,0.0461319072519981,0.0009990009990009,1.0,1.0,0.7584285714285735,0.8013125,False,0.2083709677419367,4.516851354176592,0.0029480586527566,0.2415714285714265,0.1986875,True,S,S,same-party
118,20362,71,1.0,0.7961408450704244,0.0432115263794895,0.0009990009990009,1.0,1.0,0.7839999999999967,0.803155555555553,True,0.2038591549295756,4.717703168808629,0.0029480586527566,0.2160000000000033,0.196844444444447,True,S,S,same-party
118,20363,77,1.0,0.7703506493506498,0.0425396350463839,0.0009990009990009,1.0,1.0,0.725913043478262,0.789277777777779,True,0.2296493506493502,5.398479568499992,0.0029480586527566,0.274086956521738,0.210722222222221,True,S,S,same-party
118,20364,71,1.0,0.7770422535211271,0.0455205200279019,0.0009990009990009,1.0,1.0,0.7255217391304359,0.8017291666666663,True,0.2229577464788729,4.897961322546631,0.0029480586527566,0.274478260869564,0.1982708333333337,True,S,S,same-party
118,20365,66,1.0,0.7531212121212112,0.0506176831253544,0.0009990009990009,1.0,1.0,0.755758620689653,0.7510540540540522,True,0.2468787878787888,4.877322955841236,0.0029480586527566,0.2442413793103469,0.2489459459459477,True,S,S,same-party
118,20367,84,1.0,0.780083333333333,0.0404355675136509,0.0009990009990009,1.0,1.0,0.7583571428571426,0.7909464285714297,True,0.2199166666666669,5.438693709255442,0.0029480586527566,0.2416428571428573,0.2090535714285702,True,S,S,same-party
118,20368,53,1.0,0.7997547169811378,0.0514810056171416,0.0009990009990009,1.0,1.0,0.7870499999999995,0.8074545454545499,True,0.2002452830188622,3.889692530640596,0.0029480586527566,0.2129500000000005,0.1925454545454501,True,S,S,same-party
118,20371,63,1.0,0.7498730158730135,0.0502286268302888,0.0009990009990009,1.0,1.0,0.7514482758620683,0.7485294117647061,True,0.2501269841269865,4.979769504193473,0.0029480586527566,0.2485517241379317,0.2514705882352939,True,S,V,different-party
118,20377,74,1.0,0.7819594594594613,0.0435318749075915,0.0009990009990009,1.0,1.0,0.7598928571428578,0.795391304347826,True,0.2180405405405386,5.00875602080981,0.0029480586527566,0.2401071428571422,0.204608695652174,True,S,M,different-party
118,20378,84,1.0,0.7828571428571434,0.0410814485849866,0.0009990009990009,1.0,1.0,0.7705555555555583,0.7886842105263201,True,0.2171428571428566,5.285667001095287,0.0029480586527566,0.2294444444444416,0.2113157894736799,True,S,M,different-party
118,20385,59,1.0,0.7901694915254232,0.0490119613292236,0.0009990009990009,1.0,1.0,0.7962941176470594,0.7876904761904796,False,0.2098305084745768,4.281210194081015,0.0029480586527566,0.2037058823529406,0.2123095238095204,True,S,M,different-party
118,20389,73,1.0,0.7751095890410912,0.0430516105239173,0.0009990009990009,1.0,1.0,0.7355263157894768,0.7890370370370393,False,0.2248904109589088,5.223739790964869,0.0029480586527566,0.2644736842105232,0.2109629629629607,True,S,M,different-party
118,20415,83,1.0,0.7770602409638597,0.0405709780081103,0.0009990009990009,1.0,1.0,0.7524999999999983,0.7882631578947419,True,0.2229397590361402,5.495055085720967,0.0029480586527566,0.2475000000000017,0.2117368421052581,True,S,M,different-party
118,20496,63,1.0,0.7981587301587362,0.0450508500227621,0.0009990009990009,1.0,1.0,0.7714615384615352,0.8051000000000003,False,0.2018412698412638,4.480298812104154,0.0029480586527566,0.2285384615384648,0.1948999999999997,True,S,M,different-party
118,20781,78,1.0,0.7709743589743582,0.0432202835568206,0.0009990009990009,1.0,1.0,0.7370454545454536,0.784303571428572,True,0.2290256410256418,5.2990314310304605,0.0029480586527566,0.2629545454545464,0.215696428571428,True,S,S,same-party
118,20930,59,1.0,0.801016949152544,0.0454274713344824,0.0009990009990009,1.0,1.0,0.7508888888888887,0.8230243902439002,False,0.198983050847456,4.380236121494499,0.0029480586527566,0.2491111111111112,0.1769756097560998,True,S,S,same-party
118,21044,86,1.0,0.7764069767441906,0.0399911891785663,0.0009990009990009,1.0,1.0,0.7518965517241365,0.7888771929824595,True,0.2235930232558094,5.591057126544413,0.0029480586527566,0.2481034482758635,0.2111228070175405,True,S,S,same-party
118,21143,45,1.0,0.7411111111111083,0.058888983322922,0.0009990009990009,1.0,1.0,0.7386666666666659,0.7420000000000029,False,0.2588888888888917,4.396219365331131,0.0029480586527566,0.2613333333333341,0.2579999999999971,True,S,S,same-party
118,21159,66,1.0,0.8009090909090918,0.0447293542545255,0.0009990009990009,1.0,1.0,0.7633214285714293,0.828605263157895,True,0.1990909090909082,4.451012370042545,0.0029480586527566,0.2366785714285707,0.171394736842105,True,S,M,different-party
118,21168,53,1.0,0.7400188679245343,0.054451167901298,0.0009990009990009,1.0,1.0,0.7314210526315824,0.744823529411765,False,0.2599811320754657,4.774574028361074,0.0029480586527566,0.2685789473684176,0.255176470588235,True,S,V,different-party
119,182,77,1.0,0.6721688311688296,0.0518080334834619,0.0009990009990009,1.0,1.0,0.6584561403508786,0.7112500000000005,True,0.3278311688311703,6.327805685498946,0.0029480586527566,0.3415438596491214,0.2887499999999995,True,DD,DD,same-party
119,1146,55,1.0,0.7803454545454562,0.0505970409848085,0.0009990009990009,1.0,1.0,0.7410000000000009,0.8156206896551632,True,0.2196545454545437,4.341252792243204,0.0029480586527566,0.2589999999999991,0.1843793103448368,True,DD,DD,same-party
119,15774,43,1.0,0.775790697674423,0.0561228995165972,0.0009990009990009,1.0,1.0,0.6923076923076937,0.8119666666666644,False,0.224209302325577,3.9949700435429487,0.0029480586527566,0.3076923076923062,0.1880333333333356,True,DD,DD,same-party
119,17629,42,1.0,0.8044047619047697,0.0538847814269438,0.0009990009990009,1.0,1.0,0.7856999999999971,0.81025,False,0.1955952380952302,3.62987902921004,0.0029480586527566,0.2143000000000029,0.1897499999999999,True,DD,DD,same-party
119,20355,52,1.0,0.7847884615384612,0.0496033533868593,0.0009990009990009,1.0,1.0,0.7826999999999976,0.7852857142857191,False,0.2152115384615388,4.338648977682855,0.0029480586527566,0.2173000000000023,0.2147142857142808,True,DD,DD,same-party
119,20373,40,1.0,0.7443499999999997,0.0645832679453277,0.0009990009990009,1.0,1.0,0.7742777777777806,0.7198636363636356,False,0.2556500000000002,3.958455620678997,0.0029480586527566,0.2257222222222193,0.2801363636363644,True,DD,DD,same-party
119,20374,123,1.0,0.7252764227642295,0.0381796896528284,0.0009990009990009,1.0,1.0,0.7002686567164188,0.7551964285714293,True,0.2747235772357704,7.195542439811796,0.0029480586527566,0.2997313432835812,0.2448035714285706,True,DD,DD,same-party
119,20375,108,1.0,0.7176111111111115,0.0406557143840584,0.0009990009990009,1.0,1.0,0.6828285714285723,0.781684210526316,True,0.2823888888888884,6.945859719036597,0.0029480586527566,0.3171714285714276,0.218315789473684,True,DD,DD,same-party
119,20376,137,1.0,0.7203503649635042,0.0367712522923974,0.0009990009990009,1.0,1.0,0.6897402597402593,0.7596333333333342,True,0.2796496350364957,7.605115888161202,0.0029480586527566,0.3102597402597407,0.2403666666666658,True,DD,DD,same-party
120,125,86,1.0,0.6786976744185995,0.0483640924118549,0.0009990009990009,1.0,1.0,0.6736029411764722,0.6979444444444416,False,0.3213023255814005,6.643406493505151,0.0029480586527566,0.3263970588235277,0.3020555555555584,True,S,V,different-party
120,127,111,0.990990990990991,0.69363063063063,0.0423989463517878,0.0009990009990009,1.0,0.96875,0.6984303797468365,0.68178125,True,0.2973603603603609,7.01339033034301,0.0029480586527566,0.3015696202531635,0.28696875,True,S,V,different-party
120,152,111,1.0,0.7002972972972987,0.0410027954742226,0.0009990009990009,1.0,1.0,0.700417721518988,0.7,True,0.2997027027027013,7.309323650654895,0.0029480586527566,0.299582278481012,0.3,True,S,S,same-party
120,168,109,1.0,0.7027431192660537,0.0415046780732991,0.0009990009990009,1.0,1.0,0.7083513513513506,0.6908857142857102,True,0.2972568807339463,7.162009068206166,0.0029480586527566,0.2916486486486493,0.3091142857142898,True,S,V,different-party
120,180,108,1.0,0.697000000000001,0.0424078125494053,0.0009990009990009,1.0,1.0,0.6977749999999999,0.694785714285714,True,0.302999999999999,7.144909906565027,0.0029480586527566,0.3022250000000001,0.305214285714286,True,S,V,different-party
120,191,93,0.8602150537634409,0.6917311827957001,0.0490306442283421,0.0009990009990009,0.8970588235294118,0.76,0.6942058823529424,0.6849999999999985,True,0.1684838709677407,3.436297312005306,0.0029480586527566,0.2028529411764693,0.0750000000000015,True,S,RV,different-party
120,201,102,1.0,0.6823333333333329,0.0446214277000398,0.0009990009990009,1.0,1.0,0.68377142857143,0.6791875,True,0.3176666666666671,7.119150664611823,0.0029480586527566,0.3162285714285699,0.3208124999999999,True,S,S,same-party
120,208,93,1.0,0.6785483870967749,0.0465713482388855,0.0009990009990009,1.0,1.0,0.6763529411764719,0.684519999999998,True,0.3214516129032251,6.9023471524671,0.0029480586527566,0.323647058823528,0.315480000000002,True,S,S,same-party
120,213,107,1.0,0.6893364485981325,0.0422398335871825,0.0009990009990009,1.0,1.0,0.6926000000000015,0.6816875,True,0.3106635514018675,7.35475320376586,0.0029480586527566,0.3073999999999984,0.3183125,True,S,S,same-party
120,224,95,1.0,0.6952210526315799,0.0454909330840316,0.0009990009990009,1.0,1.0,0.6966901408450695,0.6908750000000003,True,0.3047789473684201,6.699773486849063,0.0029480586527566,0.3033098591549305,0.3091249999999996,True,S,S,same-party
120,257,97,0.9896907216494846,0.6885876288659817,0.0458547788504743,0.0009990009990009,1.0,0.9642857142857144,0.6843333333333365,0.6990714285714287,True,0.3011030927835029,6.56644956821961,0.0029480586527566,0.3156666666666635,0.2652142857142856,True,S,S,same-party
120,260,88,1.0,0.6696704545454543,0.0500304951201729,0.0009990009990009,1.0,1.0,0.6669499999999984,0.6755,True,0.3303295454545457,6.602563989444766,0.0029480586527566,0.3330500000000016,0.3245,True,S,S,same-party
120,266,95,1.0,0.6761473684210527,0.0471707281941952,0.0009990009990009,1.0,1.0,0.666484375,0.6960967741935459,True,0.3238526315789473,6.865542339005058,0.0029480586527566,0.333515625,0.3039032258064541,True,S,S,same-party
120,273,109,1.0,0.7021009174311922,0.0430481320102381,0.0009990009990009,1.0,1.0,0.7076891891891887,0.6902857142857107,True,0.2978990825688078,6.920139589284816,0.0029480586527566,0.2923108108108113,0.3097142857142893,True,S,S,same-party
120,278,112,1.0,0.6970803571428568,0.0423464411140955,0.0009990009990009,1.0,1.0,0.6972500000000008,0.69665625,True,0.3029196428571432,7.153367198933577,0.0029480586527566,0.3027499999999992,0.30334375,True,S,S,same-party
120,286,107,1.0,0.6905140186915915,0.0432693225579524,0.0009990009990009,1.0,1.0,0.6890821917808198,0.6935882352941163,True,0.3094859813084085,7.152549728364734,0.0029480586527566,0.3109178082191802,0.3064117647058837,True,S,S,same-party
120,1619,98,1.0,0.6863061224489742,0.0452388394164654,0.0009990009990009,1.0,1.0,0.6827575757575748,0.693625,True,0.3136938775510258,6.9341716453683295,0.0029480586527566,0.3172424242424252,0.3063749999999999,True,S,S,same-party
120,1845,85,1.0,0.7002117647058802,0.0477161824322262,0.0009990009990009,1.0,1.0,0.6985,0.7054285714285702,True,0.2997882352941198,6.28273721855105,0.0029480586527566,0.3015,0.2945714285714298,True,S,V,different-party
120,11702,92,0.9565217391304348,0.6954673913043447,0.0470659208458711,0.0009990009990009,0.9833333333333332,0.90625,0.6944499999999985,0.697375,True,0.2610543478260901,5.5465683690961125,0.0029480586527566,0.2888833333333348,0.208875,True,S,KF,different-party
120,15762,94,1.0,0.6791063829787242,0.0495278508546033,0.0009990009990009,1.0,1.0,0.6741587301587237,0.6891612903225793,True,0.3208936170212758,6.479053936002764,0.0029480586527566,0.3258412698412762,0.3108387096774206,True,S,S,same-party
120,15776,40,1.0,0.7298750000000003,0.0666806244772825,0.0009990009990009,1.0,1.0,0.7458846153846156,0.7001428571428557,False,0.2701249999999997,4.051026848016828,0.0029480586527566,0.2541153846153844,0.2998571428571442,True,S,S,same-party
120,15787,112,1.0,0.6945357142857146,0.0407321662137705,0.0009990009990009,1.0,1.0,0.6989250000000006,0.6835625,True,0.3054642857142854,7.499338093416093,0.0029480586527566,0.3010749999999994,0.3164375,True,S,S,same-party
120,15793,86,0.9069767441860463,0.6747325581395306,0.0484028281697688,0.0009990009990009,0.90625,0.9090909090909092,0.66878125,0.6920454545454532,True,0.2322441860465158,4.79815322426902,0.0029480586527566,0.23746875,0.2170454545454558,True,S,KF,different-party
120,16351,115,1.0,0.6963130434782625,0.0432296710215155,0.0009990009990009,1.0,1.0,0.6990500000000005,0.6900571428571415,True,0.3036869565217375,7.02496570863543,0.0029480586527566,0.3009499999999995,0.3099428571428585,True,S,S,same-party
120,17141,77,0.974025974025974,0.687324675324674,0.0519711608312188,0.0009990009990009,0.9642857142857144,1.0,0.6792500000000008,0.7088571428571407,True,0.2867012987013,5.516545986578764,0.0029480586527566,0.2850357142857135,0.2911428571428592,True,S,KF,different-party
120,18695,103,1.0,0.6940097087378658,0.0442408291496531,0.0009990009990009,1.0,1.0,0.697426470588237,0.6873714285714264,True,0.3059902912621342,6.9164682747482615,0.0029480586527566,0.3025735294117629,0.3126285714285736,True,S,V,different-party
120,18699,111,1.0,0.6926486486486474,0.041609408796625,0.0009990009990009,1.0,1.0,0.6923766233766233,0.6932647058823516,True,0.3073513513513526,7.38658299264953,0.0029480586527566,0.3076233766233767,0.3067352941176484,True,S,V,different-party
120,18713,94,0.8936170212765957,0.6952234042553166,0.0462988937961803,0.0009990009990009,0.863013698630137,1.0,0.690972602739723,0.7099999999999977,True,0.1983936170212791,4.28506170999806,0.0029480586527566,0.1720410958904139,0.2900000000000022,True,S,KF,different-party
120,18717,110,1.0,0.6996363636363643,0.0406521185610825,0.0009990009990009,1.0,1.0,0.6995696202531643,0.6998064516129008,True,0.3003636363636357,7.388634270371896,0.0029480586527566,0.3004303797468357,0.3001935483870992,True,S,S,same-party
120,18718,108,1.0,0.6907592592592603,0.0438952078492013,0.0009990009990009,1.0,1.0,0.6945897435897443,0.6808000000000021,True,0.3092407407407397,7.044977251346273,0.0029480586527566,0.3054102564102556,0.3191999999999979,True,S,S,same-party
120,18719,89,1.0,0.6874269662921376,0.0465681425121692,0.0009990009990009,1.0,1.0,0.688078125,0.6857599999999984,True,0.3125730337078624,6.712164515176444,0.0029480586527566,0.311921875,0.3142400000000016,True,S,S,same-party
120,18720,105,1.0,0.6937238095238096,0.0436838339393428,0.0009990009990009,1.0,1.0,0.6940259740259724,0.6928928571428581,True,0.3062761904761903,7.011202150925442,0.0029480586527566,0.3059740259740275,0.3071071428571419,True,S,S,same-party
120,18725,104,0.8653846153846154,0.6971730769230772,0.0438663676169893,0.0019980019980019,0.8947368421052632,0.7857142857142857,0.697197368421055,0.6971071428571424,True,0.1682115384615382,3.8346356810357447,0.005829605033321,0.1975394736842082,0.0886071428571433,True,S,RV,different-party
120,18729,106,0.8301886792452831,0.6908396226415093,0.0427130995074379,0.0009990009990009,0.8648648648648649,0.75,0.6880270270270277,0.69734375,True,0.1393490566037737,3.2624430961632203,0.0029480586527566,0.1768378378378372,0.0526562499999999,True,S,RV,different-party
120,19928,99,1.0,0.6942222222222234,0.045229596087242,0.0009990009990009,1.0,1.0,0.6969705882352962,0.688193548387096,True,0.3057777777777766,6.760568393933279,0.0029480586527566,0.3030294117647037,0.311806451612904,True,S,S,same-party
120,20349,72,1.0,0.6807916666666667,0.0535678916653645,0.0009990009990009,1.0,1.0,0.6763148148148128,0.6942222222222189,False,0.3192083333333333,5.958948978754079,0.0029480586527566,0.3236851851851872,0.3057777777777811,True,S,SP,different-party
120,20362,108,1.0,0.7006111111111113,0.0438158057291114,0.0009990009990009,1.0,1.0,0.7057532467532469,0.6878387096774171,True,0.2993888888888887,6.832897031264071,0.0029480586527566,0.2942467532467531,0.3121612903225829,True,S,S,same-party
120,20363,109,1.0,0.6885963302752285,0.0437052178689417,0.0009990009990009,1.0,1.0,0.6873243243243237,0.6912857142857115,True,0.3114036697247715,7.125091348556453,0.0029480586527566,0.3126756756756763,0.3087142857142885,True,S,S,same-party
120,20364,105,1.0,0.6873238095238091,0.0438608898131941,0.0009990009990009,1.0,1.0,0.6856081081081082,0.6914193548387073,True,0.3126761904761909,7.128815484772325,0.0029480586527566,0.3143918918918917,0.3085806451612927,True,S,S,same-party
120,20365,112,1.0,0.6997053571428565,0.0422583840549595,0.0009990009990009,1.0,1.0,0.6995500000000006,0.70009375,True,0.3002946428571434,7.106155371833258,0.0029480586527566,0.3004499999999994,0.29990625,True,S,S,same-party
120,20367,113,1.0,0.6977876106194744,0.0411967302433685,0.0009990009990009,1.0,1.0,0.7023037974683545,0.6872941176470573,True,0.3022123893805256,7.335834363436477,0.0029480586527566,0.2976962025316455,0.3127058823529427,True,S,S,same-party
120,20368,102,1.0,0.7011960784313727,0.0448784835345492,0.0009990009990009,1.0,1.0,0.7074054054054043,0.6847857142857143,True,0.2988039215686273,6.65806636132427,0.0029480586527566,0.2925945945945957,0.3152142857142856,True,S,S,same-party
120,20369,103,0.9223300970873788,0.7055631067961182,0.0429403247489897,0.0009990009990009,0.9558823529411764,0.8571428571428571,0.7135294117647066,0.6900857142857115,True,0.2167669902912604,5.048098531121625,0.0029480586527566,0.2423529411764698,0.1670571428571455,True,S,KF,different-party
120,20371,112,1.0,0.6968124999999997,0.0413235387043472,0.0009990009990009,1.0,1.0,0.6957999999999995,0.69934375,True,0.3031875000000003,7.336920058303362,0.0029480586527566,0.3042000000000004,0.3006562499999999,True,S,V,different-party
120,20378,114,1.0,0.6985087719298242,0.0403816552072123,0.0009990009990009,1.0,1.0,0.703025316455696,0.6883142857142829,True,0.3014912280701758,7.46604433431763,0.0029480586527566,0.296974683544304,0.3116857142857171,True,S,M,different-party
120,20384,82,1.0,0.6681341463414644,0.0510291761677823,0.0009990009990009,1.0,1.0,0.661333333333332,0.6866818181818152,True,0.3318658536585356,6.503453094507555,0.0029480586527566,0.338666666666668,0.3133181818181848,True,S,M,different-party
120,20386,85,1.0,0.6956941176470576,0.048000419102441,0.0009990009990009,1.0,1.0,0.6905230769230802,0.7124999999999996,True,0.3043058823529424,6.339650528956879,0.0029480586527566,0.3094769230769197,0.2875000000000004,True,S,M,different-party
120,20389,105,1.0,0.6858761904761905,0.0442834933711561,0.0009990009990009,1.0,1.0,0.6863428571428593,0.6849428571428543,True,0.3141238095238094,7.093474015047163,0.0029480586527566,0.3136571428571407,0.3150571428571457,True,S,M,different-party
120,20415,111,1.0,0.694684684684685,0.0404845399946614,0.0009990009990009,1.0,1.0,0.6966184210526333,0.6904857142857109,True,0.305315315315315,7.541528577466252,0.0029480586527566,0.3033815789473667,0.3095142857142891,True,S,M,different-party
120,20496,95,1.0,0.6960842105263166,0.0471217620686735,0.0009990009990009,1.0,1.0,0.6974328358208958,0.6928571428571422,True,0.3039157894736833,6.449584568394688,0.0029480586527566,0.3025671641791042,0.3071428571428578,True,S,M,different-party
120,20781,107,1.0,0.6889813084112177,0.042440384046167,0.0009990009990009,1.0,1.0,0.687541666666667,0.6919428571428542,True,0.3110186915887822,7.328366568277364,0.0029480586527566,0.3124583333333329,0.3080571428571458,True,S,S,same-party
120,20925,111,0.9009009009009008,0.6961261261261262,0.0434252311073002,0.0009990009990009,0.8875,0.935483870967742,0.6991874999999997,0.6882258064516114,True,0.2047747747747746,4.715571329230072,0.0029480586527566,0.1883125000000002,0.2472580645161305,True,S,KF,different-party
120,21044,115,1.0,0.6948608695652205,0.0401415539063648,0.0009990009990009,1.0,1.0,0.6968375000000002,0.6903428571428533,True,0.3051391304347794,7.601577436353217,0.0029480586527566,0.3031624999999998,0.3096571428571467,True,S,S,same-party
120,21143,96,1.0,0.6926770833333334,0.0439575913232047,0.0009990009990009,1.0,1.0,0.6925076923076962,0.6930322580645137,True,0.3073229166666665,6.9913502404403625,0.0029480586527566,0.3074923076923038,0.3069677419354862,True,S,S,same-party
120,21159,103,1.0,0.6973300970873793,0.043410509896097,0.0009990009990009,1.0,1.0,0.6978860759493685,0.6955000000000009,True,0.3026699029126207,6.972272466669032,0.0029480586527566,0.3021139240506315,0.3044999999999991,True,S,M,different-party
120,21168,102,1.0,0.6874509803921565,0.0450027453033934,0.0009990009990009,1.0,1.0,0.6840428571428571,0.69490625,True,0.3125490196078435,6.945110070524418,0.0029480586527566,0.3159571428571429,0.30509375,True,S,V,different-party
121,199,81,1.0,0.6823580246913575,0.0501788890696085,0.0009990009990009,1.0,1.0,0.6692166666666644,0.7199047619047614,True,0.3176419753086424,6.330191464940706,0.0029480586527566,0.3307833333333356,0.2800952380952386,True,SF,SF,same-party
121,16728,76,1.0,0.667723684210528,0.0527417564846097,0.0009990009990009,1.0,1.0,0.6582586206896606,0.6982222222222191,False,0.332276315789472,6.300061619798951,0.0029480586527566,0.3417413793103394,0.3017777777777809,True,SF,SF,same-party
121,18707,102,1.0,0.69463725490196,0.0442087563857213,0.0009990009990009,1.0,1.0,0.6679508196721295,0.7343414634146316,True,0.3053627450980399,6.907290999858726,0.0029480586527566,0.3320491803278704,0.2656585365853684,True,SF,SF,same-party
121,18708,78,1.0,0.6748461538461552,0.053944752006192,0.0009990009990009,1.0,1.0,0.6696333333333315,0.6922222222222193,False,0.3251538461538448,6.027534358050659,0.0029480586527566,0.3303666666666685,0.3077777777777807,True,SF,SF,same-party
121,18709,74,1.0,0.6684324324324327,0.0537976224090822,0.0009990009990009,1.0,1.0,0.6562448979591797,0.6923199999999985,True,0.3315675675675673,6.163238312769588,0.0029480586527566,0.3437551020408202,0.3076800000000015,True,SF,SF,same-party
121,20359,103,1.0,0.689504854368934,0.0440601674268593,0.0009990009990009,1.0,1.0,0.6653934426229507,0.7245238095238077,True,0.3104951456310659,7.047071397231823,0.0029480586527566,0.3346065573770492,0.2754761904761923,True,SF,SF,same-party
121,20798,101,1.0,0.6917524752475247,0.0443619453641449,0.0009990009990009,1.0,1.0,0.6666721311475403,0.7300000000000004,True,0.3082475247524753,6.948467255487249,0.0029480586527566,0.3333278688524597,0.2699999999999996,True,SF,SF,same-party
125,127,91,1.0,0.6880439560439551,0.048634342232831,0.0009990009990009,1.0,1.0,0.6827571428571442,0.7056666666666633,True,0.3119560439560449,6.41431609093412,0.0029480586527566,0.3172428571428558,0.2943333333333366,True,V,V,same-party
125,152,90,1.0,0.6907555555555551,0.0461358929618364,0.0009990009990009,1.0,1.0,0.6835857142857149,0.7158499999999988,True,0.3092444444444449,6.702903630807612,0.0029480586527566,0.3164142857142851,0.2841500000000012,True,V,S,different-party
125,168,81,1.0,0.6895679012345688,0.049395033931302,0.0009990009990009,1.0,1.0,0.6840645161290333,0.7075263157894758,False,0.3104320987654312,6.284682367000219,0.0029480586527566,0.3159354838709667,0.2924736842105242,True,V,V,same-party
125,180,92,1.0,0.6899999999999983,0.0463019821627016,0.0009990009990009,1.0,1.0,0.6841267605633778,0.7098571428571412,True,0.3100000000000017,6.695177733659119,0.0029480586527566,0.3158732394366221,0.2901428571428588,True,V,V,same-party
125,191,85,0.8705882352941177,0.6921294117647057,0.0482571890971206,0.0009990009990009,0.8870967741935484,0.8260869565217391,0.682645161290324,0.717695652173914,True,0.178458823529412,3.6980774651058175,0.0029480586527566,0.2044516129032243,0.1083913043478251,True,V,RV,different-party
125,201,90,1.0,0.6903222222222218,0.0462864307139502,0.0009990009990009,1.0,1.0,0.6808208955223882,0.7180000000000022,True,0.3096777777777781,6.690465715353695,0.0029480586527566,0.3191791044776118,0.2819999999999978,True,V,S,different-party
125,208,91,1.0,0.6864065934065932,0.0487053438040119,0.0009990009990009,1.0,1.0,0.6842957746478866,0.6938999999999989,True,0.3135934065934068,6.4385831635906845,0.0029480586527566,0.3157042253521134,0.3061000000000011,True,V,S,different-party
125,213,89,1.0,0.6859438202247217,0.0470411305350343,0.0009990009990009,1.0,1.0,0.6725303030303005,0.7244347826086965,True,0.3140561797752783,6.676203913538637,0.0029480586527566,0.3274696969696995,0.2755652173913034,True,V,S,different-party
125,224,83,1.0,0.6866024096385499,0.0515828514398745,0.0009990009990009,1.0,1.0,0.6783225806451625,0.7110476190476173,True,0.3133975903614501,6.075615860956222,0.0029480586527566,0.3216774193548375,0.2889523809523827,True,V,S,different-party
125,257,81,1.0,0.678987654320987,0.0490572388015202,0.0009990009990009,1.0,1.0,0.662666666666665,0.725619047619046,True,0.321012345679013,6.54362849441631,0.0029480586527566,0.337333333333335,0.2743809523809539,True,V,S,different-party
125,260,76,1.0,0.671513157894739,0.0522644308567178,0.0009990009990009,1.0,1.0,0.6591754385964919,0.7085263157894763,False,0.328486842105261,6.285093642477472,0.0029480586527566,0.3408245614035081,0.2914736842105236,True,V,S,different-party
125,266,80,1.0,0.6777000000000003,0.0515545135547627,0.0009990009990009,1.0,1.0,0.66555737704918,0.7166842105263191,False,0.3222999999999997,6.251634973873679,0.0029480586527566,0.3344426229508199,0.2833157894736808,True,V,S,different-party
125,273,85,1.0,0.6954705882352938,0.0484910918423981,0.0009990009990009,1.0,1.0,0.685274193548388,0.722956521739132,True,0.3045294117647061,6.280110432540127,0.0029480586527566,0.3147258064516119,0.2770434782608679,True,V,S,different-party
125,278,92,1.0,0.6864782608695627,0.0478075668304632,0.0009990009990009,1.0,1.0,0.6801126760563373,0.707999999999998,True,0.3135217391304373,6.557994056511141,0.0029480586527566,0.3198873239436627,0.292000000000002,True,V,S,different-party
125,286,92,1.0,0.6899347826086935,0.0462888566905847,0.0009990009990009,1.0,1.0,0.6799855072463795,0.719782608695654,True,0.3100652173913065,6.698485111955123,0.0029480586527566,0.3200144927536205,0.280217391304346,True,V,S,different-party
125,1619,78,1.0,0.6702435897435902,0.0525577935003133,0.0009990009990009,1.0,1.0,0.6575438596491241,0.7047142857142842,True,0.3297564102564098,6.274167697973163,0.0029480586527566,0.3424561403508759,0.2952857142857158,True,V,S,different-party
125,1845,72,1.0,0.678305555555556,0.0546545711996265,0.0009990009990009,1.0,1.0,0.665211538461538,0.7123499999999995,True,0.3216944444444439,5.885956789770622,0.0029480586527566,0.334788461538462,0.2876500000000005,True,V,V,same-party
125,11702,70,0.9857142857142858,0.6765142857142858,0.054379155958952,0.0009990009990009,1.0,0.9545454545454546,0.6595000000000008,0.7136363636363618,True,0.3091999999999999,5.68600219233632,0.0029480586527566,0.3404999999999992,0.2409090909090927,True,V,KF,different-party
125,15762,81,1.0,0.6764444444444446,0.0497440039667834,0.0009990009990009,1.0,1.0,0.6586551724137991,0.7213043478260878,True,0.3235555555555554,6.5044131906150815,0.0029480586527566,0.3413448275862009,0.2786956521739122,True,V,S,different-party
125,15787,89,1.0,0.6856629213483184,0.0471870799071836,0.0009990009990009,1.0,1.0,0.678457142857144,0.7122105263157916,False,0.3143370786516816,6.661507329336303,0.0029480586527566,0.321542857142856,0.2877894736842084,True,V,S,different-party
125,15793,87,0.9310344827586208,0.6828160919540244,0.0477478392622058,0.0009990009990009,0.9104477611940298,1.0,0.6753134328358218,0.707950000000001,True,0.2482183908045963,5.198526145686139,0.0029480586527566,0.235134328358208,0.292049999999999,True,V,KF,different-party
125,16351,92,1.0,0.690999999999998,0.0471187911872243,0.0009990009990009,1.0,1.0,0.682042253521126,0.7212857142857123,True,0.309000000000002,6.557893193231656,0.0029480586527566,0.317957746478874,0.2787142857142877,True,V,S,different-party
125,17141,70,0.9571428571428572,0.675614285714287,0.0564869242333418,0.0009990009990009,0.96,0.95,0.6658200000000023,0.7001000000000002,True,0.2815285714285701,4.983960009321872,0.0029480586527566,0.2941799999999976,0.2498999999999998,True,V,KF,different-party
125,18695,85,1.0,0.6938117647058825,0.0461721267747107,0.0009990009990009,1.0,1.0,0.6841935483870992,0.7197391304347847,True,0.3061882352941175,6.631451845138354,0.0029480586527566,0.3158064516129008,0.2802608695652153,True,V,V,same-party
125,18699,88,1.0,0.688329545454546,0.0480865502964864,0.0009990009990009,1.0,1.0,0.6769411764705904,0.7270500000000002,True,0.3116704545454539,6.481447569513564,0.0029480586527566,0.3230588235294096,0.2729499999999998,True,V,V,same-party
125,18713,88,0.8977272727272727,0.6873749999999995,0.047902342127296,0.0009990009990009,0.8714285714285714,1.0,0.6844857142857167,0.6986111111111072,False,0.2103522727272732,4.391273231865809,0.0029480586527566,0.1869428571428547,0.3013888888888928,True,V,KF,different-party
125,18717,88,1.0,0.6863068181818175,0.0488258792238031,0.0009990009990009,1.0,1.0,0.6831571428571444,0.6985555555555535,False,0.3136931818181825,6.424731859518741,0.0029480586527566,0.3168428571428556,0.3014444444444465,True,V,S,different-party
125,18718,91,1.0,0.6899340659340646,0.0473292173132288,0.0009990009990009,1.0,1.0,0.6804202898550749,0.7197727272727255,True,0.3100659340659354,6.551258433324442,0.0029480586527566,0.3195797101449251,0.2802272727272745,True,V,S,different-party
125,18719,77,1.0,0.67987012987013,0.0521451158664146,0.0009990009990009,1.0,1.0,0.6677454545454565,0.7101818181818175,True,0.32012987012987,6.139211023137404,0.0029480586527566,0.3322545454545434,0.2898181818181825,True,V,S,different-party
125,18720,89,1.0,0.6845955056179803,0.046886891073314,0.0009990009990009,1.0,1.0,0.6778088235294122,0.7065714285714261,True,0.3154044943820197,6.726922753074883,0.0029480586527566,0.3221911764705878,0.2934285714285739,True,V,S,different-party
125,18725,89,0.8651685393258427,0.6884269662921378,0.0483924766382226,0.0009990009990009,0.8955223880597015,0.7727272727272727,0.6809552238805971,0.7111818181818165,True,0.1767415730337048,3.652253104444463,0.0029480586527566,0.2145671641791043,0.0615454545454562,True,V,RV,different-party
125,18729,91,0.8461538461538461,0.6841318681318668,0.0470103221196625,0.0009990009990009,0.8732394366197183,0.75,0.6804929577464787,0.6970499999999997,True,0.1620219780219793,3.4465192050707496,0.0029480586527566,0.1927464788732396,0.0529500000000002,True,V,RV,different-party
125,19928,85,1.0,0.6946470588235294,0.0482780510852051,0.0009990009990009,1.0,1.0,0.6842419354838726,0.7226956521739145,True,0.3053529411764706,6.324881272393503,0.0029480586527566,0.3157580645161274,0.2773043478260855,True,V,S,different-party
125,20349,66,1.0,0.6691212121212101,0.0575362228225409,0.0009990009990009,1.0,1.0,0.6598541666666665,0.6938333333333304,False,0.3308787878787899,5.750790921734983,0.0029480586527566,0.3401458333333335,0.3061666666666696,True,V,SP,different-party
125,20362,89,1.0,0.6951910112359567,0.0469214546673314,0.0009990009990009,1.0,1.0,0.6918823529411786,0.7059047619047589,True,0.3048089887640433,6.496153858082821,0.0029480586527566,0.3081176470588214,0.2940952380952411,True,V,S,different-party
125,20363,92,1.0,0.6934021739130413,0.0455299823014081,0.0009990009990009,1.0,1.0,0.6836901408450691,0.7262380952380942,True,0.3065978260869587,6.733976395099029,0.0029480586527566,0.3163098591549309,0.2737619047619057,True,V,S,different-party
125,20364,94,1.0,0.6928829787234024,0.0454594012694757,0.0009990009990009,1.0,1.0,0.6834647887323944,0.7219565217391324,True,0.3071170212765975,6.755852754330373,0.0029480586527566,0.3165352112676056,0.2780434782608676,True,V,S,different-party
125,20365,93,1.0,0.6883548387096774,0.0463055951929687,0.0009990009990009,1.0,1.0,0.6814647887323944,0.7105909090909077,True,0.3116451612903226,6.730183684965235,0.0029480586527566,0.3185352112676056,0.2894090909090923,True,V,S,different-party
125,20367,93,1.0,0.6937634408602161,0.0455913694177009,0.0009990009990009,1.0,1.0,0.686028571428573,0.7173043478260892,True,0.3062365591397838,6.716985320929775,0.0029480586527566,0.313971428571427,0.2826956521739108,True,V,S,different-party
125,20368,85,1.0,0.6946588235294106,0.0490678215465438,0.0009990009990009,1.0,1.0,0.683870967741937,0.7237391304347837,True,0.3053411764705894,6.222839466817467,0.0029480586527566,0.316129032258063,0.2762608695652163,True,V,S,different-party
125,20369,77,0.961038961038961,0.6924545454545451,0.0518882808772171,0.0009990009990009,0.9642857142857144,0.9523809523809524,0.6856071428571432,0.7107142857142835,True,0.2685844155844159,5.1762057066404905,0.0029480586527566,0.2786785714285711,0.2416666666666688,True,V,KF,different-party
125,20371,91,1.0,0.6874065934065927,0.0468798000024008,0.0009990009990009,1.0,1.0,0.6840704225352112,0.6992499999999995,True,0.3125934065934073,6.667976539520187,0.0029480586527566,0.3159295774647888,0.3007500000000005,True,V,V,same-party
125,20378,93,1.0,0.693989247311829,0.045074020763343,0.0009990009990009,1.0,1.0,0.685457142857144,0.7199565217391313,True,0.306010752688171,6.7890715650785145,0.0029480586527566,0.314542857142856,0.2800434782608687,True,V,M,different-party
125,20384,79,1.0,0.6696455696202527,0.0516807169200767,0.0009990009990009,1.0,1.0,0.6624426229508181,0.6940555555555512,False,0.3303544303797473,6.392218414667777,0.0029480586527566,0.3375573770491819,0.3059444444444488,True,V,M,different-party
125,20386,78,1.0,0.6857179487179501,0.050917901939607,0.0009990009990009,1.0,1.0,0.6765084745762731,0.7143157894736868,False,0.3142820512820499,6.172329167348941,0.0029480586527566,0.3234915254237269,0.2856842105263132,True,V,M,different-party
125,20389,82,1.0,0.6771951219512197,0.0507563589590341,0.0009990009990009,1.0,1.0,0.6640983606557376,0.7152380952380936,True,0.3228048780487803,6.359890359931431,0.0029480586527566,0.3359016393442624,0.2847619047619064,True,V,M,different-party
125,20415,90,1.0,0.6903111111111111,0.0474326551054397,0.0009990009990009,1.0,1.0,0.6786119402985072,0.7243913043478275,True,0.3096888888888889,6.529022847244587,0.0029480586527566,0.3213880597014927,0.2756086956521725,True,V,M,different-party
125,20496,84,1.0,0.6938452380952391,0.0502554863428628,0.0009990009990009,1.0,1.0,0.685524590163934,0.7159130434782622,True,0.3061547619047609,6.091966950952411,0.0029480586527566,0.314475409836066,0.2840869565217377,True,V,M,different-party
125,20781,92,1.0,0.6948695652173897,0.0467180049443235,0.0009990009990009,1.0,1.0,0.6868840579710175,0.7188260869565233,True,0.3051304347826102,6.531324168192782,0.0029480586527566,0.3131159420289825,0.2811739130434767,True,V,S,different-party
125,20925,94,0.9042553191489362,0.6937978723404241,0.0452396603302844,0.0009990009990009,0.8873239436619719,0.9565217391304348,0.6850704225352097,0.7207391304347838,True,0.210457446808512,4.65205629909708,0.0029480586527566,0.2022535211267622,0.235782608695651,True,V,KF,different-party
125,21044,94,1.0,0.6901276595744672,0.0444766039574237,0.0009990009990009,1.0,1.0,0.6811267605633793,0.7179130434782626,True,0.3098723404255328,6.967086352235111,0.0029480586527566,0.3188732394366207,0.2820869565217374,True,V,S,different-party
125,21143,79,1.0,0.6874430379746836,0.0508338784860269,0.0009990009990009,1.0,1.0,0.6783220338983068,0.7143500000000014,True,0.3125569620253163,6.148595608561149,0.0029480586527566,0.3216779661016932,0.2856499999999986,True,V,S,different-party
125,21159,92,1.0,0.689499999999998,0.047109789654017,0.0009990009990009,1.0,1.0,0.6831690140845059,0.7109047619047597,True,0.310500000000002,6.590986762631954,0.0029480586527566,0.3168309859154941,0.2890952380952403,True,V,M,different-party
125,21168,81,1.0,0.6764074074074062,0.0492813982450724,0.0009990009990009,1.0,1.0,0.6652131147540978,0.7105499999999995,True,0.3235925925925937,6.566221822347527,0.0029480586527566,0.3347868852459021,0.2894500000000005,True,V,V,same-party
127,139,48,0.9791666666666666,0.7873125000000004,0.0521232287975777,0.0009990009990009,1.0,0.9743589743589745,0.677777777777779,0.8125897435897415,False,0.1918541666666662,3.6807805481839626,0.0029480586527566,0.3222222222222209,0.1617692307692328,True,V,V,same-party
127,152,125,1.0,0.7121679999999989,0.0386026675496095,0.0009990009990009,1.0,1.0,0.7031829268292694,0.7293023255813933,True,0.2878320000000011,7.456272280409091,0.0029480586527566,0.2968170731707306,0.2706976744186067,True,V,S,different-party
127,164,65,0.9846153846153848,0.8216923076922962,0.0428335201695051,0.0009990009990009,1.0,0.975,0.8127599999999973,0.8272750000000004,True,0.1629230769230885,3.8036350101124743,0.0029480586527566,0.1872400000000027,0.1477249999999995,True,V,V,same-party
127,168,136,0.9926470588235294,0.7400073529411775,0.0356550422958807,0.0009990009990009,1.0,0.984126984126984,0.7116575342465726,0.7728571428571459,True,0.2526397058823519,7.085665578120479,0.0029480586527566,0.2883424657534273,0.2112698412698381,True,V,V,same-party
127,180,132,0.9924242424242424,0.7311060606060623,0.0372525075607513,0.0009990009990009,1.0,0.98,0.7062560975609763,0.7718599999999995,True,0.2613181818181801,7.014780988689751,0.0029480586527566,0.2937439024390237,0.2081400000000004,True,V,V,same-party
127,191,126,0.8888888888888888,0.7384444444444433,0.0378487452058659,0.0009990009990009,0.9104477611940298,0.864406779661017,0.6958208955223891,0.7868474576271182,True,0.1504444444444455,3.974885920950668,0.0029480586527566,0.2146268656716407,0.0775593220338988,True,V,RV,different-party
127,201,139,0.9928057553956836,0.7294964028776982,0.0370811261282651,0.0009990009990009,1.0,0.9848484848484848,0.6911369863013684,0.7719242424242426,True,0.2633093525179852,7.100899568346096,0.0029480586527566,0.3088630136986315,0.2129242424242422,True,V,S,different-party
127,208,103,1.0,0.6970582524271851,0.0452008916060995,0.0009990009990009,1.0,1.0,0.6847285714285732,0.7232121212121236,True,0.3029417475728149,6.702118847848895,0.0029480586527566,0.3152714285714267,0.2767878787878763,True,V,S,different-party
127,213,143,0.993006993006993,0.7336573426573434,0.0370454467864564,0.0009990009990009,1.0,0.9846153846153848,0.6987692307692327,0.7755230769230705,True,0.2593496503496496,7.000850923586809,0.0029480586527566,0.3012307692307673,0.2090923076923141,True,V,S,different-party
127,214,43,1.0,0.7643488372093035,0.0565035605984945,0.0009990009990009,1.0,1.0,0.7739032258064468,0.7396666666666663,False,0.2356511627906965,4.170554214542281,0.0029480586527566,0.2260967741935532,0.2603333333333337,True,V,S,different-party
127,224,114,0.9912280701754386,0.7340087719298239,0.0394120941126692,0.0009990009990009,1.0,0.975609756097561,0.7072054794520525,0.7817317073170705,True,0.2572192982456146,6.526405257997437,0.0029480586527566,0.2927945205479475,0.1938780487804904,True,V,S,different-party
127,244,52,0.9807692307692308,0.8052115384615375,0.0481869419538565,0.0009990009990009,1.0,0.9696969696969696,0.8108947368421102,0.8019393939393998,False,0.1755576923076932,3.643262784258152,0.0029480586527566,0.1891052631578897,0.1677575757575699,True,V,S,different-party
127,257,127,0.984251968503937,0.7355669291338562,0.037695101029782,0.0009990009990009,1.0,0.9642857142857144,0.6952535211267591,0.7866785714285708,True,0.2486850393700808,6.597277433308914,0.0029480586527566,0.3047464788732409,0.1776071428571435,True,V,S,different-party
127,260,117,0.9914529914529916,0.7227521367521359,0.0401711640712869,0.0009990009990009,1.0,0.9814814814814816,0.6739047619047562,0.7797407407407421,True,0.2687008547008556,6.688898888367399,0.0029480586527566,0.3260952380952437,0.2017407407407394,True,V,S,different-party
127,266,108,1.0,0.7014537037037047,0.0415079766647812,0.0009990009990009,1.0,1.0,0.6821212121212104,0.7318333333333322,True,0.2985462962962952,7.192504195214265,0.0029480586527566,0.3178787878787896,0.2681666666666678,True,V,S,different-party
127,273,139,0.9928057553956836,0.7405251798561153,0.034933291022316,0.0009990009990009,1.0,0.9848484848484848,0.7106438356164362,0.7735757575757568,True,0.2522805755395682,7.221780947532448,0.0029480586527566,0.2893561643835638,0.211272727272728,True,V,S,different-party
127,278,145,1.0,0.7382206896551725,0.0338073624148533,0.0009990009990009,1.0,1.0,0.7052804878048794,0.7810952380952433,True,0.2617793103448275,7.74326334993274,0.0029480586527566,0.2947195121951206,0.2189047619047567,True,V,S,different-party
127,286,140,0.9928571428571428,0.7316928571428566,0.0355358268352411,0.0009990009990009,1.0,0.9846153846153848,0.6945466666666675,0.77455384615384,True,0.2611642857142863,7.349323456723047,0.0029480586527566,0.3054533333333324,0.2100615384615446,True,V,S,different-party
127,1619,132,0.9924242424242424,0.7314015151515161,0.0375198933333482,0.0009990009990009,1.0,0.984126984126984,0.6877681159420317,0.779190476190481,True,0.2610227272727263,6.956915494232636,0.0029480586527566,0.3122318840579683,0.2049365079365031,True,V,S,different-party
127,1845,90,1.0,0.714822222222222,0.0452442275494671,0.0009990009990009,1.0,1.0,0.6994920634920582,0.7505925925925958,True,0.285177777777778,6.303075402624188,0.0029480586527566,0.3005079365079418,0.2494074074074042,True,V,V,same-party
127,11702,106,0.9433962264150944,0.71145283018868,0.042919138476974,0.0009990009990009,0.9833333333333332,0.8913043478260869,0.6920499999999989,0.7367608695652179,True,0.2319433962264143,5.404195062089869,0.0029480586527566,0.2912833333333343,0.154543478260869,True,V,KF,different-party
127,15760,47,1.0,0.7849361702127653,0.0541313092942445,0.0009990009990009,1.0,1.0,0.8138947368421107,0.7652857142857145,False,0.2150638297872347,3.973002548639648,0.0029480586527566,0.1861052631578893,0.2347142857142855,True,V,S,different-party
127,15762,113,0.991150442477876,0.7204424778761099,0.04088959982932,0.0009990009990009,1.0,0.9791666666666666,0.6845384615384653,0.7690625,True,0.2707079646017661,6.620460110437524,0.0029480586527566,0.3154615384615347,0.2101041666666666,True,V,S,different-party
127,15770,54,0.9814814814814816,0.8041296296296315,0.0508960337341584,0.0009990009990009,1.0,0.9777777777777776,0.8156666666666745,0.8018222222222209,False,0.1773518518518499,3.484590818573388,0.0029480586527566,0.1843333333333254,0.1759555555555568,True,V,S,different-party
127,15776,56,1.0,0.7648749999999994,0.0518581529827951,0.0009990009990009,1.0,1.0,0.7662500000000004,0.7634999999999996,True,0.2351250000000005,4.534002591222396,0.0029480586527566,0.2337499999999995,0.2365000000000003,True,V,S,different-party
127,15787,144,0.9930555555555556,0.7336527777777779,0.0348538296635877,0.0009990009990009,1.0,0.984126984126984,0.7042345679012341,0.7714761904761943,True,0.2594027777777776,7.442590391975743,0.0029480586527566,0.2957654320987659,0.2126507936507897,True,V,S,different-party
127,15793,103,0.912621359223301,0.6986310679611659,0.0435330803112629,0.0009990009990009,0.9104477611940298,0.9166666666666666,0.6766268656716414,0.7395833333333339,True,0.2139902912621351,4.91557890533125,0.0029480586527566,0.2338208955223883,0.1770833333333327,True,V,KF,different-party
127,16180,67,0.9850746268656716,0.7843432835820916,0.0462662686143349,0.0009990009990009,1.0,0.9787234042553192,0.7336000000000005,0.8059361702127645,True,0.20073134328358,4.338611029059434,0.0029480586527566,0.2663999999999995,0.1727872340425545,True,V,S,different-party
127,16351,145,0.993103448275862,0.7342965517241397,0.0340214708778597,0.0009990009990009,1.0,0.984126984126984,0.7058658536585379,0.7713015873015896,True,0.2588068965517224,7.607163649122158,0.0029480586527566,0.294134146341462,0.2128253968253944,True,V,S,different-party
127,17141,76,0.9736842105263158,0.6907236842105294,0.0504527247754142,0.0009990009990009,0.9818181818181818,0.9523809523809524,0.6824909090909107,0.7122857142857116,True,0.2829605263157864,5.608429030847387,0.0029480586527566,0.2993272727272711,0.2400952380952407,True,V,KF,different-party
127,18695,133,0.9924812030075189,0.7349323308270632,0.037363336198329,0.0009990009990009,1.0,0.9848484848484848,0.6974477611940312,0.7729848484848484,True,0.2575488721804555,6.893090884961548,0.0029480586527566,0.3025522388059688,0.2118636363636364,True,V,V,same-party
127,18696,70,0.9857142857142858,0.7850714285714271,0.0462721904106593,0.0009990009990009,1.0,0.9787234042553192,0.7628695652173912,0.7959361702127645,True,0.2006428571428586,4.336143488392934,0.0029480586527566,0.2371304347826087,0.1827872340425546,True,V,V,same-party
127,18698,48,0.9791666666666666,0.8034791666666673,0.0526382723386508,0.0009990009990009,,0.9791666666666666,,0.8034791666666673,False,0.1756874999999993,3.337638037770412,0.0029480586527566,,0.1756874999999993,False,V,V,same-party
127,18699,141,0.9929078014184396,0.7367872340425509,0.0344039349646533,0.0009990009990009,1.0,0.9838709677419356,0.7046962025316454,0.7776774193548383,True,0.2561205673758888,7.444513763876936,0.0029480586527566,0.2953037974683545,0.2061935483870972,True,V,V,same-party
127,18700,56,0.9821428571428572,0.7830000000000004,0.0511509779475859,0.0009990009990009,1.0,0.9714285714285714,0.7367619047619042,0.8107428571428538,True,0.1991428571428567,3.893236554478331,0.0029480586527566,0.2632380952380958,0.1606857142857176,True,V,V,same-party
127,18713,94,0.8936170212765957,0.7001489361702102,0.0460924143243035,0.0009990009990009,0.868421052631579,1.0,0.6997500000000018,0.7018333333333308,False,0.1934680851063854,4.197395340264784,0.0029480586527566,0.1686710526315772,0.2981666666666692,True,V,KF,different-party
127,18715,51,0.9803921568627452,0.8399411764705876,0.0465084525853146,0.0029970029970029,1.0,0.96875,0.8144736842105317,0.8550625,False,0.1404509803921574,3.019902245393254,0.0087126097043452,0.1855263157894683,0.1136875,True,V,S,different-party
127,18716,67,0.9850746268656716,0.8048059701492549,0.0439490444597747,0.0009990009990009,1.0,0.9791666666666666,0.8082631578947427,0.8034375000000002,False,0.1802686567164166,4.10176509938484,0.0029480586527566,0.1917368421052573,0.1757291666666663,True,V,S,different-party
127,18717,123,1.0,0.7112520325203263,0.0395772503368726,0.0009990009990009,1.0,1.0,0.7030365853658537,0.727682926829266,True,0.2887479674796737,7.295806682422754,0.0029480586527566,0.2969634146341463,0.2723170731707339,True,V,S,different-party
127,18718,144,0.9930555555555556,0.7348888888888879,0.0363536383202296,0.0009990009990009,1.0,0.984375,0.7028249999999997,0.77496875,True,0.2581666666666676,7.101535873591125,0.0029480586527566,0.2971750000000003,0.20940625,True,V,S,different-party
127,18719,95,1.0,0.6977789473684222,0.0451306025499038,0.0009990009990009,1.0,1.0,0.6962089552238817,0.701535714285713,True,0.3022210526315778,6.696588025772371,0.0029480586527566,0.3037910447761183,0.2984642857142869,True,V,S,different-party
127,18720,137,0.9927007299270072,0.7379124087591252,0.0362413102022497,0.0009990009990009,1.0,0.9827586206896552,0.7042025316455703,0.7838275862068923,True,0.2547883211678821,7.030328642811189,0.0029480586527566,0.2957974683544296,0.1989310344827628,True,V,S,different-party
127,18725,107,0.8598130841121495,0.7045887850467291,0.0434491325935428,0.0009990009990009,0.8987341772151899,0.75,0.7054303797468368,0.7022142857142856,True,0.1552242990654204,3.5725523111706288,0.0029480586527566,0.1933037974683531,0.0477857142857144,True,V,RV,different-party
127,18729,122,0.8360655737704918,0.7124098360655726,0.040062176625886,0.0039960039960039,0.881578947368421,0.7608695652173914,0.6968815789473708,0.7380652173913036,True,0.1236557377049192,3.0865955901412363,0.0115747230371736,0.1846973684210502,0.0228043478260877,True,V,RV,different-party
127,19928,115,0.991304347826087,0.7276782608695652,0.0404737308212822,0.0009990009990009,1.0,0.9791666666666666,0.6991791044776126,0.7674583333333329,True,0.2636260869565218,6.513510902184975,0.0029480586527566,0.3008208955223874,0.2117083333333337,True,V,S,different-party
127,20349,72,1.0,0.6783611111111114,0.0538524899804478,0.0009990009990009,1.0,1.0,0.672722222222221,0.6952777777777753,False,0.3216388888888886,5.972590849664811,0.0029480586527566,0.327277777777779,0.3047222222222246,True,V,SP,different-party
127,20362,137,0.9927007299270072,0.7409343065693437,0.03617117362044,0.0009990009990009,1.0,0.9824561403508772,0.7125750000000003,0.7807368421052666,True,0.2517664233576636,6.960416214291493,0.0029480586527566,0.2874249999999997,0.2017192982456105,True,V,S,different-party
127,20363,139,0.9928057553956836,0.7300575539568352,0.0360952456837258,0.0009990009990009,1.0,0.984126984126984,0.6947894736842127,0.772603174603178,True,0.2627482014388482,7.279302203428766,0.0029480586527566,0.3052105263157872,0.2115238095238061,True,V,S,different-party
127,20364,133,0.9924812030075189,0.7341503759398453,0.036746632257866,0.0009990009990009,1.0,0.9824561403508772,0.6970526315789505,0.7836140350877232,True,0.2583308270676734,7.030054489207647,0.0029480586527566,0.3029473684210495,0.1988421052631539,True,V,S,different-party
127,20365,119,1.0,0.7067899159663867,0.0394764876844257,0.0009990009990009,1.0,1.0,0.7074878048780503,0.7052432432432415,True,0.2932100840336132,7.427461287273806,0.0029480586527566,0.2925121951219497,0.2947567567567585,True,V,S,different-party
127,20367,147,0.9931972789115646,0.7371360544217664,0.0339434760136535,0.0009990009990009,1.0,0.9846153846153848,0.7072682926829289,0.7748153846153772,True,0.2560612244897982,7.543753750700116,0.0029480586527566,0.2927317073170711,0.2098000000000074,True,V,S,different-party
127,20368,130,0.9923076923076924,0.741461538461539,0.0369302468590771,0.0009990009990009,1.0,0.9824561403508772,0.70853424657534,0.7836315789473726,True,0.2508461538461534,6.792431006577412,0.0029480586527566,0.2914657534246599,0.1988245614035045,True,V,S,different-party
127,20369,125,0.928,0.7343039999999983,0.0380060000532058,0.0009990009990009,0.9558823529411764,0.8947368421052632,0.7122794117647074,0.7605789473684262,True,0.1936960000000017,5.096458446793672,0.0029480586527566,0.243602941176469,0.1341578947368369,True,V,KF,different-party
127,20371,128,1.0,0.718578125,0.0384353719238456,0.0009990009990009,1.0,1.0,0.7082317073170743,0.7370217391304348,True,0.281421875,7.32195009215985,0.0029480586527566,0.2917682926829257,0.2629782608695652,True,V,V,same-party
127,20377,65,0.9846153846153848,0.7923846153846069,0.0449918533784879,0.0009990009990009,1.0,0.972972972972973,0.7639285714285725,0.8139189189189185,True,0.1922307692307777,4.272568360624359,0.0029480586527566,0.2360714285714275,0.1590540540540544,True,V,M,different-party
127,20378,148,0.9932432432432432,0.7360945945945943,0.0336425612013975,0.0009990009990009,1.0,0.9848484848484848,0.7079024390243912,0.7711212121212115,True,0.2571486486486489,7.64355148555,0.0029480586527566,0.2920975609756088,0.2137272727272733,True,V,M,different-party
127,20384,84,1.0,0.6782738095238102,0.0510140060934954,0.0009990009990009,1.0,1.0,0.6748709677419362,0.6878636363636347,True,0.3217261904761898,6.306624692178636,0.0029480586527566,0.3251290322580638,0.3121363636363653,True,V,M,different-party
127,20385,64,0.984375,0.806984375,0.0432110753281534,0.0009990009990009,1.0,0.9791666666666666,0.8169375,0.8036666666666668,False,0.177390625,4.105212000693356,0.0029480586527566,0.1830625,0.1754999999999998,True,V,M,different-party
127,20386,90,1.0,0.7091333333333335,0.0460508220238712,0.0009990009990009,1.0,1.0,0.690984375,0.7538076923076897,True,0.2908666666666665,6.316210088842514,0.0029480586527566,0.309015625,0.2461923076923102,True,V,M,different-party
127,20389,135,0.9925925925925926,0.7303481481481513,0.0357078749897242,0.0009990009990009,1.0,0.984126984126984,0.6955138888888904,0.7701587301587347,True,0.2622444444444413,7.344162723766344,0.0029480586527566,0.3044861111111095,0.2139682539682493,True,V,M,different-party
127,20415,145,0.993103448275862,0.7352206896551738,0.0356687763684577,0.0009990009990009,1.0,0.9848484848484848,0.7025822784810136,0.7742878787878786,True,0.2578827586206882,7.229930064232215,0.0029480586527566,0.2974177215189864,0.2105606060606062,True,V,M,different-party
127,20496,117,0.9914529914529916,0.7288632478632481,0.0400052768628266,0.0009990009990009,1.0,0.98,0.6960746268656725,0.7727999999999997,True,0.2625897435897434,6.563877672691345,0.0029480586527566,0.3039253731343275,0.2072000000000002,True,V,M,different-party
127,20781,140,0.9928571428571428,0.7305785714285722,0.0367343521367775,0.0009990009990009,1.0,0.9846153846153848,0.6952133333333331,0.7713846153846093,True,0.2622785714285707,7.139871977379552,0.0029480586527566,0.3047866666666668,0.2132307692307753,True,V,S,different-party
127,20925,138,0.927536231884058,0.7397608695652175,0.0358984461193728,0.0009990009990009,0.902439024390244,0.9642857142857144,0.7078658536585374,0.7864642857142865,True,0.1877753623188405,5.230737890281725,0.0029480586527566,0.1945731707317065,0.1778214285714278,True,V,KF,different-party
127,20930,62,0.9838709677419356,0.8082419354838707,0.0456958731907752,0.0009990009990009,1.0,0.96875,0.7549999999999991,0.85815625,True,0.1756290322580648,3.843433115389501,0.0029480586527566,0.2450000000000008,0.11059375,True,V,S,different-party
127,21044,148,0.9932432432432432,0.7361486486486502,0.0329569711470913,0.0009990009990009,1.0,0.9848484848484848,0.7062317073170741,0.7733181818181822,True,0.257094594594593,7.800916942492858,0.0029480586527566,0.2937682926829259,0.2115303030303026,True,V,S,different-party
127,21143,105,1.0,0.7046380952380948,0.0425969198590799,0.0009990009990009,1.0,1.0,0.6935,0.7220243902438997,True,0.2953619047619051,6.933879391726624,0.0029480586527566,0.3065,0.2779756097561002,True,V,S,different-party
127,21159,128,0.9921875,0.7378671875,0.036701508801504,0.0009990009990009,1.0,0.9787234042553192,0.7077901234567898,0.7897021276595731,True,0.2543203125,6.929423906669958,0.0029480586527566,0.2922098765432102,0.1890212765957459,True,V,M,different-party
127,21168,106,1.0,0.6926603773584895,0.0431812423706668,0.0009990009990009,1.0,1.0,0.6929444444444431,0.6920588235294116,True,0.3073396226415105,7.117433537537291,0.0029480586527566,0.3070555555555568,0.3079411764705884,True,V,V,same-party
139,168,41,1.0,0.796634146341461,0.0557517495102889,0.0009990009990009,1.0,1.0,0.4985,0.811923076923075,False,0.203365853658539,3.6477035329807537,0.0029480586527566,0.5015000000000001,0.188076923076925,True,V,V,same-party
139,180,40,1.0,0.7697000000000004,0.060388797030618,0.0009990009990009,1.0,1.0,0.6440909090909098,0.8173448275861982,False,0.2302999999999996,3.8136212563272966,0.0029480586527566,0.3559090909090902,0.1826551724138018,True,V,V,same-party
139,201,52,1.0,0.7815769230769225,0.0513103265777682,0.0009990009990009,1.0,1.0,0.6596000000000025,0.8106190476190558,False,0.2184230769230775,4.256902878839132,0.0029480586527566,0.3403999999999975,0.1893809523809442,True,V,S,different-party
139,213,51,1.0,0.7800784313725476,0.0527833179938015,0.0009990009990009,1.0,1.0,0.6588000000000023,0.8096585365853646,False,0.2199215686274523,4.166497616790177,0.0029480586527566,0.3411999999999977,0.1903414634146354,True,V,S,different-party
139,257,50,0.98,0.7858199999999993,0.0511658630880512,0.0009990009990009,1.0,0.975,0.6536000000000024,0.8188750000000011,False,0.1941800000000006,3.795108462566862,0.0029480586527566,0.3463999999999976,0.1561249999999988,True,V,S,different-party
139,273,44,1.0,0.7942727272727266,0.0544366008196441,0.0009990009990009,1.0,1.0,0.502,0.8081904761904848,False,0.2057272727272734,3.779208650607628,0.0029480586527566,0.498,0.1918095238095152,True,V,S,different-party
139,278,47,1.0,0.7842765957446788,0.0549593510076213,0.0009990009990009,1.0,1.0,0.6388181818181837,0.8287222222222228,False,0.2157234042553212,3.925144680573215,0.0029480586527566,0.3611818181818162,0.1712777777777772,True,V,S,different-party
139,286,50,1.0,0.7795199999999992,0.0538690214452704,0.0009990009990009,1.0,1.0,0.6175555555555563,0.8150731707317053,False,0.2204800000000008,4.092890386434864,0.0029480586527566,0.3824444444444437,0.1849268292682947,True,V,S,different-party
139,1619,47,1.0,0.7854042553191477,0.0545078277846712,0.0009990009990009,1.0,1.0,0.6541000000000011,0.8208918918918898,False,0.2145957446808523,3.936971136120037,0.0029480586527566,0.3458999999999989,0.1791081081081101,True,V,S,different-party
139,15770,44,1.0,0.792659090909091,0.0522190937803453,0.0009990009990009,1.0,1.0,0.5005,0.8065714285714363,False,0.2073409090909089,3.970595697486994,0.0029480586527566,0.4995,0.1934285714285637,True,V,S,different-party
139,15787,48,1.0,0.7773125000000003,0.0544747493274171,0.0009990009990009,1.0,1.0,0.6231111111111115,0.8128974358974347,False,0.2226874999999997,4.087903161546467,0.0029480586527566,0.3768888888888885,0.1871025641025653,True,V,S,different-party
139,16180,52,1.0,0.7742884615384614,0.0515478465049226,0.0009990009990009,1.0,1.0,0.6439090909090918,0.8092682926829239,False,0.2257115384615385,4.378680270183231,0.0029480586527566,0.3560909090909082,0.1907317073170761,True,V,S,different-party
139,16351,53,1.0,0.7732641509434028,0.0516864579038352,0.0009990009990009,1.0,1.0,0.6440000000000002,0.8071190476190546,False,0.2267358490565971,4.38675541431855,0.0029480586527566,0.3559999999999997,0.1928809523809453,True,V,S,different-party
139,18695,44,1.0,0.7948863636363638,0.0529003467898874,0.0009990009990009,1.0,1.0,0.483,0.8097380952381038,False,0.2051136363636362,3.8773590119988848,0.0029480586527566,0.517,0.1902619047618962,True,V,V,same-party
139,18696,51,1.0,0.7736470588235294,0.0539255885404354,0.0009990009990009,1.0,1.0,0.6566000000000008,0.8021951219512173,False,0.2263529411764706,4.197505253127513,0.0029480586527566,0.3433999999999991,0.1978048780487826,True,V,V,same-party
139,18698,42,1.0,0.8111666666666747,0.054176040091072,0.0009990009990009,,1.0,,0.8111666666666747,False,0.1888333333333253,3.485550679154276,0.0029480586527566,,0.1888333333333253,False,V,V,same-party
139,18699,53,1.0,0.7747735849056682,0.051167868087115,0.0009990009990009,1.0,1.0,0.6358181818181826,0.8111666666666747,False,0.2252264150943318,4.401715832890985,0.0029480586527566,0.3641818181818174,0.1888333333333253,True,V,V,same-party
139,18716,43,1.0,0.8016511627907039,0.0548596898695227,0.0009990009990009,1.0,1.0,0.532,0.8080714285714362,False,0.198348837209296,3.615566141205778,0.0029480586527566,0.4679999999999999,0.1919285714285638,True,V,S,different-party
139,18718,53,1.0,0.7735849056603842,0.052613354801822,0.0009990009990009,1.0,1.0,0.6404545454545469,0.8084523809523898,False,0.2264150943396158,4.303376874416206,0.0029480586527566,0.359545454545453,0.1915476190476102,True,V,S,different-party
139,18720,48,1.0,0.7821666666666667,0.0510313087452147,0.0009990009990009,1.0,1.0,0.6388181818181835,0.8247837837837835,False,0.2178333333333333,4.268621336382245,0.0029480586527566,0.3611818181818165,0.1752162162162165,True,V,S,different-party
139,20363,53,1.0,0.77330188679246,0.0511600116092265,0.0009990009990009,1.0,1.0,0.6393636363636377,0.8083809523809607,False,0.2266981132075399,4.431158361321714,0.0029480586527566,0.3606363636363623,0.1916190476190392,True,V,S,different-party
139,20364,44,1.0,0.789136363636364,0.0550102102401605,0.0009990009990009,1.0,1.0,0.6476363636363646,0.8363030303030354,False,0.210863636363636,3.8331727045408304,0.0029480586527566,0.3523636363636354,0.1636969696969645,True,V,S,different-party
139,20367,51,1.0,0.7822941176470578,0.0519715727476367,0.0009990009990009,1.0,1.0,0.6628000000000025,0.8114390243902411,False,0.2177058823529422,4.18894158562561,0.0029480586527566,0.3371999999999975,0.1885609756097589,True,V,S,different-party
139,20377,41,1.0,0.7847804878048753,0.0574314819167367,0.0009990009990009,1.0,1.0,0.6578000000000019,0.8257419354838665,False,0.2152195121951247,3.747413526733416,0.0029480586527566,0.342199999999998,0.1742580645161334,True,V,M,different-party
139,20378,51,1.0,0.7872745098039202,0.0523324566016627,0.0009990009990009,1.0,1.0,0.6823333333333349,0.809761904761913,False,0.2127254901960797,4.064886382370225,0.0029480586527566,0.3176666666666651,0.190238095238087,True,V,M,different-party
139,20385,43,1.0,0.8020930232558201,0.0546359178113373,0.0009990009990009,1.0,1.0,0.521,0.808785714285722,False,0.1979069767441799,3.6222870351985312,0.0029480586527566,0.479,0.191214285714278,True,V,M,different-party
139,20388,40,0.95,0.794325,0.0556575883607992,0.0039960039960039,1.0,0.9333333333333332,0.6525000000000021,0.841599999999998,False,0.155675,2.797013032451925,0.0115747230371736,0.3474999999999979,0.0917333333333353,True,V,UFG,different-party
139,20389,53,1.0,0.7764339622641566,0.0532401919163504,0.0009990009990009,1.0,1.0,0.6499090909090928,0.8095714285714369,False,0.2235660377358433,4.199196691234782,0.0029480586527566,0.3500909090909072,0.190428571428563,True,V,M,different-party
139,20415,52,1.0,0.7778653846153845,0.0519041407196594,0.0009990009990009,1.0,1.0,0.655900000000002,0.8069047619047688,False,0.2221346153846155,4.279708946235941,0.0029480586527566,0.3440999999999979,0.1930952380952312,True,V,M,different-party
139,20781,52,1.0,0.7799615384615382,0.0514788755786619,0.0009990009990009,1.0,1.0,0.6600000000000009,0.8085238095238181,False,0.2200384615384618,4.274344749473667,0.0029480586527566,0.3399999999999991,0.1914761904761819,True,V,S,different-party
139,20930,41,1.0,0.8028048780487773,0.0568099003958632,0.0009990009990009,1.0,1.0,0.6597000000000015,0.8489677419354781,False,0.1971951219512226,3.4711400755348243,0.0029480586527566,0.3402999999999985,0.1510322580645219,True,V,S,different-party
139,21044,53,1.0,0.7737169811320829,0.0519554726707353,0.0009990009990009,1.0,1.0,0.6424545454545467,0.8080952380952466,False,0.2262830188679171,4.355325959634167,0.0029480586527566,0.3575454545454533,0.1919047619047533,True,V,S,different-party
152,164,61,1.0,0.7937704918032785,0.0470003740109158,0.0009990009990009,1.0,1.0,0.8000384615384567,0.7891142857142812,True,0.2062295081967214,4.387826959607272,0.0029480586527566,0.1999615384615433,0.2108857142857187,True,S,V,different-party
152,168,132,1.0,0.7250075757575786,0.0371317414121874,0.0009990009990009,1.0,1.0,0.7064054054054039,0.7487413793103449,True,0.2749924242424214,7.405858539997334,0.0029480586527566,0.2935945945945961,0.2512586206896551,True,S,V,different-party
152,180,125,1.0,0.7145999999999983,0.0373242159609511,0.0009990009990009,1.0,1.0,0.7019999999999962,0.7394999999999989,True,0.2854000000000016,7.646510252180227,0.0029480586527566,0.2980000000000038,0.260500000000001,True,S,V,different-party
152,191,107,0.8598130841121495,0.7115981308411224,0.0418783348987968,0.0009990009990009,0.8970588235294118,0.7948717948717948,0.6927352941176496,0.7444871794871762,True,0.148214953271027,3.5391797125937168,0.0029480586527566,0.2043235294117622,0.0503846153846185,True,S,RV,different-party
152,201,120,1.0,0.7055666666666686,0.0412565535923765,0.0009990009990009,1.0,1.0,0.6873648648648629,0.7348478260869579,True,0.2944333333333314,7.136643943708799,0.0029480586527566,0.3126351351351371,0.2651521739130421,True,S,S,same-party
152,208,101,1.0,0.6904653465346523,0.0451213653818578,0.0009990009990009,1.0,1.0,0.680746478873239,0.7134666666666676,True,0.3095346534653477,6.86004625183181,0.0029480586527566,0.319253521126761,0.2865333333333324,True,S,S,same-party
152,213,124,1.0,0.7109516129032262,0.0381421820815096,0.0009990009990009,1.0,1.0,0.6969873417721534,0.7354666666666649,True,0.2890483870967738,7.578181722248575,0.0029480586527566,0.3030126582278466,0.264533333333335,True,S,S,same-party
152,214,59,1.0,0.7626779661016947,0.0515801929510827,0.0009990009990009,1.0,1.0,0.76325,0.7620000000000027,True,0.2373220338983053,4.601030363018905,0.0029480586527566,0.23675,0.2379999999999973,True,S,S,same-party
152,224,106,1.0,0.7164150943396229,0.0405076772352002,0.0009990009990009,1.0,1.0,0.7054794520547921,0.7406060606060646,True,0.2835849056603771,7.00076936067686,0.0029480586527566,0.2945205479452079,0.2593939393939354,True,S,S,same-party
152,257,125,0.992,0.7223119999999991,0.0378966332384957,0.0009990009990009,1.0,0.9814814814814816,0.694422535211267,0.7589814814814808,True,0.2696880000000009,7.116410534486465,0.0029480586527566,0.305577464788733,0.2225000000000007,True,S,S,same-party
152,260,97,1.0,0.6945670103092821,0.043997899790735,0.0009990009990009,1.0,1.0,0.6735238095238048,0.7335588235294102,True,0.3054329896907178,6.941990211883599,0.0029480586527566,0.3264761904761952,0.2664411764705898,True,S,S,same-party
152,266,126,1.0,0.7116428571428521,0.0385649961345888,0.0009990009990009,1.0,1.0,0.6762121212121202,0.7506166666666662,True,0.2883571428571478,7.477172870724635,0.0029480586527566,0.3237878787878798,0.2493833333333338,True,S,S,same-party
152,273,135,1.0,0.7270740740740764,0.0363650717087999,0.0009990009990009,1.0,1.0,0.708027027027027,0.7501803278688507,True,0.2729259259259236,7.505166719082212,0.0029480586527566,0.291972972972973,0.2498196721311493,True,S,S,same-party
152,278,141,1.0,0.7202198581560261,0.0358931202500985,0.0009990009990009,1.0,1.0,0.7014216867469831,0.7471206896551726,True,0.2797801418439739,7.794812484802181,0.0029480586527566,0.2985783132530168,0.2528793103448273,True,S,S,same-party
152,286,136,1.0,0.717198529411766,0.0354009249845617,0.0009990009990009,1.0,1.0,0.6901973684210554,0.7514,True,0.282801470588234,7.988533370570478,0.0029480586527566,0.3098026315789446,0.2486,True,S,S,same-party
152,1619,125,1.0,0.7158879999999986,0.0385322746823403,0.0009990009990009,1.0,1.0,0.6864428571428585,0.7533636363636395,True,0.2841120000000013,7.373351361740713,0.0029480586527566,0.3135571428571415,0.2466363636363605,True,S,S,same-party
152,1845,109,1.0,0.7255229357798167,0.0394129676118115,0.0009990009990009,1.0,1.0,0.6960625,0.7674222222222223,True,0.2744770642201832,6.964130864835624,0.0029480586527566,0.3039374999999999,0.2325777777777776,True,S,V,different-party
152,11702,122,0.9508196721311476,0.7196885245901635,0.0380935022670525,0.0009990009990009,0.9672131147540984,0.9344262295081968,0.690196721311474,0.7491803278688508,True,0.2311311475409839,6.067469090152204,0.0029480586527566,0.2770163934426243,0.1852459016393459,True,S,KF,different-party
152,15760,60,1.0,0.7819000000000017,0.0497927078817635,0.0009990009990009,1.0,1.0,0.8003499999999992,0.7726750000000003,True,0.2180999999999983,4.38015945061459,0.0029480586527566,0.1996500000000007,0.2273249999999996,True,S,S,same-party
152,15762,109,1.0,0.7012935779816503,0.0422593711663126,0.0009990009990009,1.0,1.0,0.6811666666666655,0.7321860465116249,True,0.2987064220183497,7.068406693577724,0.0029480586527566,0.3188333333333345,0.2678139534883751,True,S,S,same-party
152,15770,41,1.0,0.7617804878048756,0.0608238596082179,0.0009990009990009,1.0,1.0,0.7835999999999975,0.7547419354838683,False,0.2382195121951243,3.916547120316881,0.0029480586527566,0.2164000000000024,0.2452580645161317,True,S,S,same-party
152,15776,71,1.0,0.7686478873239431,0.0458755834787897,0.0009990009990009,1.0,1.0,0.7659285714285722,0.7704186046511653,True,0.2313521126760569,5.043033682242341,0.0029480586527566,0.2340714285714278,0.2295813953488347,True,S,S,same-party
152,15787,124,1.0,0.7130000000000004,0.0395525756134803,0.0009990009990009,1.0,1.0,0.7016172839506164,0.7344418604651146,True,0.2869999999999996,7.256164625147299,0.0029480586527566,0.2983827160493836,0.2655581395348854,True,S,S,same-party
152,15793,107,0.9065420560747663,0.6965420560747677,0.040876746401643,0.0009990009990009,0.8970588235294118,0.9230769230769232,0.6704852941176478,0.7419743589743559,True,0.2099999999999986,5.13739518151957,0.0029480586527566,0.226573529411764,0.1811025641025672,True,S,KF,different-party
152,16180,48,1.0,0.7398958333333329,0.0600639383249425,0.0009990009990009,1.0,1.0,0.7203333333333319,0.755111111111115,True,0.2601041666666671,4.330454744068198,0.0029480586527566,0.279666666666668,0.244888888888885,True,S,S,same-party
152,16351,144,1.0,0.7221805555555556,0.0345738153113783,0.0009990009990009,1.0,1.0,0.702783132530116,0.7485737704918021,True,0.2778194444444444,8.035544875286389,0.0029480586527566,0.2972168674698839,0.2514262295081979,True,S,S,same-party
152,17141,88,0.9886363636363636,0.7046818181818176,0.0464918495069937,0.0009990009990009,0.9818181818181818,1.0,0.6802000000000006,0.7454848484848535,True,0.283954545454546,6.107619904685241,0.0029480586527566,0.3016181818181812,0.2545151515151465,True,S,KF,different-party
152,18695,129,1.0,0.7202403100775158,0.0389470829099671,0.0009990009990009,1.0,1.0,0.6952794117647082,0.7480655737704914,True,0.2797596899224842,7.183071722449582,0.0029480586527566,0.3047205882352918,0.2519344262295085,True,S,V,different-party
152,18696,52,1.0,0.7575961538461544,0.0549109288444045,0.0009990009990009,1.0,1.0,0.7533333333333344,0.76125,True,0.2424038461538455,4.414491818936817,0.0029480586527566,0.2466666666666656,0.23875,True,S,V,different-party
152,18698,43,1.0,0.767860465116282,0.0593008580674204,0.0009990009990009,,1.0,,0.767860465116282,False,0.2321395348837179,3.914606676007849,0.0029480586527566,,0.2321395348837179,False,S,V,different-party
152,18699,140,1.0,0.7214571428571435,0.0344291769487192,0.0009990009990009,1.0,1.0,0.6977750000000009,0.7530333333333336,True,0.2785428571428565,8.090314141338144,0.0029480586527566,0.3022249999999991,0.2469666666666664,True,S,V,different-party
152,18713,110,0.9,0.7093818181818182,0.0409123526267785,0.0009990009990009,0.8571428571428571,1.0,0.6940129870129863,0.7452424242424283,True,0.1906181818181818,4.659184074724062,0.0029480586527566,0.1631298701298708,0.2547575757575717,True,S,KF,different-party
152,18715,47,1.0,0.8089148936170191,0.0528362855182626,0.0009990009990009,1.0,1.0,0.7984999999999998,0.8166296296296346,True,0.1910851063829809,3.616550719049565,0.0029480586527566,0.2015000000000002,0.1833703703703654,True,S,S,same-party
152,18716,47,1.0,0.779276595744679,0.0541053019470197,0.0009990009990009,1.0,1.0,0.8140526315789528,0.7556785714285724,False,0.220723404255321,4.079515247349602,0.0029480586527566,0.1859473684210472,0.2443214285714275,True,S,S,same-party
152,18717,138,1.0,0.7210507246376816,0.0362905727981937,0.0009990009990009,1.0,1.0,0.7041585365853665,0.7457857142857139,True,0.2789492753623184,7.6865492565662175,0.0029480586527566,0.2958414634146334,0.254214285714286,True,S,S,same-party
152,18718,137,1.0,0.7191459854014598,0.0360571181493986,0.0009990009990009,1.0,1.0,0.699172839506172,0.7480357142857142,True,0.2808540145985402,7.789142033893354,0.0029480586527566,0.3008271604938279,0.2519642857142857,True,S,S,same-party
152,18719,108,1.0,0.7035000000000003,0.0394466892789238,0.0009990009990009,1.0,1.0,0.6894705882352964,0.7273499999999999,True,0.2964999999999996,7.5164736361897475,0.0029480586527566,0.3105294117647036,0.27265,True,S,S,same-party
152,18720,130,1.0,0.720530769230775,0.0377468353768515,0.0009990009990009,1.0,1.0,0.6982125000000001,0.7562399999999997,True,0.279469230769225,7.40377909774685,0.0029480586527566,0.3017874999999999,0.2437600000000003,True,S,S,same-party
152,18725,122,0.8770491803278688,0.7138688524590159,0.0392163446727846,0.0009990009990009,0.8987341772151899,0.8372093023255814,0.7026708860759502,0.7344418604651147,True,0.1631803278688529,4.161028500499103,0.0029480586527566,0.1960632911392397,0.1027674418604667,True,S,RV,different-party
152,18729,135,0.8518518518518519,0.7169925925925943,0.0352394872949399,0.0009990009990009,0.8701298701298701,0.8275862068965517,0.6927662337662337,0.7491551724137929,True,0.1348592592592575,3.8269359066021904,0.0029480586527566,0.1773636363636364,0.0784310344827587,True,S,RV,different-party
152,19928,111,1.0,0.7079819819819816,0.0414529711495159,0.0009990009990009,1.0,1.0,0.693161764705884,0.73141860465116,True,0.2920180180180184,7.044561823198242,0.0029480586527566,0.306838235294116,0.2685813953488399,True,S,S,same-party
152,20349,72,1.0,0.6793888888888883,0.0530066483235173,0.0009990009990009,1.0,1.0,0.6739444444444431,0.6957222222222204,False,0.3206111111111117,6.048507522194475,0.0029480586527566,0.3260555555555569,0.3042777777777796,True,S,SP,different-party
152,20362,130,1.0,0.7249846153846194,0.0372977829868354,0.0009990009990009,1.0,1.0,0.7083209876543205,0.7525306122448987,True,0.2750153846153805,7.373504873264164,0.0029480586527566,0.2916790123456795,0.2474693877551013,True,S,S,same-party
152,20363,138,1.0,0.7168115942028989,0.0357738967006487,0.0009990009990009,1.0,1.0,0.6906623376623382,0.7498196721311465,True,0.2831884057971011,7.916062601924086,0.0029480586527566,0.3093376623376618,0.2501803278688534,True,S,S,same-party
152,20364,129,1.0,0.7180852713178256,0.0385787077595499,0.0009990009990009,1.0,1.0,0.6918441558441547,0.7569423076923063,True,0.2819147286821744,7.307521300072264,0.0029480586527566,0.3081558441558453,0.2430576923076937,True,S,S,same-party
152,20365,135,1.0,0.7138444444444442,0.0353027684809366,0.0009990009990009,1.0,1.0,0.7046506024096342,0.7285192307692308,True,0.2861555555555558,8.10575396402915,0.0029480586527566,0.2953493975903658,0.2714807692307692,True,S,S,same-party
152,20367,143,1.0,0.7227902097902087,0.034625368084683,0.0009990009990009,1.0,1.0,0.70315662650602,0.7499500000000001,True,0.2772097902097913,8.005973814684681,0.0029480586527566,0.29684337349398,0.2500499999999999,True,S,S,same-party
152,20368,111,1.0,0.7165945945945944,0.0402978161671828,0.0009990009990009,1.0,1.0,0.7061486486486468,0.7374864864864853,True,0.2834054054054056,7.032773295447237,0.0029480586527566,0.2938513513513532,0.2625135135135147,True,S,S,same-party
152,20369,117,0.9316239316239316,0.7181965811965808,0.0391329078679972,0.0009990009990009,0.9558823529411764,0.8979591836734694,0.7114264705882378,0.7275918367346925,True,0.2134273504273508,5.453909817979332,0.0029480586527566,0.2444558823529387,0.1703673469387768,True,S,KF,different-party
152,20371,141,1.0,0.7218510638297855,0.0364510405744709,0.0009990009990009,1.0,1.0,0.7038674698795135,0.7475862068965522,True,0.2781489361702145,7.630754342991802,0.0029480586527566,0.2961325301204864,0.2524137931034478,True,S,V,different-party
152,20377,62,1.0,0.774887096774193,0.0497566075691647,0.0009990009990009,1.0,1.0,0.7663571428571434,0.7819117647058825,True,0.225112903225807,4.524281582358407,0.0029480586527566,0.2336428571428566,0.2180882352941174,True,S,M,different-party
152,20378,143,1.0,0.7247342657342639,0.034268049189879,0.0009990009990009,1.0,1.0,0.706317073170733,0.7494918032786876,True,0.2752657342657361,8.032722631524505,0.0029480586527566,0.293682926829267,0.2505081967213124,True,S,M,different-party
152,20384,85,1.0,0.675811764705881,0.0505051209070103,0.0009990009990009,1.0,1.0,0.6712222222222165,0.6889545454545443,True,0.324188235294119,6.41891811111614,0.0029480586527566,0.3287777777777835,0.3110454545454557,True,S,M,different-party
152,20385,44,1.0,0.7769545454545447,0.0572427218827455,0.0009990009990009,1.0,1.0,0.813875,0.7558571428571431,False,0.2230454545454553,3.8964858275316754,0.0029480586527566,0.1861249999999999,0.2441428571428568,True,S,M,different-party
152,20386,108,0.9907407407407408,0.723564814814816,0.0402419634981788,0.0009990009990009,1.0,0.9772727272727272,0.6909375,0.7710227272727276,True,0.2671759259259246,6.639236823968975,0.0029480586527566,0.3090625,0.2062499999999997,True,S,M,different-party
152,20389,134,1.0,0.7173805970149254,0.0360407453346309,0.0009990009990009,1.0,1.0,0.6905753424657517,0.7494590163934415,True,0.2826194029850746,7.841663660421318,0.0029480586527566,0.3094246575342483,0.2505409836065585,True,S,M,different-party
152,20415,141,1.0,0.7217730496453878,0.0362294017143286,0.0009990009990009,1.0,1.0,0.6998374999999997,0.7505409836065564,True,0.2782269503546122,7.6795899791128495,0.0029480586527566,0.3001625000000003,0.2494590163934436,True,S,M,different-party
152,20496,113,1.0,0.7099911504424835,0.0398356143488031,0.0009990009990009,1.0,1.0,0.6926764705882383,0.736155555555554,True,0.2900088495575165,7.280140002817093,0.0029480586527566,0.3073235294117616,0.263844444444446,True,S,M,different-party
152,20781,137,1.0,0.7166569343065686,0.0363483668973302,0.0009990009990009,1.0,1.0,0.6917631578947396,0.7476721311475403,True,0.2833430656934314,7.795207594711563,0.0029480586527566,0.3082368421052603,0.2523278688524597,True,S,S,same-party
152,20925,135,0.925925925925926,0.7239925925925936,0.036127092885615,0.0009990009990009,0.891566265060241,0.9807692307692308,0.703433734939755,0.7568076923076921,True,0.2019333333333323,5.589526230983772,0.0029480586527566,0.1881325301204859,0.2239615384615386,True,S,KF,different-party
152,20930,57,1.0,0.7823859649122852,0.0482067924647813,0.0009990009990009,1.0,1.0,0.7560333333333328,0.8116666666666714,True,0.2176140350877148,4.514177856713822,0.0029480586527566,0.2439666666666672,0.1883333333333285,True,S,S,same-party
152,21044,144,1.0,0.7219513888888887,0.0346223113505319,0.0009990009990009,1.0,1.0,0.7021445783132488,0.7489016393442616,True,0.2780486111111113,8.030908401695688,0.0029480586527566,0.2978554216867511,0.2510983606557384,True,S,S,same-party
152,21143,124,1.0,0.7156209677419362,0.0378016851995523,0.0009990009990009,1.0,1.0,0.6911692307692341,0.7425593220338983,True,0.2843790322580638,7.522919434857144,0.0029480586527566,0.3088307692307659,0.2574406779661017,True,S,S,same-party
152,21159,120,1.0,0.722191666666668,0.0381612090360576,0.0009990009990009,1.0,1.0,0.7055555555555546,0.7567435897435859,True,0.277808333333332,7.279861942289014,0.0029480586527566,0.2944444444444454,0.2432564102564141,True,S,M,different-party
152,21168,125,1.0,0.7065679999999994,0.0389770777328267,0.0009990009990009,1.0,1.0,0.6905479452054768,0.7290576923076926,True,0.2934320000000006,7.528322210591746,0.0029480586527566,0.3094520547945232,0.2709423076923074,True,S,V,different-party
162,1146,40,1.0,0.7549500000000002,0.0605529864182022,0.0009990009990009,1.0,1.0,0.73225,0.770083333333333,False,0.2450499999999997,4.046868940659508,0.0029480586527566,0.26775,0.229916666666667,True,DD,DD,same-party
162,20355,43,1.0,0.7924883720930296,0.0564544833286667,0.0009990009990009,1.0,1.0,0.8061428571428547,0.7898333333333343,False,0.2075116279069704,3.675733363794672,0.0029480586527566,0.1938571428571452,0.2101666666666657,True,DD,DD,same-party
162,20376,43,1.0,0.7530232558139529,0.0602784162249298,0.0009990009990009,1.0,1.0,0.7295625,0.7669259259259301,False,0.2469767441860471,4.09726664457224,0.0029480586527566,0.2704375,0.2330740740740698,True,DD,DD,same-party
164,168,79,1.0,0.8069113924050659,0.0407662858084977,0.0009990009990009,1.0,1.0,0.7874814814814864,0.8170000000000005,True,0.193088607594934,4.736477796922201,0.0029480586527566,0.2125185185185135,0.1829999999999995,True,V,V,same-party
164,180,66,1.0,0.811363636363638,0.0434870597519552,0.0009990009990009,1.0,1.0,0.7830370370370412,0.8309743589743568,True,0.188636363636362,4.337758512815541,0.0029480586527566,0.2169629629629588,0.1690256410256432,True,V,V,same-party
164,201,60,1.0,0.8103500000000029,0.0472328463582421,0.0009990009990009,1.0,1.0,0.7831176470588245,0.8211162790697766,False,0.1896499999999971,4.015214297304428,0.0029480586527566,0.2168823529411755,0.1788837209302234,True,V,S,different-party
164,213,64,1.0,0.812515625,0.0450404232185715,0.0009990009990009,1.0,1.0,0.7913636363636384,0.8235952380952481,True,0.187484375,4.162580224661261,0.0029480586527566,0.2086363636363616,0.1764047619047518,True,V,S,different-party
164,214,46,1.0,0.7903913043478249,0.0564991200167424,0.0009990009990009,1.0,1.0,0.7866250000000005,0.7945000000000028,True,0.2096086956521751,3.709946200756073,0.0029480586527566,0.2133749999999995,0.2054999999999972,True,V,S,different-party
164,224,61,1.0,0.8177868852459028,0.043715154698384,0.0009990009990009,1.0,1.0,0.8027826086956491,0.8268684210526317,True,0.1822131147540971,4.168191008616809,0.0029480586527566,0.1972173913043509,0.1731315789473683,True,V,S,different-party
164,244,49,1.0,0.8086734693877649,0.0486299298398533,0.0009990009990009,1.0,1.0,0.7779523809523838,0.8317142857142857,True,0.1913265306122351,3.93433696578025,0.0029480586527566,0.2220476190476161,0.1682857142857142,True,V,S,different-party
164,257,64,1.0,0.82515625,0.044249161141192,0.0009990009990009,1.0,1.0,0.80575,0.8316250000000005,False,0.1748437499999999,3.951346093140647,0.0029480586527566,0.19425,0.1683749999999995,True,V,S,different-party
164,260,42,1.0,0.8206428571428676,0.0526712992277798,0.0009990009990009,1.0,1.0,0.810000000000002,0.8224166666666672,False,0.1793571428571324,3.405215847847093,0.0029480586527566,0.1899999999999979,0.1775833333333327,True,V,S,different-party
164,266,45,1.0,0.7862666666666652,0.0582754334999821,0.0009990009990009,1.0,1.0,0.776399999999997,0.7890857142857102,False,0.2137333333333347,3.6676403845781818,0.0029480586527566,0.223600000000003,0.2109142857142898,True,V,S,different-party
164,273,85,1.0,0.8051058823529381,0.0393631637805567,0.0009990009990009,1.0,1.0,0.7865185185185237,0.813758620689646,True,0.1948941176470618,4.951180213398622,0.0029480586527566,0.2134814814814762,0.186241379310354,True,V,S,different-party
164,278,79,1.0,0.8130000000000018,0.0407977233618507,0.0009990009990009,1.0,1.0,0.7858888888888926,0.8270769230769223,True,0.1869999999999981,4.583589097397009,0.0029480586527566,0.2141111111111073,0.1729230769230777,True,V,S,different-party
164,286,77,1.0,0.8114415584415607,0.0404881629688284,0.0009990009990009,1.0,1.0,0.7943499999999997,0.817438596491233,True,0.1885584415584392,4.657125138120219,0.0029480586527566,0.2056500000000003,0.182561403508767,True,V,S,different-party
164,1454,47,0.9361702127659576,0.8039574468085087,0.0542144055027147,0.0079920079920079,1.0,0.926829268292683,0.8158333333333364,0.8022195121951192,False,0.1322127659574488,2.438701757060278,0.0229753900888258,0.1841666666666636,0.1246097560975637,True,V,KF,different-party
164,1619,65,1.0,0.8230615384615272,0.0442913626087582,0.0009990009990009,1.0,1.0,0.809846153846148,0.8263653846153844,False,0.1769384615384728,3.99487509791547,0.0029480586527566,0.190153846153852,0.1736346153846155,True,V,S,different-party
164,1845,44,1.0,0.803272727272728,0.0561587633344885,0.0009990009990009,1.0,1.0,0.7890000000000021,0.812259259259264,False,0.1967272727272719,3.5030556416554277,0.0029480586527566,0.2109999999999978,0.187740740740736,True,V,V,same-party
164,11702,51,0.9215686274509804,0.7939803921568629,0.0514040609228439,0.0039960039960039,0.8461538461538461,0.9473684210526316,0.8083846153846085,0.7890526315789467,False,0.1275882352941174,2.482065288297433,0.0115747230371736,0.0377692307692376,0.1583157894736848,True,V,KF,different-party
164,15760,56,1.0,0.7894285714285715,0.050320011249046,0.0009990009990009,1.0,1.0,0.7796666666666704,0.7952857142857093,True,0.2105714285714285,4.184645896227233,0.0029480586527566,0.2203333333333296,0.2047142857142907,True,V,S,different-party
164,15762,58,1.0,0.7994655172413733,0.0493206585008036,0.0009990009990009,1.0,1.0,0.7955999999999968,0.8002708333333337,False,0.2005344827586267,4.065932792753755,0.0029480586527566,0.2044000000000032,0.1997291666666663,True,V,S,different-party
164,15770,54,1.0,0.8023703703703722,0.0510924148172701,0.0009990009990009,1.0,1.0,0.7496363636363677,0.815860465116288,False,0.1976296296296278,3.868081599518085,0.0029480586527566,0.2503636363636323,0.184139534883712,True,V,S,different-party
164,15776,58,1.0,0.7913620689655119,0.0484009453422456,0.0009990009990009,1.0,1.0,0.7931499999999998,0.7904210526315795,True,0.2086379310344881,4.310616860046809,0.0029480586527566,0.2068500000000002,0.2095789473684205,True,V,S,different-party
164,15787,63,1.0,0.8129682539682618,0.0446588559037057,0.0009990009990009,1.0,1.0,0.7974615384615334,0.8238648648648631,True,0.1870317460317382,4.188010244485874,0.0029480586527566,0.2025384615384665,0.1761351351351369,True,V,S,different-party
164,16180,55,1.0,0.801654545454547,0.050375106653708,0.0009990009990009,1.0,1.0,0.73676923076923,0.8217380952381038,False,0.198345454545453,3.937370414100221,0.0029480586527566,0.26323076923077,0.1782619047618961,True,V,S,different-party
164,16351,82,1.0,0.8041463414634136,0.0396913152290325,0.0009990009990009,1.0,1.0,0.7877777777777827,0.8121818181818214,True,0.1958536585365864,4.934420978655994,0.0029480586527566,0.2122222222222173,0.1878181818181785,True,V,S,different-party
164,18695,79,1.0,0.7993164556962054,0.0420735801320015,0.0009990009990009,1.0,1.0,0.7686666666666702,0.81041379310344,True,0.2006835443037946,4.769823335075608,0.0029480586527566,0.2313333333333298,0.18958620689656,True,V,V,same-party
164,18696,57,1.0,0.810000000000006,0.0481246477911685,0.0009990009990009,1.0,1.0,0.7939333333333322,0.815738095238103,False,0.1899999999999939,3.9480808425752536,0.0029480586527566,0.2060666666666678,0.1842619047618969,True,V,V,same-party
164,18698,58,1.0,0.8139482758620601,0.0487578046936127,0.0009990009990009,,1.0,,0.8139482758620601,False,0.1860517241379399,3.815834722401119,0.0029480586527566,,0.1860517241379399,False,V,V,same-party
164,18699,79,1.0,0.8041772151898767,0.0414986208303095,0.0009990009990009,1.0,1.0,0.785916666666667,0.8121454545454557,True,0.1958227848101232,4.718778139901443,0.0029480586527566,0.2140833333333329,0.1878545454545442,True,V,V,same-party
164,18700,51,1.0,0.8014901960784303,0.0510685791085393,0.0009990009990009,1.0,1.0,0.7895384615384572,0.8055789473684203,False,0.1985098039215697,3.887122128455229,0.0029480586527566,0.2104615384615428,0.1944210526315797,True,V,V,same-party
164,18715,71,1.0,0.8160422535211286,0.0412506739693346,0.0009990009990009,1.0,1.0,0.7812380952380982,0.8306600000000007,True,0.1839577464788714,4.45950887046413,0.0029480586527566,0.2187619047619018,0.1693399999999992,True,V,S,different-party
164,18716,63,1.0,0.8106031746031818,0.0456017950984147,0.0009990009990009,1.0,1.0,0.7926499999999992,0.8189534883721017,True,0.1893968253968182,4.153275654786715,0.0029480586527566,0.2073500000000008,0.1810465116278983,True,V,S,different-party
164,18717,55,1.0,0.8026181818181848,0.0504949943577628,0.0009990009990009,1.0,1.0,0.8121999999999967,0.7946333333333316,True,0.1973818181818152,3.9089383154168176,0.0029480586527566,0.1878000000000033,0.2053666666666683,True,V,S,different-party
164,18718,79,1.0,0.8097721518987359,0.0399951911850565,0.0009990009990009,1.0,1.0,0.7853199999999984,0.8210925925925932,True,0.1902278481012641,4.756268002847788,0.0029480586527566,0.2146800000000016,0.1789074074074068,True,V,S,different-party
164,18719,41,1.0,0.7781951219512165,0.0616332803203143,0.0009990009990009,1.0,1.0,0.8028125,0.7624399999999981,False,0.2218048780487834,3.598784242799364,0.0029480586527566,0.1971874999999999,0.2375600000000018,True,V,S,different-party
164,18720,71,1.0,0.8190140845070428,0.0414720460441435,0.0009990009990009,1.0,1.0,0.7860000000000001,0.8358723404255284,True,0.1809859154929571,4.364045972082321,0.0029480586527566,0.2139999999999998,0.1641276595744716,True,V,S,different-party
164,18726,74,0.9054054054054054,0.8163513513513528,0.0406776082887871,0.0169830169830169,0.8421052631578947,0.9272727272727272,0.8108421052631632,0.8182545454545487,False,0.0890540540540525,2.1892647527804723,0.04839554483106,0.0312631578947314,0.1090181818181785,True,V,RV,different-party
164,19928,69,1.0,0.7911304347826071,0.0455915220568861,0.0009990009990009,1.0,1.0,0.76857142857143,0.8009999999999995,True,0.2088695652173928,4.581324680425868,0.0029480586527566,0.2314285714285699,0.1990000000000005,True,V,S,different-party
164,20357,66,0.9090909090909092,0.8124090909090922,0.0442215531856289,0.0149850149850149,0.8695652173913043,0.9302325581395348,0.8011739130434768,0.818418604651172,True,0.0966818181818168,2.1863053469871416,0.0427851369409811,0.0683913043478274,0.1118139534883628,True,V,KF,different-party
164,20362,80,1.0,0.8094999999999992,0.0395609032387296,0.0009990009990009,1.0,1.0,0.8008846153846102,0.8136481481481508,True,0.1905000000000007,4.815360227000669,0.0029480586527566,0.1991153846153898,0.1863518518518492,True,V,S,different-party
164,20363,76,1.0,0.8007763157894708,0.0450392946239755,0.0009990009990009,1.0,1.0,0.7669047619047642,0.8137090909090926,True,0.1992236842105291,4.42333046895627,0.0029480586527566,0.2330952380952358,0.1862909090909074,True,V,S,different-party
164,20364,78,1.0,0.7996923076923056,0.0433288687695457,0.0009990009990009,1.0,1.0,0.7672380952380969,0.8116491228070225,True,0.2003076923076944,4.622961503404939,0.0029480586527566,0.232761904761903,0.1883508771929775,True,V,S,different-party
164,20365,56,1.0,0.7790535714285716,0.0513284402616865,0.0009990009990009,1.0,1.0,0.7914074074074126,0.767551724137928,True,0.2209464285714284,4.304561514921991,0.0029480586527566,0.2085925925925874,0.2324482758620719,True,V,S,different-party
164,20367,83,1.0,0.8096626506024177,0.0411809958586939,0.0009990009990009,1.0,1.0,0.7964999999999945,0.8156666666666705,True,0.1903373493975823,4.621970533463898,0.0029480586527566,0.2035000000000054,0.1843333333333294,True,V,S,different-party
164,20368,69,1.0,0.805159420289853,0.0450967979107691,0.0009990009990009,1.0,1.0,0.7898148148148197,0.8150238095238183,True,0.194840579710147,4.320496991730292,0.0029480586527566,0.2101851851851802,0.1849761904761817,True,V,S,different-party
164,20371,62,1.0,0.79240322580645,0.0483692234526159,0.0009990009990009,1.0,1.0,0.7901851851851907,0.7941142857142803,True,0.20759677419355,4.291918690754222,0.0029480586527566,0.2098148148148093,0.2058857142857196,True,V,V,same-party
164,20377,75,1.0,0.8007333333333349,0.0426879639038822,0.0009990009990009,1.0,1.0,0.7950499999999996,0.8028000000000021,True,0.1992666666666651,4.66798245789706,0.0029480586527566,0.2049500000000004,0.1971999999999979,True,V,M,different-party
164,20378,83,1.0,0.8124457831325392,0.0381597716555467,0.0009990009990009,1.0,1.0,0.8105999999999979,0.8132413793103354,True,0.1875542168674607,4.914972200579159,0.0029480586527566,0.1894000000000021,0.1867586206896646,True,V,M,different-party
164,20385,60,1.0,0.8124500000000028,0.0441084364409995,0.0009990009990009,1.0,1.0,0.7917058823529428,0.8206511627907064,False,0.1875499999999972,4.252021044791932,0.0029480586527566,0.2082941176470572,0.1793488372092936,True,V,M,different-party
164,20386,44,0.9772727272727272,0.799454545454546,0.0577267156177136,0.0009990009990009,1.0,0.9629629629629628,0.7801176470588242,0.8116296296296349,False,0.1778181818181813,3.080344688164056,0.0029480586527566,0.2198823529411757,0.151333333333328,True,V,M,different-party
164,20389,72,1.0,0.8061805555555556,0.043356296710518,0.0009990009990009,1.0,1.0,0.7833529411764723,0.813236363636366,False,0.1938194444444444,4.470387444263074,0.0029480586527566,0.2166470588235277,0.186763636363634,True,V,M,different-party
164,20415,81,1.0,0.8089382716049355,0.0408908465461997,0.0009990009990009,1.0,1.0,0.7984347826086949,0.8131034482758527,True,0.1910617283950645,4.672481607324928,0.0029480586527566,0.201565217391305,0.1868965517241473,True,V,M,different-party
164,20496,62,1.0,0.8113225806451597,0.046087735182778,0.0009990009990009,1.0,1.0,0.7768499999999994,0.8277380952381054,True,0.1886774193548402,4.093874836907689,0.0029480586527566,0.2231500000000006,0.1722619047618946,True,V,M,different-party
164,20781,76,1.0,0.8065394736842074,0.0432604698082641,0.0009990009990009,1.0,1.0,0.7863157894736884,0.8132807017543907,False,0.1934605263157925,4.471993188544503,0.0029480586527566,0.2136842105263116,0.1867192982456093,True,V,S,different-party
164,20925,83,0.9036144578313252,0.8063132530120566,0.0391051724186771,0.0119880119880119,0.8148148148148148,0.9464285714285714,0.7867037037037075,0.8157678571428578,True,0.0973012048192687,2.4881927070291203,0.0343284198705885,0.0281111111111073,0.1306607142857135,True,V,KF,different-party
164,20930,66,1.0,0.8230909090909109,0.0426534634060168,0.0009990009990009,1.0,1.0,0.8045,0.8290400000000006,False,0.1769090909090891,4.147590295894557,0.0029480586527566,0.1955,0.1709599999999994,True,V,S,different-party
164,21044,85,1.0,0.805141176470586,0.0392792824728451,0.0009990009990009,1.0,1.0,0.7885925925925973,0.8128448275861982,True,0.1948588235294139,4.960854966333084,0.0029480586527566,0.2114074074074027,0.1871551724138017,True,V,S,different-party
164,21143,51,1.0,0.7737450980392134,0.0554540777537212,0.0009990009990009,1.0,1.0,0.7609444444444453,0.7807272727272772,False,0.2262549019607865,4.080040839658607,0.0029480586527566,0.2390555555555547,0.2192727272727228,True,V,S,different-party
164,21159,69,1.0,0.8195507246376789,0.042417408450201,0.0009990009990009,1.0,1.0,0.8043599999999962,0.8281818181818198,True,0.1804492753623211,4.254132488413866,0.0029480586527566,0.1956400000000038,0.1718181818181802,True,V,M,different-party
164,21168,43,1.0,0.7703720930232576,0.0610305007176702,0.0009990009990009,1.0,1.0,0.7875882352941187,0.7591153846153816,False,0.2296279069767424,3.762510618076218,0.0029480586527566,0.2124117647058813,0.2408846153846183,True,V,V,same-party
168,180,137,1.0,0.7365547445255487,0.03551618944772,0.0009990009990009,1.0,1.0,0.7035200000000003,0.7765161290322566,True,0.2634452554744513,7.417610379127057,0.0029480586527566,0.2964799999999997,0.2234838709677433,True,V,V,same-party
168,191,125,0.872,0.7319839999999992,0.0371406404249326,0.0009990009990009,0.8840579710144928,0.8571428571428571,0.6899710144927559,0.7837499999999998,True,0.1400160000000008,3.769886528558818,0.0029480586527566,0.1940869565217369,0.0733928571428572,True,V,RV,different-party
168,201,128,1.0,0.73178125,0.037221028145206,0.0009990009990009,1.0,1.0,0.6909230769230813,0.7739365079365109,True,0.2682187499999999,7.206108035318897,0.0029480586527566,0.3090769230769187,0.226063492063489,True,V,S,different-party
168,208,93,1.0,0.6922365591397862,0.0475174474223224,0.0009990009990009,1.0,1.0,0.6828095238095185,0.7120333333333347,True,0.3077634408602138,6.476851294744312,0.0029480586527566,0.3171904761904814,0.2879666666666652,True,V,S,different-party
168,213,132,1.0,0.7349242424242441,0.0369442921293423,0.0009990009990009,1.0,1.0,0.7017142857142871,0.7724193548387087,True,0.2650757575757558,7.175012493072627,0.0029480586527566,0.2982857142857129,0.2275806451612912,True,V,S,different-party
168,214,48,1.0,0.7743749999999994,0.0582921317623885,0.0009990009990009,1.0,1.0,0.7855833333333336,0.7631666666666664,True,0.2256250000000006,3.870590990216269,0.0029480586527566,0.2144166666666663,0.2368333333333335,True,V,S,different-party
168,224,118,1.0,0.7425254237288146,0.037608189017749,0.0009990009990009,1.0,1.0,0.7075076923076958,0.7854716981132135,True,0.2574745762711854,6.846237029644557,0.0029480586527566,0.2924923076923041,0.2145283018867865,True,V,S,different-party
168,244,51,1.0,0.7973725490196074,0.0500017183362661,0.0009990009990009,1.0,1.0,0.7871428571428618,0.8045333333333322,True,0.2026274509803926,4.052409751555027,0.0029480586527566,0.2128571428571382,0.1954666666666678,True,V,S,different-party
168,257,134,0.9925373134328358,0.7434253731343281,0.0339585413711226,0.0009990009990009,1.0,0.9859154929577464,0.6956984126984079,0.7857746478873237,True,0.2491119402985077,7.335766797991658,0.0029480586527566,0.304301587301592,0.2001408450704228,True,V,S,different-party
168,260,108,1.0,0.7262407407407412,0.0424480848301682,0.0009990009990009,1.0,1.0,0.6740925925925909,0.7783888888888899,True,0.2737592592592588,6.449272337127814,0.0029480586527566,0.3259074074074091,0.2216111111111101,True,V,S,different-party
168,266,115,1.0,0.7120000000000011,0.0384473215324031,0.0009990009990009,1.0,1.0,0.6760344827586252,0.7485964912280735,True,0.2879999999999989,7.490768888992031,0.0029480586527566,0.3239655172413748,0.2514035087719265,True,V,S,different-party
168,273,153,1.0,0.7426274509803931,0.0326850480158168,0.0009990009990009,1.0,1.0,0.7067199999999996,0.7771538461538454,True,0.2573725490196069,7.874320664759629,0.0029480586527566,0.2932800000000004,0.2228461538461545,True,V,S,different-party
168,278,150,1.0,0.7431200000000016,0.0324678950449714,0.0009990009990009,1.0,1.0,0.7042933333333337,0.7819466666666682,True,0.2568799999999984,7.911815645707623,0.0029480586527566,0.2957066666666663,0.2180533333333317,True,V,S,different-party
168,286,145,1.0,0.7404137931034492,0.0331389819988236,0.0009990009990009,1.0,1.0,0.6972794117647066,0.778506493506494,True,0.2595862068965507,7.833258333215106,0.0029480586527566,0.3027205882352933,0.2214935064935059,True,V,S,different-party
168,1454,47,0.9361702127659576,0.8052127659574461,0.0538738629847364,0.0119880119880119,1.0,0.926829268292683,0.8188333333333353,0.8032195121951189,False,0.1309574468085114,2.430815975561548,0.0343284198705885,0.1811666666666647,0.123609756097564,True,V,KF,different-party
168,1619,136,1.0,0.7397941176470599,0.0344800772466532,0.0009990009990009,1.0,1.0,0.6902950819672121,0.7800533333333338,True,0.26020588235294,7.5465574073850545,0.0029480586527566,0.3097049180327879,0.2199466666666661,True,V,S,different-party
168,1845,107,1.0,0.7216822429906529,0.041572912425639,0.0009990009990009,1.0,1.0,0.6930307692307729,0.7660238095238124,True,0.2783177570093471,6.6946899019204045,0.0029480586527566,0.3069692307692271,0.2339761904761875,True,V,V,same-party
168,11702,119,0.9495798319327732,0.7176302521008411,0.0387584204936488,0.0009990009990009,0.9672131147540984,0.9310344827586208,0.6898524590163929,0.7468448275862081,True,0.2319495798319319,5.984495159443873,0.0029480586527566,0.2773606557377054,0.1841896551724126,True,V,KF,different-party
168,15760,61,1.0,0.7766393442622949,0.0493805989200538,0.0009990009990009,1.0,1.0,0.781857142857147,0.7738999999999991,True,0.2233606557377051,4.523247198749483,0.0029480586527566,0.2181428571428529,0.2261000000000008,True,V,S,different-party
168,15762,118,1.0,0.7282711864406778,0.0367260062092341,0.0009990009990009,1.0,1.0,0.6835000000000043,0.7715500000000008,True,0.2717288135593222,7.398811948438887,0.0029480586527566,0.3164999999999957,0.2284499999999991,True,V,S,different-party
168,15770,59,1.0,0.7904576271186439,0.0492391716745651,0.0009990009990009,1.0,1.0,0.7587272727272786,0.7977291666666657,False,0.2095423728813561,4.255603125622778,0.0029480586527566,0.2412727272727214,0.2022708333333343,True,V,S,different-party
168,15776,60,1.0,0.7803000000000004,0.0477233784867013,0.0009990009990009,1.0,1.0,0.8004500000000003,0.7702249999999998,True,0.2196999999999995,4.603613720709682,0.0029480586527566,0.1995499999999996,0.2297750000000001,True,V,S,different-party
168,15787,137,1.0,0.7370948905109499,0.0349425387006321,0.0009990009990009,1.0,1.0,0.7081081081081063,0.7711428571428591,True,0.2629051094890501,7.52392697455304,0.0029480586527566,0.2918918918918937,0.2288571428571408,True,V,S,different-party
168,15793,95,0.9473684210526316,0.7002315789473704,0.0424274015905941,0.0009990009990009,0.9661016949152542,0.9166666666666666,0.6755932203389837,0.7406111111111118,True,0.2471368421052611,5.824934661095288,0.0029480586527566,0.2905084745762705,0.1760555555555548,True,V,KF,different-party
168,16180,57,1.0,0.7848245614035123,0.0498469428598809,0.0009990009990009,1.0,1.0,0.7303076923076917,0.8009318181818187,False,0.2151754385964877,4.316722877094843,0.0029480586527566,0.2696923076923083,0.1990681818181813,True,V,S,different-party
168,16351,153,1.0,0.7404379084967335,0.033772153416333,0.0009990009990009,1.0,1.0,0.7037733333333352,0.7756923076923067,True,0.2595620915032665,7.68568377335796,0.0029480586527566,0.2962266666666647,0.2243076923076933,True,V,S,different-party
168,17141,89,0.9775280898876404,0.7033483146067439,0.0477686298583419,0.0009990009990009,0.9642857142857144,1.0,0.6798392857142851,0.7432424242424273,True,0.2741797752808965,5.739745437413169,0.0029480586527566,0.2844464285714292,0.2567575757575727,True,V,KF,different-party
168,18695,147,1.0,0.736224489795915,0.0343627595700305,0.0009990009990009,1.0,1.0,0.6923478260869596,0.7750384615384609,True,0.2637755102040849,7.676202770226185,0.0029480586527566,0.3076521739130404,0.2249615384615391,True,V,V,same-party
168,18696,59,1.0,0.795033898305085,0.0492132348312536,0.0009990009990009,1.0,1.0,0.8001999999999974,0.7932727272727277,False,0.204966101694915,4.164857327459157,0.0029480586527566,0.1998000000000026,0.2067272727272723,True,V,V,same-party
168,18698,60,1.0,0.7996500000000027,0.0479491508319366,0.0009990009990009,,1.0,,0.7996500000000027,False,0.2003499999999972,4.178384737244474,0.0029480586527566,,0.2003499999999972,False,V,V,same-party
168,18699,149,1.0,0.7422550335570463,0.0319828716754483,0.0009990009990009,1.0,1.0,0.7017361111111106,0.7801428571428582,True,0.2577449664429537,8.058843779209855,0.0029480586527566,0.2982638888888894,0.2198571428571417,True,V,V,same-party
168,18700,45,1.0,0.8011111111111087,0.0532928144752862,0.0009990009990009,1.0,1.0,0.784076923076918,0.80803125,False,0.1988888888888913,3.7320019752592217,0.0029480586527566,0.215923076923082,0.19196875,True,V,V,same-party
168,18713,101,0.9405940594059404,0.7119306930693073,0.0444245709752302,0.0009990009990009,0.9117647058823528,1.0,0.6969411764705901,0.742818181818185,True,0.2286633663366332,5.147227341016497,0.0029480586527566,0.2148235294117628,0.2571818181818149,True,V,KF,different-party
168,18715,65,1.0,0.8195692307692193,0.0432302543412496,0.0009990009990009,1.0,1.0,0.7836666666666717,0.8367045454545482,True,0.1804307692307807,4.173715190442834,0.0029480586527566,0.2163333333333282,0.1632954545454518,True,V,S,different-party
168,18716,65,1.0,0.8003384615384527,0.0454412690471196,0.0009990009990009,1.0,1.0,0.7954999999999995,0.8024888888888869,True,0.1996615384615473,4.3938372023569885,0.0029480586527566,0.2045000000000004,0.197511111111113,True,V,S,different-party
168,18717,129,1.0,0.7258682170542592,0.0359348271648375,0.0009990009990009,1.0,1.0,0.7098493150684901,0.7467500000000001,True,0.2741317829457408,7.628582202114506,0.0029480586527566,0.2901506849315098,0.2532499999999998,True,V,S,different-party
168,18718,146,1.0,0.7398767123287673,0.0312889909759788,0.0009990009990009,1.0,1.0,0.7009589041095866,0.7787945205479421,True,0.2601232876712327,8.313572267988263,0.0029480586527566,0.2990410958904134,0.2212054794520579,True,V,S,different-party
168,18719,96,1.0,0.7088333333333328,0.0458630125037032,0.0009990009990009,1.0,1.0,0.6973898305084759,0.7270810810810802,True,0.2911666666666672,6.348616254615998,0.0029480586527566,0.3026101694915241,0.2729189189189198,True,V,S,different-party
168,18720,142,1.0,0.743669014084507,0.0346132004294012,0.0009990009990009,1.0,1.0,0.7022222222222222,0.7862999999999996,True,0.2563309859154929,7.405584653702223,0.0029480586527566,0.2977777777777778,0.2137000000000004,True,V,S,different-party
168,18725,110,0.8909090909090909,0.7153909090909101,0.0409222342664152,0.0009990009990009,0.9142857142857144,0.85,0.7066714285714295,0.7306500000000004,True,0.1755181818181808,4.289066444307714,0.0029480586527566,0.2076142857142847,0.1193499999999996,True,V,RV,different-party
168,18729,127,0.8503937007874016,0.7190157480314907,0.0377959447250297,0.0009990009990009,0.8695652173913043,0.8275862068965517,0.6951594202898579,0.7473965517241373,True,0.1313779527559109,3.47598012727826,0.0029480586527566,0.1744057971014464,0.0801896551724143,True,V,RV,different-party
168,19928,129,1.0,0.7291705426356544,0.0368536235654335,0.0009990009990009,1.0,1.0,0.6916666666666683,0.7723000000000013,True,0.2708294573643456,7.348787749011658,0.0029480586527566,0.3083333333333317,0.2276999999999986,True,V,S,different-party
168,20349,72,1.0,0.680833333333334,0.0537745611960126,0.0009990009990009,1.0,1.0,0.6750555555555539,0.6981666666666642,False,0.319166666666666,5.935272358676764,0.0029480586527566,0.3249444444444461,0.3018333333333358,True,V,SP,different-party
168,20362,143,1.0,0.7439930069930064,0.0345248469815379,0.0009990009990009,1.0,1.0,0.7092297297297284,0.7812753623188402,True,0.2560069930069936,7.415152140830406,0.0029480586527566,0.2907702702702716,0.2187246376811598,True,V,S,different-party
168,20363,147,1.0,0.7372040816326506,0.0358424003391182,0.0009990009990009,1.0,1.0,0.6934782608695673,0.7758846153846146,True,0.2627959183673494,7.331984350404537,0.0029480586527566,0.3065217391304327,0.2241153846153853,True,V,S,different-party
168,20364,138,1.0,0.7387826086956534,0.03596592994049,0.0009990009990009,1.0,1.0,0.6943623188405824,0.783202898550724,True,0.2612173913043466,7.262912198754831,0.0029480586527566,0.3056376811594176,0.216797101449276,True,V,S,different-party
168,20365,124,1.0,0.7146129032258056,0.039887915217908,0.0009990009990009,1.0,1.0,0.7060266666666666,0.7277551020408143,True,0.2853870967741944,7.154725816456494,0.0029480586527566,0.2939733333333334,0.2722448979591857,True,V,S,different-party
168,20367,151,1.0,0.7442450331125791,0.0332758136220786,0.0009990009990009,1.0,1.0,0.7091351351351332,0.7779870129870149,True,0.2557549668874209,7.685911749359204,0.0029480586527566,0.2908648648648668,0.2220129870129851,True,V,S,different-party
168,20368,129,1.0,0.7375038759689899,0.0368421351269955,0.0009990009990009,1.0,1.0,0.7050666666666671,0.782555555555556,True,0.2624961240310101,7.124889019764492,0.0029480586527566,0.2949333333333329,0.217444444444444,True,V,S,different-party
168,20369,137,0.9343065693430656,0.7397956204379563,0.0349352269751988,0.0009990009990009,0.9558823529411764,0.9130434782608696,0.7145441176470609,0.7646811594202904,True,0.1945109489051093,5.567759701209211,0.0029480586527566,0.2413382352941155,0.1483623188405791,True,V,KF,different-party
168,20371,133,1.0,0.7235263157894715,0.0376387842986223,0.0009990009990009,1.0,1.0,0.7056666666666678,0.746620689655173,True,0.2764736842105285,7.345446707763293,0.0029480586527566,0.2943333333333322,0.2533793103448269,True,V,V,same-party
168,20377,69,1.0,0.8024202898550703,0.0440626297941589,0.0009990009990009,1.0,1.0,0.7960000000000003,0.8050408163265399,True,0.1975797101449297,4.484065319476721,0.0029480586527566,0.2039999999999997,0.1949591836734601,True,V,M,different-party
168,20378,151,1.0,0.7451125827814543,0.0330521068701451,0.0009990009990009,1.0,1.0,0.7138904109589025,0.7743333333333315,True,0.2548874172185457,7.711684408499145,0.0029480586527566,0.2861095890410975,0.2256666666666684,True,V,M,different-party
168,20384,77,1.0,0.6718051948051948,0.0556807348210586,0.0009990009990009,1.0,1.0,0.6656000000000003,0.6873181818181804,True,0.3281948051948051,5.894225466842816,0.0029480586527566,0.3343999999999997,0.3126818181818196,True,V,M,different-party
168,20385,62,1.0,0.8028387096774192,0.0474162454172052,0.0009990009990009,1.0,1.0,0.8015294117647078,0.8033333333333319,False,0.1971612903225807,4.158095787378386,0.0029480586527566,0.1984705882352921,0.1966666666666681,True,V,M,different-party
168,20386,106,0.9905660377358492,0.7199339622641514,0.0403695795080401,0.0009990009990009,1.0,0.975609756097561,0.689846153846157,0.76763414634146,True,0.2706320754716976,6.7038616396239,0.0029480586527566,0.310153846153843,0.2079756097561009,True,V,M,different-party
168,20389,143,1.0,0.7385104895104886,0.0342604202769443,0.0009990009990009,1.0,1.0,0.6928000000000034,0.7766025641025625,True,0.2614895104895114,7.632408136729181,0.0029480586527566,0.3071999999999966,0.2233974358974375,True,V,M,different-party
168,20415,149,1.0,0.7418389261744973,0.033173156694662,0.0009990009990009,1.0,1.0,0.7043521126760541,0.7759615384615386,True,0.2581610738255027,7.7822281491542205,0.0029480586527566,0.2956478873239458,0.2240384615384614,True,V,M,different-party
168,20496,130,1.0,0.733315384615388,0.0362744931956538,0.0009990009990009,1.0,1.0,0.6924117647058845,0.7781774193548376,True,0.2666846153846119,7.3518495198870095,0.0029480586527566,0.3075882352941155,0.2218225806451623,True,V,M,different-party
168,20781,145,1.0,0.7376068965517268,0.0349502608853213,0.0009990009990009,1.0,1.0,0.6942238805970166,0.7748717948717936,True,0.2623931034482731,7.507615016358136,0.0029480586527566,0.3057761194029834,0.2251282051282064,True,V,S,different-party
168,20925,143,0.951048951048951,0.7445314685314698,0.0342607238943857,0.0009990009990009,0.9333333333333332,0.9705882352941176,0.7050533333333334,0.7880735294117609,True,0.2065174825174812,6.027820169652711,0.0029480586527566,0.2282799999999999,0.1825147058823567,True,V,KF,different-party
168,20930,66,1.0,0.8175909090909124,0.0441946270116204,0.0009990009990009,1.0,1.0,0.7776363636363656,0.8375681818181824,True,0.1824090909090876,4.127404239911906,0.0029480586527566,0.2223636363636344,0.1624318181818176,True,V,S,different-party
168,21044,153,1.0,0.7411633986928109,0.0325542718315355,0.0009990009990009,1.0,1.0,0.7050799999999998,0.7758589743589739,True,0.2588366013071891,7.950925846126658,0.0029480586527566,0.2949200000000002,0.2241410256410261,True,V,S,different-party
168,21143,122,1.0,0.7127049180327861,0.0392934101702369,0.0009990009990009,1.0,1.0,0.6881969696969686,0.7415892857142858,True,0.2872950819672139,7.311533428188608,0.0029480586527566,0.3118030303030313,0.2584107142857141,True,V,S,different-party
168,21159,132,1.0,0.7433409090909099,0.0349813677618033,0.0009990009990009,1.0,1.0,0.7059041095890383,0.7896610169491532,True,0.2566590909090901,7.337022744700671,0.0029480586527566,0.2940958904109617,0.2103389830508467,True,V,M,different-party
168,21168,114,1.0,0.7060614035087722,0.0405556344678781,0.0009990009990009,1.0,1.0,0.6929230769230805,0.7234897959183659,True,0.2939385964912278,7.247786906750041,0.0029480586527566,0.3070769230769195,0.276510204081634,True,V,V,same-party
176,667,76,0.986842105263158,0.6806315789473703,0.0531721358371689,0.0009990009990009,1.0,0.9583333333333334,0.6615,0.7220833333333322,True,0.3062105263157876,5.758853231954186,0.0029480586527566,0.3385,0.2362500000000011,True,EL,EL,same-party
176,15777,69,1.0,0.6745217391304379,0.0532768875641775,0.0009990009990009,1.0,1.0,0.6492666666666657,0.7218749999999998,True,0.3254782608695621,6.109183095155278,0.0029480586527566,0.3507333333333343,0.2781250000000002,True,EL,EL,same-party
176,16582,95,0.9894736842105264,0.6923684210526334,0.0461691609758607,0.0009990009990009,1.0,0.9583333333333334,0.6839718309859143,0.7172083333333328,True,0.2971052631578929,6.435145384453331,0.0029480586527566,0.3160281690140857,0.2411250000000006,True,EL,EL,same-party
176,18694,96,1.0,0.7003125000000007,0.0447620609104964,0.0009990009990009,1.0,1.0,0.6985866666666678,0.7064761904761877,True,0.2996874999999993,6.6951229211549625,0.0029480586527566,0.3014133333333322,0.2935238095238123,True,EL,EL,same-party
176,18709,82,0.8048780487804879,0.6874878048780498,0.0499984130219747,0.0129870129870129,0.796875,0.8333333333333334,0.685234375,0.695499999999998,False,0.117390243902438,2.347879398708993,0.0371286710688531,0.111640625,0.1378333333333353,True,EL,SF,different-party
180,191,119,0.8571428571428571,0.7258655462184878,0.0398159432907308,0.0009990009990009,0.8840579710144928,0.82,0.6905797101449309,0.7745599999999984,True,0.1312773109243693,3.297104126500269,0.0029480586527566,0.1934782608695618,0.0454400000000015,True,V,RV,different-party
180,201,124,1.0,0.7219354838709678,0.0386799319556498,0.0009990009990009,1.0,1.0,0.6888243243243239,0.77094,True,0.2780645161290321,7.188857427356885,0.0029480586527566,0.311175675675676,0.22906,True,V,S,different-party
180,208,93,1.0,0.688225806451614,0.0455524812626917,0.0009990009990009,1.0,1.0,0.6813472222222214,0.7118095238095221,True,0.311774193548386,6.844285643858759,0.0029480586527566,0.3186527777777785,0.2881904761904779,True,V,S,different-party
180,213,129,1.0,0.7246046511627867,0.0371286790180172,0.0009990009990009,1.0,1.0,0.6961898734177219,0.7694999999999995,True,0.2753953488372133,7.417321491658078,0.0029480586527566,0.3038101265822781,0.2305000000000004,True,V,S,different-party
180,214,60,1.0,0.7608499999999997,0.0500838996896018,0.0009990009990009,1.0,1.0,0.7508181818181854,0.7731111111111162,True,0.2391500000000003,4.7749876004494,0.0029480586527566,0.2491818181818146,0.2268888888888838,True,V,S,different-party
180,224,130,1.0,0.7397923076923102,0.0354750844637218,0.0009990009990009,1.0,1.0,0.7045405405405397,0.7863750000000014,True,0.2602076923076898,7.334942149997931,0.0029480586527566,0.2954594594594603,0.2136249999999986,True,V,S,different-party
180,244,53,1.0,0.8003207547169864,0.0487427725918538,0.0009990009990009,1.0,1.0,0.7806190476190529,0.81325,True,0.1996792452830136,4.096591856910188,0.0029480586527566,0.2193809523809471,0.1867499999999999,True,V,S,different-party
180,257,134,0.9925373134328358,0.7323432835820902,0.0345510939814455,0.0009990009990009,1.0,0.9838709677419356,0.6930694444444435,0.777951612903225,True,0.2601940298507456,7.530703079632539,0.0029480586527566,0.3069305555555565,0.2059193548387105,True,V,S,different-party
180,260,101,1.0,0.7136930693069302,0.0442543125681006,0.0009990009990009,1.0,1.0,0.6736031746031689,0.7801578947368425,True,0.2863069306930698,6.469582602881628,0.0029480586527566,0.3263968253968311,0.2198421052631575,True,V,S,different-party
180,266,108,1.0,0.7018703703703724,0.04289171760149,0.0009990009990009,1.0,1.0,0.6777611940298504,0.7412682926829244,True,0.2981296296296276,6.950750548149441,0.0029480586527566,0.3222388059701496,0.2587317073170756,True,V,S,different-party
180,273,140,1.0,0.73845,0.0352648041612545,0.0009990009990009,1.0,1.0,0.7050933333333342,0.7769384615384548,True,0.2615499999999999,7.416743300317688,0.0029480586527566,0.2949066666666657,0.2230615384615452,True,V,S,different-party
180,278,146,1.0,0.7370342465753429,0.0349412929990374,0.0009990009990009,1.0,1.0,0.7007976190476203,0.7861290322580633,True,0.2629657534246571,7.525930807194254,0.0029480586527566,0.2992023809523797,0.2138709677419367,True,V,S,different-party
180,286,141,1.0,0.7327588652482251,0.0349578018731919,0.0009990009990009,1.0,1.0,0.69309210526316,0.7791384615384551,True,0.2672411347517749,7.644677881097375,0.0029480586527566,0.30690789473684,0.2208615384615448,True,V,S,different-party
180,1619,135,1.0,0.7313925925925951,0.0341034917717743,0.0009990009990009,1.0,1.0,0.6886285714285714,0.7774461538461486,True,0.2686074074074048,7.876243559016349,0.0029480586527566,0.3113714285714286,0.2225538461538514,True,V,S,different-party
180,1845,98,1.0,0.7095306122448913,0.0432836369005216,0.0009990009990009,1.0,1.0,0.6935692307692354,0.7409696969696996,True,0.2904693877551086,6.710835977639576,0.0029480586527566,0.3064307692307646,0.2590303030303004,True,V,V,same-party
180,11702,106,0.9433962264150944,0.7130849056603766,0.0426858426076373,0.0009990009990009,0.9672131147540984,0.9111111111111112,0.6919508196721287,0.7417333333333317,True,0.2303113207547177,5.395496649128123,0.0029480586527566,0.2752622950819696,0.1693777777777794,True,V,KF,different-party
180,15760,48,1.0,0.7785625000000008,0.0577013008276188,0.0009990009990009,1.0,1.0,0.7852380952381004,0.7733703703703747,True,0.2214374999999991,3.837651782956124,0.0029480586527566,0.2147619047618996,0.2266296296296253,True,V,S,different-party
180,15762,123,1.0,0.7302764227642278,0.037927318801303,0.0009990009990009,1.0,1.0,0.6811791044776123,0.7890178571428577,True,0.2697235772357722,7.111590952390377,0.0029480586527566,0.3188208955223877,0.2109821428571423,True,V,S,different-party
180,15770,43,1.0,0.7933720930232613,0.0566301976743317,0.0009990009990009,1.0,1.0,0.7505454545454586,0.80809375,False,0.2066279069767387,3.6487230393404593,0.0029480586527566,0.2494545454545413,0.1919062499999999,True,V,S,different-party
180,15776,56,1.0,0.764803571428571,0.0520260655312154,0.0009990009990009,1.0,1.0,0.7579310344827556,0.7721851851851892,True,0.2351964285714289,4.520742173561287,0.0029480586527566,0.2420689655172444,0.2278148148148108,True,V,S,different-party
180,15787,129,1.0,0.7262170542635621,0.0371137320772342,0.0009990009990009,1.0,1.0,0.702121951219513,0.7682553191489347,True,0.2737829457364379,7.376863775561336,0.0029480586527566,0.2978780487804869,0.2317446808510652,True,V,S,different-party
180,15793,95,0.8947368421052632,0.6836526315789485,0.046322435595547,0.0009990009990009,0.8970588235294118,0.8888888888888888,0.674882352941177,0.7057407407407434,True,0.2110842105263146,4.5568461116627095,0.0029480586527566,0.2221764705882347,0.1831481481481454,True,V,KF,different-party
180,16180,54,1.0,0.773648148148149,0.0507717794623735,0.0009990009990009,1.0,1.0,0.7095454545454525,0.81771875,True,0.226351851851851,4.458221757218455,0.0029480586527566,0.2904545454545475,0.1822812499999999,True,V,S,different-party
180,16351,146,1.0,0.7332876712328782,0.0332442060482954,0.0009990009990009,1.0,1.0,0.7017261904761913,0.7760483870967734,True,0.2667123287671218,8.022821431790442,0.0029480586527566,0.2982738095238086,0.2239516129032266,True,V,S,different-party
180,17141,92,0.967391304347826,0.7075652173913031,0.0465175474278925,0.0009990009990009,0.9642857142857144,0.9722222222222222,0.680660714285716,0.7494166666666666,True,0.259826086956523,5.585549998294361,0.0029480586527566,0.2836249999999983,0.2228055555555556,True,V,KF,different-party
180,18695,134,1.0,0.7349029850746256,0.0346859009059691,0.0009990009990009,1.0,1.0,0.6941014492753645,0.7782153846153783,True,0.2650970149253744,7.642788798942622,0.0029480586527566,0.3058985507246354,0.2217846153846216,True,V,V,same-party
180,18696,55,1.0,0.7805090909090928,0.0504607482460723,0.0009990009990009,1.0,1.0,0.751416666666667,0.8030322580645117,True,0.2194909090909071,4.349735521569308,0.0029480586527566,0.248583333333333,0.1969677419354882,True,V,V,same-party
180,18698,47,1.0,0.8078510638297861,0.0524031154803421,0.0009990009990009,,1.0,,0.8078510638297861,False,0.1921489361702139,3.666746421637741,0.0029480586527566,,0.1921489361702139,False,V,V,same-party
180,18699,142,1.0,0.7328169014084498,0.0346551983416771,0.0009990009990009,1.0,1.0,0.6977037037037032,0.7794426229508201,True,0.2671830985915502,7.709755285694892,0.0029480586527566,0.3022962962962968,0.2205573770491798,True,V,V,same-party
180,18700,44,1.0,0.7933181818181825,0.0559073134196887,0.0009990009990009,1.0,1.0,0.7322857142857134,0.8490434782608657,True,0.2066818181818175,3.696865500051573,0.0029480586527566,0.2677142857142865,0.1509565217391343,True,V,V,same-party
180,18713,110,0.9,0.7100818181818193,0.0412046521711962,0.0009990009990009,0.8571428571428571,1.0,0.6947792207792208,0.7457878787878822,True,0.1899181818181807,4.609144157536204,0.0029480586527566,0.1623636363636362,0.2542121212121178,True,V,KF,different-party
180,18715,59,1.0,0.8147288135593231,0.0459180620503076,0.0009990009990009,1.0,1.0,0.7865714285714328,0.8302894736842112,True,0.1852711864406768,4.0348215531764895,0.0029480586527566,0.2134285714285672,0.1697105263157887,True,V,S,different-party
180,18716,52,1.0,0.8062499999999997,0.0481601074458885,0.0009990009990009,1.0,1.0,0.7928999999999992,0.81459375,True,0.1937500000000003,4.0230391972794655,0.0029480586527566,0.2071000000000008,0.18540625,True,V,S,different-party
180,18717,124,1.0,0.7168951612903229,0.0386027487252897,0.0009990009990009,1.0,1.0,0.7063170731707336,0.737547619047619,True,0.283104838709677,7.333800002801537,0.0029480586527566,0.2936829268292664,0.262452380952381,True,V,S,different-party
180,18718,143,1.0,0.7316573426573431,0.0342670778121586,0.0009990009990009,1.0,1.0,0.6984146341463429,0.7763442622950818,True,0.2683426573426569,7.8309174424976495,0.0029480586527566,0.3015853658536571,0.2236557377049182,True,V,S,different-party
180,18719,101,1.0,0.7096138613861391,0.0444695912706952,0.0009990009990009,1.0,1.0,0.6927352941176489,0.7443939393939428,True,0.2903861386138608,6.529993425085077,0.0029480586527566,0.3072647058823511,0.2556060606060572,True,V,S,different-party
180,18720,146,1.0,0.7331712328767128,0.0345320767669425,0.0009990009990009,1.0,1.0,0.6976296296296294,0.777461538461532,True,0.2668287671232872,7.726982912847029,0.0029480586527566,0.3023703703703706,0.222538461538468,True,V,S,different-party
180,18725,115,0.8869565217391304,0.7176434782608713,0.0395378145264606,0.0009990009990009,0.8987341772151899,0.8611111111111112,0.7029746835443044,0.7498333333333336,True,0.1693130434782591,4.282306584369921,0.0029480586527566,0.1957594936708855,0.1112777777777775,True,V,RV,different-party
180,18729,123,0.8373983739837398,0.7110975609756113,0.0392086040266449,0.0019980019980019,0.8589743589743589,0.8,0.6920641025641036,0.7440888888888879,True,0.1263008130081285,3.2212524812742203,0.005829605033321,0.1669102564102553,0.0559111111111121,True,V,RV,different-party
180,19928,125,1.0,0.7346239999999971,0.0381215933544907,0.0009990009990009,1.0,1.0,0.6930579710144953,0.785839285714285,True,0.2653760000000029,6.961303991999629,0.0029480586527566,0.3069420289855047,0.214160714285715,True,V,S,different-party
180,20349,72,1.0,0.680027777777779,0.0548710683019895,0.0009990009990009,1.0,1.0,0.6741666666666661,0.6976111111111083,False,0.319972222222221,5.83134668458094,0.0029480586527566,0.3258333333333338,0.3023888888888917,True,V,SP,different-party
180,20362,137,1.0,0.7416861313868625,0.0355733133522434,0.0009990009990009,1.0,1.0,0.7112962962962961,0.7856428571428573,True,0.2583138686131375,7.26145090999365,0.0029480586527566,0.2887037037037039,0.2143571428571427,True,V,S,different-party
180,20363,140,1.0,0.7286857142857148,0.0350974502590282,0.0009990009990009,1.0,1.0,0.6903717948717962,0.7768870967741921,True,0.2713142857142852,7.730313276660142,0.0029480586527566,0.3096282051282037,0.2231129032258079,True,V,S,different-party
180,20364,134,1.0,0.7302761194029836,0.036241417766526,0.0009990009990009,1.0,1.0,0.6893076923076943,0.7873392857142856,True,0.2697238805970163,7.442420777648038,0.0029480586527566,0.3106923076923057,0.2126607142857144,True,V,S,different-party
180,20365,129,1.0,0.7162170542635622,0.0374103303658621,0.0009990009990009,1.0,1.0,0.70284523809524,0.7411777777777764,True,0.2837829457364378,7.585684033290362,0.0029480586527566,0.29715476190476,0.2588222222222236,True,V,S,different-party
180,20367,148,1.0,0.7366283783783778,0.0336370749269412,0.0009990009990009,1.0,1.0,0.7046024096385505,0.7775230769230711,True,0.2633716216216222,7.829801556575825,0.0029480586527566,0.2953975903614495,0.2224769230769289,True,V,S,different-party
180,20368,116,1.0,0.7314051724137939,0.0381224664924436,0.0009990009990009,1.0,1.0,0.7030133333333344,0.7833414634146313,True,0.2685948275862061,7.045578429177591,0.0029480586527566,0.2969866666666656,0.2166585365853687,True,V,S,different-party
180,20369,133,0.9398496240601504,0.7440150375939791,0.0352421132949515,0.0009990009990009,0.9558823529411764,0.9230769230769232,0.7093676470588247,0.7802615384615323,True,0.1958345864661712,5.556834371059835,0.0029480586527566,0.2465147058823518,0.1428153846153907,True,V,KF,different-party
180,20371,129,1.0,0.7153255813953441,0.0371505012119766,0.0009990009990009,1.0,1.0,0.7017738095238103,0.7406222222222213,True,0.2846744186046559,7.662734265153935,0.0029480586527566,0.2982261904761897,0.2593777777777787,True,V,V,same-party
180,20377,65,1.0,0.7934769230769142,0.0450924489273284,0.0009990009990009,1.0,1.0,0.7580689655172381,0.8220000000000006,True,0.2065230769230858,4.5799924784728585,0.0029480586527566,0.2419310344827618,0.1779999999999993,True,V,M,different-party
180,20378,147,1.0,0.7394829931972756,0.0342871907331554,0.0009990009990009,1.0,1.0,0.7090731707317087,0.7778461538461471,True,0.2605170068027244,7.598085501674146,0.0029480586527566,0.2909268292682913,0.2221538461538529,True,V,M,different-party
180,20384,82,1.0,0.6760487804878059,0.0502149734069327,0.0009990009990009,1.0,1.0,0.67178125,0.6912222222222191,False,0.3239512195121941,6.45128728610397,0.0029480586527566,0.32821875,0.3087777777777809,True,V,M,different-party
180,20385,49,1.0,0.8072040816326613,0.0512545586131003,0.0009990009990009,1.0,1.0,0.7928823529411778,0.8148125,False,0.1927959183673386,3.761536994644244,0.0029480586527566,0.2071176470588221,0.1851874999999999,True,V,M,different-party
180,20386,97,0.9896907216494846,0.7075876288659844,0.0447312570543562,0.0009990009990009,1.0,0.96875,0.6891230769230811,0.74509375,True,0.2821030927835002,6.306621171873077,0.0029480586527566,0.3108769230769189,0.22365625,True,V,M,different-party
180,20389,136,1.0,0.7275147058823553,0.0365073990634199,0.0009990009990009,1.0,1.0,0.6893243243243237,0.7730967741935476,True,0.2724852941176446,7.463837498921475,0.0029480586527566,0.3106756756756763,0.2269032258064524,True,V,M,different-party
180,20415,145,1.0,0.7360275862068995,0.0344681367638672,0.0009990009990009,1.0,1.0,0.7009125000000009,0.7792461538461469,True,0.2639724137931005,7.658447440936843,0.0029480586527566,0.299087499999999,0.220753846153853,True,V,M,different-party
180,20496,133,1.0,0.7351428571428523,0.0372415490890124,0.0009990009990009,1.0,1.0,0.6930882352941189,0.779138461538456,True,0.2648571428571477,7.111872339791835,0.0029480586527566,0.3069117647058811,0.220861538461544,True,V,M,different-party
180,20781,140,1.0,0.7297500000000005,0.0349706471264653,0.0009990009990009,1.0,1.0,0.6921315789473719,0.774421875,True,0.2702499999999995,7.727909610099201,0.0029480586527566,0.3078684210526281,0.2255781249999999,True,V,S,different-party
180,20925,139,0.9136690647482014,0.737438848920863,0.0346065772928111,0.0009990009990009,0.8809523809523809,0.9636363636363636,0.7016071428571449,0.7921636363636387,True,0.1762302158273384,5.092390800055996,0.0029480586527566,0.179345238095236,0.1714727272727249,True,V,KF,different-party
180,20930,69,1.0,0.7932463768115934,0.0440839370863466,0.0009990009990009,1.0,1.0,0.7486774193548357,0.8296052631578967,True,0.2067536231884066,4.689999053021081,0.0029480586527566,0.2513225806451643,0.1703947368421032,True,V,S,different-party
180,21044,149,1.0,0.733926174496644,0.0338086882617756,0.0009990009990009,1.0,1.0,0.699880952380953,0.7779230769230705,True,0.266073825503356,7.869983698958856,0.0029480586527566,0.3001190476190469,0.2220769230769295,True,V,S,different-party
180,21143,108,1.0,0.7047222222222237,0.0423694222152814,0.0009990009990009,1.0,1.0,0.6853787878787868,0.7351190476190467,True,0.2952777777777763,6.969124485046155,0.0029480586527566,0.3146212121212132,0.2648809523809533,True,V,S,different-party
180,21159,138,1.0,0.7389710144927529,0.0346967860608765,0.0009990009990009,1.0,1.0,0.7045365853658538,0.7893928571428569,True,0.261028985507247,7.523145949289477,0.0029480586527566,0.2954634146341461,0.2106071428571431,True,V,M,different-party
180,21168,116,1.0,0.7065948275862065,0.0410279854185583,0.0009990009990009,1.0,1.0,0.689486486486486,0.7367380952380937,True,0.2934051724137935,7.151342417146237,0.0029480586527566,0.310513513513514,0.2632619047619062,True,V,V,same-party
182,20374,69,1.0,0.6729710144927575,0.0563596671108762,0.0009990009990009,1.0,1.0,0.6573469387755062,0.7112499999999994,True,0.3270289855072424,5.802535789714284,0.0029480586527566,0.3426530612244938,0.2887500000000006,True,DD,DD,same-party
182,20375,75,1.0,0.6687199999999994,0.0503190293609764,0.0009990009990009,1.0,1.0,0.662258620689659,0.69076470588235,False,0.3312800000000006,6.583592811846166,0.0029480586527566,0.337741379310341,0.30923529411765,True,DD,DD,same-party
182,20376,78,1.0,0.6720256410256416,0.0514378616552568,0.0009990009990009,1.0,1.0,0.6570862068965563,0.7153499999999999,True,0.3279743589743584,6.376127397606159,0.0029480586527566,0.3429137931034437,0.28465,True,DD,DD,same-party
191,201,127,0.8740157480314961,0.7371889763779487,0.0374222557481731,0.0009990009990009,0.9076923076923076,0.8387096774193549,0.6918461538461561,0.7847258064516117,True,0.1368267716535474,3.65629406667253,0.0029480586527566,0.2158461538461515,0.0539838709677431,True,RV,S,different-party
191,208,89,0.8651685393258427,0.6966292134831484,0.0493017182095266,0.0009990009990009,0.873015873015873,0.8461538461538461,0.6806825396825338,0.7352692307692322,True,0.1685393258426942,3.418528440051958,0.0029480586527566,0.1923333333333392,0.1108846153846139,True,RV,S,different-party
191,213,125,0.872,0.7342239999999984,0.0373219339096295,0.0009990009990009,0.90625,0.8360655737704918,0.68609375,0.784721311475409,True,0.1377760000000015,3.6915557573626594,0.0029480586527566,0.22015625,0.0513442622950828,True,RV,S,different-party
191,224,100,0.89,0.7274700000000006,0.0424605935191591,0.0009990009990009,0.8983050847457628,0.8780487804878049,0.6884237288135613,0.7836585365853631,True,0.1625299999999994,3.8277844591753616,0.0029480586527566,0.2098813559322014,0.0943902439024417,True,RV,S,different-party
191,257,116,0.8706896551724138,0.7306982758620689,0.0382389097747885,0.0009990009990009,0.8947368421052632,0.847457627118644,0.6759473684210551,0.7835932203389835,True,0.1399913793103449,3.6609668040965713,0.0029480586527566,0.2187894736842081,0.0638644067796605,True,RV,S,different-party
191,260,101,0.9207920792079208,0.7291584158415841,0.0423610598805602,0.0009990009990009,0.925925925925926,0.9148936170212766,0.6724444444444427,0.7943191489361678,True,0.1916336633663367,4.523816540630954,0.0029480586527566,0.2534814814814832,0.1205744680851087,True,RV,S,different-party
191,266,96,0.8541666666666666,0.7002604166666657,0.0447271965921896,0.0009990009990009,0.896551724137931,0.7894736842105263,0.6745517241379358,0.7394999999999989,True,0.1539062500000009,3.440999251602462,0.0029480586527566,0.2219999999999952,0.0499736842105273,True,RV,S,different-party
191,273,131,0.8625954198473282,0.7358549618320603,0.0374493099575611,0.0009990009990009,0.8840579710144928,0.8387096774193549,0.6924927536231904,0.784112903225805,True,0.1267404580152679,3.3843202493956417,0.0029480586527566,0.1915652173913024,0.0545967741935499,True,RV,S,different-party
191,278,125,0.872,0.7360319999999988,0.0376511432042602,0.0009990009990009,0.8840579710144928,0.8571428571428571,0.6898260869565253,0.7929642857142851,True,0.1359680000000012,3.611258209674135,0.0029480586527566,0.1942318840579675,0.0641785714285719,True,RV,S,different-party
191,286,124,0.8629032258064516,0.732096774193548,0.0393606399589596,0.0019980019980019,0.8870967741935484,0.8387096774193549,0.6788064516129038,0.7853870967741933,True,0.1308064516129036,3.323280611018831,0.005829605033321,0.2082903225806446,0.0533225806451616,True,RV,S,different-party
191,1619,114,0.8771929824561403,0.7298771929824556,0.0378925277785777,0.0009990009990009,0.9090909090909092,0.847457627118644,0.6718545454545458,0.7839661016949149,True,0.1473157894736847,3.887726633982136,0.0029480586527566,0.2372363636363632,0.0634915254237291,True,RV,S,different-party
191,1845,89,0.8764044943820225,0.6992808988764061,0.0470084857078494,0.0009990009990009,0.8813559322033898,0.8666666666666667,0.6733220338983052,0.7503333333333333,True,0.1771235955056164,3.7679068542307945,0.0029480586527566,0.2080338983050845,0.1163333333333334,True,RV,V,different-party
191,11702,97,0.865979381443299,0.7039690721649535,0.0439735968579848,0.0009990009990009,0.9272727272727272,0.7857142857142857,0.6699454545454553,0.7485238095238097,True,0.1620103092783454,3.684263304672725,0.0029480586527566,0.2573272727272719,0.0371904761904759,True,RV,KF,different-party
191,15762,96,0.875,0.7172812500000001,0.0444406306527117,0.0009990009990009,0.8846153846153846,0.8636363636363636,0.663730769230768,0.7805681818181825,True,0.1577187499999999,3.5489764137803896,0.0029480586527566,0.2208846153846165,0.0830681818181811,True,RV,S,different-party
191,15787,124,0.8790322580645161,0.7348548387096784,0.0380191615228974,0.0009990009990009,0.8970588235294118,0.8571428571428571,0.6936764705882372,0.7848571428571431,True,0.1441774193548377,3.792230380146738,0.0029480586527566,0.2033823529411745,0.0722857142857139,True,RV,S,different-party
191,15793,98,0.8469387755102041,0.7010918367346904,0.0454591527497495,0.0019980019980019,0.8983050847457628,0.7692307692307693,0.6744576271186452,0.7413846153846122,True,0.1458469387755137,3.2083074574309416,0.005829605033321,0.2238474576271175,0.027846153846157,True,RV,KF,different-party
191,16351,128,0.8671875,0.7324765625,0.0378252435205273,0.0009990009990009,0.8840579710144928,0.847457627118644,0.6890000000000035,0.7833220338983057,True,0.1347109374999999,3.5614030462723614,0.0029480586527566,0.1950579710144893,0.0641355932203383,True,RV,S,different-party
191,17141,77,0.8831168831168831,0.6887012987012968,0.0523802916323343,0.0009990009990009,0.8928571428571429,0.8571428571428571,0.6794821428571425,0.7132857142857127,True,0.1944155844155862,3.711617067354656,0.0029480586527566,0.2133750000000004,0.1438571428571443,True,RV,KF,different-party
191,18695,131,0.8625954198473282,0.7349694656488543,0.0359494309874965,0.0009990009990009,0.8840579710144928,0.8387096774193549,0.6922318840579739,0.7825322580645148,True,0.1276259541984739,3.550152274812444,0.0029480586527566,0.1918260869565189,0.0561774193548401,True,RV,V,different-party
191,18699,124,0.8709677419354839,0.7310322580645165,0.0381584445299874,0.0009990009990009,0.8939393939393939,0.8448275862068966,0.6851060606060589,0.7832931034482714,True,0.1399354838709673,3.6672219110240913,0.0029480586527566,0.2088333333333349,0.0615344827586251,True,RV,V,different-party
191,18713,80,0.8375,0.6889125000000004,0.0516225578815321,0.0049950049950049,0.8387096774193549,0.8333333333333334,0.6859838709677429,0.6989999999999973,False,0.1485874999999996,2.878344392406728,0.0144114415767959,0.1527258064516119,0.134333333333336,True,RV,KF,different-party
191,18717,102,0.8725490196078431,0.7109607843137267,0.0435733630673136,0.0009990009990009,0.9104477611940298,0.8,0.6970149253731354,0.7376571428571396,True,0.1615882352941164,3.708417802052355,0.0029480586527566,0.2134328358208944,0.0623428571428604,True,RV,S,different-party
191,18718,128,0.8671875,0.7329921875,0.0377247399610153,0.0009990009990009,0.8955223880597015,0.8360655737704918,0.6868059701492546,0.783721311475409,True,0.1341953125,3.5572229958026824,0.0029480586527566,0.2087164179104469,0.0523442622950828,True,RV,S,different-party
191,18719,77,0.8571428571428571,0.6902987012987007,0.0497357789464819,0.0009990009990009,0.8867924528301887,0.7916666666666666,0.6801132075471711,0.7127916666666659,True,0.1668441558441563,3.354610290183424,0.0029480586527566,0.2066792452830176,0.0788750000000007,True,RV,S,different-party
191,18720,124,0.8709677419354839,0.7319193548387108,0.0373805076098772,0.0009990009990009,0.8939393939393939,0.8448275862068966,0.685939393939393,0.7842413793103398,True,0.139048387096773,3.7198100290117937,0.0029480586527566,0.2080000000000009,0.0605862068965568,True,RV,S,different-party
191,18725,88,0.9886363636363636,0.6992613636363637,0.0461862894532096,0.0009990009990009,1.0,0.9583333333333334,0.692484375,0.7173333333333328,True,0.2893749999999999,6.265387486759669,0.0029480586527566,0.3075156249999999,0.2410000000000005,True,RV,RV,same-party
191,18726,54,1.0,0.8188888888888906,0.0477053579632849,0.0009990009990009,1.0,1.0,0.7953846153846099,0.8263414634146312,False,0.1811111111111094,3.796452198314841,0.0029480586527566,0.20461538461539,0.1736585365853687,True,RV,RV,same-party
191,18729,102,0.9901960784313726,0.706382352941176,0.0431012848324215,0.0009990009990009,1.0,0.9743589743589745,0.6812380952380909,0.7469999999999971,True,0.2838137254901965,6.584808935363957,0.0029480586527566,0.3187619047619091,0.2273589743589772,True,RV,RV,same-party
191,19928,113,0.8761061946902655,0.7267787610619509,0.0408092136298777,0.0009990009990009,0.8840579710144928,0.8636363636363636,0.6921884057971044,0.7810227272727271,True,0.1493274336283145,3.659159791282701,0.0029480586527566,0.1918695652173884,0.0826136363636365,True,RV,S,different-party
191,20349,72,0.9027777777777778,0.6777083333333339,0.0539526846482966,0.0009990009990009,0.925925925925926,0.8333333333333334,0.6716666666666646,0.6958333333333306,False,0.2250694444444438,4.171607880342051,0.0029480586527566,0.2542592592592613,0.1375000000000027,True,RV,SP,different-party
191,20362,118,0.8983050847457628,0.7369067796610164,0.0386628232705131,0.0009990009990009,0.8970588235294118,0.9,0.6937058823529427,0.7956599999999998,True,0.1613983050847464,4.174509035604742,0.0029480586527566,0.203352941176469,0.1043400000000002,True,RV,S,different-party
191,20363,128,0.8671875,0.736234375,0.0376547803351912,0.0009990009990009,0.8840579710144928,0.847457627118644,0.6940289855072492,0.7855932203389819,True,0.130953125,3.4777290913476517,0.0029480586527566,0.1900289855072435,0.061864406779662,True,RV,S,different-party
191,20364,122,0.8852459016393442,0.7380409836065568,0.0386286774266923,0.0009990009990009,0.8840579710144928,0.8867924528301887,0.6923478260869593,0.7975283018867976,True,0.1472049180327874,3.810767746634502,0.0029480586527566,0.1917101449275334,0.0892641509433911,True,RV,S,different-party
191,20365,102,0.8333333333333334,0.6999019607843129,0.0434298493996031,0.0019980019980019,0.8840579710144928,0.7272727272727273,0.693275362318843,0.713757575757578,True,0.1334313725490205,3.072342510822513,0.005829605033321,0.1907826086956497,0.0135151515151492,True,RV,S,different-party
191,20367,130,0.8692307692307693,0.7382461538461561,0.0381245077800912,0.0009990009990009,0.8970588235294118,0.8387096774193549,0.6968676470588255,0.7836290322580634,True,0.1309846153846131,3.43570640020207,0.0029480586527566,0.2001911764705862,0.0550806451612915,True,RV,S,different-party
191,20368,122,0.8852459016393442,0.7356065573770488,0.0378381233758869,0.0009990009990009,0.8840579710144928,0.8867924528301887,0.6897391304347851,0.7953207547169863,True,0.1496393442622954,3.954724254576951,0.0029480586527566,0.1943188405797077,0.0914716981132024,True,RV,S,different-party
191,20369,112,0.8571428571428571,0.7325089285714289,0.0390316760317742,0.0019980019980019,0.8709677419354839,0.84,0.6999032258064528,0.7729399999999987,True,0.1246339285714281,3.193148264244875,0.005829605033321,0.171064516129031,0.0670600000000012,True,RV,KF,different-party
191,20371,108,0.8518518518518519,0.7104166666666669,0.0428982988780005,0.0009990009990009,0.8840579710144928,0.7948717948717948,0.6906956521739157,0.7453076923076882,True,0.1414351851851849,3.296988199635039,0.0029480586527566,0.193362318840577,0.0495641025641065,True,RV,V,different-party
191,20378,129,0.875968992248062,0.739496124031007,0.0370570421802617,0.0009990009990009,0.9104477611940298,0.8387096774193549,0.6995820895522392,0.7826290322580627,True,0.136472868217055,3.6827782301995695,0.0029480586527566,0.2108656716417906,0.0560806451612921,True,RV,M,different-party
191,20384,73,0.863013698630137,0.6756849315068477,0.0529524571357113,0.0009990009990009,0.8727272727272727,0.8333333333333334,0.6703454545454554,0.6919999999999973,False,0.1873287671232892,3.5376784620813,0.0029480586527566,0.2023818181818173,0.1413333333333361,True,RV,M,different-party
191,20386,94,0.8936170212765957,0.7084574468085094,0.0464786041683656,0.0009990009990009,0.9076923076923076,0.8620689655172413,0.6878615384615425,0.7546206896551705,True,0.1851595744680862,3.983759361562535,0.0029480586527566,0.2198307692307651,0.1074482758620708,True,RV,M,different-party
191,20389,118,0.864406779661017,0.7299491525423749,0.0396859746675827,0.0009990009990009,0.8813559322033898,0.847457627118644,0.6780338983050853,0.7818644067796598,True,0.134457627118642,3.3880389292409867,0.0029480586527566,0.2033220338983045,0.0655932203389841,True,RV,M,different-party
191,20415,127,0.8740157480314961,0.735346456692908,0.0370746999678252,0.0029970029970029,0.9076923076923076,0.8387096774193549,0.6885538461538495,0.7844032258064496,True,0.138669291338588,3.740267391480725,0.0087126097043452,0.2191384615384581,0.0543064516129052,True,RV,M,different-party
191,20496,121,0.859504132231405,0.7264049586776865,0.039291048104423,0.0009990009990009,0.8970588235294118,0.8113207547169812,0.6921764705882378,0.7703207547169877,True,0.1330991735537184,3.3875190399600323,0.0029480586527566,0.2048823529411739,0.0409999999999934,True,RV,M,different-party
191,20781,128,0.8671875,0.7341171875,0.0382077010526456,0.0009990009990009,0.8955223880597015,0.8360655737704918,0.6937611940298511,0.7784426229508193,True,0.1330703125,3.482813904889094,0.0029480586527566,0.2017611940298503,0.0576229508196725,True,RV,S,different-party
191,20925,121,0.9008264462809916,0.738834710743801,0.0383629084950563,0.0009990009990009,0.8840579710144928,0.9230769230769232,0.6920724637681182,0.800884615384616,True,0.1619917355371907,4.222613505909386,0.0029480586527566,0.1919855072463746,0.1221923076923071,True,RV,KF,different-party
191,21044,131,0.8625954198473282,0.7342824427480906,0.0373800336169786,0.0019980019980019,0.8840579710144928,0.8387096774193549,0.6898985507246399,0.7836774193548374,True,0.1283129770992376,3.432660826740284,0.005829605033321,0.1941594202898529,0.0550322580645175,True,RV,S,different-party
191,21143,104,0.8557692307692307,0.7076826923076929,0.0451905557017638,0.0009990009990009,0.8939393939393939,0.7894736842105263,0.6890606060606053,0.7400263157894742,True,0.1480865384615378,3.276935549074425,0.0029480586527566,0.2048787878787886,0.0494473684210521,True,RV,S,different-party
191,21159,114,0.8947368421052632,0.7344561403508757,0.0392998982344579,0.0009990009990009,0.8955223880597015,0.8936170212765957,0.6946716417910441,0.7911702127659556,True,0.1602807017543874,4.078399918446969,0.0029480586527566,0.2008507462686574,0.1024468085106401,True,RV,M,different-party
191,21168,89,0.8314606741573034,0.6846404494382047,0.0499238825400963,0.0019980019980019,0.8813559322033898,0.7333333333333333,0.6726271186440689,0.708266666666668,True,0.1468202247190987,2.9408815430406485,0.005829605033321,0.2087288135593209,0.0250666666666652,True,RV,V,different-party
199,667,88,0.8068181818181818,0.6938181818181817,0.0481056226213332,0.0089910089910089,0.7586206896551724,0.9,0.6821379310344875,0.7164000000000008,True,0.1130000000000001,2.3489977645542077,0.0258051348129677,0.0764827586206848,0.1835999999999992,True,SF,EL,different-party
199,16728,94,1.0,0.7008404255319124,0.0457457321129935,0.0009990009990009,1.0,1.0,0.6784328358208973,0.7564444444444479,True,0.2991595744680876,6.539617154429906,0.0029480586527566,0.3215671641791027,0.243555555555552,True,SF,SF,same-party
199,18707,107,1.0,0.7031401869158888,0.0406829345834769,0.0009990009990009,1.0,1.0,0.6965194805194801,0.7201333333333337,True,0.2968598130841112,7.296912479973324,0.0029480586527566,0.3034805194805199,0.2798666666666662,True,SF,SF,same-party
199,18708,84,1.0,0.6890476190476192,0.0476244098225091,0.0009990009990009,1.0,1.0,0.6870303030303015,0.696444444444442,False,0.3109523809523807,6.529264763831518,0.0029480586527566,0.3129696969696984,0.303555555555558,True,SF,SF,same-party
199,18709,86,1.0,0.7019186046511581,0.0475501748854265,0.0009990009990009,1.0,1.0,0.6773559322033905,0.7555925925925959,True,0.2980813953488419,6.268776004863854,0.0029480586527566,0.3226440677966095,0.244407407407404,True,SF,SF,same-party
199,19000,40,1.0,0.7684750000000002,0.0600033313639631,0.0009990009990009,1.0,1.0,0.7448421052631613,0.7898571428571479,False,0.2315249999999997,3.858535763550106,0.0029480586527566,0.2551578947368387,0.210142857142852,True,SF,SF,same-party
199,20359,109,1.0,0.7042477064220178,0.0410563096088296,0.0009990009990009,1.0,1.0,0.6825633802816891,0.7447631578947366,True,0.2957522935779821,7.203577145530317,0.0029480586527566,0.3174366197183109,0.2552368421052634,True,SF,SF,same-party
199,20360,41,1.0,0.7956585365853628,0.0566594999682664,0.0009990009990009,1.0,1.0,0.7993499999999991,0.7921428571428618,True,0.2043414634146372,3.606481940876351,0.0029480586527566,0.2006500000000008,0.2078571428571382,True,SF,SF,same-party
199,20381,113,0.8230088495575221,0.7111592920354028,0.0390305931031445,0.0039960039960039,0.7837837837837838,0.8974358974358975,0.6912027027027025,0.7490256410256393,True,0.1118495575221192,2.86568941513492,0.0115747230371736,0.0925810810810813,0.1484102564102581,True,SF,ALT,different-party
199,20798,113,1.0,0.7135044247787672,0.0402794304756144,0.0009990009990009,1.0,1.0,0.6982207792207782,0.7461944444444445,True,0.2864955752212328,7.1127017397795695,0.0029480586527566,0.3017792207792218,0.2538055555555555,True,SF,SF,same-party
201,208,101,1.0,0.6927326732673259,0.0444277394743545,0.0009990009990009,1.0,1.0,0.6789705882352953,0.7210909090909114,True,0.3072673267326741,6.916114354862485,0.0029480586527566,0.3210294117647047,0.2789090909090885,True,S,S,same-party
201,213,141,1.0,0.7274893617021257,0.0365553069721355,0.0009990009990009,1.0,1.0,0.6846027397260259,0.7735294117647028,True,0.2725106382978742,7.454749005543753,0.0029480586527566,0.3153972602739741,0.2264705882352972,True,S,S,same-party
201,214,41,1.0,0.7436585365853621,0.0616368357067411,0.0009990009990009,1.0,1.0,0.7436153846153831,0.7437333333333336,False,0.2563414634146379,4.158900444439952,0.0029480586527566,0.2563846153846169,0.2562666666666664,True,S,S,same-party
201,224,108,1.0,0.726398148148149,0.040001996760074,0.0009990009990009,1.0,1.0,0.6939552238805978,0.7794146341463392,True,0.273601851851851,6.839704865056462,0.0029480586527566,0.3060447761194022,0.2205853658536608,True,S,S,same-party
201,244,47,1.0,0.7909574468085091,0.0526719456928101,0.0009990009990009,1.0,1.0,0.762363636363642,0.7996944444444443,False,0.2090425531914909,3.968764594546311,0.0029480586527566,0.2376363636363579,0.2003055555555557,True,S,S,same-party
201,257,121,0.9917355371900828,0.7283223140495872,0.0377566962673333,0.0009990009990009,1.0,0.9830508474576272,0.6753387096774207,0.7839999999999991,True,0.2634132231404954,6.976596185095722,0.0029480586527566,0.3246612903225793,0.199050847457628,True,S,S,same-party
201,260,117,1.0,0.7225470085470094,0.0406618388733831,0.0009990009990009,1.0,1.0,0.6748888888888828,0.7781481481481487,True,0.2774529914529906,6.823424595157912,0.0029480586527566,0.3251111111111172,0.2218518518518513,True,S,S,same-party
201,266,108,1.0,0.6999351851851876,0.0424861849221584,0.0009990009990009,1.0,1.0,0.6756190476190425,0.7339777777777762,True,0.3000648148148124,7.062644371684111,0.0029480586527566,0.3243809523809575,0.2660222222222238,True,S,S,same-party
201,273,134,1.0,0.7354552238805969,0.0367067034477737,0.0009990009990009,1.0,1.0,0.6932461538461575,0.7752173913043473,True,0.2645447761194031,7.206988132175838,0.0029480586527566,0.3067538461538425,0.2247826086956527,True,S,S,same-party
201,278,137,1.0,0.7311021897810226,0.0374327879945861,0.0009990009990009,1.0,1.0,0.6880675675675664,0.7816507936507969,True,0.2688978102189774,7.183483374464855,0.0029480586527566,0.3119324324324336,0.218349206349203,True,S,S,same-party
201,286,135,1.0,0.7253185185185196,0.0374032067848598,0.0009990009990009,1.0,1.0,0.6741940298507471,0.7756911764705849,True,0.2746814814814804,7.343794960186861,0.0029480586527566,0.3258059701492529,0.224308823529415,True,S,S,same-party
201,1619,127,1.0,0.725543307086609,0.0391980857675947,0.0009990009990009,1.0,1.0,0.673375,0.7785396825396849,True,0.274456692913391,7.001788162326167,0.0029480586527566,0.326625,0.2214603174603151,True,S,S,same-party
201,1845,85,1.0,0.7022117647058816,0.0477553354082354,0.0009990009990009,1.0,1.0,0.6741090909090922,0.753733333333334,True,0.2977882352941183,6.235706078671254,0.0029480586527566,0.3258909090909078,0.2462666666666659,True,S,V,different-party
201,11702,104,0.9423076923076924,0.7048653846153853,0.0439068566127993,0.0009990009990009,0.9818181818181818,0.8979591836734694,0.6764909090909104,0.7367142857142857,True,0.237442307692307,5.407863964989241,0.0029480586527566,0.3053272727272714,0.1612448979591837,True,S,KF,different-party
201,15762,111,1.0,0.713603603603604,0.0396798519408857,0.0009990009990009,1.0,1.0,0.6674999999999988,0.7678431372548995,True,0.286396396396396,7.217678050388487,0.0029480586527566,0.3325000000000012,0.2321568627451005,True,S,S,same-party
201,15770,55,1.0,0.7956181818181839,0.0498275685563256,0.0009990009990009,1.0,1.0,0.7755714285714251,0.7985416666666656,False,0.2043818181818161,4.1017818870848695,0.0029480586527566,0.2244285714285748,0.2014583333333344,True,S,S,same-party
201,15776,50,1.0,0.7482600000000006,0.0576011309809965,0.0009990009990009,1.0,1.0,0.7324736842105302,0.7579354838709633,False,0.2517399999999994,4.370400297922136,0.0029480586527566,0.2675263157894698,0.2420645161290366,True,S,S,same-party
201,15787,135,1.0,0.7284444444444469,0.0373922828843715,0.0009990009990009,1.0,1.0,0.690374999999999,0.7719523809523829,True,0.2715555555555531,7.26234224305818,0.0029480586527566,0.309625000000001,0.228047619047617,True,S,S,same-party
201,15793,107,0.9065420560747663,0.7011028037383182,0.0426546259066053,0.0009990009990009,0.8970588235294118,0.9230769230769232,0.676558823529413,0.7438974358974331,True,0.2054392523364481,4.816341673849596,0.0029480586527566,0.2204999999999988,0.17917948717949,True,S,KF,different-party
201,16180,70,1.0,0.7790714285714287,0.0440739019756987,0.0009990009990009,1.0,1.0,0.7237000000000011,0.8012199999999999,True,0.2209285714285712,5.012684639322055,0.0029480586527566,0.2762999999999989,0.19878,True,S,S,same-party
201,16351,140,1.0,0.7277785714285733,0.0355319807258466,0.0009990009990009,1.0,1.0,0.6901351351351346,0.7699848484848484,True,0.2722214285714267,7.661307447839727,0.0029480586527566,0.3098648648648654,0.2300151515151516,True,S,S,same-party
201,17141,73,0.9863013698630136,0.6900958904109564,0.0512828228556489,0.0009990009990009,1.0,0.9523809523809524,0.6798653846153839,0.7154285714285703,True,0.2962054794520572,5.775919946642119,0.0029480586527566,0.3201346153846161,0.236952380952382,True,S,KF,different-party
201,18695,134,1.0,0.7338059701492543,0.0350978164205057,0.0009990009990009,1.0,1.0,0.6926461538461568,0.7725797101449272,True,0.2661940298507457,7.584347318405341,0.0029480586527566,0.3073538461538432,0.2274202898550728,True,S,V,different-party
201,18696,66,1.0,0.7746363636363641,0.0480763859612544,0.0009990009990009,1.0,1.0,0.7111875,0.794939999999999,False,0.2253636363636358,4.687616006437345,0.0029480586527566,0.2888125,0.205060000000001,True,S,V,different-party
201,18698,51,1.0,0.8004705882352938,0.0497106253352334,0.0009990009990009,,1.0,,0.8004705882352938,False,0.1995294117647061,4.013818181105954,0.0029480586527566,,0.1995294117647061,False,S,V,different-party
201,18699,139,1.0,0.7292949640287768,0.0352059337250412,0.0009990009990009,1.0,1.0,0.6894054054054047,0.774707692307687,True,0.2707050359712232,7.689187796734286,0.0029480586527566,0.3105945945945952,0.225292307692313,True,S,V,different-party
201,18700,56,1.0,0.7792857142857142,0.0503252886280147,0.0009990009990009,1.0,1.0,0.7249999999999981,0.8050000000000004,False,0.2207142857142857,4.385753002744231,0.0029480586527566,0.2750000000000019,0.1949999999999996,True,S,V,different-party
201,18713,86,0.8953488372093024,0.6828837209302271,0.0487590731522558,0.0009990009990009,0.8676470588235294,1.0,0.6780588235294134,0.7011111111111086,False,0.2124651162790752,4.357447804957822,0.0029480586527566,0.189588235294116,0.2988888888888914,True,S,KF,different-party
201,18715,46,1.0,0.8272826086956501,0.0492529643112013,0.0009990009990009,1.0,1.0,0.756272727272732,0.8495999999999965,False,0.1727173913043499,3.506741040255923,0.0029480586527566,0.243727272727268,0.1504000000000035,True,S,S,same-party
201,18716,61,1.0,0.7965901639344268,0.0479016115002844,0.0009990009990009,1.0,1.0,0.7863999999999963,0.7985882352941155,False,0.2034098360655731,4.246409039169072,0.0029480586527566,0.2136000000000036,0.2014117647058845,True,S,S,same-party
201,18717,114,1.0,0.7049473684210505,0.0415125496011071,0.0009990009990009,1.0,1.0,0.6913561643835594,0.7291463414634121,True,0.2950526315789494,7.107552641649368,0.0029480586527566,0.3086438356164406,0.2708536585365879,True,S,S,same-party
201,18718,141,1.0,0.7304042553191468,0.0346885760253467,0.0009990009990009,1.0,1.0,0.6914189189189179,0.7734626865671667,True,0.2695957446808532,7.771888488125335,0.0029480586527566,0.308581081081082,0.2265373134328333,True,S,S,same-party
201,18719,90,1.0,0.6820999999999999,0.049742200481406,0.0009990009990009,1.0,1.0,0.6711186440677968,0.7029999999999965,True,0.3179,6.390951685356843,0.0029480586527566,0.3288813559322032,0.2970000000000035,True,S,S,same-party
201,18720,132,1.0,0.7321212121212145,0.0366966004971725,0.0009990009990009,1.0,1.0,0.6920135135135128,0.7832931034482726,True,0.2678787878787855,7.299825712723039,0.0029480586527566,0.3079864864864872,0.2167068965517273,True,S,S,same-party
201,18725,104,0.8557692307692307,0.697490384615386,0.0448165672986405,0.0009990009990009,0.9041095890410958,0.7419354838709677,0.6931095890410927,0.7078064516129011,True,0.1582788461538447,3.531703914294341,0.0029480586527566,0.2110000000000031,0.0341290322580666,True,S,RV,different-party
201,18729,114,0.8333333333333334,0.6999912280701749,0.041754069230908,0.0019980019980019,0.8823529411764706,0.7608695652173914,0.6753970588235314,0.7363478260869571,True,0.1333421052631584,3.1935116198076647,0.005829605033321,0.2069558823529391,0.0245217391304342,True,S,RV,different-party
201,19928,116,1.0,0.7227327586206903,0.0398811336114971,0.0009990009990009,1.0,1.0,0.6912769230769281,0.7628235294117625,True,0.2772672413793097,6.952341026218417,0.0029480586527566,0.3087230769230719,0.2371764705882375,True,S,S,same-party
201,20349,72,1.0,0.6802638888888894,0.0528709886879058,0.0009990009990009,1.0,1.0,0.6759999999999985,0.6930555555555521,False,0.3197361111111105,6.047477436037617,0.0029480586527566,0.3240000000000015,0.3069444444444479,True,S,SP,different-party
201,20357,67,0.8955223880597015,0.7991641791044777,0.0453330766058165,0.0169830169830169,0.9375,0.8823529411764706,0.8011875,0.7985294117647054,False,0.0963582089552238,2.1255607642314858,0.04839554483106,0.1363124999999999,0.0838235294117651,True,S,KF,different-party
201,20362,129,1.0,0.7337674418604616,0.0359351895707271,0.0009990009990009,1.0,1.0,0.6952083333333338,0.7824736842105301,True,0.2662325581395384,7.408686619435889,0.0029480586527566,0.3047916666666662,0.2175263157894699,True,S,S,same-party
201,20363,140,1.0,0.7286785714285734,0.0345334421981558,0.0009990009990009,1.0,1.0,0.6909324324324315,0.7709999999999982,True,0.2713214285714266,7.856773356520936,0.0029480586527566,0.3090675675675685,0.2290000000000017,True,S,S,same-party
201,20364,134,1.0,0.7325970149253733,0.0381911440864518,0.0009990009990009,1.0,1.0,0.6910675675675656,0.7838166666666672,True,0.2674029850746267,7.001701349122108,0.0029480586527566,0.3089324324324344,0.2161833333333328,True,S,S,same-party
201,20365,114,1.0,0.6961315789473683,0.0426985006587863,0.0009990009990009,1.0,1.0,0.6899324324324323,0.7076000000000006,True,0.3038684210526317,7.116606353017291,0.0029480586527566,0.3100675675675677,0.2923999999999994,True,S,S,same-party
201,20367,142,1.0,0.7317746478873235,0.0361540082105911,0.0009990009990009,1.0,1.0,0.6922972972972965,0.774735294117644,True,0.2682253521126765,7.418965846063539,0.0029480586527566,0.3077027027027035,0.225264705882356,True,S,S,same-party
201,20368,125,1.0,0.7343359999999972,0.0382141783561108,0.0009990009990009,1.0,1.0,0.6922615384615415,0.7799166666666681,True,0.2656640000000028,6.951974670875538,0.0029480586527566,0.3077384615384585,0.2200833333333318,True,S,S,same-party
201,20369,116,0.9310344827586208,0.7253620689655179,0.0389462935550991,0.0009990009990009,0.9830508474576272,0.8771929824561403,0.6928644067796621,0.7590000000000018,True,0.2056724137931027,5.2809239344465,0.0029480586527566,0.290186440677965,0.1181929824561385,True,S,KF,different-party
201,20371,120,1.0,0.7090250000000005,0.0387475184964319,0.0009990009990009,1.0,1.0,0.6902567567567556,0.7392173913043486,True,0.2909749999999995,7.509513158288942,0.0029480586527566,0.3097432432432444,0.2607826086956514,True,S,V,different-party
201,20377,59,1.0,0.7847288135593222,0.0500339250416373,0.0009990009990009,1.0,1.0,0.7294736842105287,0.810975,False,0.2152711864406777,4.3025044759437305,0.0029480586527566,0.2705263157894713,0.189025,True,S,M,different-party
201,20378,142,1.0,0.7309859154929563,0.0359666054997518,0.0009990009990009,1.0,1.0,0.6923013698630124,0.7719130434782615,True,0.2690140845070436,7.479551677705574,0.0029480586527566,0.3076986301369876,0.2280869565217385,True,S,M,different-party
201,20384,82,1.0,0.6735243902439028,0.0509692302972358,0.0009990009990009,1.0,1.0,0.6676833333333316,0.689454545454543,True,0.3264756097560972,6.405347066302521,0.0029480586527566,0.3323166666666683,0.310545454545457,True,S,M,different-party
201,20385,61,1.0,0.7982950819672132,0.0460987905778553,0.0009990009990009,1.0,1.0,0.786799999999998,0.8005490196078398,False,0.2017049180327867,4.375492621484971,0.0029480586527566,0.213200000000002,0.1994509803921602,True,S,M,different-party
201,20386,93,1.0,0.7136344086021524,0.0442659892425597,0.0009990009990009,1.0,1.0,0.694890625,0.7549999999999982,True,0.2863655913978475,6.469201215151422,0.0029480586527566,0.305109375,0.2450000000000017,True,S,M,different-party
201,20388,50,0.94,0.8,0.0507954740127417,0.0019980019980019,1.0,0.9117647058823528,0.7098125,0.842441176470589,False,0.1399999999999999,2.7561510689885846,0.005829605033321,0.2901875,0.0693235294117639,True,S,UFG,different-party
201,20389,130,1.0,0.7232538461538504,0.0387633274387928,0.0009990009990009,1.0,1.0,0.676375,0.7687121212121202,True,0.2767461538461496,7.139380753190785,0.0029480586527566,0.323625,0.2312878787878798,True,S,M,different-party
201,20415,143,1.0,0.7301538461538464,0.0359638490744517,0.0009990009990009,1.0,1.0,0.6901756756756745,0.7730289855072463,True,0.2698461538461536,7.503261213434719,0.0029480586527566,0.3098243243243255,0.2269710144927537,True,S,M,different-party
201,20496,118,1.0,0.7266694915254241,0.037879526336944,0.0009990009990009,1.0,1.0,0.6912769230769275,0.7700754716981209,True,0.2733305084745758,7.215784749874112,0.0029480586527566,0.3087230769230725,0.2299245283018791,True,S,M,different-party
201,20781,142,1.0,0.727619718309857,0.0359323009209592,0.0009990009990009,1.0,1.0,0.6902162162162149,0.768323529411762,True,0.2723802816901429,7.580374056459717,0.0029480586527566,0.3097837837837851,0.231676470588238,True,S,S,same-party
201,20925,133,0.924812030075188,0.7312180451127785,0.0371255605498214,0.0009990009990009,0.9054054054054054,0.9491525423728814,0.689513513513513,0.7835254237288134,True,0.1935939849624094,5.214574058824293,0.0029480586527566,0.2158918918918924,0.1656271186440679,True,S,KF,different-party
201,20930,56,1.0,0.8008035714285702,0.0483539884341026,0.0009990009990009,1.0,1.0,0.7219047619047596,0.8481428571428521,True,0.1991964285714298,4.119544943906683,0.0029480586527566,0.2780952380952404,0.1518571428571479,True,S,S,same-party
201,21044,143,1.0,0.7294755244755236,0.0351150557760995,0.0009990009990009,1.0,1.0,0.6892027027027019,0.7726666666666671,True,0.2705244755244764,7.70394548849341,0.0029480586527566,0.3107972972972981,0.2273333333333329,True,S,S,same-party
201,21143,109,1.0,0.7064770642201832,0.0434308228710026,0.0009990009990009,1.0,1.0,0.6933384615384651,0.7258863636363643,True,0.2935229357798168,6.758401438803792,0.0029480586527566,0.3066615384615349,0.2741136363636357,True,S,S,same-party
201,21159,119,1.0,0.7307983193277312,0.0371931713331086,0.0009990009990009,1.0,1.0,0.6916388888888891,0.7907872340425521,True,0.2692016806722688,7.237932959823477,0.0029480586527566,0.3083611111111108,0.2092127659574478,True,S,M,different-party
201,21168,101,1.0,0.6814059405940589,0.0464253005246445,0.0009990009990009,1.0,1.0,0.6739375,0.6943243243243227,True,0.3185940594059411,6.862509360317819,0.0029480586527566,0.3260625,0.3056756756756773,True,S,V,different-party
208,213,100,1.0,0.6892599999999999,0.0447979827588214,0.0009990009990009,1.0,1.0,0.671686567164179,0.7249393939393958,True,0.3107400000000001,6.936473047747011,0.0029480586527566,0.328313432835821,0.2750606060606042,True,S,S,same-party
208,224,83,1.0,0.6867349397590325,0.0493502223328561,0.0009990009990009,1.0,1.0,0.679741935483872,0.7073809523809508,True,0.3132650602409674,6.347794304310629,0.0029480586527566,0.320258064516128,0.2926190476190492,True,S,S,same-party
208,257,83,1.0,0.6851927710843331,0.0464648551036155,0.0009990009990009,1.0,1.0,0.6684166666666658,0.7289565217391312,True,0.3148072289156669,6.775168634738107,0.0029480586527566,0.3315833333333342,0.2710434782608688,True,S,S,same-party
208,260,87,1.0,0.6765632183908058,0.0479864176131693,0.0009990009990009,1.0,1.0,0.6585087719298267,0.7108666666666684,True,0.3234367816091942,6.740173526111071,0.0029480586527566,0.3414912280701733,0.2891333333333316,True,S,S,same-party
208,266,90,1.0,0.6812111111111117,0.0494829467474372,0.0009990009990009,1.0,1.0,0.6652459016393438,0.7147931034482767,True,0.3187888888888883,6.442399045392317,0.0029480586527566,0.3347540983606561,0.2852068965517232,True,S,S,same-party
208,273,96,1.0,0.6969791666666669,0.0460334521204817,0.0009990009990009,1.0,1.0,0.6833650793650743,0.7229696969696997,True,0.3030208333333331,6.582622405555139,0.0029480586527566,0.3166349206349257,0.2770303030303003,True,S,S,same-party
208,278,105,1.0,0.6922857142857137,0.0422878759803503,0.0009990009990009,1.0,1.0,0.6781111111111098,0.7232121212121235,True,0.3077142857142863,7.276655036002997,0.0029480586527566,0.3218888888888902,0.2767878787878765,True,S,S,same-party
208,286,102,1.0,0.690686274509804,0.0436569952061024,0.0009990009990009,1.0,1.0,0.6751142857142877,0.72475,True,0.309313725490196,7.085089663865816,0.0029480586527566,0.3248857142857123,0.27525,True,S,S,same-party
208,1619,88,1.0,0.6812045454545443,0.0465018964414708,0.0009990009990009,1.0,1.0,0.6559310344827644,0.7300666666666672,True,0.3187954545454556,6.855536632720015,0.0029480586527566,0.3440689655172356,0.2699333333333328,True,S,S,same-party
208,1845,76,1.0,0.6820394736842126,0.0523803587005175,0.0009990009990009,1.0,1.0,0.6634716981132066,0.7248260869565226,True,0.3179605263157874,6.070224301702727,0.0029480586527566,0.3365283018867934,0.2751739130434774,True,S,V,different-party
208,11702,82,0.9634146341463414,0.683670731707318,0.0498480543526868,0.0009990009990009,0.979591836734694,0.9393939393939394,0.6568979591836699,0.7234242424242445,True,0.2797439024390235,5.611932222264257,0.0029480586527566,0.3226938775510239,0.2159696969696949,True,S,KF,different-party
208,15762,87,1.0,0.6693563218390797,0.0487432590367394,0.0009990009990009,1.0,1.0,0.6553389830508487,0.6988928571428575,True,0.3306436781609203,6.783372402565512,0.0029480586527566,0.3446610169491513,0.3011071428571424,True,S,S,same-party
208,15787,100,1.0,0.6893000000000012,0.0454640184868801,0.0009990009990009,1.0,1.0,0.6782428571428569,0.7150999999999993,True,0.3106999999999987,6.833975753587628,0.0029480586527566,0.3217571428571431,0.2849000000000007,True,S,S,same-party
208,15793,91,0.9230769230769232,0.6880769230769219,0.0450678011604284,0.0009990009990009,0.8970588235294118,1.0,0.6762794117647071,0.7229565217391314,True,0.2350000000000012,5.214365776654349,0.0029480586527566,0.2207794117647047,0.2770434782608686,True,S,KF,different-party
208,16351,102,1.0,0.6898235294117643,0.0448693068845501,0.0009990009990009,1.0,1.0,0.6800138888888886,0.7133666666666677,True,0.3101764705882357,6.912887497601149,0.0029480586527566,0.3199861111111114,0.2866333333333323,True,S,S,same-party
208,17141,71,0.9577464788732394,0.6782676056338013,0.0540027478638182,0.0009990009990009,0.96,0.9523809523809524,0.6643000000000002,0.7115238095238076,True,0.2794788732394381,5.175271338862529,0.0029480586527566,0.2956999999999997,0.2408571428571447,True,S,KF,different-party
208,18695,96,1.0,0.6981145833333338,0.0457265670636437,0.0009990009990009,1.0,1.0,0.6862698412698357,0.7207272727272755,True,0.3018854166666662,6.601969840563196,0.0029480586527566,0.3137301587301643,0.2792727272727244,True,S,V,different-party
208,18699,98,1.0,0.6863367346938724,0.043403912522308,0.0009990009990009,1.0,1.0,0.6735507246376841,0.7167586206896562,True,0.3136632653061276,7.226612696376523,0.0029480586527566,0.3264492753623159,0.2832413793103437,True,S,V,different-party
208,18713,89,0.8876404494382022,0.6866404494382048,0.0467745251836963,0.0009990009990009,0.8591549295774648,1.0,0.6835352112676049,0.6988888888888873,False,0.2009999999999974,4.297210911508249,0.0029480586527566,0.1756197183098599,0.3011111111111126,True,S,KF,different-party
208,18717,98,1.0,0.6925408163265258,0.0447621811525157,0.0009990009990009,1.0,1.0,0.6855142857142877,0.7101071428571413,True,0.3074591836734742,6.868726584745393,0.0029480586527566,0.3144857142857122,0.2898928571428587,True,S,S,same-party
208,18718,101,1.0,0.6909801980198007,0.0454643768704585,0.0009990009990009,1.0,1.0,0.677257142857144,0.7219677419354809,True,0.3090198019801993,6.796965520074946,0.0029480586527566,0.322742857142856,0.2780322580645191,True,S,S,same-party
208,18719,84,1.0,0.6760714285714294,0.048697072309977,0.0009990009990009,1.0,1.0,0.6656428571428569,0.6969285714285703,True,0.3239285714285705,6.6519105987857134,0.0029480586527566,0.3343571428571431,0.3030714285714296,True,S,S,same-party
208,18720,94,1.0,0.6906276595744664,0.047025583439797,0.0009990009990009,1.0,1.0,0.6761884057971049,0.7304799999999978,True,0.3093723404255336,6.578809188440956,0.0029480586527566,0.323811594202895,0.2695200000000022,True,S,S,same-party
208,18725,95,0.8526315789473684,0.687568421052633,0.0440029131668098,0.0009990009990009,0.8955223880597015,0.75,0.6819253731343285,0.7010714285714271,True,0.1650631578947353,3.7511870468439352,0.0029480586527566,0.2135970149253729,0.0489285714285728,True,S,RV,different-party
208,18729,105,0.8380952380952381,0.6923238095238091,0.0446872532316911,0.0019980019980019,0.8611111111111112,0.7878787878787878,0.6791111111111108,0.7211515151515178,True,0.145771428571429,3.262035995267914,0.005829605033321,0.1820000000000003,0.06672727272727,True,S,RV,different-party
208,19928,91,1.0,0.6883296703296691,0.0485814972663999,0.0009990009990009,1.0,1.0,0.684888888888883,0.6960714285714292,True,0.3116703296703309,6.415412187921365,0.0029480586527566,0.315111111111117,0.3039285714285707,True,S,S,same-party
208,20349,66,1.0,0.6692727272727251,0.0593230594104535,0.0009990009990009,1.0,1.0,0.6607499999999998,0.6919999999999961,False,0.3307272727272748,5.575020506595723,0.0029480586527566,0.3392500000000001,0.3080000000000039,True,S,SP,different-party
208,20362,102,1.0,0.6999901960784309,0.0465023235905433,0.0009990009990009,1.0,1.0,0.6916086956521761,0.7175151515151543,True,0.300009803921569,6.451501360731552,0.0029480586527566,0.3083913043478239,0.2824848484848457,True,S,S,same-party
208,20363,102,1.0,0.6912647058823527,0.0445712924890977,0.0009990009990009,1.0,1.0,0.6819166666666666,0.7137000000000004,True,0.3087352941176473,6.926774542002905,0.0029480586527566,0.3180833333333334,0.2862999999999995,True,S,S,same-party
208,20364,105,1.0,0.6956095238095249,0.0419749454520448,0.0009990009990009,1.0,1.0,0.6823472222222224,0.724545454545457,True,0.3043904761904751,7.251718207430011,0.0029480586527566,0.3176527777777775,0.2754545454545429,True,S,S,same-party
208,20365,100,1.0,0.6879800000000009,0.0450038325583907,0.0009990009990009,1.0,1.0,0.6839444444444444,0.6983571428571438,True,0.3120199999999991,6.933187292330381,0.0029480586527566,0.3160555555555556,0.3016428571428562,True,S,S,same-party
208,20367,103,1.0,0.697466019417478,0.0440499299655602,0.0009990009990009,1.0,1.0,0.6862676056338017,0.7223125,True,0.302533980582522,6.867978696425924,0.0029480586527566,0.3137323943661982,0.2776875,True,S,S,same-party
208,20368,96,1.0,0.6950312500000003,0.044836215489015,0.0009990009990009,1.0,1.0,0.680730158730154,0.7223333333333358,True,0.3049687499999997,6.801839688604347,0.0029480586527566,0.319269841269846,0.2776666666666642,True,S,S,same-party
208,20369,84,0.9404761904761904,0.6931547619047619,0.0478187916540057,0.0009990009990009,0.9642857142857144,0.8928571428571429,0.6889464285714283,0.7015714285714287,True,0.2473214285714285,5.172055169459946,0.0029480586527566,0.275339285714286,0.1912857142857141,True,S,KF,different-party
208,20371,105,1.0,0.692761904761905,0.0433988674158994,0.0009990009990009,1.0,1.0,0.6797916666666656,0.721060606060608,True,0.307238095238095,7.079403531289766,0.0029480586527566,0.3202083333333344,0.278939393939392,True,S,V,different-party
208,20378,103,1.0,0.6989902912621374,0.0450735801886696,0.0009990009990009,1.0,1.0,0.6889285714285744,0.7203333333333364,True,0.3010097087378626,6.678185036065292,0.0029480586527566,0.3110714285714255,0.2796666666666636,True,S,M,different-party
208,20384,84,1.0,0.6686190476190489,0.0513117081648561,0.0009990009990009,1.0,1.0,0.6623709677419375,0.6862272727272706,True,0.3313809523809511,6.4581937384793004,0.0029480586527566,0.3376290322580625,0.3137727272727294,True,S,M,different-party
208,20386,81,1.0,0.6929012345679012,0.0499653206281347,0.0009990009990009,1.0,1.0,0.6791355932203409,0.7298181818181813,True,0.3070987654320988,6.146238262287381,0.0029480586527566,0.3208644067796591,0.2701818181818187,True,S,M,different-party
208,20389,92,1.0,0.6818043478260857,0.0490737785428162,0.0009990009990009,1.0,1.0,0.6661935483870984,0.7140666666666675,True,0.3181956521739143,6.484025922240583,0.0029480586527566,0.3338064516129015,0.2859333333333325,True,S,M,different-party
208,20415,101,1.0,0.6936435643564351,0.0460947293850822,0.0009990009990009,1.0,1.0,0.6767941176470612,0.7283636363636389,True,0.3063564356435648,6.6462356918123495,0.0029480586527566,0.3232058823529388,0.2716363636363611,True,S,M,different-party
208,20496,83,1.0,0.6914457831325262,0.0479508078538596,0.0009990009990009,1.0,1.0,0.6847258064516142,0.7112857142857134,True,0.3085542168674737,6.434807476192243,0.0029480586527566,0.3152741935483858,0.2887142857142866,True,S,M,different-party
208,20781,102,1.0,0.6935882352941174,0.0452541955364316,0.0009990009990009,1.0,1.0,0.6841142857142863,0.7143125,True,0.3064117647058826,6.7709029201327295,0.0029480586527566,0.3158857142857136,0.2856875,True,S,S,same-party
208,20925,105,0.8952380952380953,0.6943714285714285,0.0414144788604655,0.0009990009990009,0.875,0.9393939393939394,0.6809444444444455,0.7236666666666686,True,0.2008666666666667,4.850155602426646,0.0029480586527566,0.1940555555555545,0.2157272727272708,True,S,KF,different-party
208,21044,105,1.0,0.6915333333333331,0.0440295222047884,0.0009990009990009,1.0,1.0,0.6780833333333338,0.7208787878787907,True,0.3084666666666669,7.00590538393623,0.0029480586527566,0.3219166666666662,0.2791212121212093,True,S,S,same-party
208,21143,88,1.0,0.6844431818181821,0.0494109746357421,0.0009990009990009,1.0,1.0,0.6759500000000006,0.7026428571428569,True,0.3155568181818179,6.386371054368063,0.0029480586527566,0.3240499999999994,0.2973571428571431,True,S,S,same-party
208,21159,96,1.0,0.6971666666666672,0.0443203386428275,0.0009990009990009,1.0,1.0,0.6841267605633794,0.7341999999999985,True,0.3028333333333328,6.832829861112557,0.0029480586527566,0.3158732394366206,0.2658000000000015,True,S,M,different-party
208,21168,87,1.0,0.6702643678160932,0.0492879921718677,0.0009990009990009,1.0,1.0,0.6650967741935502,0.6830799999999984,True,0.3297356321839068,6.6899789919239385,0.0029480586527566,0.3349032258064498,0.3169200000000016,True,S,V,different-party
213,214,46,1.0,0.7517173913043474,0.057387712864146,0.0009990009990009,1.0,1.0,0.7564838709677383,0.7418666666666669,False,0.2482826086956525,4.326407105357418,0.0029480586527566,0.2435161290322617,0.2581333333333331,True,S,S,same-party
213,224,113,1.0,0.7308495575221258,0.0402993549494713,0.0009990009990009,1.0,1.0,0.7016111111111103,0.7821951219512169,True,0.2691504424778742,6.678777931193777,0.0029480586527566,0.2983888888888897,0.2178048780487831,True,S,S,same-party
213,244,52,1.0,0.7948269230769237,0.0489910363771818,0.0009990009990009,1.0,1.0,0.7840625,0.7996111111111106,False,0.2051730769230763,4.187971761680025,0.0029480586527566,0.2159375,0.2003888888888894,True,S,S,same-party
213,257,126,0.992063492063492,0.7339523809523779,0.0361038804990831,0.0009990009990009,1.0,0.9827586206896552,0.6911470588235311,0.7841379310344784,True,0.2581111111111142,7.149123793429049,0.0029480586527566,0.3088529411764689,0.1986206896551767,True,S,S,same-party
213,260,116,1.0,0.7235000000000016,0.0384742088613583,0.0009990009990009,1.0,1.0,0.6739523809523752,0.7823962264151019,True,0.2764999999999984,7.186632504812895,0.0029480586527566,0.3260476190476248,0.2176037735848981,True,S,S,same-party
213,266,107,1.0,0.698177570093459,0.0435695569121184,0.0009990009990009,1.0,1.0,0.6729365079365031,0.7343181818181813,True,0.3018224299065409,6.927369734682609,0.0029480586527566,0.3270634920634969,0.2656818181818187,True,S,S,same-party
213,273,138,1.0,0.7361086956521739,0.0349545714265144,0.0009990009990009,1.0,1.0,0.7007000000000025,0.7725588235294097,True,0.2638913043478261,7.549550561722931,0.0029480586527566,0.2992999999999974,0.2274411764705902,True,S,S,same-party
213,278,141,1.0,0.7321914893616993,0.0349337694521873,0.0009990009990009,1.0,1.0,0.6940126582278499,0.7808387096774175,True,0.2678085106383007,7.666178452481077,0.0029480586527566,0.3059873417721501,0.2191612903225824,True,S,S,same-party
213,286,139,1.0,0.7271294964028775,0.0355561559354436,0.0009990009990009,1.0,1.0,0.6825694444444451,0.7750149253731364,True,0.2728705035971225,7.67435332696118,0.0029480586527566,0.3174305555555549,0.2249850746268635,True,S,S,same-party
213,1619,132,1.0,0.7306439393939418,0.0376017220064388,0.0009990009990009,1.0,1.0,0.6879571428571434,0.7788387096774188,True,0.2693560606060582,7.16339694655299,0.0029480586527566,0.3120428571428566,0.2211612903225812,True,S,S,same-party
213,1845,90,1.0,0.7121666666666672,0.0449751088351803,0.0009990009990009,1.0,1.0,0.6913770491803277,0.7558965517241344,True,0.2878333333333328,6.399836282512441,0.0029480586527566,0.3086229508196723,0.2441034482758656,True,S,V,different-party
213,11702,109,0.9357798165137616,0.7118899082568796,0.0403796437120094,0.0009990009990009,0.9672131147540984,0.8958333333333334,0.6905573770491785,0.739000000000001,True,0.2238899082568819,5.544623173341519,0.0029480586527566,0.2766557377049198,0.1568333333333323,True,S,KF,different-party
213,15760,43,1.0,0.77218604651163,0.0573833261335795,0.0009990009990009,1.0,1.0,0.7828125,0.7658888888888928,False,0.2278139534883699,3.970037445338291,0.0029480586527566,0.2171874999999999,0.2341111111111071,True,S,S,same-party
213,15762,117,1.0,0.7216410256410248,0.0389486177385124,0.0009990009990009,1.0,1.0,0.6848787878787872,0.76921568627451,True,0.2783589743589751,7.146825497833603,0.0029480586527566,0.3151212121212128,0.23078431372549,True,S,S,same-party
213,15770,54,1.0,0.7960370370370379,0.0501545592595398,0.0009990009990009,1.0,1.0,0.7728571428571396,0.7994893617021256,False,0.2039629629629621,4.066688372386931,0.0029480586527566,0.2271428571428604,0.2005106382978744,True,S,S,same-party
213,15776,54,1.0,0.7582407407407425,0.0526983582863047,0.0009990009990009,1.0,1.0,0.752083333333333,0.7631666666666659,True,0.2417592592592574,4.587605138395476,0.0029480586527566,0.247916666666667,0.2368333333333341,True,S,S,same-party
213,15787,139,1.0,0.7310719424460429,0.0348094774154554,0.0009990009990009,1.0,1.0,0.6972077922077917,0.7731290322580642,True,0.2689280575539571,7.72571372859946,0.0029480586527566,0.3027922077922083,0.2268709677419358,True,S,S,same-party
213,15793,105,0.9047619047619048,0.6946666666666674,0.043626307758607,0.0009990009990009,0.8955223880597015,0.9210526315789472,0.667477611940299,0.7426052631578947,True,0.2100952380952373,4.8157923255329305,0.0029480586527566,0.2280447761194025,0.1784473684210527,True,S,KF,different-party
213,16180,69,1.0,0.7731594202898543,0.0458367533785348,0.0009990009990009,1.0,1.0,0.7035789473684243,0.7995999999999995,False,0.2268405797101457,4.948879730569533,0.0029480586527566,0.2964210526315757,0.2004000000000004,True,S,S,same-party
213,16351,144,1.0,0.7302430555555556,0.0351148245604524,0.0009990009990009,1.0,1.0,0.6967215189873444,0.7709846153846119,True,0.2697569444444444,7.682138464910753,0.0029480586527566,0.3032784810126556,0.229015384615388,True,S,S,same-party
213,17141,73,0.9863013698630136,0.6867671232876695,0.0507214858072573,0.0009990009990009,1.0,0.9523809523809524,0.6753076923076917,0.7151428571428555,True,0.2995342465753441,5.9054706660916905,0.0029480586527566,0.3246923076923083,0.2372380952380968,True,S,KF,different-party
213,18695,132,1.0,0.7291590909090943,0.0356262951160652,0.0009990009990009,1.0,1.0,0.685359375,0.7703823529411751,True,0.2708409090909057,7.602275459981052,0.0029480586527566,0.314640625,0.2296176470588249,True,S,V,different-party
213,18696,71,1.0,0.7823239436619724,0.0461978996288672,0.0009990009990009,1.0,1.0,0.7529999999999999,0.7954897959183747,True,0.2176760563380275,4.711817162397801,0.0029480586527566,0.2470000000000001,0.2045102040816253,True,S,V,different-party
213,18698,50,1.0,0.8025199999999992,0.0506696853850154,0.0009990009990009,,1.0,,0.8025199999999992,False,0.1974800000000007,3.897399372019812,0.0029480586527566,,0.1974800000000007,False,S,V,different-party
213,18699,143,1.0,0.7313986013986002,0.0350691101766906,0.0009990009990009,1.0,1.0,0.6970632911392409,0.77378125,True,0.2686013986013997,7.659201994236256,0.0029480586527566,0.3029367088607591,0.22621875,True,S,V,different-party
213,18700,54,1.0,0.7738333333333337,0.0513979282484711,0.0009990009990009,1.0,1.0,0.7070588235294087,0.8045135135135113,False,0.2261666666666663,4.4003070624426135,0.0029480586527566,0.2929411764705912,0.1954864864864887,True,S,V,different-party
213,18713,91,0.8901098901098901,0.6895054945054937,0.0471252629446483,0.0009990009990009,0.863013698630137,1.0,0.6862054794520526,0.7028888888888859,False,0.2006043956043963,4.256833449184549,0.0029480586527566,0.1768082191780844,0.2971111111111141,True,S,KF,different-party
213,18715,50,1.0,0.8286000000000007,0.048319507186772,0.0009990009990009,1.0,1.0,0.781625,0.8507058823529442,False,0.1713999999999993,3.547221608396737,0.0029480586527566,0.2183749999999999,0.1492941176470558,True,S,S,same-party
213,18716,65,1.0,0.7997230769230687,0.0454625365202186,0.0009990009990009,1.0,1.0,0.7965333333333319,0.8006800000000002,False,0.2002769230769313,4.405317837641147,0.0029480586527566,0.2034666666666681,0.1993199999999998,True,S,S,same-party
213,18717,118,1.0,0.71021186440678,0.0402158554702666,0.0009990009990009,1.0,1.0,0.6993076923076935,0.7314749999999991,True,0.28978813559322,7.205818008956029,0.0029480586527566,0.3006923076923065,0.2685250000000009,True,S,S,same-party
213,18718,145,1.0,0.7332413793103466,0.0342240128382603,0.0009990009990009,1.0,1.0,0.6988101265822798,0.7744545454545456,True,0.2667586206896534,7.794486927945324,0.0029480586527566,0.3011898734177202,0.2255454545454543,True,S,S,same-party
213,18719,96,1.0,0.694697916666666,0.0462824354407025,0.0009990009990009,1.0,1.0,0.6899076923076958,0.7047419354838685,True,0.305302083333334,6.596499955679504,0.0029480586527566,0.3100923076923042,0.2952580645161314,True,S,S,same-party
213,18720,136,1.0,0.7348602941176489,0.0347537205032509,0.0009990009990009,1.0,1.0,0.6987848101265833,0.7848596491228109,True,0.2651397058823511,7.629102785054317,0.0029480586527566,0.3012151898734166,0.215140350877189,True,S,S,same-party
213,18725,109,0.8532110091743119,0.7016330275229348,0.041373862153271,0.0009990009990009,0.8974358974358975,0.7419354838709677,0.6982307692307699,0.7101935483870951,True,0.1515779816513771,3.6636169253392574,0.0029480586527566,0.1992051282051276,0.0317419354838726,True,S,RV,different-party
213,18729,118,0.8305084745762712,0.7063983050847473,0.0393447931738579,0.0009990009990009,0.8767123287671232,0.7555555555555555,0.6862328767123277,0.7391111111111097,True,0.1241101694915238,3.1544242447304818,0.0029480586527566,0.1904794520547955,0.0164444444444458,True,S,RV,different-party
213,19928,115,1.0,0.7219043478260876,0.0378291498655653,0.0009990009990009,1.0,1.0,0.687125,0.7655490196078407,True,0.2780956521739124,7.351358758052717,0.0029480586527566,0.312875,0.2344509803921592,True,S,S,same-party
213,20349,72,1.0,0.6793750000000004,0.0515941369919519,0.0009990009990009,1.0,1.0,0.6743518518518492,0.6944444444444428,False,0.3206249999999996,6.214368893310754,0.0029480586527566,0.3256481481481508,0.3055555555555572,True,S,SP,different-party
213,20362,133,1.0,0.7354360902255593,0.0363784235791639,0.0009990009990009,1.0,1.0,0.702298701298701,0.7810000000000005,True,0.2645639097744406,7.2725501477192065,0.0029480586527566,0.297701298701299,0.2189999999999995,True,S,S,same-party
213,20363,138,1.0,0.7247608695652171,0.0350863512713332,0.0009990009990009,1.0,1.0,0.683205479452052,0.7714307692307636,True,0.2752391304347829,7.844621069494416,0.0029480586527566,0.316794520547948,0.2285692307692364,True,S,S,same-party
213,20364,132,1.0,0.7305227272727286,0.0382335128566473,0.0009990009990009,1.0,1.0,0.6871369863013673,0.7842033898305083,True,0.2694772727272714,7.048195485924841,0.0029480586527566,0.3128630136986327,0.2157966101694917,True,S,S,same-party
213,20365,119,1.0,0.7017731092436968,0.0422691416037021,0.0009990009990009,1.0,1.0,0.6967594936708865,0.7116750000000005,True,0.2982268907563031,7.055428131291478,0.0029480586527566,0.3032405063291135,0.2883249999999995,True,S,S,same-party
213,20367,146,1.0,0.7320205479452053,0.034503659540154,0.0009990009990009,1.0,1.0,0.6960632911392407,0.774417910447763,True,0.2679794520547947,7.766696507740886,0.0029480586527566,0.3039367088607593,0.225582089552237,True,S,S,same-party
213,20368,129,1.0,0.7356899224806188,0.037167104441089,0.0009990009990009,1.0,1.0,0.6962285714285719,0.7825084745762715,True,0.2643100775193812,7.111398143439454,0.0029480586527566,0.3037714285714281,0.2174915254237285,True,S,S,same-party
213,20369,121,0.9256198347107438,0.7288677685950407,0.0373606622334805,0.0009990009990009,0.96875,0.8771929824561403,0.7018125,0.7592456140350907,True,0.1967520661157031,5.266289577152755,0.0029480586527566,0.2669375,0.1179473684210495,True,S,KF,different-party
213,20371,124,1.0,0.7116854838709683,0.0394047755246364,0.0009990009990009,1.0,1.0,0.6974683544303805,0.7366444444444434,True,0.2883145161290317,7.316740478543609,0.0029480586527566,0.3025316455696195,0.2633555555555565,True,S,V,different-party
213,20377,63,1.0,0.7884603174603231,0.0468099726217253,0.0009990009990009,1.0,1.0,0.74875,0.8128974358974347,True,0.2115396825396769,4.519115707440029,0.0029480586527566,0.25125,0.1871025641025653,True,S,M,different-party
213,20378,146,1.0,0.7349520547945202,0.0344558656199467,0.0009990009990009,1.0,1.0,0.6998461538461553,0.7752205882352918,True,0.2650479452054798,7.692389682761054,0.0029480586527566,0.3001538461538446,0.2247794117647081,True,S,M,different-party
213,20384,82,1.0,0.6721707317073173,0.0506285761529465,0.0009990009990009,1.0,1.0,0.6654166666666644,0.6905909090909067,True,0.3278292682926826,6.475182460243905,0.0029480586527566,0.3345833333333355,0.3094090909090933,True,S,M,different-party
213,20385,65,1.0,0.8012153846153752,0.0461326893837355,0.0009990009990009,1.0,1.0,0.8007333333333311,0.8013599999999994,False,0.1987846153846247,4.3089752199599225,0.0029480586527566,0.1992666666666689,0.1986400000000006,True,S,M,different-party
213,20386,91,1.0,0.7090219780219756,0.0449210947570331,0.0009990009990009,1.0,1.0,0.6881269841269791,0.7560357142857141,True,0.2909780219780243,6.477536301193265,0.0029480586527566,0.3118730158730208,0.2439642857142858,True,S,M,different-party
213,20388,49,0.9387755102040816,0.8014897959183757,0.052298434137654,0.0029970029970029,1.0,0.9090909090909092,0.712375,0.8446969696969755,False,0.137285714285706,2.6250444501714543,0.0087126097043452,0.287625,0.0643939393939335,True,S,UFG,different-party
213,20389,135,1.0,0.7284296296296319,0.0365344282690333,0.0009990009990009,1.0,1.0,0.6888714285714311,0.7710307692307642,True,0.2715703703703681,7.433272757700493,0.0029480586527566,0.3111285714285688,0.2289692307692358,True,S,M,different-party
213,20415,147,1.0,0.7324557823129214,0.0343993967048374,0.0009990009990009,1.0,1.0,0.6969240506329103,0.7737352941176452,True,0.2675442176870786,7.77758458913481,0.0029480586527566,0.3030759493670897,0.2262647058823548,True,S,M,different-party
213,20496,117,1.0,0.7231025641025642,0.0394745250394563,0.0009990009990009,1.0,1.0,0.6828125,0.7717547169811391,True,0.2768974358974357,7.014585625049729,0.0029480586527566,0.3171874999999999,0.2282452830188609,True,S,M,different-party
213,20781,140,1.0,0.7249000000000013,0.0359116554050134,0.0009990009990009,1.0,1.0,0.6836986301369847,0.7697910447761223,True,0.2750999999999987,7.660465575797247,0.0029480586527566,0.3163013698630152,0.2302089552238777,True,S,S,same-party
213,20925,137,0.9197080291970804,0.734416058394162,0.0350241757525015,0.0009990009990009,0.8987341772151899,0.9482758620689656,0.6975316455696216,0.7846551724137864,True,0.1852919708029182,5.29040203864566,0.0029480586527566,0.2012025316455683,0.1636206896551791,True,S,KF,different-party
213,20930,61,1.0,0.806950819672131,0.0468232479634582,0.0009990009990009,1.0,1.0,0.7537037037037071,0.8492352941176504,True,0.193049180327869,4.122934412378406,0.0029480586527566,0.2462962962962929,0.1507647058823495,True,S,S,same-party
213,21044,147,1.0,0.7315442176870701,0.0343265151714608,0.0009990009990009,1.0,1.0,0.6954050632911399,0.7735294117647037,True,0.2684557823129299,7.820653537709673,0.0029480586527566,0.30459493670886,0.2264705882352963,True,S,S,same-party
213,21143,107,1.0,0.7019158878504679,0.0419959769639459,0.0009990009990009,1.0,1.0,0.684359375,0.7280465116279051,True,0.2980841121495321,7.09792065095761,0.0029480586527566,0.315640625,0.2719534883720949,True,S,S,same-party
213,21159,123,1.0,0.7334634146341471,0.036427318439345,0.0009990009990009,1.0,1.0,0.6996103896103891,0.7901304347826085,True,0.2665365853658529,7.316942250626048,0.0029480586527566,0.3003896103896109,0.2098695652173915,True,S,M,different-party
213,21168,107,1.0,0.691869158878506,0.0450621879360261,0.0009990009990009,1.0,1.0,0.6868000000000011,0.7014594594594579,True,0.308130841121494,6.83790235749185,0.0029480586527566,0.3131999999999989,0.2985405405405421,True,S,V,different-party
214,224,50,1.0,0.7766599999999987,0.0534574793841158,0.0009990009990009,1.0,1.0,0.765875,0.7958333333333379,False,0.2233400000000013,4.177899941656501,0.0029480586527566,0.234125,0.204166666666662,True,S,S,same-party
214,257,49,0.979591836734694,0.7612857142857181,0.0544952275872442,0.0009990009990009,1.0,0.9629629629629628,0.7562727272727279,0.7653703703703741,True,0.2183061224489757,4.005967717071702,0.0029480586527566,0.2437272727272721,0.1975925925925887,True,S,S,same-party
214,266,43,1.0,0.7432558139534872,0.0618424150597334,0.0009990009990009,1.0,1.0,0.709125,0.7634814814814858,False,0.2567441860465128,4.1515873175154,0.0029480586527566,0.290875,0.2365185185185142,True,S,S,same-party
214,273,54,1.0,0.7767962962962974,0.0518188420754406,0.0009990009990009,1.0,1.0,0.7860416666666666,0.7693999999999999,True,0.2232037037037025,4.307385012168943,0.0029480586527566,0.2139583333333333,0.2306000000000001,True,S,S,same-party
214,278,60,1.0,0.761349999999999,0.0516474207214485,0.0009990009990009,1.0,1.0,0.7542424242424289,0.7700370370370413,True,0.238650000000001,4.620753498749116,0.0029480586527566,0.245757575757571,0.2299629629629587,True,S,S,same-party
214,286,55,1.0,0.7590545454545482,0.0536200073463872,0.0009990009990009,1.0,1.0,0.7486399999999992,0.7677333333333337,True,0.2409454545454518,4.49357369514956,0.0029480586527566,0.2513600000000008,0.2322666666666663,True,S,S,same-party
214,1619,49,1.0,0.7625102040816351,0.0556685604083599,0.0009990009990009,1.0,1.0,0.7524545454545448,0.7707037037037079,True,0.2374897959183649,4.266138627912145,0.0029480586527566,0.2475454545454551,0.2292962962962921,True,S,S,same-party
214,15760,45,1.0,0.7725111111111101,0.0558797392738587,0.0009990009990009,1.0,1.0,0.7802777777777823,0.7673333333333382,False,0.2274888888888898,4.071044207525712,0.0029480586527566,0.2197222222222177,0.2326666666666618,True,S,S,same-party
214,15762,40,1.0,0.7654250000000007,0.0601669713334315,0.0009990009990009,1.0,1.0,0.7406842105263183,0.7878095238095292,False,0.2345749999999993,3.898733720533122,0.0029480586527566,0.2593157894736817,0.2121904761904708,True,S,S,same-party
214,15776,56,1.0,0.7597857142857155,0.0512282990576291,0.0009990009990009,1.0,1.0,0.7516153846153842,0.766866666666667,True,0.2402142857142845,4.689093530980912,0.0029480586527566,0.2483846153846157,0.2331333333333329,True,S,S,same-party
214,15787,40,1.0,0.748425000000001,0.0626064209082179,0.0009990009990009,1.0,1.0,0.7564838709677372,0.7206666666666708,False,0.251574999999999,4.018357803408251,0.0029480586527566,0.2435161290322628,0.2793333333333292,True,S,S,same-party
214,16351,60,1.0,0.7600333333333336,0.04878571103464,0.0009990009990009,1.0,1.0,0.7544848484848521,0.7668148148148184,True,0.2399666666666664,4.918789981277086,0.0029480586527566,0.2455151515151479,0.2331851851851816,True,S,S,same-party
214,18695,48,1.0,0.7652500000000009,0.0581917104410063,0.0009990009990009,1.0,1.0,0.7651666666666687,0.7652999999999991,False,0.2347499999999991,4.034079737834556,0.0029480586527566,0.2348333333333313,0.2347000000000009,True,S,V,different-party
214,18699,60,1.0,0.7591333333333339,0.0483336382349532,0.0009990009990009,1.0,1.0,0.7552121212121256,0.7639259259259286,True,0.2408666666666661,4.98341683892688,0.0029480586527566,0.2447878787878744,0.2360740740740714,True,S,V,different-party
214,18717,55,1.0,0.7683818181818205,0.0512418405415325,0.0009990009990009,1.0,1.0,0.7691290322580612,0.7674166666666674,True,0.2316181818181795,4.520098797591947,0.0029480586527566,0.2308709677419388,0.2325833333333326,True,S,S,same-party
214,18718,60,1.0,0.7605166666666671,0.0502159694522625,0.0009990009990009,1.0,1.0,0.7552121212121243,0.7670000000000038,True,0.2394833333333329,4.769067210003707,0.0029480586527566,0.2447878787878756,0.2329999999999962,True,S,S,same-party
214,18719,40,1.0,0.7692750000000002,0.0624038750288603,0.0009990009990009,1.0,1.0,0.7515909090909076,0.7908888888888929,False,0.2307249999999998,3.697286424814081,0.0029480586527566,0.2484090909090923,0.2091111111111071,True,S,S,same-party
214,18720,60,1.0,0.7617833333333328,0.0494130575999087,0.0009990009990009,1.0,1.0,0.7552121212121238,0.7698148148148192,True,0.2382166666666672,4.820925444352729,0.0029480586527566,0.2447878787878762,0.2301851851851808,True,S,S,same-party
214,20362,48,1.0,0.7880208333333341,0.0555961086662205,0.0009990009990009,1.0,1.0,0.7827999999999984,0.7967222222222278,False,0.2119791666666659,3.812841793286547,0.0029480586527566,0.2172000000000016,0.2032777777777722,True,S,S,same-party
214,20363,54,1.0,0.748277777777778,0.0522843153385916,0.0009990009990009,1.0,1.0,0.7330370370370403,0.763518518518522,True,0.2517222222222219,4.814488256986375,0.0029480586527566,0.2669629629629597,0.2364814814814779,True,S,S,same-party
214,20364,48,1.0,0.7602916666666665,0.0582431586490439,0.0009990009990009,1.0,1.0,0.7375185185185206,0.7895714285714327,True,0.2397083333333335,4.115647895708147,0.0029480586527566,0.2624814814814794,0.2104285714285673,True,S,S,same-party
214,20365,63,1.0,0.762492063492064,0.0497447565513171,0.0009990009990009,1.0,1.0,0.7572121212121246,0.7683000000000002,True,0.237507936507936,4.774532090893254,0.0029480586527566,0.2427878787878754,0.2316999999999998,True,S,S,same-party
214,20367,62,1.0,0.7667096774193529,0.0486546468777757,0.0009990009990009,1.0,1.0,0.764375,0.7692000000000005,True,0.233290322580647,4.79482099966095,0.0029480586527566,0.2356249999999999,0.2307999999999994,True,S,S,same-party
214,20371,60,1.0,0.7616166666666676,0.0491253467018356,0.0009990009990009,1.0,1.0,0.7562121212121251,0.7682222222222272,True,0.2383833333333324,4.852552690980292,0.0029480586527566,0.2437878787878749,0.2317777777777727,True,S,V,different-party
214,20377,47,1.0,0.7671489361702103,0.0552274264208445,0.0009990009990009,1.0,1.0,0.7511153846153835,0.7870000000000035,True,0.2328510638297897,4.216221521086564,0.0029480586527566,0.2488846153846164,0.2129999999999965,True,S,M,different-party
214,20378,61,1.0,0.7690655737704913,0.0492634856010244,0.0009990009990009,1.0,1.0,0.7735161290322541,0.7644666666666659,True,0.2309344262295086,4.6877402890206,0.0029480586527566,0.2264838709677459,0.2355333333333341,True,S,M,different-party
214,20389,50,1.0,0.7547999999999991,0.0580924671083655,0.0009990009990009,1.0,1.0,0.7428695652173916,0.7649629629629665,True,0.2452000000000008,4.220857061253832,0.0029480586527566,0.2571304347826084,0.2350370370370335,True,S,M,different-party
214,20415,62,1.0,0.7662741935483858,0.0492377861333084,0.0009990009990009,1.0,1.0,0.7619375,0.7708999999999995,True,0.2337258064516142,4.746878866950177,0.0029480586527566,0.2380624999999999,0.2291000000000005,True,S,M,different-party
214,20496,47,1.0,0.7713829787234017,0.0574833385598964,0.0009990009990009,1.0,1.0,0.7763529411764711,0.7685666666666655,False,0.2286170212765983,3.977100617396887,0.0029480586527566,0.2236470588235288,0.2314333333333345,True,S,M,different-party
214,20781,55,1.0,0.7480545454545453,0.0545804813674124,0.0009990009990009,1.0,1.0,0.7382692307692302,0.7568275862068942,True,0.2519454545454547,4.616035773841308,0.0029480586527566,0.2617307692307697,0.2431724137931058,True,S,S,same-party
214,20930,43,1.0,0.7717906976744214,0.0574759297286825,0.0009990009990009,1.0,1.0,0.7536363636363633,0.7908095238095285,True,0.2282093023255785,3.970519544491924,0.0029480586527566,0.2463636363636366,0.2091904761904714,True,S,S,same-party
214,21044,63,1.0,0.7616190476190495,0.0499422079098288,0.0009990009990009,1.0,1.0,0.7566969696969731,0.7670333333333323,True,0.2383809523809504,4.773136037784905,0.0029480586527566,0.2433030303030269,0.2329666666666676,True,S,S,same-party
214,21143,45,1.0,0.7643999999999992,0.0570647896463409,0.0009990009990009,1.0,1.0,0.762555555555557,0.7656296296296332,False,0.2356000000000008,4.128640470947702,0.0029480586527566,0.237444444444443,0.2343703703703668,True,S,S,same-party
214,21159,49,1.0,0.7758571428571497,0.0566539486249151,0.0009990009990009,1.0,1.0,0.7651612903225761,0.7942777777777836,False,0.2241428571428503,3.956350132394432,0.0029480586527566,0.2348387096774239,0.2057222222222163,True,S,M,different-party
214,21168,50,1.0,0.7521800000000013,0.0568795471402609,0.0009990009990009,1.0,1.0,0.7401739130434789,0.7624074074074103,True,0.2478199999999987,4.356926390234652,0.0029480586527566,0.2598260869565211,0.2375925925925897,True,S,V,different-party
224,244,40,1.0,0.8301999999999998,0.0527089957999204,0.0019980019980019,1.0,1.0,0.7983529411764717,0.853739130434777,False,0.1698000000000001,3.221461487229785,0.005829605033321,0.2016470588235283,0.146260869565223,True,S,S,same-party
224,257,116,1.0,0.7326034482758629,0.0377216229765642,0.0009990009990009,1.0,1.0,0.6885555555555494,0.7849622641509508,True,0.2673965517241371,7.088680990482976,0.0029480586527566,0.3114444444444506,0.2150377358490491,True,S,S,same-party
224,260,95,1.0,0.7155578947368426,0.0449113867067211,0.0009990009990009,1.0,1.0,0.6729122807017561,0.7795263157894742,True,0.2844421052631574,6.333407318741051,0.0029480586527566,0.3270877192982439,0.2204736842105258,True,S,S,same-party
224,266,90,1.0,0.6956555555555548,0.046227334691149,0.0009990009990009,1.0,1.0,0.6682586206896597,0.7453125,True,0.3043444444444452,6.58364680719342,0.0029480586527566,0.3317413793103403,0.2546874999999999,True,S,S,same-party
224,273,121,1.0,0.7441074380165278,0.0363231818059443,0.0009990009990009,1.0,1.0,0.7074461538461575,0.7866607142857147,True,0.2558925619834722,7.0448828891304585,0.0029480586527566,0.2925538461538425,0.2133392857142853,True,S,S,same-party
224,278,127,1.0,0.7414803149606283,0.0377351414193173,0.0009990009990009,1.0,1.0,0.7034459459459449,0.794584905660384,True,0.2585196850393717,6.850900124281253,0.0029480586527566,0.2965540540540551,0.205415094339616,True,S,S,same-party
224,286,122,1.0,0.7333852459016387,0.0387433730171195,0.0009990009990009,1.0,1.0,0.6893333333333314,0.7853035714285724,True,0.2666147540983613,6.881557627430939,0.0029480586527566,0.3106666666666686,0.2146964285714275,True,S,S,same-party
224,1619,119,1.0,0.7350924369747885,0.038112735513136,0.0009990009990009,1.0,1.0,0.6910634920634874,0.7846250000000001,True,0.2649075630252114,6.950631054386206,0.0029480586527566,0.3089365079365126,0.2153749999999998,True,S,S,same-party
224,1845,88,1.0,0.7130340909090912,0.0459030547172155,0.0009990009990009,1.0,1.0,0.6962727272727295,0.7409696969697003,True,0.2869659090909088,6.2515645387600856,0.0029480586527566,0.3037272727272705,0.2590303030302997,True,S,V,different-party
224,11702,90,0.9777777777777776,0.7181333333333324,0.0459786580922697,0.0009990009990009,0.9814814814814816,0.9722222222222222,0.6984259259259256,0.7476944444444444,True,0.2596444444444453,5.647064425486104,0.0029480586527566,0.2830555555555559,0.2245277777777777,True,S,KF,different-party
224,15762,116,1.0,0.7329396551724132,0.0397897480945446,0.0009990009990009,1.0,1.0,0.6837666666666659,0.7856250000000001,True,0.2670603448275868,6.711787774906814,0.0029480586527566,0.3162333333333341,0.2143749999999998,True,S,S,same-party
224,15776,44,1.0,0.771659090909091,0.0572489855919492,0.0009990009990009,1.0,1.0,0.7548076923076925,0.7960000000000059,False,0.2283409090909089,3.9885581679725006,0.0029480586527566,0.2451923076923075,0.203999999999994,True,S,S,same-party
224,15787,111,1.0,0.7263243243243248,0.0403067665535806,0.0009990009990009,1.0,1.0,0.6981643835616406,0.7804210526315781,True,0.2736756756756752,6.789819652535824,0.0029480586527566,0.3018356164383594,0.2195789473684218,True,S,S,same-party
224,15793,79,0.9240506329113924,0.6804177215189877,0.0513968905529488,0.0009990009990009,0.9016393442622952,1.0,0.6766229508196709,0.6932777777777743,False,0.2436329113924047,4.740226670744123,0.0029480586527566,0.2250163934426241,0.3067222222222256,True,S,KF,different-party
224,16180,43,1.0,0.7920465116279113,0.0566534280419119,0.0009990009990009,1.0,1.0,0.7234499999999991,0.8516956521739083,True,0.2079534883720887,3.670624983509308,0.0029480586527566,0.2765500000000008,0.1483043478260917,True,S,S,same-party
224,16351,127,1.0,0.7376141732283433,0.036625861573023,0.0009990009990009,1.0,1.0,0.703972972972972,0.7845849056603844,True,0.2623858267716566,7.163949611083504,0.0029480586527566,0.296027027027028,0.2154150943396156,True,S,S,same-party
224,17141,83,0.9759036144578314,0.705530120481923,0.0487421783921093,0.0009990009990009,0.9787234042553192,0.9722222222222222,0.6730638297872316,0.7479166666666676,True,0.2703734939759084,5.54701293407268,0.0029480586527566,0.3056595744680875,0.2243055555555546,True,S,KF,different-party
224,18695,115,1.0,0.7380173913043495,0.0392423346705335,0.0009990009990009,1.0,1.0,0.6936271186440681,0.7847857142857146,True,0.2619826086956505,6.676019938547874,0.0029480586527566,0.3063728813559319,0.2152142857142853,True,S,V,different-party
224,18696,43,1.0,0.8041162790697748,0.0553651467992484,0.0009990009990009,1.0,1.0,0.7673333333333363,0.8392272727272762,True,0.1958837209302252,3.5380330813623755,0.0029480586527566,0.2326666666666637,0.1607727272727238,True,S,V,different-party
224,18699,126,1.0,0.7377539682539643,0.0340119105646112,0.0009990009990009,1.0,1.0,0.7034054054054045,0.7866346153846148,True,0.2622460317460356,7.710417538816467,0.0029480586527566,0.2965945945945955,0.2133653846153852,True,S,V,different-party
224,18700,41,1.0,0.7933414634146316,0.0579283024814664,0.0009990009990009,1.0,1.0,0.7238888888888884,0.8476956521739079,False,0.2066585365853683,3.567488217896368,0.0029480586527566,0.2761111111111116,0.1523043478260921,True,S,V,different-party
224,18713,100,0.93,0.7121500000000017,0.0443468617169259,0.0009990009990009,0.8955223880597015,1.0,0.6974925373134344,0.7419090909090944,True,0.2178499999999983,4.912410744881434,0.0029480586527566,0.1980298507462671,0.2580909090909056,True,S,KF,different-party
224,18715,55,1.0,0.8173818181818215,0.0466484891081648,0.0009990009990009,1.0,1.0,0.7954705882352954,0.8271842105263165,False,0.1826181818181784,3.914771631611429,0.0029480586527566,0.2045294117647046,0.1728157894736834,True,S,S,same-party
224,18716,40,1.0,0.8289000000000003,0.0532576414833897,0.0009990009990009,1.0,1.0,0.7985294117647072,0.851347826086951,False,0.1710999999999997,3.212684513139082,0.0029480586527566,0.2014705882352928,0.1486521739130489,True,S,S,same-party
224,18717,106,1.0,0.7159056603773575,0.0424981909624016,0.0009990009990009,1.0,1.0,0.7048630136986286,0.7403333333333362,True,0.2840943396226425,6.684857241899596,0.0029480586527566,0.2951369863013714,0.2596666666666638,True,S,S,same-party
224,18718,126,1.0,0.7373492063492042,0.0379212245846733,0.0009990009990009,1.0,1.0,0.7031756756756753,0.7859807692307684,True,0.2626507936507958,6.92622130554697,0.0029480586527566,0.2968243243243247,0.2140192307692315,True,S,S,same-party
224,18719,96,1.0,0.7104895833333331,0.0462127205621526,0.0009990009990009,1.0,1.0,0.6922539682539645,0.7453030303030335,True,0.2895104166666669,6.264734323037679,0.0029480586527566,0.3077460317460355,0.2546969696969665,True,S,S,same-party
224,18720,130,1.0,0.7378769230769254,0.0357388703325512,0.0009990009990009,1.0,1.0,0.7007162162162139,0.7869821428571424,True,0.2621230769230745,7.334397379771986,0.0029480586527566,0.299283783783786,0.2130178571428576,True,S,S,same-party
224,18725,109,0.8807339449541285,0.7206697247706408,0.039945831882971,0.0009990009990009,0.8904109589041096,0.8611111111111112,0.7077808219178057,0.7468055555555557,True,0.1600642201834876,4.007031838826797,0.0029480586527566,0.1826301369863039,0.1143055555555554,True,S,RV,different-party
224,18729,104,0.8653846153846154,0.7129423076923084,0.0429050858725053,0.0009990009990009,0.8676470588235294,0.8611111111111112,0.6949705882352964,0.7468888888888885,True,0.152442307692307,3.553012529686975,0.0029480586527566,0.172676470588233,0.1142222222222226,True,S,RV,different-party
224,19928,115,1.0,0.7373913043478267,0.0400578232543046,0.0009990009990009,1.0,1.0,0.693000000000002,0.7841607142857145,True,0.2626086956521732,6.555740535001569,0.0029480586527566,0.306999999999998,0.2158392857142854,True,S,S,same-party
224,20349,66,1.0,0.6804848484848475,0.057855851470044,0.0009990009990009,1.0,1.0,0.6740416666666671,0.6976666666666657,False,0.3195151515151525,5.522607366354075,0.0029480586527566,0.3259583333333329,0.3023333333333343,True,S,SP,different-party
224,20362,127,1.0,0.7433070866141714,0.0362026138267543,0.0009990009990009,1.0,1.0,0.7118450704225335,0.7831964285714296,True,0.2566929133858285,7.090452490922861,0.0029480586527566,0.2881549295774664,0.2168035714285704,True,S,S,same-party
224,20363,121,1.0,0.7311818181818176,0.0379557215484775,0.0009990009990009,1.0,1.0,0.6906764705882374,0.7831509433962331,True,0.2688181818181824,7.082415268402805,0.0029480586527566,0.3093235294117625,0.2168490566037668,True,S,S,same-party
224,20364,124,1.0,0.7340564516129049,0.0379225959286454,0.0009990009990009,1.0,1.0,0.6907647058823552,0.7866250000000005,True,0.2659435483870951,7.01279914717574,0.0029480586527566,0.3092352941176448,0.2133749999999995,True,S,S,same-party
224,20365,110,1.0,0.7156363636363646,0.0422675629467142,0.0009990009990009,1.0,1.0,0.7027432432432421,0.742138888888888,True,0.2843636363636354,6.727703622802332,0.0029480586527566,0.2972567567567579,0.257861111111112,True,S,S,same-party
224,20367,129,1.0,0.7409147286821697,0.0378734223060167,0.0009990009990009,1.0,1.0,0.7057534246575318,0.7867499999999997,True,0.2590852713178303,6.840820172637806,0.0029480586527566,0.2942465753424682,0.2132500000000002,True,S,S,same-party
224,20368,106,1.0,0.7360849056603775,0.0398334499920569,0.0009990009990009,1.0,1.0,0.70632307692308,0.7832682926829253,True,0.2639150943396224,6.625464136102913,0.0029480586527566,0.2936769230769199,0.2167317073170747,True,S,S,same-party
224,20369,120,0.9666666666666668,0.7470999999999995,0.0383098025876692,0.0009990009990009,0.96875,0.9642857142857144,0.713296875,0.7857321428571432,True,0.2195666666666671,5.7313442470554286,0.0029480586527566,0.2554531249999999,0.1785535714285711,True,S,KF,different-party
224,20371,110,1.0,0.718218181818184,0.0418766421443489,0.0009990009990009,1.0,1.0,0.7044189189189185,0.7465833333333325,True,0.281781818181816,6.72885417150958,0.0029480586527566,0.2955810810810815,0.2534166666666675,True,S,V,different-party
224,20377,62,1.0,0.7929999999999976,0.0480724374489656,0.0009990009990009,1.0,1.0,0.7550769230769213,0.8203888888888894,True,0.2070000000000024,4.306001754534631,0.0029480586527566,0.2449230769230787,0.1796111111111106,True,S,M,different-party
224,20378,129,1.0,0.7398682170542622,0.0358002583626935,0.0009990009990009,1.0,1.0,0.706273972602738,0.7836607142857136,True,0.2601317829457378,7.266198481316384,0.0029480586527566,0.2937260273972619,0.2163392857142864,True,S,M,different-party
224,20384,72,1.0,0.6706527777777789,0.0555705529056198,0.0009990009990009,1.0,1.0,0.6638148148148127,0.6911666666666637,False,0.3293472222222211,5.92665008717079,0.0029480586527566,0.3361851851851872,0.3088333333333363,True,S,M,different-party
224,20385,40,1.0,0.8299000000000002,0.0539110044090558,0.0009990009990009,1.0,1.0,0.8002352941176472,0.8518260869565171,False,0.1700999999999998,3.155199979383553,0.0029480586527566,0.1997647058823528,0.1481739130434829,True,S,M,different-party
224,20386,91,0.989010989010989,0.7089560439560416,0.0440957626660067,0.0009990009990009,1.0,0.96875,0.6908983050847468,0.74225,True,0.2800549450549474,6.351062508571615,0.0029480586527566,0.3091016949152532,0.2265,True,S,M,different-party
224,20389,117,1.0,0.7313504273504277,0.0389223244206991,0.0009990009990009,1.0,1.0,0.687671875,0.7840943396226486,True,0.2686495726495723,6.902197560089775,0.0029480586527566,0.3123281249999999,0.2159056603773513,True,S,M,different-party
224,20415,129,1.0,0.7403643410852708,0.0355787910212497,0.0009990009990009,1.0,1.0,0.7056712328767102,0.7855892857142858,True,0.2596356589147292,7.2974840196132496,0.0029480586527566,0.2943287671232898,0.2144107142857142,True,S,M,different-party
224,20496,114,1.0,0.737991228070175,0.0378948398933499,0.0009990009990009,1.0,1.0,0.6922758620689703,0.7853392857142866,True,0.2620087719298249,6.914101568108333,0.0029480586527566,0.3077241379310297,0.2146607142857134,True,S,M,different-party
224,20781,122,1.0,0.7323360655737695,0.0368799806981986,0.0009990009990009,1.0,1.0,0.6916417910447767,0.7819090909090928,True,0.2676639344262305,7.257702671175851,0.0029480586527566,0.3083582089552232,0.2180909090909072,True,S,S,same-party
224,20925,129,0.9224806201550388,0.740170542635657,0.0368182244248468,0.0009990009990009,0.8918918918918919,0.9636363636363636,0.7031486486486485,0.7899818181818204,True,0.1823100775193817,4.951626004983267,0.0029480586527566,0.1887432432432434,0.1736545454545431,True,S,KF,different-party
224,20930,60,1.0,0.8017666666666692,0.047242867770874,0.0009990009990009,1.0,1.0,0.757136363636366,0.8276052631578961,True,0.1982333333333308,4.196047841438297,0.0029480586527566,0.2428636363636339,0.1723947368421039,True,S,S,same-party
224,21044,130,1.0,0.7390000000000023,0.0364387623925711,0.0009990009990009,1.0,1.0,0.7032837837837829,0.7861964285714284,True,0.2609999999999977,7.162702102451437,0.0029480586527566,0.2967162162162171,0.2138035714285716,True,S,S,same-party
224,21143,92,1.0,0.709934782608693,0.0453155091202528,0.0009990009990009,1.0,1.0,0.6927796610169492,0.7406060606060642,True,0.290065217391307,6.401014200713635,0.0029480586527566,0.3072203389830508,0.2593939393939358,True,S,S,same-party
224,21159,129,1.0,0.7382558139534869,0.0369601701008203,0.0009990009990009,1.0,1.0,0.7023835616438326,0.7850178571428565,True,0.261744186046513,7.081790623055153,0.0029480586527566,0.2976164383561673,0.2149821428571434,True,S,M,different-party
224,21168,97,1.0,0.7059896907216541,0.0451056338391255,0.0009990009990009,1.0,1.0,0.687265625,0.7423030303030336,True,0.2940103092783459,6.518261340190173,0.0029480586527566,0.312734375,0.2576969696969664,True,S,V,different-party
244,257,42,0.9761904761904762,0.8071190476190555,0.0554113416969441,0.0029970029970029,1.0,0.96875,0.8050999999999958,0.80775,False,0.1690714285714206,3.05120618620113,0.0087126097043452,0.1949000000000041,0.161,True,S,S,same-party
244,273,57,1.0,0.791859649122811,0.0463519412486528,0.0009990009990009,1.0,1.0,0.7798571428571476,0.7988611111111114,True,0.2081403508771889,4.490434386785005,0.0029480586527566,0.2201428571428524,0.2011388888888886,True,S,S,same-party
244,278,51,1.0,0.8075098039215692,0.0509889633566347,0.0009990009990009,1.0,1.0,0.7808571428571471,0.8261666666666639,True,0.1924901960784307,3.775134527291456,0.0029480586527566,0.2191428571428528,0.173833333333336,True,S,S,same-party
244,286,56,1.0,0.7993392857142856,0.0475681805483355,0.0009990009990009,1.0,1.0,0.7991000000000005,0.7994722222222216,True,0.2006607142857144,4.218381110495005,0.0029480586527566,0.2008999999999995,0.2005277777777784,True,S,S,same-party
244,1619,40,1.0,0.8050500000000005,0.0549205222458847,0.0009990009990009,1.0,1.0,0.812571428571426,0.8034545454545506,False,0.1949499999999995,3.5496749125434106,0.0029480586527566,0.187428571428574,0.1965454545454493,True,S,S,same-party
244,15787,50,1.0,0.7997599999999988,0.05154609004958,0.0009990009990009,1.0,1.0,0.7960000000000013,0.802266666666664,True,0.2002400000000012,3.884678737172859,0.0029480586527566,0.2039999999999987,0.1977333333333359,True,S,S,same-party
244,16180,49,1.0,0.7816530612244965,0.0517129319435657,0.0009990009990009,1.0,1.0,0.7345384615384627,0.798666666666667,False,0.2183469387755034,4.22228890471314,0.0029480586527566,0.2654615384615373,0.201333333333333,True,S,S,same-party
244,16351,54,1.0,0.7934074074074094,0.0494926481869179,0.0009990009990009,1.0,1.0,0.7841904761904799,0.7992727272727314,True,0.2065925925925905,4.174207688631981,0.0029480586527566,0.2158095238095201,0.2007272727272686,True,S,S,same-party
244,18695,51,1.0,0.7860784313725482,0.0513963826272041,0.0009990009990009,1.0,1.0,0.7503333333333336,0.8009722222222222,False,0.2139215686274518,4.162191144444918,0.0029480586527566,0.2496666666666663,0.1990277777777778,True,S,V,different-party
244,18696,44,1.0,0.7917727272727271,0.0550902322923406,0.0009990009990009,1.0,1.0,0.7933333333333406,0.7913714285714251,False,0.2082272727272729,3.779749404981608,0.0029480586527566,0.2066666666666594,0.2086285714285749,True,S,V,different-party
244,18699,51,1.0,0.7910588235294118,0.0507626055744399,0.0009990009990009,1.0,1.0,0.7775555555555593,0.798424242424247,False,0.2089411764705881,4.116045149892674,0.0029480586527566,0.2224444444444406,0.2015757575757529,True,S,V,different-party
244,18700,40,1.0,0.8120750000000012,0.054224160985952,0.0009990009990009,1.0,1.0,0.7835384615384569,0.8258148148148199,False,0.1879249999999988,3.465705998635645,0.0029480586527566,0.2164615384615431,0.1741851851851801,True,S,V,different-party
244,18715,47,1.0,0.8142553191489342,0.0502446557438778,0.0009990009990009,1.0,1.0,0.7804761904761965,0.8415384615384516,True,0.1857446808510657,3.696804726813126,0.0029480586527566,0.2195238095238034,0.1584615384615484,True,S,S,same-party
244,18716,56,1.0,0.7981964285714273,0.0477542555753946,0.0009990009990009,1.0,1.0,0.7956499999999991,0.7996111111111117,True,0.2018035714285727,4.225876186258715,0.0029480586527566,0.2043500000000009,0.2003888888888882,True,S,S,same-party
244,18718,55,1.0,0.7904181818181837,0.0492744569156251,0.0009990009990009,1.0,1.0,0.7738947368421104,0.7991388888888877,False,0.2095818181818163,4.253356227562136,0.0029480586527566,0.2261052631578896,0.2008611111111122,True,S,S,same-party
244,18720,50,1.0,0.7997999999999998,0.0503437632134599,0.0009990009990009,1.0,1.0,0.7787777777777808,0.811625,False,0.2002000000000001,3.9766594156090886,0.0029480586527566,0.2212222222222192,0.1883749999999999,True,S,S,same-party
244,19928,42,1.0,0.8008809523809596,0.0546608876854457,0.0009990009990009,1.0,1.0,0.7522666666666665,0.8278888888888943,False,0.1991190476190404,3.642806695070538,0.0029480586527566,0.2477333333333334,0.1721111111111056,True,S,S,same-party
244,20362,44,1.0,0.8194090909090906,0.0540925742140114,0.0009990009990009,1.0,1.0,0.7976500000000001,0.8375416666666675,True,0.1805909090909093,3.338552688885186,0.0029480586527566,0.2023499999999999,0.1624583333333324,True,S,S,same-party
244,20363,48,1.0,0.7868541666666662,0.055035569375959,0.0009990009990009,1.0,1.0,0.7552000000000002,0.8012424242424298,False,0.2131458333333338,3.872874138491993,0.0029480586527566,0.2447999999999998,0.1987575757575702,True,S,S,same-party
244,20364,42,1.0,0.7996666666666737,0.0545016790387117,0.0009990009990009,1.0,1.0,0.7525999999999994,0.8258148148148202,False,0.2003333333333262,3.6757277365901415,0.0029480586527566,0.2474000000000006,0.1741851851851797,True,S,S,same-party
244,20367,56,1.0,0.7996964285714278,0.049077797935012,0.0009990009990009,1.0,1.0,0.7966000000000002,0.8014166666666667,True,0.2003035714285722,4.081347979259595,0.0029480586527566,0.2033999999999998,0.1985833333333333,True,S,S,same-party
244,20368,48,1.0,0.8074791666666671,0.0516526613497009,0.0009990009990009,1.0,1.0,0.7802380952381001,0.8286666666666713,True,0.1925208333333329,3.727220017375688,0.0029480586527566,0.2197619047618999,0.1713333333333286,True,S,S,same-party
244,20377,45,1.0,0.8071111111111089,0.0533396355599021,0.0009990009990009,1.0,1.0,0.79615,0.8158799999999984,True,0.1928888888888911,3.616239347422436,0.0029480586527566,0.2038499999999999,0.1841200000000016,True,S,M,different-party
244,20378,55,1.0,0.803709090909092,0.0489074674269349,0.0009990009990009,1.0,1.0,0.8110526315789534,0.7998333333333327,False,0.1962909090909079,4.013516123773039,0.0029480586527566,0.1889473684210466,0.2001666666666672,True,S,M,different-party
244,20385,53,1.0,0.7967924528301962,0.0505374259881059,0.0009990009990009,1.0,1.0,0.7952941176470603,0.7975000000000005,False,0.2032075471698038,4.020931877647056,0.0029480586527566,0.2047058823529397,0.2024999999999994,True,S,M,different-party
244,20389,44,1.0,0.7932500000000001,0.0551644914504166,0.0009990009990009,1.0,1.0,0.7723636363636414,0.8002121212121266,False,0.2067499999999998,3.747881917588822,0.0029480586527566,0.2276363636363586,0.1997878787878734,True,S,M,different-party
244,20415,53,1.0,0.8001320754717043,0.0491585991180575,0.0009990009990009,1.0,1.0,0.7964117647058837,0.80188888888889,False,0.1998679245282957,4.065777465470488,0.0029480586527566,0.2035882352941163,0.19811111111111,True,S,M,different-party
244,20496,49,1.0,0.7964897959183754,0.052021659994443,0.0009990009990009,1.0,1.0,0.7665000000000001,0.8084857142857098,False,0.2035102040816245,3.912028260985204,0.0029480586527566,0.2334999999999999,0.1915142857142902,True,S,M,different-party
244,20781,48,1.0,0.7866666666666671,0.0529382209090073,0.0009990009990009,1.0,1.0,0.7745384615384577,0.7911714285714249,False,0.2133333333333329,4.029854605428092,0.0029480586527566,0.2254615384615422,0.2088285714285751,True,S,S,same-party
244,21044,57,1.0,0.7956842105263207,0.0476536637826912,0.0009990009990009,1.0,1.0,0.7852857142857204,0.8017500000000003,True,0.2043157894736793,4.287514815343342,0.0029480586527566,0.2147142857142796,0.1982499999999997,True,S,S,same-party
244,21159,43,1.0,0.8246511627907058,0.0525885563018295,0.0009990009990009,1.0,1.0,0.7954499999999989,0.8500434782608652,True,0.1753488372092941,3.334353508449402,0.0029480586527566,0.2045500000000011,0.1499565217391347,True,S,M,different-party
252,18721,61,0.9672131147540984,0.814196721311476,0.0481617891560834,0.0009990009990009,0.9166666666666666,0.979591836734694,0.7878333333333333,0.8206530612245007,False,0.1530163934426223,3.1771326631310237,0.0029480586527566,0.1288333333333333,0.1589387755101932,True,DF,DF,same-party
252,20356,44,0.9545454545454546,0.8171818181818187,0.0510990728631998,0.0039960039960039,0.9,0.9705882352941176,0.7871999999999969,0.8260000000000008,False,0.1373636363636359,2.688182557272215,0.0115747230371736,0.1128000000000031,0.1445882352941168,True,DF,DF,same-party
257,260,109,1.0,0.7269449541284402,0.0416754835323511,0.0009990009990009,1.0,1.0,0.6746290322580653,0.7959574468085089,True,0.2730550458715598,6.5519346802442575,0.0029480586527566,0.3253709677419347,0.2040425531914911,True,S,S,same-party
257,266,119,0.9915966386554622,0.7136050420168061,0.0393672011457885,0.0009990009990009,1.0,0.981132075471698,0.6763636363636344,0.7599811320754781,True,0.2779915966386561,7.061502686187169,0.0029480586527566,0.3236363636363656,0.22115094339622,True,S,S,same-party
257,273,137,0.9927007299270072,0.7447445255474471,0.0339935939569553,0.0009990009990009,1.0,0.9864864864864864,0.6964920634920577,0.7858243243243263,True,0.2479562043795602,7.294203863631981,0.0029480586527566,0.3035079365079423,0.2006621621621602,True,S,S,same-party
257,278,140,0.9928571428571428,0.7412285714285728,0.0352993311192482,0.0009990009990009,1.0,0.9852941176470588,0.6907500000000003,0.7946764705882323,True,0.2516285714285701,7.128423215117535,0.0029480586527566,0.3092499999999997,0.1906176470588265,True,S,S,same-party
257,286,138,0.9927536231884058,0.7366956521739128,0.0359523417005584,0.0009990009990009,1.0,0.9864864864864864,0.68034375,0.7854324324324344,True,0.256057971014493,7.122150015906078,0.0029480586527566,0.31965625,0.201054054054052,True,S,S,same-party
257,1619,139,0.9928057553956836,0.7397553956834544,0.0338939179962021,0.0009990009990009,1.0,0.9859154929577464,0.691720588235295,0.785760563380283,True,0.2530503597122291,7.465951848369485,0.0029480586527566,0.3082794117647049,0.2001549295774635,True,S,S,same-party
257,1845,108,1.0,0.7253333333333344,0.0404431282241705,0.0009990009990009,1.0,1.0,0.6962063492063431,0.7661111111111096,True,0.2746666666666656,6.791429810874846,0.0029480586527566,0.3037936507936569,0.2338888888888903,True,S,V,different-party
257,11702,113,0.9646017699115044,0.7243628318584114,0.0387753939534808,0.0009990009990009,0.9830508474576272,0.9444444444444444,0.694118644067797,0.7574074074074078,True,0.2402389380530929,6.195654345673685,0.0029480586527566,0.2889322033898301,0.1870370370370366,True,S,KF,different-party
257,15760,43,0.9767441860465116,0.7958372093023305,0.0574671127303463,0.0009990009990009,1.0,0.9696969696969696,0.8077999999999966,0.7922121212121254,False,0.1809069767441811,3.148008802757384,0.0029480586527566,0.1922000000000033,0.1774848484848443,True,S,S,same-party
257,15762,121,1.0,0.7312892561983476,0.0371791003454526,0.0009990009990009,1.0,1.0,0.6849692307692351,0.7850535714285715,True,0.2687107438016524,7.227467617691248,0.0029480586527566,0.3150307692307649,0.2149464285714285,True,S,S,same-party
257,15770,54,0.9814814814814816,0.8095185185185195,0.0489435342370998,0.0009990009990009,1.0,0.9772727272727272,0.7815999999999966,0.8158636363636372,False,0.1719629629629619,3.513497046002284,0.0029480586527566,0.2184000000000033,0.16140909090909,True,S,S,same-party
257,15776,55,0.9818181818181818,0.7737272727272759,0.0522335132855376,0.0009990009990009,1.0,0.9722222222222222,0.7492631578947408,0.7866388888888879,False,0.2080909090909058,3.9838581784335343,0.0029480586527566,0.2507368421052591,0.1855833333333343,True,S,S,same-party
257,15787,127,0.9921259842519684,0.7315511811023582,0.0375724403097717,0.0009990009990009,1.0,0.9821428571428572,0.6885633802816894,0.7860535714285725,True,0.2605748031496103,6.935264278850711,0.0029480586527566,0.3114366197183106,0.1960892857142846,True,S,S,same-party
257,15793,95,0.9157894736842104,0.6953157894736848,0.0453273932419918,0.0009990009990009,0.9107142857142856,0.9230769230769232,0.6612678571428574,0.7442051282051249,True,0.2204736842105257,4.864027433333095,0.0029480586527566,0.2494464285714283,0.1788717948717982,True,S,KF,different-party
257,16180,51,0.9803921568627452,0.7872156862745083,0.050733909390187,0.0009990009990009,1.0,0.975,0.6589090909090921,0.8225,False,0.1931764705882367,3.807640154488095,0.0029480586527566,0.3410909090909079,0.1524999999999999,True,S,S,same-party
257,16351,146,0.9931506849315068,0.7391917808219184,0.0332297352617363,0.0009990009990009,1.0,0.9864864864864864,0.6919305555555549,0.7851756756756775,True,0.2539589041095884,7.642519632168702,0.0029480586527566,0.308069444444445,0.201310810810809,True,S,S,same-party
257,17141,88,0.9772727272727272,0.70430681818182,0.0452986665966097,0.0009990009990009,0.9636363636363636,1.0,0.680363636363636,0.7442121212121239,True,0.2729659090909073,6.025914880049395,0.0029480586527566,0.2832727272727277,0.2557878787878761,True,S,KF,different-party
257,18695,131,0.9923664122137404,0.7385648854961817,0.0358279045753471,0.0009990009990009,1.0,0.9864864864864864,0.6796842105263184,0.7839189189189206,True,0.2538015267175587,7.083906517161964,0.0029480586527566,0.3203157894736815,0.2025675675675659,True,S,V,different-party
257,18696,63,0.984126984126984,0.7957936507936568,0.0478087408155255,0.0009990009990009,1.0,0.975,0.7629565217391299,0.8146750000000006,True,0.1883333333333272,3.939307543363857,0.0029480586527566,0.2370434782608701,0.1603249999999993,True,S,V,different-party
257,18698,56,0.9821428571428572,0.8137857142857148,0.046571269779576,0.0009990009990009,,0.9821428571428572,,0.8137857142857148,False,0.1683571428571423,3.615043000845467,0.0029480586527566,,0.1683571428571423,False,S,V,different-party
257,18699,142,0.9929577464788732,0.7393098591549288,0.0325692348965681,0.0009990009990009,1.0,0.9863013698630136,0.6863478260869597,0.789369863013695,True,0.2536478873239445,7.787959653626123,0.0029480586527566,0.3136521739130403,0.1969315068493186,True,S,V,different-party
257,18713,98,0.9081632653061223,0.7049795918367293,0.0433454930535047,0.0009990009990009,0.8615384615384616,1.0,0.6846307692307733,0.745060606060609,True,0.2031836734693931,4.687538637952226,0.0029480586527566,0.1769076923076883,0.254939393939391,True,S,KF,different-party
257,18715,57,1.0,0.8282982456140406,0.0438381521874664,0.0009990009990009,1.0,1.0,0.8066999999999961,0.8328936170212746,False,0.1717017543859593,3.9167197023201576,0.0029480586527566,0.1933000000000039,0.1671063829787253,True,S,S,same-party
257,18716,51,0.9803921568627452,0.8177058823529408,0.0483836387769272,0.0009990009990009,1.0,0.975609756097561,0.8061999999999956,0.8205121951219487,False,0.1626862745098042,3.3624233030481494,0.0029480586527566,0.1938000000000044,0.1550975609756122,True,S,S,same-party
257,18717,121,0.9917355371900828,0.7197851239669419,0.0382981293790194,0.0009990009990009,1.0,0.98,0.6941549295774642,0.75618,True,0.2719504132231407,7.100879798377859,0.0029480586527566,0.3058450704225358,0.22382,True,S,S,same-party
257,18718,140,0.9928571428571428,0.7369785714285723,0.0345222717448606,0.0009990009990009,1.0,0.9857142857142858,0.6890714285714299,0.7848857142857143,True,0.2558785714285706,7.41198532123436,0.0029480586527566,0.3109285714285701,0.2008285714285714,True,S,S,same-party
257,18719,99,1.0,0.7100404040404065,0.0440508079900774,0.0009990009990009,1.0,1.0,0.6948484848484846,0.7404242424242448,True,0.2899595959595935,6.582389953548811,0.0029480586527566,0.3051515151515154,0.2595757575757552,True,S,S,same-party
257,18720,139,0.9928057553956836,0.7372086330935239,0.0357575813352641,0.0009990009990009,1.0,0.9857142857142858,0.6872173913043508,0.786485714285714,True,0.2555971223021596,7.148054000232096,0.0029480586527566,0.3127826086956492,0.1992285714285717,True,S,S,same-party
257,18725,104,0.8846153846153846,0.7091730769230772,0.0440154021321247,0.0009990009990009,0.8970588235294118,0.8611111111111112,0.6907941176470598,0.7438888888888888,True,0.1754423076923074,3.9859299062102753,0.0029480586527566,0.206264705882352,0.1172222222222223,True,S,RV,different-party
257,18729,117,0.8547008547008547,0.7146153846153845,0.0383226399858318,0.0009990009990009,0.8636363636363636,0.8431372549019608,0.6786363636363614,0.7611764705882348,True,0.1400854700854701,3.6554232729598177,0.0029480586527566,0.1850000000000022,0.081960784313726,True,S,RV,different-party
257,19928,113,1.0,0.7303451327433655,0.0401009891768982,0.0009990009990009,1.0,1.0,0.6777192982456159,0.7839107142857151,True,0.2696548672566344,6.724394405013328,0.0029480586527566,0.322280701754384,0.2160892857142848,True,S,S,same-party
257,20349,71,1.0,0.6789154929577466,0.0547503430116164,0.0009990009990009,1.0,1.0,0.6722452830188682,0.6985555555555535,False,0.3210845070422534,5.864520464723459,0.0029480586527566,0.3277547169811318,0.3014444444444465,True,S,SP,different-party
257,20362,131,1.0,0.7445114503816774,0.0361492613544166,0.0009990009990009,1.0,1.0,0.6991304347826106,0.7950161290322577,True,0.2554885496183225,7.067600831824681,0.0029480586527566,0.3008695652173894,0.2049838709677423,True,S,S,same-party
257,20363,140,0.9928571428571428,0.7357785714285718,0.0356197225140066,0.0009990009990009,1.0,0.9864864864864864,0.6783636363636351,0.786986486486489,True,0.257078571428571,7.217309773468351,0.0029480586527566,0.3216363636363649,0.1994999999999975,True,S,S,same-party
257,20364,131,1.0,0.7369618320610666,0.0351770696109898,0.0009990009990009,1.0,1.0,0.679136363636363,0.795676923076915,True,0.2630381679389334,7.477546334807733,0.0029480586527566,0.320863636363637,0.204323076923085,True,S,S,same-party
257,20365,117,0.9914529914529916,0.712837606837608,0.0412313819635156,0.0009990009990009,1.0,0.9777777777777776,0.6937638888888892,0.7433555555555542,True,0.2786153846153835,6.75736226503205,0.0029480586527566,0.3062361111111108,0.2344222222222235,True,S,S,same-party
257,20367,145,0.993103448275862,0.7424827586206902,0.0333680586691708,0.0009990009990009,1.0,0.9864864864864864,0.6977746478873222,0.7853783783783806,True,0.2506206896551718,7.510796241997829,0.0029480586527566,0.3022253521126777,0.2011081081081058,True,S,S,same-party
257,20368,113,1.0,0.7377787610619483,0.0390367788021166,0.0009990009990009,1.0,1.0,0.6919523809523751,0.7955199999999998,True,0.2622212389380517,6.717286799387086,0.0029480586527566,0.3080476190476249,0.2044800000000002,True,S,S,same-party
257,20369,119,0.9495798319327732,0.7392184873949571,0.0375808907103536,0.0009990009990009,0.9649122807017544,0.935483870967742,0.6964210526315808,0.7785645161290312,True,0.2103613445378159,5.59756143512215,0.0029480586527566,0.2684912280701735,0.1569193548387106,True,S,KF,different-party
257,20371,123,0.991869918699187,0.720528455284555,0.0374880831410868,0.0009990009990009,1.0,0.9803921568627452,0.6929444444444439,0.7594705882352931,True,0.2713414634146319,7.238072493422377,0.0029480586527566,0.3070555555555561,0.2209215686274519,True,S,V,different-party
257,20377,64,1.0,0.802375,0.0469299602724224,0.0009990009990009,1.0,1.0,0.7467368421052666,0.8258666666666654,False,0.197625,4.211062588862469,0.0029480586527566,0.2532631578947334,0.1741333333333345,True,S,M,different-party
257,20378,145,0.993103448275862,0.7425793103448274,0.0343615445734501,0.0009990009990009,1.0,0.9864864864864864,0.697957746478872,0.7853918918918935,True,0.2505241379310347,7.29082877504304,0.0029480586527566,0.302042253521128,0.201094594594593,True,S,M,different-party
257,20384,80,1.0,0.6772000000000008,0.050409707781717,0.0009990009990009,1.0,1.0,0.6718709677419367,0.6955555555555529,False,0.3227999999999992,6.403528490936313,0.0029480586527566,0.3281290322580633,0.304444444444447,True,S,M,different-party
257,20385,48,0.9791666666666666,0.8185416666666662,0.0507231893630863,0.0009990009990009,1.0,0.975609756097561,0.8122857142857108,0.8196097560975593,False,0.1606250000000004,3.166697560167515,0.0029480586527566,0.1877142857142891,0.1560000000000017,True,S,M,different-party
257,20386,98,0.9897959183673468,0.7135408163265263,0.0443455787867876,0.0009990009990009,1.0,0.9772727272727272,0.6677222222222206,0.7697727272727266,True,0.2762551020408206,6.229597393892365,0.0029480586527566,0.3322777777777794,0.2075000000000006,True,S,M,different-party
257,20388,46,0.9565217391304348,0.8066956521739121,0.0528141793622288,0.0049950049950049,1.0,0.935483870967742,0.7311333333333343,0.8432580645161248,False,0.1498260869565226,2.8368534504518643,0.0144114415767959,0.2688666666666657,0.092225806451617,True,S,UFG,different-party
257,20389,146,0.9931506849315068,0.7389863013698631,0.0345831609201065,0.0009990009990009,1.0,0.9864864864864864,0.6927777777777778,0.783945945945947,True,0.2541643835616437,7.349368212720929,0.0029480586527566,0.3072222222222222,0.2025405405405395,True,S,M,different-party
257,20415,142,0.9929577464788732,0.7412464788732396,0.0347799942996992,0.0009990009990009,1.0,0.9864864864864864,0.6907058823529426,0.7876891891891905,True,0.2517112676056336,7.23724292294696,0.0029480586527566,0.3092941176470574,0.198797297297296,True,S,M,different-party
257,20496,121,0.9917355371900828,0.7327438016528928,0.0371312132249745,0.0009990009990009,1.0,0.9846153846153848,0.6828392857142863,0.7757384615384573,True,0.2589917355371899,6.9750410245952095,0.0029480586527566,0.3171607142857137,0.2088769230769274,True,S,M,different-party
257,20781,138,0.9927536231884058,0.7366956521739142,0.0356041602914451,0.0009990009990009,1.0,0.9864864864864864,0.6799375,0.7857837837837858,True,0.2560579710144915,7.191799186344416,0.0029480586527566,0.3200625,0.2007027027027007,True,S,S,same-party
257,20925,136,0.9338235294117648,0.7417426470588242,0.0349295180074421,0.0009990009990009,0.8888888888888888,0.984375,0.6913055555555548,0.798484375,True,0.1920808823529405,5.499099137640982,0.0029480586527566,0.197583333333334,0.1858906249999999,True,S,KF,different-party
257,20930,78,1.0,0.7995769230769223,0.0404044380395246,0.0009990009990009,1.0,1.0,0.7505806451612865,0.8318936170212722,True,0.2004230769230777,4.960422335957715,0.0029480586527566,0.2494193548387134,0.1681063829787278,True,S,S,same-party
257,21044,146,0.9931506849315068,0.7389315068493155,0.0342119643552243,0.0009990009990009,1.0,0.9864864864864864,0.689902777777778,0.7866351351351358,True,0.2542191780821913,7.430709778679239,0.0029480586527566,0.310097222222222,0.1998513513513506,True,S,S,same-party
257,21143,107,0.9906542056074766,0.7128598130841124,0.0412055886782636,0.0009990009990009,1.0,0.981132075471698,0.6725925925925907,0.7538867924528371,True,0.2777943925233642,6.741667852203348,0.0029480586527566,0.3274074074074092,0.227245283018861,True,S,S,same-party
257,21159,130,1.0,0.7372230769230783,0.0358834733430123,0.0009990009990009,1.0,1.0,0.6928450704225337,0.7906271186440681,True,0.2627769230769217,7.323062641261648,0.0029480586527566,0.3071549295774662,0.2093728813559319,True,S,M,different-party
257,21168,117,0.9914529914529916,0.7101025641025642,0.0391414250390205,0.0009990009990009,1.0,0.9777777777777776,0.6915416666666669,0.7397999999999987,True,0.2813504273504272,7.188047626522174,0.0029480586527566,0.308458333333333,0.237977777777779,True,S,V,different-party
260,266,96,1.0,0.6934166666666675,0.045589467864119,0.0009990009990009,1.0,1.0,0.6733015873015821,0.7318181818181855,True,0.3065833333333325,6.724871942947761,0.0029480586527566,0.3266984126984179,0.2681818181818145,True,S,S,same-party
260,273,108,1.0,0.7279907407407417,0.041492384430176,0.0009990009990009,1.0,1.0,0.6758333333333314,0.7801481481481497,True,0.2720092592592583,6.555642993161779,0.0029480586527566,0.3241666666666686,0.2198518518518503,True,S,S,same-party
260,278,114,1.0,0.7259473684210535,0.0403705297456407,0.0009990009990009,1.0,1.0,0.6751111111111057,0.7887450980392142,True,0.2740526315789465,6.788432881749314,0.0029480586527566,0.3248888888888943,0.2112549019607857,True,S,S,same-party
260,286,109,1.0,0.7163119266055042,0.0408826257672047,0.0009990009990009,1.0,1.0,0.6533571428571426,0.7828301886792509,True,0.2836880733944957,6.939086422919169,0.0029480586527566,0.3466428571428573,0.217169811320749,True,S,S,same-party
260,1619,114,1.0,0.7250350877192978,0.0406849214622992,0.0009990009990009,1.0,1.0,0.6747777777777721,0.7871176470588231,True,0.2749649122807022,6.758398502391088,0.0029480586527566,0.3252222222222278,0.2128823529411768,True,S,S,same-party
260,1845,81,1.0,0.7007407407407407,0.0498170447627498,0.0009990009990009,1.0,1.0,0.6751296296296276,0.7519629629629654,True,0.2992592592592593,6.007166034927615,0.0029480586527566,0.3248703703703723,0.2480370370370346,True,S,V,different-party
260,11702,88,0.9886363636363636,0.6984545454545452,0.0470265522932109,0.0009990009990009,1.0,0.9705882352941176,0.675555555555554,0.7348235294117642,True,0.2901818181818184,6.170595206991416,0.0029480586527566,0.324444444444446,0.2357647058823534,True,S,KF,different-party
260,15762,104,1.0,0.7110096153846164,0.0430894309805089,0.0009990009990009,1.0,1.0,0.6707288135593231,0.7638222222222214,True,0.2889903846153836,6.706757969166621,0.0029480586527566,0.3292711864406769,0.2361777777777786,True,S,S,same-party
260,15770,42,1.0,0.8211428571428662,0.0567723181838552,0.0019980019980019,1.0,1.0,0.8171666666666682,0.8218055555555552,False,0.1788571428571338,3.150428740251736,0.005829605033321,0.1828333333333318,0.1781944444444447,True,S,S,same-party
260,15787,116,1.0,0.7208706896551722,0.0395673929383592,0.0009990009990009,1.0,1.0,0.6694032258064534,0.7799629629629646,True,0.2791293103448278,7.054528732273929,0.0029480586527566,0.3305967741935466,0.2200370370370353,True,S,S,same-party
260,15793,84,0.9404761904761904,0.6871428571428582,0.0495915187220496,0.0009990009990009,0.912280701754386,1.0,0.6578421052631588,0.7490000000000047,True,0.2533333333333323,5.108400385017729,0.0029480586527566,0.2544385964912271,0.2509999999999953,True,S,KF,different-party
260,16180,44,1.0,0.7909318181818183,0.0567072764172949,0.0009990009990009,1.0,1.0,0.6661111111111122,0.8230285714285659,False,0.2090681818181816,3.686796387110889,0.0029480586527566,0.3338888888888878,0.1769714285714341,True,S,S,same-party
260,16351,117,1.0,0.7232564102564112,0.0407523779364999,0.0009990009990009,1.0,1.0,0.6747142857142803,0.7798888888888909,True,0.2767435897435888,6.79085746050964,0.0029480586527566,0.3252857142857197,0.2201111111111091,True,S,S,same-party
260,17141,70,1.0,0.680985714285715,0.0535351924733594,0.0009990009990009,1.0,1.0,0.6754230769230755,0.6970555555555521,False,0.319014285714285,5.9589640192857285,0.0029480586527566,0.3245769230769245,0.3029444444444479,True,S,KF,different-party
260,18695,108,1.0,0.7262870370370385,0.0404634676385611,0.0009990009990009,1.0,1.0,0.6752962962962948,0.7772777777777782,True,0.2737129629629615,6.764446522673132,0.0029480586527566,0.3247037037037051,0.2227222222222218,True,S,V,different-party
260,18696,50,1.0,0.7873399999999994,0.0538202658951057,0.0009990009990009,1.0,1.0,0.7224666666666679,0.815142857142852,False,0.2126600000000006,3.951299690983865,0.0029480586527566,0.2775333333333321,0.184857142857148,True,S,V,different-party
260,18699,116,1.0,0.7232758620689653,0.0401428814080967,0.0009990009990009,1.0,1.0,0.6720634920634867,0.7841509433962336,True,0.2767241379310347,6.89347969613412,0.0029480586527566,0.3279365079365133,0.2158490566037664,True,S,V,different-party
260,18700,40,1.0,0.777249999999999,0.0600815886715509,0.0009990009990009,1.0,1.0,0.64525,0.81025,False,0.222750000000001,3.707458556359288,0.0029480586527566,0.35475,0.1897499999999999,True,S,V,different-party
260,18713,75,0.9066666666666666,0.6698933333333322,0.0545367010633994,0.0009990009990009,0.8771929824561403,1.0,0.6606315789473698,0.6992222222222183,False,0.2367733333333344,4.341541177162203,0.0029480586527566,0.2165614035087705,0.3007777777777817,True,S,KF,different-party
260,18717,95,1.0,0.6914421052631589,0.0463234412308038,0.0009990009990009,1.0,1.0,0.6722063492063444,0.7293125,True,0.3085578947368411,6.660945010528678,0.0029480586527566,0.3277936507936556,0.2706874999999999,True,S,S,same-party
260,18718,115,1.0,0.7246173913043482,0.0394326522630714,0.0009990009990009,1.0,1.0,0.6767301587301531,0.7826346153846147,True,0.2753826086956518,6.983618724362262,0.0029480586527566,0.3232698412698469,0.2173653846153853,True,S,S,same-party
260,18719,83,1.0,0.6766265060240932,0.0516624297373324,0.0009990009990009,1.0,1.0,0.6719310344827638,0.6875199999999977,True,0.3233734939759067,6.259355117830038,0.0029480586527566,0.3280689655172362,0.3124800000000023,True,S,S,same-party
260,18720,109,1.0,0.7242201834862385,0.0421114603418056,0.0009990009990009,1.0,1.0,0.674126984126979,0.7928260869565206,True,0.2757798165137615,6.548806768403239,0.0029480586527566,0.325873015873021,0.2071739130434794,True,S,S,same-party
260,18725,88,0.8636363636363636,0.677,0.0508200116358873,0.0019980019980019,0.9047619047619048,0.76,0.6729841269841219,0.6871199999999985,True,0.1866363636363636,3.672497459732329,0.005829605033321,0.2317777777777828,0.0728800000000015,True,S,RV,different-party
260,18729,91,0.8681318681318682,0.6861538461538443,0.0476741004659506,0.0009990009990009,0.8947368421052632,0.8235294117647058,0.6585263157894748,0.7324705882352943,True,0.1819780219780238,3.817125445460567,0.0029480586527566,0.2362105263157883,0.0910588235294115,True,S,RV,different-party
260,19928,99,1.0,0.7149090909090926,0.0430165007976995,0.0009990009990009,1.0,1.0,0.6747962962962943,0.7630444444444446,True,0.2850909090909074,6.627477916710365,0.0029480586527566,0.3252037037037056,0.2369555555555553,True,S,S,same-party
260,20349,72,1.0,0.6798194444444443,0.0535345020570921,0.0009990009990009,1.0,1.0,0.6739814814814802,0.6973333333333308,False,0.3201805555555557,5.980826256945427,0.0029480586527566,0.3260185185185198,0.3026666666666692,True,S,SP,different-party
260,20357,42,0.9523809523809524,0.8183809523809619,0.0538259916156683,0.0069930069930069,1.0,0.9444444444444444,0.8078333333333352,0.8201388888888895,False,0.1339999999999904,2.489503601843241,0.0201232014059239,0.1921666666666648,0.1243055555555548,True,S,KF,different-party
260,20362,115,1.0,0.7245913043478276,0.0393759648805824,0.0009990009990009,1.0,1.0,0.6780163934426223,0.7772037037037041,True,0.2754086956521724,6.994335160736215,0.0029480586527566,0.3219836065573777,0.2227962962962959,True,S,S,same-party
260,20363,117,1.0,0.724128205128205,0.0376064788547905,0.0009990009990009,1.0,1.0,0.6748095238095181,0.7816666666666678,True,0.275871794871795,7.335751797902044,0.0029480586527566,0.3251904761904819,0.2183333333333321,True,S,S,same-party
260,20364,117,1.0,0.7234017094017099,0.0399656701437396,0.0009990009990009,1.0,1.0,0.6746984126984068,0.7802222222222226,True,0.2765982905982901,6.920897100023164,0.0029480586527566,0.3253015873015932,0.2197777777777774,True,S,S,same-party
260,20365,88,1.0,0.6782727272727265,0.049608115236607,0.0009990009990009,1.0,1.0,0.6739682539682494,0.6891199999999984,True,0.3217272727272735,6.4853758541881295,0.0029480586527566,0.3260317460317505,0.3108800000000016,True,S,S,same-party
260,20367,116,1.0,0.7248103448275866,0.0392451067868338,0.0009990009990009,1.0,1.0,0.6762698412698364,0.7825094339622714,True,0.2751896551724134,7.012075586063516,0.0029480586527566,0.3237301587301636,0.2174905660377286,True,S,S,same-party
260,20368,108,1.0,0.7263240740740751,0.0395349574242566,0.0009990009990009,1.0,1.0,0.672074074074073,0.780574074074076,True,0.2736759259259249,6.922378162421168,0.0029480586527566,0.3279259259259269,0.219425925925924,True,S,S,same-party
260,20369,94,0.9680851063829788,0.7166276595744653,0.0445168491428401,0.0009990009990009,1.0,0.9333333333333332,0.6743265306122413,0.7626888888888881,True,0.2514574468085134,5.648590402291678,0.0029480586527566,0.3256734693877586,0.1706444444444452,True,S,KF,different-party
260,20371,97,1.0,0.6946391752577353,0.0447194778010548,0.0009990009990009,1.0,1.0,0.6722857142857078,0.7360588235294121,True,0.3053608247422646,6.828362936184862,0.0029480586527566,0.3277142857142922,0.2639411764705879,True,S,V,different-party
260,20377,43,1.0,0.7833255813953525,0.0593685358976619,0.0009990009990009,1.0,1.0,0.6774444444444468,0.8113529411764713,False,0.2166744186046475,3.6496507001308856,0.0029480586527566,0.3225555555555531,0.1886470588235287,True,S,M,different-party
260,20378,117,1.0,0.7227264957264955,0.040269671103979,0.0009990009990009,1.0,1.0,0.6765555555555502,0.7765925925925935,True,0.2772735042735045,6.8854176523459865,0.0029480586527566,0.3234444444444497,0.2234074074074065,True,S,M,different-party
260,20384,81,1.0,0.673358024691358,0.0524484843662165,0.0009990009990009,1.0,1.0,0.6687457627118664,0.6857272727272711,True,0.326641975308642,6.227863002253705,0.0029480586527566,0.3312542372881336,0.3142727272727289,True,S,M,different-party
260,20386,80,1.0,0.6991250000000003,0.049257976239621,0.0009990009990009,1.0,1.0,0.6738148148148136,0.751692307692307,True,0.3008749999999996,6.108147816230998,0.0029480586527566,0.3261851851851863,0.248307692307693,True,S,M,different-party
260,20388,43,0.9534883720930232,0.8074883720930295,0.0551625864849589,0.0049950049950049,1.0,0.9285714285714286,0.7238666666666668,0.8522857142857148,False,0.1459999999999938,2.6467214339161416,0.0144114415767959,0.2761333333333332,0.0762857142857138,True,S,UFG,different-party
260,20389,117,1.0,0.721538461538461,0.0386529444807861,0.0009990009990009,1.0,1.0,0.6741428571428522,0.7768333333333357,True,0.278461538461539,7.204148149695518,0.0029480586527566,0.3258571428571478,0.2231666666666643,True,S,M,different-party
260,20415,117,1.0,0.7227606837606844,0.0391925386389277,0.0009990009990009,1.0,1.0,0.6734285714285663,0.7803148148148157,True,0.2772393162393156,7.073777965583212,0.0029480586527566,0.3265714285714337,0.2196851851851843,True,S,M,different-party
260,20496,92,1.0,0.7187391304347811,0.0427826364717801,0.0009990009990009,1.0,1.0,0.6746296296296286,0.7814210526315797,True,0.2812608695652189,6.574182723655684,0.0029480586527566,0.3253703703703714,0.2185789473684203,True,S,M,different-party
260,20781,117,1.0,0.7229829059829059,0.0386912150603118,0.0009990009990009,1.0,1.0,0.6737777777777719,0.7803888888888897,True,0.277017094017094,7.15968970179096,0.0029480586527566,0.3262222222222281,0.2196111111111103,True,S,S,same-party
260,20925,116,0.9396551724137931,0.725129310344827,0.0393585416310376,0.0009990009990009,0.9206349206349206,0.9622641509433962,0.6756031746031691,0.7840000000000077,True,0.2145258620689661,5.450554140954084,0.0029480586527566,0.2450317460317514,0.1782641509433885,True,S,KF,different-party
260,20930,50,1.0,0.801339999999999,0.0530039037601373,0.0009990009990009,1.0,1.0,0.7187619047619039,0.861137931034472,True,0.1986600000000009,3.7480258227585,0.0029480586527566,0.281238095238096,0.138862068965528,True,S,S,same-party
260,21044,117,1.0,0.7206068376068383,0.0401676352208189,0.0009990009990009,1.0,1.0,0.6703333333333278,0.7792592592592612,True,0.2793931623931617,6.955678641702857,0.0029480586527566,0.3296666666666722,0.2207407407407388,True,S,S,same-party
260,21143,86,1.0,0.6925465116279022,0.0497925059901073,0.0009990009990009,1.0,1.0,0.6752222222222206,0.72178125,True,0.3074534883720978,6.174694007832864,0.0029480586527566,0.3247777777777794,0.2782187499999999,True,S,S,same-party
260,21159,106,1.0,0.7200566037735838,0.0430094624240269,0.0009990009990009,1.0,1.0,0.6732258064516141,0.7860454545454556,True,0.2799433962264162,6.508879219797633,0.0029480586527566,0.3267741935483859,0.2139545454545444,True,S,M,different-party
260,21168,88,1.0,0.6751136363636364,0.0487104818030161,0.0009990009990009,1.0,1.0,0.6722063492063444,0.6824399999999985,True,0.3248863636363636,6.669742355458427,0.0029480586527566,0.3277936507936556,0.3175600000000015,True,S,V,different-party
266,273,118,1.0,0.714406779661017,0.0391827762946701,0.0009990009990009,1.0,1.0,0.6765344827586253,0.7510166666666659,True,0.285593220338983,7.288743865192402,0.0029480586527566,0.3234655172413747,0.2489833333333341,True,S,S,same-party
266,278,124,1.0,0.708661290322581,0.0387123379185986,0.0009990009990009,1.0,1.0,0.6762686567164179,0.7467368421052665,True,0.291338709677419,7.525732759670163,0.0029480586527566,0.3237313432835821,0.2532631578947335,True,S,S,same-party
266,286,118,1.0,0.7045508474576281,0.0403864394171289,0.0009990009990009,1.0,1.0,0.658525423728815,0.7505762711864397,True,0.2954491525423719,7.315553359157081,0.0029480586527566,0.341474576271185,0.2494237288135603,True,S,S,same-party
266,1619,117,1.0,0.7110940170940181,0.0410931708389464,0.0009990009990009,1.0,1.0,0.6739047619047573,0.7544814814814825,True,0.2889059829059819,7.03051083690452,0.0029480586527566,0.3260952380952426,0.2455185185185174,True,S,S,same-party
266,1845,102,1.0,0.7166470588235317,0.0432861622080734,0.0009990009990009,1.0,1.0,0.6784655172413838,0.7669772727272731,True,0.2833529411764682,6.546039813241272,0.0029480586527566,0.3215344827586162,0.2330227272727268,True,S,V,different-party
266,11702,114,0.9649122807017544,0.712359649122807,0.0415976407075226,0.0009990009990009,1.0,0.9333333333333332,0.6735370370370354,0.7473,True,0.2525526315789473,6.071321048101536,0.0029480586527566,0.3264629629629646,0.1860333333333333,True,S,KF,different-party
266,15760,44,1.0,0.7663409090909097,0.0594781363394744,0.0009990009990009,1.0,1.0,0.729,0.7700750000000004,False,0.2336590909090903,3.9284870927271367,0.0029480586527566,0.271,0.2299249999999996,True,S,S,same-party
266,15762,102,1.0,0.6943431372549016,0.044176404200676,0.0009990009990009,1.0,1.0,0.6674166666666654,0.7328095238095235,True,0.3056568627450984,6.919007290784002,0.0029480586527566,0.3325833333333345,0.2671904761904765,True,S,S,same-party
266,15770,41,1.0,0.7623658536585339,0.0616708865002842,0.0009990009990009,1.0,1.0,0.7786999999999976,0.7570967741935442,False,0.237634146341466,3.853263019664406,0.0029480586527566,0.2213000000000023,0.2429032258064558,True,S,S,same-party
266,15776,56,1.0,0.7497500000000006,0.0539892779916151,0.0009990009990009,1.0,1.0,0.6899230769230777,0.7678372093023277,False,0.2502499999999994,4.635179600639677,0.0029480586527566,0.3100769230769222,0.2321627906976723,True,S,S,same-party
266,15787,108,1.0,0.697111111111112,0.0432526124523882,0.0009990009990009,1.0,1.0,0.6736666666666655,0.7339523809523792,True,0.302888888888888,7.002788310701536,0.0029480586527566,0.3263333333333345,0.2660476190476207,True,S,S,same-party
266,15793,95,0.9157894736842104,0.6923578947368433,0.0446481038361495,0.0009990009990009,0.912280701754386,0.9210526315789472,0.6583859649122823,0.7433157894736844,True,0.2234315789473672,5.004279235851104,0.0029480586527566,0.2538947368421036,0.1777368421052629,True,S,KF,different-party
266,16351,127,1.0,0.7121653543307028,0.038006523544586,0.0009990009990009,1.0,1.0,0.6778358208955232,0.7504999999999992,True,0.2878346456692972,7.5732958141155375,0.0029480586527566,0.3221641791044768,0.2495000000000008,True,S,S,same-party
266,17141,88,0.9772727272727272,0.7027272727272731,0.046896766890256,0.0009990009990009,0.9642857142857144,1.0,0.6781428571428566,0.74575,True,0.2745454545454542,5.854251214970168,0.0029480586527566,0.2861428571428577,0.25425,True,S,KF,different-party
266,18695,118,1.0,0.7131949152542376,0.0395628812186648,0.0009990009990009,1.0,1.0,0.6773448275862123,0.7478500000000003,True,0.2868050847457624,7.249347770213821,0.0029480586527566,0.3226551724137877,0.2521499999999996,True,S,V,different-party
266,18696,45,1.0,0.744244444444443,0.0592589214204863,0.0009990009990009,1.0,1.0,0.7247647058823516,0.7560714285714286,False,0.2557555555555569,4.315899605070101,0.0029480586527566,0.2752352941176483,0.2439285714285713,True,S,V,different-party
266,18698,43,1.0,0.7676976744186063,0.059452224659696,0.0009990009990009,,1.0,,0.7676976744186063,False,0.2323023255813937,3.90737818325706,0.0029480586527566,,0.2323023255813937,False,S,V,different-party
266,18699,123,1.0,0.7091544715447162,0.0394258151455154,0.0009990009990009,1.0,1.0,0.6704375,0.7511525423728819,True,0.2908455284552838,7.377032722895177,0.0029480586527566,0.3295625,0.2488474576271181,True,S,V,different-party
266,18713,92,0.9130434782608696,0.694706521739129,0.0465132849169831,0.0009990009990009,0.8666666666666667,1.0,0.6670999999999984,0.74646875,True,0.2183369565217405,4.694077335355435,0.0029480586527566,0.1995666666666683,0.25353125,True,S,KF,different-party
266,18717,121,1.0,0.7095785123966944,0.0387629896691002,0.0009990009990009,1.0,1.0,0.6778181818181804,0.7476909090909113,True,0.2904214876033055,7.492236540124617,0.0029480586527566,0.3221818181818195,0.2523090909090887,True,S,S,same-party
266,18718,120,1.0,0.7083333333333359,0.04008423174414,0.0009990009990009,1.0,1.0,0.6745538461538508,0.7482545454545476,True,0.2916666666666641,7.276344187619449,0.0029480586527566,0.3254461538461491,0.2517454545454524,True,S,S,same-party
266,18719,100,1.0,0.6996100000000015,0.0458044315098785,0.0009990009990009,1.0,1.0,0.6812295081967189,0.7283589743589725,True,0.3003899999999985,6.5580990768374425,0.0029480586527566,0.3187704918032811,0.2716410256410275,True,S,S,same-party
266,18720,113,1.0,0.71006194690266,0.0415334331309724,0.0009990009990009,1.0,1.0,0.672171875,0.7595510204081666,True,0.28993805309734,6.980835226961443,0.0029480586527566,0.327828125,0.2404489795918334,True,S,S,same-party
266,18725,105,0.8761904761904762,0.6982285714285711,0.0440024228880758,0.0009990009990009,0.9047619047619048,0.8333333333333334,0.6752380952380896,0.7327142857142848,True,0.1779619047619051,4.044366038992156,0.0029480586527566,0.2295238095238151,0.1006190476190486,True,S,RV,different-party
266,18729,118,0.847457627118644,0.7037118644067806,0.0390822465131993,0.0019980019980019,0.8688524590163934,0.8245614035087719,0.6600327868852449,0.7504561403508806,True,0.1437457627118634,3.678032240631712,0.005829605033321,0.2088196721311485,0.0741052631578913,True,S,RV,different-party
266,19928,100,1.0,0.700030000000001,0.0431527665539366,0.0009990009990009,1.0,1.0,0.6778448275862121,0.7306666666666647,True,0.2999699999999989,6.951350375764824,0.0029480586527566,0.3221551724137879,0.2693333333333353,True,S,S,same-party
266,20349,71,1.0,0.6788169014084493,0.0539056465765757,0.0009990009990009,1.0,1.0,0.6712407407407399,0.7028823529411744,False,0.3211830985915507,5.958245916506975,0.0029480586527566,0.3287592592592601,0.2971176470588256,True,S,SP,different-party
266,20362,112,1.0,0.7142946428571421,0.0422099083990516,0.0009990009990009,1.0,1.0,0.68471875,0.7537291666666663,True,0.2857053571428579,6.76867986639073,0.0029480586527566,0.3152812499999999,0.2462708333333336,True,S,S,same-party
266,20363,127,1.0,0.7110551181102306,0.0379906881234368,0.0009990009990009,1.0,1.0,0.6772537313432848,0.7488,True,0.2889448818897694,7.605676447632351,0.0029480586527566,0.3227462686567152,0.2512,True,S,S,same-party
266,20364,118,1.0,0.7128813559322021,0.0402789310433901,0.0009990009990009,1.0,1.0,0.6806417910447757,0.755235294117646,True,0.2871186440677978,7.128258785182303,0.0029480586527566,0.3193582089552242,0.244764705882354,True,S,S,same-party
266,20365,118,1.0,0.6998474576271195,0.0404407348374046,0.0009990009990009,1.0,1.0,0.6767910447761201,0.7301372549019594,True,0.3001525423728804,7.42203482651017,0.0029480586527566,0.3232089552238799,0.2698627450980406,True,S,S,same-party
266,20367,125,1.0,0.7130559999999986,0.0381922441277597,0.0009990009990009,1.0,1.0,0.6803939393939381,0.7495932203389819,True,0.2869440000000014,7.513148456009111,0.0029480586527566,0.3196060606060619,0.2504067796610181,True,S,S,same-party
266,20368,94,1.0,0.7000744680851059,0.0456085693126379,0.0009990009990009,1.0,1.0,0.6760517241379357,0.7387777777777782,True,0.2999255319148941,6.576078496542232,0.0029480586527566,0.3239482758620643,0.2612222222222218,True,S,S,same-party
266,20369,100,0.94,0.702840000000002,0.0449416750260874,0.0009990009990009,0.9807692307692308,0.8958333333333334,0.6795192307692299,0.7281041666666666,True,0.2371599999999979,5.277061877696657,0.0029480586527566,0.3012500000000008,0.1677291666666668,True,S,KF,different-party
266,20371,124,1.0,0.7104838709677419,0.0389084925262275,0.0009990009990009,1.0,1.0,0.6780298507462695,0.748631578947372,True,0.2895161290322581,7.440949526304574,0.0029480586527566,0.3219701492537304,0.251368421052628,True,S,V,different-party
266,20377,47,1.0,0.755638297872336,0.058327722945965,0.0009990009990009,1.0,1.0,0.6901538461538486,0.7806764705882366,False,0.2443617021276639,4.1894606849995055,0.0029480586527566,0.3098461538461514,0.2193235294117633,True,S,M,different-party
266,20378,126,1.0,0.7130238095238052,0.037699902462945,0.0009990009990009,1.0,1.0,0.6819090909090889,0.7472499999999983,True,0.2869761904761948,7.612120237134869,0.0029480586527566,0.3180909090909111,0.2527500000000017,True,S,M,different-party
266,20384,84,1.0,0.6765238095238112,0.0494838633734851,0.0009990009990009,1.0,1.0,0.6705238095238041,0.6945238095238065,True,0.3234761904761888,6.537003548706679,0.0029480586527566,0.3294761904761959,0.3054761904761934,True,S,M,different-party
266,20386,98,0.9897959183673468,0.7134897959183628,0.0420141445868932,0.0009990009990009,1.0,0.9767441860465116,0.6691454545454558,0.7702093023255839,True,0.2763061224489841,6.576502393795756,0.0029480586527566,0.3308545454545442,0.2065348837209276,True,S,M,different-party
266,20389,127,1.0,0.7119921259842471,0.0377172883196717,0.0009990009990009,1.0,1.0,0.6787462686567176,0.7491166666666667,True,0.2880078740157529,7.635964483309372,0.0029480586527566,0.3212537313432824,0.2508833333333333,True,S,M,different-party
266,20415,123,1.0,0.7114959349593502,0.0407193633737658,0.0009990009990009,1.0,1.0,0.6743015873015823,0.7505500000000006,True,0.2885040650406498,7.085181130963444,0.0029480586527566,0.3256984126984177,0.2494499999999994,True,S,M,different-party
266,20496,101,1.0,0.7056237623762376,0.0431655726069286,0.0009990009990009,1.0,1.0,0.6808947368421072,0.7376590909090915,True,0.2943762376237624,6.819699585695081,0.0029480586527566,0.3191052631578928,0.2623409090909084,True,S,M,different-party
266,20781,125,1.0,0.7135919999999986,0.0398800194578157,0.0009990009990009,1.0,1.0,0.6806000000000029,0.7493333333333329,True,0.2864080000000014,7.181741731669854,0.0029480586527566,0.3193999999999971,0.2506666666666671,True,S,S,same-party
266,20925,118,0.9322033898305084,0.7120169491525429,0.0406043053339418,0.0009990009990009,0.8955223880597015,0.9803921568627452,0.6771194029850742,0.7578627450980377,True,0.2201864406779655,5.422736305105757,0.0029480586527566,0.2184029850746273,0.2225294117647073,True,S,KF,different-party
266,20930,52,1.0,0.7689230769230769,0.0534444752358372,0.0009990009990009,1.0,1.0,0.7231599999999981,0.8112962962963007,True,0.231076923076923,4.323682140337948,0.0029480586527566,0.2768400000000018,0.1887037037036992,True,S,S,same-party
266,21044,127,1.0,0.7113070866141679,0.0376522638566856,0.0009990009990009,1.0,1.0,0.6761940298507463,0.7505166666666677,True,0.2886929133858321,7.667345434650961,0.0029480586527566,0.3238059701492537,0.2494833333333322,True,S,S,same-party
266,21143,113,1.0,0.7095486725663748,0.0410494292365418,0.0009990009990009,1.0,1.0,0.6715454545454553,0.745586206896552,True,0.2904513274336252,7.075648378932107,0.0029480586527566,0.3284545454545446,0.254413793103448,True,S,S,same-party
266,21159,104,1.0,0.7063269230769228,0.0422086970148029,0.0009990009990009,1.0,1.0,0.6762727272727257,0.7585263157894736,True,0.2936730769230772,6.957643748635118,0.0029480586527566,0.3237272727272743,0.2414736842105264,True,S,M,different-party
266,21168,118,1.0,0.6979491525423731,0.0403736253938921,0.0009990009990009,1.0,1.0,0.675626865671642,0.7272745098039206,True,0.3020508474576269,7.481390251947063,0.0029480586527566,0.324373134328358,0.2727254901960794,True,S,V,different-party
273,278,153,1.0,0.7434117647058823,0.0331541816272837,0.0009990009990009,1.0,1.0,0.7034266666666681,0.781858974358973,True,0.2565882352941177,7.7392420111182,0.0029480586527566,0.2965733333333319,0.218141025641027,True,S,S,same-party
273,286,151,1.0,0.7431324503311215,0.0337511958602421,0.0009990009990009,1.0,1.0,0.6967794117647088,0.7811084337349454,True,0.2568675496688785,7.610620694227328,0.0029480586527566,0.3032205882352912,0.2188915662650545,True,S,S,same-party
273,1454,47,0.9361702127659576,0.8039148936170188,0.053342889340605,0.0139860139860139,1.0,0.926829268292683,0.8108333333333343,0.8029024390243881,False,0.1322553191489386,2.479342997422992,0.0399587417131276,0.1891666666666657,0.1239268292682949,True,S,KF,different-party
273,1619,139,1.0,0.7415107913669065,0.034683678079108,0.0009990009990009,1.0,1.0,0.6901475409836046,0.7816794871794868,True,0.2584892086330935,7.452762306336714,0.0029480586527566,0.3098524590163953,0.2183205128205132,True,S,S,same-party
273,1845,110,1.0,0.7243818181818188,0.0413747133915048,0.0009990009990009,1.0,1.0,0.6945230769230805,0.7675111111111101,True,0.2756181818181812,6.661512774968768,0.0029480586527566,0.3054769230769195,0.2324888888888898,True,S,V,different-party
273,11702,125,0.944,0.719807999999999,0.0362126288812738,0.0009990009990009,0.9672131147540984,0.921875,0.6884590163934418,0.7496875,True,0.2241920000000009,6.190989357194507,0.0029480586527566,0.2787540983606565,0.1721875,True,S,KF,different-party
273,15760,64,1.0,0.780359375,0.0485215862742448,0.0009990009990009,1.0,1.0,0.7834761904761938,0.7788372093023288,True,0.219640625,4.526657965355615,0.0029480586527566,0.2165238095238062,0.2211627906976712,True,S,S,same-party
273,15762,124,1.0,0.7313467741935494,0.0369474739492288,0.0009990009990009,1.0,1.0,0.6829310344827639,0.7738939393939389,True,0.2686532258064505,7.271220386422599,0.0029480586527566,0.317068965517236,0.2261060606060611,True,S,S,same-party
273,15770,62,1.0,0.7896935483870947,0.0463544535495589,0.0009990009990009,1.0,1.0,0.7523636363636402,0.797745098039215,False,0.2103064516129053,4.536920090926327,0.0029480586527566,0.2476363636363597,0.202254901960785,True,S,S,same-party
273,15776,66,1.0,0.7767575757575758,0.0479402541183692,0.0009990009990009,1.0,1.0,0.7954000000000004,0.7686521739130441,True,0.2232424242424242,4.65668003534601,0.0029480586527566,0.2045999999999995,0.2313478260869559,True,S,S,same-party
273,15787,137,1.0,0.7383065693430667,0.033948847612738,0.0009990009990009,1.0,1.0,0.7099594594594585,0.7716031746031754,True,0.2616934306569333,7.708462850996522,0.0029480586527566,0.2900405405405415,0.2283968253968246,True,S,S,same-party
273,15793,98,0.9489795918367347,0.6996122448979543,0.0438141361778787,0.0009990009990009,0.9661016949152542,0.9230769230769232,0.6716610169491533,0.7418974358974333,True,0.2493673469387805,5.691481532955185,0.0029480586527566,0.2944406779661009,0.1811794871794898,True,S,KF,different-party
273,16180,63,1.0,0.7874126984127019,0.0463891220059464,0.0009990009990009,1.0,1.0,0.7313846153846157,0.8019799999999991,False,0.2125873015872981,4.582697244411037,0.0029480586527566,0.2686153846153842,0.1980200000000008,True,S,S,same-party
273,16351,156,1.0,0.7426217948717958,0.0336790521008624,0.0009990009990009,1.0,1.0,0.7053600000000004,0.7771234567901245,True,0.2573782051282042,7.642085779534558,0.0029480586527566,0.2946399999999995,0.2228765432098755,True,S,S,same-party
273,17141,92,0.967391304347826,0.7074999999999985,0.046041099316899,0.0009990009990009,0.9642857142857144,0.9722222222222222,0.6805714285714279,0.7493888888888895,True,0.2598913043478276,5.644767570795957,0.0029480586527566,0.2837142857142863,0.2228333333333326,True,S,KF,different-party
273,18695,153,1.0,0.7386993464052287,0.033242492795278,0.0009990009990009,1.0,1.0,0.6938985507246404,0.7755,True,0.2613006535947713,7.860441008560232,0.0029480586527566,0.3061014492753596,0.2245,True,S,V,different-party
273,18696,65,1.0,0.7937230769230692,0.045316016506448,0.0009990009990009,1.0,1.0,0.7970666666666645,0.7927200000000006,False,0.2062769230769308,4.55196504413797,0.0029480586527566,0.2029333333333355,0.2072799999999993,True,S,V,different-party
273,18698,66,1.0,0.7984242424242446,0.0449067198908756,0.0009990009990009,,1.0,,0.7984242424242446,False,0.2015757575757554,4.488766003519941,0.0029480586527566,,0.2015757575757554,False,S,V,different-party
273,18699,152,1.0,0.7420723684210531,0.0312215913090645,0.0009990009990009,1.0,1.0,0.699930555555555,0.7800000000000017,True,0.2579276315789469,8.261194281409436,0.0029480586527566,0.300069444444445,0.2199999999999983,True,S,V,different-party
273,18700,51,1.0,0.8007254901960784,0.0519717208484977,0.0009990009990009,1.0,1.0,0.7854615384615328,0.8059473684210526,False,0.1992745098039215,3.834287311455874,0.0029480586527566,0.2145384615384672,0.1940526315789473,True,S,V,different-party
273,18713,101,0.9405940594059404,0.7142574257425739,0.0432680035943041,0.0009990009990009,0.9117647058823528,1.0,0.699132352941178,0.7454242424242462,True,0.2263366336633666,5.231039448586024,0.0029480586527566,0.2126323529411748,0.2545757575757538,True,S,KF,different-party
273,18715,71,1.0,0.8156478873239451,0.0413223371296693,0.0009990009990009,1.0,1.0,0.7821428571428615,0.8297200000000016,True,0.1843521126760549,4.461318634944552,0.0029480586527566,0.2178571428571385,0.1702799999999984,True,S,S,same-party
273,18716,71,1.0,0.7990140845070433,0.042328881463323,0.0009990009990009,1.0,1.0,0.7937999999999994,0.8010588235294115,True,0.2009859154929567,4.748198122530272,0.0029480586527566,0.2062000000000006,0.1989411764705885,True,S,S,same-party
273,18717,129,1.0,0.7264186046511588,0.0379248627535709,0.0009990009990009,1.0,1.0,0.7099589041095861,0.7478750000000008,True,0.2735813953488412,7.213774170430739,0.0029480586527566,0.2900410958904139,0.2521249999999991,True,S,S,same-party
273,18718,152,1.0,0.7425921052631583,0.0316236178223049,0.0009990009990009,1.0,1.0,0.7030821917808199,0.7791012658227859,True,0.2574078947368416,8.139735819703894,0.0029480586527566,0.2969178082191801,0.220898734177214,True,S,S,same-party
273,18719,102,1.0,0.7115000000000007,0.0439897971068352,0.0009990009990009,1.0,1.0,0.6961355932203399,0.7325813953488363,True,0.2884999999999993,6.558338955265873,0.0029480586527566,0.3038644067796601,0.2674186046511637,True,S,S,same-party
273,18720,145,1.0,0.7446344827586208,0.0339598023993117,0.0009990009990009,1.0,1.0,0.7021805555555545,0.786506849315064,True,0.2553655172413792,7.519640845924208,0.0029480586527566,0.2978194444444455,0.213493150684936,True,S,S,same-party
273,18725,116,0.8793103448275862,0.7199568965517243,0.0408699352708636,0.0009990009990009,0.9142857142857144,0.8260869565217391,0.7078714285714292,0.7383478260869574,True,0.1593534482758618,3.899038430566484,0.0029480586527566,0.2064142857142851,0.0877391304347817,True,S,RV,different-party
273,18729,130,0.8461538461538461,0.7218384615384659,0.0382918246861472,0.0009990009990009,0.8695652173913043,0.819672131147541,0.6945507246376841,0.7527049180327854,True,0.1243153846153802,3.2465254825099388,0.0029480586527566,0.1750144927536202,0.0669672131147556,True,S,RV,different-party
273,19928,135,1.0,0.7320148148148191,0.0368447281831885,0.0009990009990009,1.0,1.0,0.6935217391304379,0.772257575757576,True,0.2679851851851809,7.273365781198971,0.0029480586527566,0.3064782608695621,0.2277424242424239,True,S,S,same-party
273,20349,72,1.0,0.681722222222222,0.0549877557544465,0.0009990009990009,1.0,1.0,0.6763148148148134,0.6979444444444413,False,0.318277777777778,5.788157261756231,0.0029480586527566,0.3236851851851866,0.3020555555555587,True,S,SP,different-party
273,20362,146,1.0,0.746931506849315,0.0342454070309525,0.0009990009990009,1.0,1.0,0.7089324324324312,0.7859861111111118,True,0.253068493150685,7.389852102559336,0.0029480586527566,0.2910675675675688,0.2140138888888881,True,S,S,same-party
273,20363,150,1.0,0.7370666666666672,0.0347790585877311,0.0009990009990009,1.0,1.0,0.6914347826086983,0.7759382716049383,True,0.2629333333333328,7.5601049600027554,0.0029480586527566,0.3085652173913017,0.2240617283950616,True,S,S,same-party
273,20364,144,1.0,0.7418611111111113,0.0351831106811349,0.0009990009990009,1.0,1.0,0.6931159420289881,0.7867066666666669,True,0.2581388888888887,7.337011534551483,0.0029480586527566,0.3068840579710119,0.2132933333333331,True,S,S,same-party
273,20365,130,1.0,0.718423076923081,0.0370607906070329,0.0009990009990009,1.0,1.0,0.7062133333333344,0.7350727272727288,True,0.2815769230769189,7.597704162940468,0.0029480586527566,0.2937866666666656,0.2649272727272712,True,S,S,same-party
273,20367,157,1.0,0.746770700636943,0.0329495264522675,0.0009990009990009,1.0,1.0,0.7105270270270259,0.7790843373494024,True,0.253229299363057,7.685369916617725,0.0029480586527566,0.2894729729729741,0.2209156626505976,True,S,S,same-party
273,20368,135,1.0,0.7388592592592625,0.0363216295020058,0.0009990009990009,1.0,1.0,0.7033866666666663,0.783200000000001,True,0.2611407407407374,7.189675802576968,0.0029480586527566,0.2966133333333337,0.216799999999999,True,S,S,same-party
273,20369,140,0.9285714285714286,0.7405071428571438,0.0356897949775947,0.0009990009990009,0.9558823529411764,0.9027777777777778,0.7122647058823537,0.7671805555555562,True,0.1880642857142848,5.26941345088553,0.0029480586527566,0.2436176470588228,0.1355972222222216,True,S,KF,different-party
273,20371,136,1.0,0.7260441176470597,0.0357984336442132,0.0009990009990009,1.0,1.0,0.7058800000000007,0.7508360655737698,True,0.2739558823529403,7.652733778122287,0.0029480586527566,0.2941199999999992,0.2491639344262302,True,S,V,different-party
273,20377,75,1.0,0.8017200000000022,0.0411044476919518,0.0009990009990009,1.0,1.0,0.7921999999999993,0.8051818181818212,True,0.1982799999999978,4.823808885256483,0.0029480586527566,0.2078000000000006,0.1948181818181787,True,S,M,different-party
273,20378,157,1.0,0.7474713375796171,0.0317726991760109,0.0009990009990009,1.0,1.0,0.7130273972602705,0.7774047619047623,True,0.2525286624203828,7.947976374983201,0.0029480586527566,0.2869726027397294,0.2225952380952377,True,S,M,different-party
273,20384,77,1.0,0.6743896103896097,0.0535812078249883,0.0009990009990009,1.0,1.0,0.6680545454545462,0.6902272727272712,True,0.3256103896103903,6.076951282507991,0.0029480586527566,0.3319454545454537,0.3097727272727287,True,S,M,different-party
273,20385,68,1.0,0.8002941176470549,0.0449840344538659,0.0009990009990009,1.0,1.0,0.7988823529411779,0.8007647058823523,False,0.199705882352945,4.439483580730322,0.0029480586527566,0.201117647058822,0.1992352941176477,True,S,M,different-party
273,20386,109,0.9908256880733946,0.7209816513761467,0.0408439823471009,0.0009990009990009,1.0,0.9772727272727272,0.6874153846153881,0.7705681818181815,True,0.2698440366972479,6.606702412219638,0.0029480586527566,0.3125846153846119,0.2067045454545457,True,S,M,different-party
273,20389,146,1.0,0.7383630136986299,0.034627306893779,0.0009990009990009,1.0,1.0,0.6926615384615424,0.7750370370370367,True,0.2616369863013701,7.555799447642699,0.0029480586527566,0.3073384615384575,0.2249629629629632,True,S,M,different-party
273,20415,155,1.0,0.7445870967741939,0.0317195378960371,0.0009990009990009,1.0,1.0,0.7050704225352101,0.7779880952380953,True,0.2554129032258061,8.05222648775461,0.0029480586527566,0.2949295774647898,0.2220119047619047,True,S,M,different-party
273,20496,136,1.0,0.7357500000000013,0.0358458121575697,0.0009990009990009,1.0,1.0,0.6933823529411783,0.7781176470588218,True,0.2642499999999986,7.371851384993544,0.0029480586527566,0.3066176470588216,0.2218823529411782,True,S,M,different-party
273,20781,150,1.0,0.740480000000001,0.0345920605789558,0.0009990009990009,1.0,1.0,0.6960000000000005,0.776385542168679,True,0.259519999999999,7.502299535110039,0.0029480586527566,0.3039999999999995,0.2236144578313209,True,S,S,same-party
273,20925,149,0.9463087248322148,0.747067114093959,0.0342367761657015,0.0009990009990009,0.9333333333333332,0.9594594594594594,0.7074400000000005,0.7872297297297306,True,0.1992416107382557,5.819520207567213,0.0029480586527566,0.2258933333333328,0.1722297297297288,True,S,KF,different-party
273,20930,72,1.0,0.8145833333333334,0.0405546661480029,0.0009990009990009,1.0,1.0,0.7746818181818207,0.8321400000000014,True,0.1854166666666665,4.572018075305919,0.0029480586527566,0.2253181818181793,0.1678599999999985,True,S,S,same-party
273,21044,159,1.0,0.7416289308176082,0.0328201089798316,0.0009990009990009,1.0,1.0,0.7031200000000005,0.7760119047619045,True,0.2583710691823918,7.872340379526578,0.0029480586527566,0.2968799999999995,0.2239880952380954,True,S,S,same-party
273,21143,125,1.0,0.7130639999999995,0.0402174756710425,0.0009990009990009,1.0,1.0,0.6858030303030279,0.7435593220338975,True,0.2869360000000005,7.134609898119504,0.0029480586527566,0.3141969696969721,0.2564406779661025,True,S,S,same-party
273,21159,135,1.0,0.7471629629629662,0.0352174627113462,0.0009990009990009,1.0,1.0,0.7083013698630118,0.7929193548387078,True,0.2528370370370337,7.17930871708074,0.0029480586527566,0.2916986301369881,0.2070806451612922,True,S,M,different-party
273,21168,117,1.0,0.7088034188034189,0.0416888092739447,0.0009990009990009,1.0,1.0,0.6898769230769263,0.7324615384615377,True,0.2911965811965811,6.985005958867169,0.0029480586527566,0.3101230769230737,0.2675384615384623,True,S,V,different-party
278,286,153,1.0,0.7378366013071901,0.0328075115692297,0.0009990009990009,1.0,1.0,0.6889605263157917,0.7860779220779232,True,0.2621633986928099,7.990956526513703,0.0029480586527566,0.3110394736842082,0.2139220779220768,True,S,S,same-party
278,1619,145,1.0,0.7392068965517267,0.0344729370569247,0.0009990009990009,1.0,1.0,0.6861571428571442,0.7887200000000004,True,0.2607931034482733,7.565154747842607,0.0029480586527566,0.3138428571428557,0.2112799999999995,True,S,S,same-party
278,1845,107,1.0,0.7225887850467276,0.0418923121100247,0.0009990009990009,1.0,1.0,0.6936923076923113,0.7673095238095272,True,0.2774112149532723,6.62200773795172,0.0029480586527566,0.3063076923076887,0.2326904761904727,True,S,V,different-party
278,11702,122,0.9426229508196722,0.7211803278688516,0.0392096627156119,0.0009990009990009,0.9672131147540984,0.918032786885246,0.6919999999999996,0.7503606557377049,True,0.2214426229508206,5.647654369203487,0.0029480586527566,0.2752131147540987,0.1676721311475409,True,S,KF,different-party
278,15760,64,1.0,0.776640625,0.0481276948881789,0.0009990009990009,1.0,1.0,0.7813809523809565,0.7743255813953511,True,0.223359375,4.640973882479901,0.0029480586527566,0.2186190476190435,0.2256744186046488,True,S,S,same-party
278,15762,127,1.0,0.7285511811023577,0.036661981321203,0.0009990009990009,1.0,1.0,0.6808507462686568,0.7818166666666678,True,0.2714488188976423,7.404095717561593,0.0029480586527566,0.3191492537313432,0.2181833333333321,True,S,S,same-party
278,15770,56,1.0,0.8001071428571431,0.0499048015095135,0.0009990009990009,1.0,1.0,0.7549090909090957,0.8111555555555539,False,0.1998928571428568,4.005483462443,0.0029480586527566,0.2450909090909042,0.1888444444444461,True,S,S,same-party
278,15776,72,1.0,0.7659444444444448,0.0460497606616849,0.0009990009990009,1.0,1.0,0.760517241379307,0.7696046511627922,True,0.2340555555555552,5.082666059333031,0.0029480586527566,0.239482758620693,0.2303953488372078,True,S,S,same-party
278,15787,142,1.0,0.73488028169014,0.0348694023264425,0.0009990009990009,1.0,1.0,0.7001829268292677,0.7822999999999999,True,0.26511971830986,7.603219459509115,0.0029480586527566,0.2998170731707322,0.2177000000000001,True,S,S,same-party
278,15793,104,0.903846153846154,0.6970096153846155,0.0425642075838095,0.0009990009990009,0.8970588235294118,0.9166666666666666,0.6730588235294138,0.7422500000000003,True,0.2068365384615383,4.859400660855113,0.0029480586527566,0.2239999999999979,0.1744166666666663,True,S,KF,different-party
278,16180,66,1.0,0.7809545454545459,0.0465661959502509,0.0009990009990009,1.0,1.0,0.7098181818181797,0.8165227272727282,True,0.2190454545454541,4.703958527758449,0.0029480586527566,0.2901818181818203,0.1834772727272717,True,S,S,same-party
278,16351,159,1.0,0.7394905660377343,0.0333558052215392,0.0009990009990009,1.0,1.0,0.7010714285714293,0.7825200000000002,True,0.2605094339622656,7.810017843432062,0.0029480586527566,0.2989285714285706,0.2174799999999997,True,S,S,same-party
278,17141,92,0.967391304347826,0.7056847826086948,0.0460939469345756,0.0009990009990009,0.9642857142857144,0.9722222222222222,0.679642857142856,0.7461944444444445,True,0.2617065217391312,5.677676552858223,0.0029480586527566,0.2846428571428583,0.2260277777777777,True,S,KF,different-party
278,18695,147,1.0,0.7400272108843516,0.032721357488633,0.0009990009990009,1.0,1.0,0.6928260869565243,0.7817820512820505,True,0.2599727891156483,7.945049015951116,0.0029480586527566,0.3071739130434757,0.2182179487179495,True,S,V,different-party
278,18696,68,1.0,0.7886029411764678,0.0436474556630096,0.0009990009990009,1.0,1.0,0.7483749999999999,0.8105454545454553,True,0.2113970588235322,4.843284805778195,0.0029480586527566,0.2516250000000001,0.1894545454545446,True,S,V,different-party
278,18698,60,1.0,0.8084500000000023,0.0456235941774956,0.0009990009990009,,1.0,,0.8084500000000023,False,0.1915499999999976,4.198485530420619,0.0029480586527566,,0.1915499999999976,False,S,V,different-party
278,18699,155,1.0,0.7378580645161303,0.0329845388146945,0.0009990009990009,1.0,1.0,0.694123456790124,0.7857297297297328,True,0.2621419354838696,7.947418545293885,0.0029480586527566,0.305876543209876,0.2142702702702672,True,S,V,different-party
278,18700,53,1.0,0.789905660377366,0.0512435294080867,0.0009990009990009,1.0,1.0,0.7334761904761895,0.8269375,True,0.210094339622634,4.099919385909411,0.0029480586527566,0.2665238095238105,0.1730625,True,S,V,different-party
278,18713,110,0.9,0.7085090909090899,0.0423538904217048,0.0009990009990009,0.8571428571428571,1.0,0.6941298701298698,0.7420606060606089,True,0.1914909090909101,4.5212117985926055,0.0029480586527566,0.1630129870129872,0.2579393939393911,True,S,KF,different-party
278,18715,65,1.0,0.8255230769230661,0.0424524330632857,0.0009990009990009,1.0,1.0,0.7762857142857171,0.8490227272727275,True,0.1744769230769338,4.1099393011664,0.0029480586527566,0.2237142857142828,0.1509772727272724,True,S,S,same-party
278,18716,65,1.0,0.8072615384615286,0.0435012377196363,0.0009990009990009,1.0,1.0,0.7949499999999998,0.8127333333333314,True,0.1927384615384714,4.430643164239664,0.0029480586527566,0.2050500000000001,0.1872666666666685,True,S,S,same-party
278,18717,138,1.0,0.7227173913043464,0.035787980829397,0.0009990009990009,1.0,1.0,0.7072560975609772,0.7453571428571429,True,0.2772826086956536,7.747925484186233,0.0029480586527566,0.2927439024390228,0.254642857142857,True,S,S,same-party
278,18718,155,1.0,0.7389677419354845,0.0319774679823255,0.0009990009990009,1.0,1.0,0.6974146341463426,0.7856438356164347,True,0.2610322580645154,8.16300584551573,0.0029480586527566,0.3025853658536573,0.2143561643835653,True,S,S,same-party
278,18719,108,1.0,0.705574074074076,0.0415133984532448,0.0009990009990009,1.0,1.0,0.691676470588236,0.7291999999999993,True,0.294425925925924,7.092310841703947,0.0029480586527566,0.308323529411764,0.2708000000000007,True,S,S,same-party
278,18720,151,1.0,0.7410529801324462,0.0331204035869569,0.0009990009990009,1.0,1.0,0.6966172839506154,0.7924714285714279,True,0.2589470198675537,7.818353396198615,0.0029480586527566,0.3033827160493846,0.207528571428572,True,S,S,same-party
278,18725,122,0.8770491803278688,0.7151475409836056,0.0390229030604002,0.0009990009990009,0.8987341772151899,0.8372093023255814,0.7050632911392413,0.7336744186046483,True,0.1619016393442632,4.148887618475476,0.0029480586527566,0.1936708860759486,0.1035348837209331,True,S,RV,different-party
278,18729,139,0.841726618705036,0.7170431654676247,0.0380353053994558,0.0009990009990009,0.8589743589743589,0.819672131147541,0.6916410256410273,0.7495245901639345,True,0.1246834532374112,3.278097860079097,0.0029480586527566,0.1673333333333316,0.0701475409836065,True,S,RV,different-party
278,19928,129,1.0,0.7327054263565866,0.0360170974648905,0.0009990009990009,1.0,1.0,0.691434782608698,0.7801666666666679,True,0.2672945736434133,7.421324661266001,0.0029480586527566,0.308565217391302,0.2198333333333321,True,S,S,same-party
278,20349,72,1.0,0.6785694444444452,0.0554382154627478,0.0009990009990009,1.0,1.0,0.6741296296296275,0.6918888888888864,False,0.3214305555555548,5.797996073151786,0.0029480586527566,0.3258703703703725,0.3081111111111135,True,S,SP,different-party
278,20362,150,1.0,0.7460533333333339,0.032428517763221,0.0009990009990009,1.0,1.0,0.7082716049382721,0.7904057971014482,True,0.2539466666666661,7.8309674380085506,0.0029480586527566,0.2917283950617279,0.2095942028985518,True,S,S,same-party
278,20363,153,1.0,0.7346928104575164,0.0336102682778654,0.0009990009990009,1.0,1.0,0.6889487179487194,0.7822666666666676,True,0.2653071895424835,7.893634985270419,0.0029480586527566,0.3110512820512806,0.2177333333333324,True,S,S,same-party
278,20364,147,1.0,0.7381428571428537,0.034455365688866,0.0009990009990009,1.0,1.0,0.6896538461538467,0.792956521739129,True,0.2618571428571463,7.599894461191658,0.0029480586527566,0.3103461538461532,0.207043478260871,True,S,S,same-party
278,20365,136,1.0,0.7126250000000026,0.0372059657016768,0.0009990009990009,1.0,1.0,0.7018571428571441,0.7300192307692297,True,0.2873749999999974,7.723895740382454,0.0029480586527566,0.2981428571428559,0.2699807692307703,True,S,S,same-party
278,20367,160,1.0,0.7438687499999994,0.0318238348947105,0.0009990009990009,1.0,1.0,0.7059759036144542,0.7847142857142881,True,0.2561312500000006,8.048409339962118,0.0029480586527566,0.2940240963855458,0.2152857142857118,True,S,S,same-party
278,20368,129,1.0,0.7409922480620157,0.0361493091199239,0.0009990009990009,1.0,1.0,0.7052666666666678,0.7906111111111125,True,0.2590077519379843,7.16494334867469,0.0029480586527566,0.2947333333333322,0.2093888888888875,True,S,S,same-party
278,20369,137,0.9343065693430656,0.7417445255474469,0.0339455036349355,0.0009990009990009,0.9558823529411764,0.9130434782608696,0.7091029411764734,0.7739130434782597,True,0.1925620437956188,5.672681892321089,0.0029480586527566,0.246779411764703,0.1391304347826097,True,S,KF,different-party
278,20371,145,1.0,0.7212620689655216,0.0350130846177102,0.0009990009990009,1.0,1.0,0.7004761904761916,0.7498852459016386,True,0.2787379310344784,7.960964710132622,0.0029480586527566,0.2995238095238084,0.2501147540983613,True,S,V,different-party
278,20377,78,1.0,0.7962051282051258,0.04134408379557,0.0009990009990009,1.0,1.0,0.7572758620689624,0.8192448979591952,True,0.2037948717948742,4.929239037018168,0.0029480586527566,0.2427241379310376,0.1807551020408048,True,S,M,different-party
278,20378,160,1.0,0.7437812499999994,0.032101740337115,0.0009990009990009,1.0,1.0,0.7072804878048793,0.7821538461538441,True,0.2562187500000006,7.981459799666019,0.0029480586527566,0.2927195121951207,0.2178461538461559,True,S,M,different-party
278,20384,86,1.0,0.6743953488372045,0.051701400871347,0.0009990009990009,1.0,1.0,0.669546875,0.6884999999999986,True,0.3256046511627954,6.297791658934448,0.0029480586527566,0.330453125,0.3115000000000014,True,S,M,different-party
278,20385,62,1.0,0.8097096774193532,0.0449504379714117,0.0009990009990009,1.0,1.0,0.7935882352941189,0.8157999999999985,False,0.1902903225806468,4.2333363403860655,0.0029480586527566,0.206411764705881,0.1842000000000014,True,S,M,different-party
278,20386,106,0.9905660377358492,0.7196792452830199,0.0423755905102208,0.0009990009990009,1.0,0.975609756097561,0.6893384615384647,0.7677804878048763,True,0.2708867924528292,6.392519589490851,0.0029480586527566,0.3106615384615353,0.2078292682926846,True,S,M,different-party
278,20388,44,0.9772727272727272,0.816659090909092,0.0549622304544407,0.0019980019980019,1.0,0.9642857142857144,0.7156875,0.8743571428571421,False,0.1606136363636353,2.9222547017405165,0.005829605033321,0.2843124999999999,0.0899285714285722,True,S,UFG,different-party
278,20389,149,1.0,0.735912751677853,0.0345436774211687,0.0009990009990009,1.0,1.0,0.6897162162162157,0.7814933333333345,True,0.264087248322147,7.645024156006963,0.0029480586527566,0.3102837837837843,0.2185066666666655,True,S,M,different-party
278,20415,158,1.0,0.7400063291139228,0.0327916532877329,0.0009990009990009,1.0,1.0,0.6976999999999992,0.7833974358974342,True,0.2599936708860771,7.928653935339643,0.0029480586527566,0.3023000000000008,0.2166025641025658,True,S,M,different-party
278,20496,130,1.0,0.735807692307696,0.0365708986201487,0.0009990009990009,1.0,1.0,0.6917205882352966,0.78416129032258,True,0.2641923076923039,7.224113097039061,0.0029480586527566,0.3082794117647034,0.21583870967742,True,S,M,different-party
278,20781,153,1.0,0.7354705882352932,0.0344569460911344,0.0009990009990009,1.0,1.0,0.6915000000000024,0.778870129870131,True,0.2645294117647068,7.677099736728218,0.0029480586527566,0.3084999999999975,0.2211298701298689,True,S,S,same-party
278,20925,152,0.9210526315789472,0.7439999999999997,0.033242756242745,0.0009990009990009,0.8809523809523809,0.9705882352941176,0.7022738095238094,0.7955441176470576,True,0.1770526315789476,5.326051494830187,0.0029480586527566,0.1786785714285715,0.17504411764706,True,S,KF,different-party
278,20930,75,1.0,0.8066000000000031,0.0422648223004449,0.0009990009990009,1.0,1.0,0.7461935483870928,0.849159090909093,True,0.1933999999999969,4.575909455508608,0.0029480586527566,0.2538064516129071,0.1508409090909069,True,S,S,same-party
278,21044,162,1.0,0.7393333333333338,0.0321848330929704,0.0009990009990009,1.0,1.0,0.6996547619047628,0.7820641025641009,True,0.2606666666666661,8.09905292700116,0.0029480586527566,0.3003452380952371,0.2179358974358991,True,S,S,same-party
278,21143,122,1.0,0.7124426229508193,0.0379063247489166,0.0009990009990009,1.0,1.0,0.6874545454545442,0.7418928571428575,True,0.2875573770491807,7.585999934150815,0.0029480586527566,0.3125454545454558,0.2581071428571425,True,S,S,same-party
278,21159,141,1.0,0.7431418439716275,0.0347111246314496,0.0009990009990009,1.0,1.0,0.7032560975609764,0.7985762711864408,True,0.2568581560283725,7.399879973800932,0.0029480586527566,0.2967439024390236,0.2014237288135592,True,S,M,different-party
278,21168,123,1.0,0.7033333333333349,0.0386435451705322,0.0009990009990009,1.0,1.0,0.6882837837837835,0.7260612244897944,True,0.2966666666666651,7.6770044093389584,0.0029480586527566,0.3117162162162165,0.2739387755102056,True,S,V,different-party
286,1619,141,1.0,0.733063829787231,0.0341650883950417,0.0009990009990009,1.0,1.0,0.6721269841269789,0.7822820512820495,True,0.266936170212769,7.813126871684273,0.0029480586527566,0.3278730158730211,0.2177179487179504,True,S,S,same-party
286,1845,103,1.0,0.7192621359223297,0.0425039962636653,0.0009990009990009,1.0,1.0,0.6838103448275908,0.7649555555555544,True,0.2807378640776703,6.604975737720451,0.0029480586527566,0.3161896551724091,0.2350444444444456,True,S,V,different-party
286,11702,118,0.940677966101695,0.7146949152542376,0.0418603261262306,0.0009990009990009,0.9636363636363636,0.9206349206349206,0.671545454545456,0.752365079365078,True,0.2259830508474574,5.398501917209171,0.0029480586527566,0.2920909090909076,0.1682698412698425,True,S,KF,different-party
286,15760,62,1.0,0.7850967741935472,0.0459469085193244,0.0009990009990009,1.0,1.0,0.7979999999999984,0.7789523809523857,True,0.2149032258064528,4.677207514757346,0.0029480586527566,0.2020000000000016,0.2210476190476142,True,S,S,same-party
286,15762,128,1.0,0.7250234375,0.0364819466846099,0.0009990009990009,1.0,1.0,0.6715396825396774,0.7768615384615319,True,0.2749765625,7.537332502489517,0.0029480586527566,0.3284603174603225,0.223138461538468,True,S,S,same-party
286,15770,54,1.0,0.7955925925925946,0.0501434426914644,0.0009990009990009,1.0,1.0,0.7265,0.8011199999999987,False,0.2044074074074053,4.076453399203883,0.0029480586527566,0.2734999999999999,0.1988800000000012,True,S,S,same-party
286,15776,72,1.0,0.7692222222222219,0.0439612680312248,0.0009990009990009,1.0,1.0,0.7586666666666716,0.7755555555555541,True,0.230777777777778,5.249570545004773,0.0029480586527566,0.2413333333333284,0.2244444444444459,True,S,S,same-party
286,15787,137,1.0,0.7308686131386877,0.0350847162572193,0.0009990009990009,1.0,1.0,0.6958400000000006,0.77324193548387,True,0.2691313868613123,7.670901052418621,0.0029480586527566,0.3041599999999994,0.22675806451613,True,S,S,same-party
286,15793,106,0.9056603773584906,0.6966320754716978,0.041868140338736,0.0009990009990009,0.8955223880597015,0.9230769230769232,0.6700298507462688,0.7423333333333316,True,0.2090283018867927,4.9925384838122735,0.0029480586527566,0.2254925373134327,0.1807435897435915,True,S,KF,different-party
286,16180,69,1.0,0.7758550724637663,0.0448395970036538,0.0009990009990009,1.0,1.0,0.7059999999999997,0.8043673469387853,True,0.2241449275362337,4.998816727054193,0.0029480586527566,0.2940000000000002,0.1956326530612147,True,S,S,same-party
286,16351,156,1.0,0.734602564102564,0.0325867061657614,0.0009990009990009,1.0,1.0,0.6915657894736855,0.7754874999999999,True,0.265397435897436,8.144346794285303,0.0029480586527566,0.3084342105263145,0.2245125000000001,True,S,S,same-party
286,17141,85,0.976470588235294,0.6996470588235292,0.0468036122684656,0.0009990009990009,0.979591836734694,0.9722222222222222,0.6646938775510154,0.7472222222222225,True,0.2768235294117649,5.914576161854872,0.0029480586527566,0.3148979591836784,0.2249999999999997,True,S,KF,different-party
286,18695,145,1.0,0.7365379310344853,0.0338319700918283,0.0009990009990009,1.0,1.0,0.6821129032258075,0.7771927710843417,True,0.2634620689655147,7.787370000931468,0.0029480586527566,0.3178870967741924,0.2228072289156583,True,S,V,different-party
286,18696,66,1.0,0.7784848484848484,0.0476863834116053,0.0009990009990009,1.0,1.0,0.723941176470586,0.7974081632653146,False,0.2215151515151515,4.645249559043765,0.0029480586527566,0.276058823529414,0.2025918367346854,True,S,V,different-party
286,18698,65,1.0,0.801923076923067,0.045237103222329,0.0009990009990009,,1.0,,0.801923076923067,False,0.198076923076933,4.378638528276989,0.0029480586527566,,0.198076923076933,False,S,V,different-party
286,18699,152,1.0,0.7351184210526323,0.0339654748288158,0.0009990009990009,1.0,1.0,0.6864383561643814,0.7801012658227856,True,0.2648815789473677,7.798553686717374,0.0029480586527566,0.3135616438356186,0.2198987341772144,True,S,V,different-party
286,18700,58,1.0,0.7816034482758566,0.0496252166449857,0.0009990009990009,1.0,1.0,0.7336666666666662,0.8088108108108084,True,0.2183965517241434,4.400918857171598,0.0029480586527566,0.2663333333333337,0.1911891891891916,True,S,V,different-party
286,18713,109,0.8990825688073395,0.7074862385321092,0.041999416332465,0.0009990009990009,0.8552631578947368,1.0,0.6916842105263181,0.7438787878787909,True,0.1915963302752302,4.561880783260524,0.0029480586527566,0.1635789473684187,0.2561212121212091,True,S,KF,different-party
286,18715,70,1.0,0.8213714285714268,0.0409085196061241,0.0009990009990009,1.0,1.0,0.7985500000000003,0.8305,True,0.1786285714285732,4.366537169969655,0.0029480586527566,0.2014499999999996,0.1694999999999999,True,S,S,same-party
286,18716,69,1.0,0.8050144927536204,0.0426553686664538,0.0009990009990009,1.0,1.0,0.813947368421059,0.8016199999999994,False,0.1949855072463796,4.571183261152431,0.0029480586527566,0.186052631578941,0.1983800000000005,True,S,S,same-party
286,18717,130,1.0,0.7175461538461589,0.0376970601830472,0.0009990009990009,1.0,1.0,0.6936266666666667,0.7501636363636377,True,0.282453846153841,7.492728737528013,0.0029480586527566,0.3063733333333333,0.2498363636363623,True,S,S,same-party
286,18718,152,1.0,0.7341842105263156,0.0337360050232932,0.0009990009990009,1.0,1.0,0.6873243243243239,0.778641025641023,True,0.2658157894736844,7.879290665570813,0.0029480586527566,0.3126756756756761,0.221358974358977,True,S,S,same-party
286,18719,103,1.0,0.7005339805825254,0.0423817612826295,0.0009990009990009,1.0,1.0,0.6774262295081943,0.7340952380952364,True,0.2994660194174746,7.065917280323428,0.0029480586527566,0.3225737704918057,0.2659047619047636,True,S,S,same-party
286,18720,146,1.0,0.7371986301369859,0.0340525714213475,0.0009990009990009,1.0,1.0,0.6878493150684911,0.7865479452054749,True,0.262801369863014,7.7175190857470435,0.0029480586527566,0.3121506849315089,0.2134520547945251,True,S,S,same-party
286,18725,117,0.8632478632478633,0.7091623931623938,0.039844966697158,0.0009990009990009,0.8888888888888888,0.8222222222222222,0.6910555555555548,0.7381333333333313,True,0.1540854700854694,3.867125081483868,0.0029480586527566,0.197833333333334,0.0840888888888908,True,S,RV,different-party
286,18729,136,0.8455882352941176,0.7177867647058844,0.0370308033382728,0.0019980019980019,0.868421052631579,0.8166666666666667,0.6891710526315805,0.7540333333333336,True,0.1278014705882332,3.4512205803579006,0.005829605033321,0.1792499999999984,0.0626333333333331,True,S,RV,different-party
286,19928,127,1.0,0.7299999999999963,0.0381978506074826,0.0009990009990009,1.0,1.0,0.6830161290322591,0.7748153846153796,True,0.2700000000000037,7.068460547021267,0.0029480586527566,0.3169838709677409,0.2251846153846204,True,S,S,same-party
286,20349,66,1.0,0.6678636363636343,0.0572579747716013,0.0009990009990009,1.0,1.0,0.6578124999999998,0.6946666666666651,False,0.3321363636363657,5.800700513094249,0.0029480586527566,0.3421875000000002,0.3053333333333349,True,S,SP,different-party
286,20362,145,1.0,0.7414000000000022,0.0344806813084198,0.0009990009990009,1.0,1.0,0.6982027027027026,0.7864225352112686,True,0.2585999999999978,7.499851806491142,0.0029480586527566,0.3017972972972974,0.2135774647887314,True,S,S,same-party
286,20363,150,1.0,0.730133333333336,0.0341446802961011,0.0009990009990009,1.0,1.0,0.6775571428571426,0.7761375000000004,True,0.269866666666664,7.90362259439516,0.0029480586527566,0.3224428571428573,0.2238624999999996,True,S,S,same-party
286,20364,144,1.0,0.733798611111111,0.0341100459855276,0.0009990009990009,1.0,1.0,0.6789714285714298,0.7856621621621632,True,0.266201388888889,7.804193198737823,0.0029480586527566,0.3210285714285702,0.2143378378378367,True,S,S,same-party
286,20365,130,1.0,0.7103692307692356,0.0378216548839561,0.0009990009990009,1.0,1.0,0.6920131578947386,0.7362037037037029,True,0.2896307692307643,7.657802656161015,0.0029480586527566,0.3079868421052614,0.2637962962962971,True,S,S,same-party
286,20367,158,1.0,0.7377974683544298,0.0319330438052101,0.0009990009990009,1.0,1.0,0.6926447368421078,0.7796463414634134,True,0.2622025316455701,8.211009675275294,0.0029480586527566,0.3073552631578922,0.2203536585365866,True,S,S,same-party
286,20368,127,1.0,0.7364251968503909,0.0357708848193436,0.0009990009990009,1.0,1.0,0.6953970588235316,0.7837118644067799,True,0.2635748031496091,7.36841720524277,0.0029480586527566,0.3046029411764683,0.2162881355932201,True,S,S,same-party
286,20369,133,0.924812030075188,0.7363308270676643,0.0354370638347536,0.0009990009990009,0.9516129032258064,0.9014084507042254,0.7012096774193566,0.7669999999999989,True,0.1884812030075237,5.318759022655756,0.0029480586527566,0.2504032258064499,0.1344084507042264,True,S,KF,different-party
286,20371,136,1.0,0.7181102941176501,0.0355755019756398,0.0009990009990009,1.0,1.0,0.6903552631578969,0.7532666666666668,True,0.2818897058823498,7.923702835602222,0.0029480586527566,0.3096447368421031,0.2467333333333332,True,S,V,different-party
286,20377,81,1.0,0.7919753086419737,0.0415167560351002,0.0009990009990009,1.0,1.0,0.760777777777781,0.8075740740740759,True,0.2080246913580262,5.010620077882586,0.0029480586527566,0.239222222222219,0.1924259259259241,True,S,M,different-party
286,20378,158,1.0,0.7388734177215194,0.0327492416229611,0.0009990009990009,1.0,1.0,0.6950266666666667,0.7784939759036199,True,0.2611265822784806,7.973515395709184,0.0029480586527566,0.3049733333333333,0.2215060240963801,True,S,M,different-party
286,20384,81,1.0,0.6667283950617284,0.0516847712302538,0.0009990009990009,1.0,1.0,0.6580499999999994,0.6915238095238063,True,0.3332716049382715,6.448158654965474,0.0029480586527566,0.3419500000000006,0.3084761904761937,True,S,M,different-party
286,20385,66,1.0,0.8073030303030306,0.0425818888456375,0.0009990009990009,1.0,1.0,0.818,0.8038799999999994,False,0.1926969696969693,4.525326962256418,0.0029480586527566,0.182,0.1961200000000006,True,S,M,different-party
286,20386,102,0.9901960784313726,0.7171568627450987,0.0424275715789596,0.0009990009990009,1.0,0.9772727272727272,0.6777413793103487,0.7691136363636358,True,0.2730392156862739,6.435419363517783,0.0029480586527566,0.3222586206896513,0.2081590909090914,True,S,M,different-party
286,20388,43,0.9302325581395348,0.7957209302325636,0.0543350720583671,0.0079920079920079,1.0,0.9117647058823528,0.6248888888888895,0.8409411764705916,False,0.1345116279069712,2.4755949115605835,0.0229753900888258,0.3751111111111105,0.0708235294117612,True,S,UFG,different-party
286,20389,146,1.0,0.7327534246575339,0.0339993241107266,0.0009990009990009,1.0,1.0,0.6779696969696953,0.7779499999999994,True,0.2672465753424661,7.860349649072897,0.0029480586527566,0.3220303030303046,0.2220500000000006,True,S,M,different-party
286,20415,156,1.0,0.7361089743589742,0.0324936180743258,0.0009990009990009,1.0,1.0,0.687164383561642,0.7791566265060295,True,0.2638910256410258,8.121318624395768,0.0029480586527566,0.312835616438358,0.2208433734939705,True,S,M,different-party
286,20496,130,1.0,0.7308230769230798,0.0363556465326126,0.0009990009990009,1.0,1.0,0.6800483870967755,0.7771176470588212,True,0.2691769230769202,7.403992192394548,0.0029480586527566,0.3199516129032245,0.2228823529411787,True,S,M,different-party
286,20781,151,1.0,0.7311390728476802,0.0350595941566225,0.0009990009990009,1.0,1.0,0.6766956521739165,0.7769512195121924,True,0.2688609271523198,7.668683383818738,0.0029480586527566,0.3233043478260835,0.2230487804878076,True,S,S,same-party
286,20925,149,0.9194630872483222,0.7390134228187908,0.0348962739153025,0.0009990009990009,0.881578947368421,0.958904109589041,0.6906315789473707,0.7893835616438315,True,0.1804496644295313,5.171029573744872,0.0029480586527566,0.1909473684210503,0.1695205479452095,True,S,KF,different-party
286,20930,73,1.0,0.8003013698630104,0.0419529248896448,0.0009990009990009,1.0,1.0,0.7320869565217392,0.8316800000000005,True,0.1996986301369896,4.760064540488823,0.0029480586527566,0.2679130434782608,0.1683199999999994,True,S,S,same-party
286,21044,159,1.0,0.7368238993710682,0.0337834969168613,0.0009990009990009,1.0,1.0,0.6913552631578974,0.7784578313253054,True,0.2631761006289318,7.790078726207302,0.0029480586527566,0.3086447368421026,0.2215421686746945,True,S,S,same-party
286,21143,117,1.0,0.7115811965811969,0.0388175372500643,0.0009990009990009,1.0,1.0,0.6775762711864409,0.7461724137931044,True,0.2884188034188031,7.430115969511308,0.0029480586527566,0.3224237288135591,0.2538275862068956,True,S,S,same-party
286,21159,137,1.0,0.7383430656934313,0.035486185187115,0.0009990009990009,1.0,1.0,0.6941066666666674,0.7918548387096764,True,0.2616569343065686,7.373487257840707,0.0029480586527566,0.3058933333333326,0.2081451612903235,True,S,M,different-party
286,21168,117,1.0,0.7008547008546996,0.0399702843361879,0.0009990009990009,1.0,1.0,0.6788636363636348,0.7293137254901942,True,0.2991452991453004,7.484192422280638,0.0029480586527566,0.3211363636363652,0.2706862745098057,True,S,V,different-party
667,15777,69,0.9855072463768116,0.6764347826086993,0.0534531721663118,0.0009990009990009,1.0,0.9583333333333334,0.6527999999999988,0.7207500000000007,True,0.3090724637681123,5.782116406608723,0.0029480586527566,0.3472000000000012,0.2375833333333327,True,EL,EL,same-party
667,16582,127,1.0,0.7319448818897578,0.0366787592669651,0.0009990009990009,1.0,1.0,0.6815762711864424,0.775647058823527,True,0.2680551181102422,7.308183904455757,0.0029480586527566,0.3184237288135576,0.2243529411764729,True,EL,EL,same-party
667,18694,122,1.0,0.7346639344262293,0.0396273386642817,0.0009990009990009,1.0,1.0,0.6886140350877211,0.7750461538461483,True,0.2653360655737706,6.695783126433675,0.0029480586527566,0.3113859649122789,0.2249538461538517,True,EL,EL,same-party
667,20411,45,0.9777777777777776,0.8009999999999987,0.0528151849827053,0.0009990009990009,1.0,0.9772727272727272,0.482,0.8082500000000011,False,0.176777777777779,3.347101365557388,0.0029480586527566,0.518,0.1690227272727261,True,EL,EL,same-party
1146,17629,54,1.0,0.805629629629631,0.0484563880919996,0.0009990009990009,1.0,1.0,0.7884999999999979,0.8095227272727263,False,0.1943703703703689,4.011243471167023,0.0029480586527566,0.2115000000000021,0.1904772727272736,True,DD,DD,same-party
1146,20355,58,1.0,0.8051896551724059,0.0463752524627975,0.0009990009990009,1.0,1.0,0.787500000000003,0.8108181818181812,False,0.194810344827594,4.200739284036716,0.0029480586527566,0.212499999999997,0.1891818181818187,True,DD,DD,same-party
1146,20374,45,1.0,0.797333333333332,0.053376692418307,0.0009990009990009,1.0,1.0,0.7792941176470595,0.808285714285714,False,0.202666666666668,3.796913174731632,0.0029480586527566,0.2207058823529405,0.1917142857142859,True,DD,DD,same-party
1146,20375,40,1.0,0.7913000000000001,0.0597421888545047,0.0009990009990009,1.0,1.0,0.7214499999999989,0.8611499999999991,True,0.2086999999999998,3.4933437157494303,0.0029480586527566,0.2785500000000011,0.1388500000000009,True,DD,DD,same-party
1146,20376,77,1.0,0.7870779220779235,0.0416866493949287,0.0009990009990009,1.0,1.0,0.7563939393939436,0.8100909090909091,True,0.2129220779220765,5.107680300829816,0.0029480586527566,0.2436060606060563,0.1899090909090909,True,DD,DD,same-party
1146,20391,48,0.9166666666666666,0.779,0.0540345466551855,0.0109890109890109,0.9166666666666666,0.9166666666666666,0.7880416666666658,0.769958333333334,True,0.1376666666666666,2.5477527838841416,0.0314984884737166,0.1286250000000008,0.1467083333333326,True,DD,LA,different-party
1146,20399,51,0.9019607843137256,0.7498823529411763,0.0572030888811012,0.0049950049950049,0.8888888888888888,0.9166666666666666,0.7333333333333355,0.7684999999999995,True,0.1520784313725491,2.658570268620457,0.0144114415767959,0.1555555555555533,0.1481666666666671,True,DD,LA,different-party
1454,18695,47,0.9361702127659576,0.8036808510638284,0.0538001973372949,0.0099900099900099,1.0,0.926829268292683,0.8071666666666687,0.8031707317073148,False,0.1324893617021291,2.462618508097662,0.0286536685753906,0.1928333333333313,0.1236585365853681,True,KF,V,different-party
1454,18726,41,1.0,0.805487804878045,0.056739627756938,0.0019980019980019,,1.0,,0.805487804878045,False,0.1945121951219549,3.4281542338488524,0.005829605033321,,0.1945121951219549,False,KF,RV,different-party
1454,19928,47,0.9361702127659576,0.8032553191489344,0.0526358687717498,0.0059940059940059,1.0,0.926829268292683,0.8085000000000028,0.8024878048780449,False,0.132914893617023,2.52517715995902,0.0172654073734977,0.1914999999999972,0.124341463414638,True,KF,S,different-party
1454,20369,47,0.9787234042553192,0.8052127659574441,0.0544095201877793,0.0019980019980019,1.0,0.975609756097561,0.8166666666666682,0.8035365853658519,False,0.173510638297875,3.188975710483224,0.005829605033321,0.1833333333333318,0.172073170731709,True,KF,KF,same-party
1454,20496,41,0.975609756097561,0.8266097560975585,0.0539791806486098,0.0019980019980019,1.0,0.9714285714285714,0.8028333333333353,0.8306857142857095,False,0.1490000000000024,2.7603234841586968,0.005829605033321,0.1971666666666647,0.1407428571428619,True,KF,M,different-party
1454,20925,55,0.9818181818181818,0.7876181818181833,0.050278187722096,0.0009990009990009,1.0,0.975,0.7355999999999999,0.807125,False,0.1941999999999984,3.862509943146823,0.0029480586527566,0.2644000000000001,0.167875,True,KF,KF,same-party
1619,1845,103,1.0,0.7213106796116523,0.0428324146526243,0.0009990009990009,1.0,1.0,0.6921639344262286,0.7636428571428595,True,0.2786893203883477,6.506505006746622,0.0029480586527566,0.3078360655737714,0.2363571428571405,True,S,V,different-party
1619,11702,119,0.9411764705882352,0.7213697478991594,0.0390498197444468,0.0009990009990009,0.9672131147540984,0.913793103448276,0.6900327868852448,0.7543275862068965,True,0.2198067226890758,5.6288793169226805,0.0029480586527566,0.2771803278688535,0.1594655172413793,True,S,KF,different-party
1619,15760,47,1.0,0.7889148936170196,0.0553908558842893,0.0009990009990009,1.0,1.0,0.8154285714285676,0.7842750000000008,False,0.2110851063829804,3.810829477412913,0.0029480586527566,0.1845714285714323,0.2157249999999991,True,S,S,same-party
1619,15762,126,1.0,0.7302222222222193,0.0371932722376815,0.0009990009990009,1.0,1.0,0.6831363636363627,0.7820166666666675,True,0.2697777777777806,7.253402606089102,0.0029480586527566,0.3168636363636373,0.2179833333333325,True,S,S,same-party
1619,15770,52,1.0,0.8037884615384614,0.0499427761875134,0.0009990009990009,1.0,1.0,0.7662857142857109,0.8096222222222202,False,0.1962115384615386,3.928727104093082,0.0029480586527566,0.2337142857142891,0.1903777777777797,True,S,S,same-party
1619,15776,55,1.0,0.7718181818181842,0.0517194964328122,0.0009990009990009,1.0,1.0,0.7453333333333337,0.7817499999999996,False,0.2281818181818158,4.411911057143456,0.0029480586527566,0.2546666666666662,0.2182500000000004,True,S,S,same-party
1619,15787,128,1.0,0.730234375,0.0356012340767794,0.0009990009990009,1.0,1.0,0.6882941176470598,0.7777666666666685,True,0.269765625,7.577423423531039,0.0029480586527566,0.3117058823529401,0.2222333333333315,True,S,S,same-party
1619,15793,94,0.9042553191489362,0.6864255319148924,0.0462519209422977,0.0009990009990009,0.896551724137931,0.9166666666666666,0.6567068965517288,0.7343055555555562,True,0.2178297872340437,4.70963762793335,0.0029480586527566,0.2398448275862023,0.1823611111111104,True,S,KF,different-party
1619,16180,54,1.0,0.7855555555555581,0.0501333233767548,0.0009990009990009,1.0,1.0,0.6504000000000019,0.8162727272727284,False,0.2144444444444418,4.277483119020049,0.0029480586527566,0.3495999999999981,0.1837272727272716,True,S,S,same-party
1619,16351,145,1.0,0.7349517241379352,0.0343737713644739,0.0009990009990009,1.0,1.0,0.6874142857142868,0.7793200000000005,True,0.2650482758620648,7.710770897138111,0.0029480586527566,0.3125857142857132,0.2206799999999995,True,S,S,same-party
1619,17141,88,0.9886363636363636,0.7037045454545461,0.0462977516543922,0.0009990009990009,1.0,0.9722222222222222,0.6737499999999998,0.7469722222222213,True,0.2849318181818175,6.15433380672139,0.0029480586527566,0.3262500000000001,0.2252500000000009,True,S,KF,different-party
1619,18695,133,1.0,0.7358270676691682,0.035849375305538,0.0009990009990009,1.0,1.0,0.6733999999999999,0.7798461538461521,True,0.2641729323308318,7.368968917291635,0.0029480586527566,0.3266000000000001,0.2201538461538479,True,S,V,different-party
1619,18696,66,1.0,0.7896515151515142,0.0458479627728522,0.0009990009990009,1.0,1.0,0.7504090909090904,0.8092727272727279,True,0.2103484848484857,4.587957067811936,0.0029480586527566,0.2495909090909096,0.190727272727272,True,S,V,different-party
1619,18698,60,1.0,0.8077666666666701,0.04577234240832,0.0009990009990009,,1.0,,0.8077666666666701,False,0.1922333333333299,4.199770499365738,0.0029480586527566,,0.1922333333333299,False,S,V,different-party
1619,18699,144,1.0,0.7365208333333332,0.0340146732919014,0.0009990009990009,1.0,1.0,0.6868000000000015,0.7835540540540561,True,0.2634791666666668,7.746044314628148,0.0029480586527566,0.3131999999999985,0.2164459459459439,True,S,V,different-party
1619,18700,40,1.0,0.7918749999999997,0.0582924298891535,0.0009990009990009,1.0,1.0,0.647875,0.827875,False,0.2081250000000003,3.570360686555047,0.0029480586527566,0.352125,0.1721249999999999,True,S,V,different-party
1619,18713,97,0.9072164948453608,0.6983505154639214,0.0456457825494201,0.0009990009990009,0.859375,1.0,0.675484375,0.7426969696969724,True,0.2088659793814394,4.575800166319921,0.0029480586527566,0.1838906249999999,0.2573030303030276,True,S,KF,different-party
1619,18715,54,1.0,0.8314259259259271,0.0462021844016954,0.0009990009990009,1.0,1.0,0.8085714285714257,0.8348297872340394,False,0.1685740740740728,3.648616970324172,0.0029480586527566,0.1914285714285742,0.1651702127659605,True,S,S,same-party
1619,18716,51,1.0,0.8197843137254889,0.0484858534310909,0.0009990009990009,1.0,1.0,0.8620000000000037,0.8141555555555547,False,0.1802156862745111,3.716871489756021,0.0029480586527566,0.1379999999999963,0.1858444444444452,True,S,S,same-party
1619,18717,123,1.0,0.7175040650406517,0.0380613799477209,0.0009990009990009,1.0,1.0,0.6903623188405829,0.7521851851851842,True,0.2824959349593483,7.422114893032503,0.0029480586527566,0.3096376811594171,0.2478148148148158,True,S,S,same-party
1619,18718,144,1.0,0.7370694444444444,0.0348830913636702,0.0009990009990009,1.0,1.0,0.6889857142857148,0.7825540540540568,True,0.2629305555555555,7.537478625801798,0.0029480586527566,0.3110142857142852,0.2174459459459432,True,S,S,same-party
1619,18719,102,1.0,0.7057647058823521,0.0436177006615811,0.0009990009990009,1.0,1.0,0.6883230769230817,0.7364054054054038,True,0.2942352941176479,6.745777279745817,0.0029480586527566,0.3116769230769183,0.2635945945945962,True,S,S,same-party
1619,18720,143,1.0,0.7385944055944045,0.0339671826389564,0.0009990009990009,1.0,1.0,0.6899571428571443,0.7852328767123258,True,0.2614055944055955,7.695827975611762,0.0029480586527566,0.3100428571428557,0.2147671232876742,True,S,S,same-party
1619,18725,109,0.8807339449541285,0.7106238532110093,0.0424877467729962,0.0009990009990009,0.8985507246376812,0.85,0.6913913043478281,0.7438000000000006,True,0.1701100917431192,4.003744718494586,0.0029480586527566,0.207159420289853,0.1061999999999994,True,S,RV,different-party
1619,18729,122,0.8524590163934426,0.7131557377049186,0.038619671795531,0.0009990009990009,0.875,0.8275862068965517,0.672625,0.7578793103448256,True,0.139303278688524,3.607054959608533,0.0029480586527566,0.2023749999999999,0.0697068965517261,True,S,RV,different-party
1619,19928,115,1.0,0.726539130434784,0.0412322297449072,0.0009990009990009,1.0,1.0,0.6704363636363653,0.7779666666666673,True,0.273460869565216,6.632211531053377,0.0029480586527566,0.3295636363636347,0.2220333333333327,True,S,S,same-party
1619,20349,72,1.0,0.6767083333333336,0.0554203096706714,0.0009990009990009,1.0,1.0,0.6721666666666652,0.6903333333333315,False,0.3232916666666664,5.833451104618302,0.0029480586527566,0.3278333333333347,0.3096666666666685,True,S,SP,different-party
1619,20362,137,1.0,0.7420729927007319,0.035847683069286,0.0009990009990009,1.0,1.0,0.6930000000000014,0.7904347826086958,True,0.2579270072992681,7.1950816682001175,0.0029480586527566,0.3069999999999986,0.2095652173913041,True,S,S,same-party
1619,20363,139,1.0,0.731489208633094,0.0349334096687341,0.0009990009990009,1.0,1.0,0.67096875,0.7831333333333346,True,0.268510791366906,7.686360819431463,0.0029480586527566,0.32903125,0.2168666666666654,True,S,S,same-party
1619,20364,133,1.0,0.7341203007518754,0.0361419288654075,0.0009990009990009,1.0,1.0,0.67228125,0.7914782608695645,True,0.2658796992481246,7.356544257453994,0.0029480586527566,0.3277187499999999,0.2085217391304354,True,S,S,same-party
1619,20365,119,1.0,0.7071512605042015,0.0389518095005393,0.0009990009990009,1.0,1.0,0.6875571428571431,0.7351428571428554,True,0.2928487394957985,7.518231970500452,0.0029480586527566,0.3124428571428569,0.2648571428571445,True,S,S,same-party
1619,20367,148,1.0,0.7379054054054051,0.0341409708527927,0.0009990009990009,1.0,1.0,0.6890428571428577,0.7817564102564076,True,0.2620945945945949,7.676834842356445,0.0029480586527566,0.3109571428571422,0.2182435897435923,True,S,S,same-party
1619,20368,115,1.0,0.7362782608695666,0.0392488919943107,0.0009990009990009,1.0,1.0,0.6889508196721302,0.7897407407407442,True,0.2637217391304334,6.719214880477657,0.0029480586527566,0.3110491803278697,0.2102592592592558,True,S,S,same-party
1619,20369,124,0.9435483870967742,0.7367983870967739,0.0370198213979049,0.0009990009990009,0.9818181818181818,0.9130434782608696,0.6929090909090917,0.7717826086956533,True,0.2067500000000003,5.584845960702031,0.0029480586527566,0.2889090909090901,0.1412608695652162,True,S,KF,different-party
1619,20371,128,1.0,0.7172421875,0.0369772756979086,0.0009990009990009,1.0,1.0,0.685657142857144,0.7553620689655155,True,0.2827578125,7.646799477874795,0.0029480586527566,0.314342857142856,0.2446379310344845,True,S,V,different-party
1619,20377,64,1.0,0.801421875,0.045470596471818,0.0009990009990009,1.0,1.0,0.7445333333333334,0.8188367346938877,False,0.198578125,4.367176602204364,0.0029480586527566,0.2554666666666666,0.1811632653061122,True,S,M,different-party
1619,20378,147,1.0,0.7406802721088402,0.0329092859609941,0.0009990009990009,1.0,1.0,0.6927826086956551,0.7830512820512797,True,0.2593197278911597,7.87983453054921,0.0029480586527566,0.3072173913043449,0.2169487179487202,True,S,M,different-party
1619,20384,79,1.0,0.6720253164556964,0.051331173138139,0.0009990009990009,1.0,1.0,0.6638499999999987,0.69784210526316,False,0.3279746835443036,6.389386088287515,0.0029480586527566,0.3361500000000013,0.3021578947368399,True,S,M,different-party
1619,20385,51,1.0,0.8186666666666651,0.0481112565730652,0.0009990009990009,1.0,1.0,0.8573333333333363,0.8135111111111095,False,0.1813333333333349,3.769041722241216,0.0029480586527566,0.1426666666666637,0.1864888888888904,True,S,M,different-party
1619,20386,95,0.9894736842105264,0.7122947368421072,0.0441445163389995,0.0009990009990009,1.0,0.975609756097561,0.6698888888888872,0.7681463414634117,True,0.2771789473684191,6.2788987252657895,0.0029480586527566,0.3301111111111128,0.2074634146341493,True,S,M,different-party
1619,20388,47,0.9361702127659576,0.8039361702127644,0.0505489083158879,0.0039960039960039,1.0,0.9032258064516128,0.713875,0.8504193548387035,False,0.132234042553193,2.615962380964631,0.0115747230371736,0.2861249999999999,0.0528064516129094,True,S,UFG,different-party
1619,20389,145,1.0,0.7360068965517274,0.0346811173749012,0.0009990009990009,1.0,1.0,0.6872428571428586,0.7815200000000018,True,0.2639931034482726,7.61201262907766,0.0029480586527566,0.3127571428571414,0.2184799999999982,True,S,M,different-party
1619,20415,148,1.0,0.7365743243243245,0.0333150880854958,0.0009990009990009,1.0,1.0,0.6865428571428588,0.781474358974357,True,0.2634256756756755,7.907098279303702,0.0029480586527566,0.3134571428571412,0.2185256410256429,True,S,M,different-party
1619,20496,120,1.0,0.7271750000000015,0.0385719955473176,0.0009990009990009,1.0,1.0,0.670454545454546,0.7751692307692248,True,0.2728249999999985,7.073136770051581,0.0029480586527566,0.329545454545454,0.2248307692307751,True,S,M,different-party
1619,20781,141,1.0,0.7292765957446782,0.0340258775894818,0.0009990009990009,1.0,1.0,0.6700625,0.7784935064935066,True,0.2707234042553218,7.956397407924856,0.0029480586527566,0.3299375,0.2215064935064934,True,S,S,same-party
1619,20925,138,0.927536231884058,0.7408405797101449,0.0361485920800449,0.0009990009990009,0.9,0.9558823529411764,0.6874000000000016,0.7958529411764665,True,0.186695652173913,5.164672852555556,0.0029480586527566,0.2125999999999984,0.1600294117647099,True,S,KF,different-party
1619,20930,74,1.0,0.8041081081081092,0.0424501853287951,0.0009990009990009,1.0,1.0,0.7498888888888917,0.8352553191489317,True,0.1958918918918908,4.614629839060132,0.0029480586527566,0.2501111111111083,0.1647446808510683,True,S,S,same-party
1619,21044,148,1.0,0.736364864864865,0.0337991172626559,0.0009990009990009,1.0,1.0,0.685700000000001,0.7818333333333317,True,0.263635135135135,7.80005977926591,0.0029480586527566,0.314299999999999,0.2181666666666682,True,S,S,same-party
1619,21143,108,1.0,0.7106759259259267,0.0429389065956612,0.0009990009990009,1.0,1.0,0.6731272727272731,0.7496415094339677,True,0.2893240740740733,6.738040090273473,0.0029480586527566,0.3268727272727268,0.2503584905660323,True,S,S,same-party
1619,21159,130,1.0,0.7383615384615408,0.0371644141468842,0.0009990009990009,1.0,1.0,0.6903529411764722,0.7910161290322547,True,0.2616384615384591,7.040026529259682,0.0029480586527566,0.3096470588235278,0.2089838709677453,True,S,M,different-party
1619,21168,116,1.0,0.7030948275862058,0.0392608394610175,0.0009990009990009,1.0,1.0,0.6842428571428576,0.7317826086956526,True,0.2969051724137942,7.562374531206708,0.0029480586527566,0.3157571428571424,0.2682173913043474,True,S,V,different-party
1845,11702,106,0.981132075471698,0.7228018867924537,0.0411274407942567,0.0009990009990009,0.9672131147540984,1.0,0.6916721311475386,0.7649999999999991,True,0.2583301886792444,6.281212341209399,0.0029480586527566,0.2755409836065597,0.2350000000000008,True,V,KF,different-party
1845,15762,94,1.0,0.7045212765957425,0.0438439353848772,0.0009990009990009,1.0,1.0,0.6829137931034536,0.7393333333333345,True,0.2954787234042575,6.739329414899536,0.0029480586527566,0.3170862068965464,0.2606666666666655,True,V,S,different-party
1845,15787,91,1.0,0.7135714285714274,0.045182987021971,0.0009990009990009,1.0,1.0,0.698,0.750481481481485,True,0.2864285714285726,6.339301367775698,0.0029480586527566,0.302,0.249518518518515,True,V,S,different-party
1845,15793,79,0.9873417721518988,0.6896962025316472,0.049440158612355,0.0009990009990009,0.979591836734694,1.0,0.6531632653061188,0.7493666666666666,True,0.2976455696202515,6.020319877086114,0.0029480586527566,0.326428571428575,0.2506333333333334,True,V,KF,different-party
1845,16351,110,1.0,0.7241727272727284,0.0402844794624975,0.0009990009990009,1.0,1.0,0.6938153846153884,0.7680222222222212,True,0.2758272727272716,6.8469861447272855,0.0029480586527566,0.3061846153846116,0.2319777777777788,True,V,S,different-party
1845,17141,89,0.9775280898876404,0.7047078651685412,0.047190581430192,0.0009990009990009,0.9642857142857144,1.0,0.6838214285714277,0.7401515151515184,True,0.2728202247190991,5.781243130531801,0.0029480586527566,0.2804642857142866,0.2598484848484815,True,V,KF,different-party
1845,18695,104,1.0,0.71473076923077,0.043510281818325,0.0009990009990009,1.0,1.0,0.6776779661016961,0.7633111111111105,True,0.28526923076923,6.556363665038009,0.0029480586527566,0.3223220338983039,0.2366888888888895,True,V,V,same-party
1845,18699,106,1.0,0.7216132075471704,0.0392856970117441,0.0009990009990009,1.0,1.0,0.6865322580645183,0.771045454545454,True,0.2783867924528296,7.086212378250736,0.0029480586527566,0.3134677419354816,0.2289545454545459,True,V,V,same-party
1845,18713,91,0.945054945054945,0.7052747252747233,0.0444803673254348,0.0009990009990009,0.913793103448276,1.0,0.6848793103448318,0.7411212121212154,True,0.2397802197802216,5.390697833628499,0.0029480586527566,0.228913793103444,0.2588787878787846,True,V,KF,different-party
1845,18717,104,1.0,0.7244230769230786,0.0423358579604002,0.0009990009990009,1.0,1.0,0.6993015873015815,0.7630243902438995,True,0.2755769230769214,6.509302901920351,0.0029480586527566,0.3006984126984184,0.2369756097561005,True,V,S,different-party
1845,18718,104,1.0,0.7181730769230767,0.0423418691625406,0.0009990009990009,1.0,1.0,0.6869999999999938,0.7660731707317048,True,0.2818269230769232,6.655986819926516,0.0029480586527566,0.3130000000000061,0.2339268292682952,True,V,S,different-party
1845,18719,92,1.0,0.7120869565217373,0.0457524436805541,0.0009990009990009,1.0,1.0,0.6972372881355942,0.738636363636368,True,0.2879130434782627,6.292845153550403,0.0029480586527566,0.3027627118644058,0.261363636363632,True,V,S,different-party
1845,18720,103,1.0,0.7189611650485451,0.040843552327112,0.0009990009990009,1.0,1.0,0.6885322580645175,0.7649756097560947,True,0.2810388349514549,6.880861701270312,0.0029480586527566,0.3114677419354825,0.2350243902439053,True,V,S,different-party
1845,18725,96,0.8958333333333334,0.7138333333333338,0.0439615754963112,0.0009990009990009,0.9166666666666666,0.8611111111111112,0.6956333333333324,0.7441666666666662,True,0.1819999999999996,4.139979014520778,0.0029480586527566,0.2210333333333342,0.1169444444444449,True,V,RV,different-party
1845,18729,101,0.8811881188118812,0.7169108910891089,0.0428201971208378,0.0009990009990009,0.864406779661017,0.9047619047619048,0.679949152542374,0.7688333333333355,True,0.1642772277227723,3.836442584773365,0.0029480586527566,0.184457627118643,0.1359285714285693,True,V,RV,different-party
1845,19928,95,1.0,0.7011684210526326,0.0441092049968208,0.0009990009990009,1.0,1.0,0.6767627118644081,0.7411666666666671,True,0.2988315789473674,6.774812172853836,0.0029480586527566,0.3232372881355919,0.2588333333333329,True,V,S,different-party
1845,20349,72,1.0,0.6807499999999999,0.0546935050694215,0.0009990009990009,1.0,1.0,0.6759814814814807,0.6950555555555517,False,0.3192500000000001,5.83707333429777,0.0029480586527566,0.3240185185185192,0.3049444444444483,True,V,SP,different-party
1845,20362,106,1.0,0.7234150943396218,0.0419813214736967,0.0009990009990009,1.0,1.0,0.69771875,0.7625714285714297,True,0.2765849056603782,6.588284883639781,0.0029480586527566,0.3022812499999999,0.2374285714285703,True,V,S,different-party
1845,20363,104,1.0,0.7152692307692313,0.0437559845485583,0.0009990009990009,1.0,1.0,0.6776610169491534,0.764577777777777,True,0.2847307692307687,6.507241744607243,0.0029480586527566,0.3223389830508466,0.2354222222222229,True,V,S,different-party
1845,20364,104,1.0,0.7153461538461556,0.0420075347546943,0.0009990009990009,1.0,1.0,0.6773050847457647,0.765222222222222,True,0.2846538461538443,6.776256874298819,0.0029480586527566,0.3226949152542353,0.2347777777777779,True,V,S,different-party
1845,20365,101,1.0,0.7106831683168312,0.042146456780663,0.0009990009990009,1.0,1.0,0.6950923076923126,0.7388333333333338,True,0.2893168316831688,6.864558821369501,0.0029480586527566,0.3049076923076874,0.2611666666666662,True,V,S,different-party
1845,20367,109,1.0,0.7252568807339446,0.0415716042095348,0.0009990009990009,1.0,1.0,0.696703125,0.7658666666666638,True,0.2747431192660554,6.608913090802514,0.0029480586527566,0.303296875,0.2341333333333362,True,V,S,different-party
1845,20368,95,1.0,0.7127789473684218,0.043282376460059,0.0009990009990009,1.0,1.0,0.694661538461543,0.7520333333333332,True,0.2872210526315781,6.635981573161204,0.0029480586527566,0.305338461538457,0.2479666666666667,True,V,S,different-party
1845,20369,91,0.978021978021978,0.7151978021978008,0.0447654943842592,0.0009990009990009,0.9655172413793104,1.0,0.7008103448275901,0.7404848484848506,True,0.2628241758241771,5.871133100153881,0.0029480586527566,0.2647068965517203,0.2595151515151493,True,V,KF,different-party
1845,20371,107,1.0,0.7232897196261673,0.0410658540761737,0.0009990009990009,1.0,1.0,0.6944615384615426,0.7679047619047652,True,0.2767102803738327,6.738208338746781,0.0029480586527566,0.3055384615384574,0.2320952380952348,True,V,V,same-party
1845,20378,108,1.0,0.7263888888888893,0.04127737211033,0.0009990009990009,1.0,1.0,0.7019999999999943,0.7605333333333321,True,0.2736111111111107,6.628598118595752,0.0029480586527566,0.2980000000000057,0.2394666666666679,True,V,M,different-party
1845,20384,73,1.0,0.675342465753423,0.056061966005671,0.0009990009990009,1.0,1.0,0.6692545454545465,0.6939444444444421,False,0.3246575342465769,5.791047966704123,0.0029480586527566,0.3307454545454534,0.3060555555555578,True,V,M,different-party
1845,20386,99,0.98989898989899,0.7147171717171742,0.0420027671704662,0.0009990009990009,1.0,0.9772727272727272,0.6709454545454554,0.7694318181818178,True,0.2751818181818157,6.551516405216911,0.0029480586527566,0.3290545454545446,0.2078409090909094,True,V,M,different-party
1845,20389,110,1.0,0.721590909090911,0.0403292800703569,0.0009990009990009,1.0,1.0,0.6919076923076968,0.7644666666666663,True,0.278409090909089,6.903398484262232,0.0029480586527566,0.3080923076923032,0.2355333333333337,True,V,M,different-party
1845,20415,106,1.0,0.7239905660377358,0.0405412587972265,0.0009990009990009,1.0,1.0,0.6922786885245893,0.7669777777777772,True,0.2760094339622642,6.808112085092587,0.0029480586527566,0.3077213114754107,0.2330222222222228,True,V,M,different-party
1845,20496,94,1.0,0.7025425531914881,0.0472767061351796,0.0009990009990009,1.0,1.0,0.6805172413793149,0.7380277777777783,True,0.2974574468085119,6.291839494020238,0.0029480586527566,0.3194827586206851,0.2619722222222217,True,V,M,different-party
1845,20781,102,1.0,0.7176470588235302,0.0413811623500927,0.0009990009990009,1.0,1.0,0.6797192982456159,0.7656888888888875,True,0.2823529411764698,6.823224026133166,0.0029480586527566,0.320280701754384,0.2343111111111124,True,V,S,different-party
1845,20925,110,0.9636363636363636,0.7230545454545465,0.0399006700247643,0.0009990009990009,0.9384615384615383,1.0,0.6927846153846197,0.7667777777777756,True,0.2405818181818171,6.029518252011811,0.0029480586527566,0.2456769230769188,0.2332222222222244,True,V,KF,different-party
1845,20930,49,1.0,0.7962244897959264,0.0531536030960282,0.0009990009990009,1.0,1.0,0.7761363636363657,0.8125925925925966,True,0.2037755102040735,3.8337101971418415,0.0029480586527566,0.2238636363636342,0.1874074074074033,True,V,S,different-party
1845,21044,110,1.0,0.7229545454545466,0.0402193859222202,0.0009990009990009,1.0,1.0,0.6935692307692342,0.765399999999999,True,0.2770454545454534,6.888356154448204,0.0029480586527566,0.3064307692307658,0.234600000000001,True,V,S,different-party
1845,21143,100,1.0,0.7122400000000018,0.0444269755458614,0.0009990009990009,1.0,1.0,0.6740892857142865,0.760795454545454,True,0.2877599999999982,6.477145843586568,0.0029480586527566,0.3259107142857135,0.2392045454545459,True,V,S,different-party
1845,21159,102,1.0,0.7195392156862745,0.0428394854690142,0.0009990009990009,1.0,1.0,0.6968888888888835,0.7561282051282013,True,0.2804607843137254,6.546782279086484,0.0029480586527566,0.3031111111111165,0.2438717948717986,True,V,M,different-party
1845,21168,101,1.0,0.7088712871287128,0.0419020086050176,0.0009990009990009,1.0,1.0,0.6911076923076959,0.7409444444444441,True,0.2911287128712871,6.947846238483793,0.0029480586527566,0.3088923076923041,0.2590555555555559,True,V,V,same-party
11702,15762,103,0.9611650485436892,0.7091553398058268,0.0433678617216096,0.0009990009990009,0.9649122807017544,0.9565217391304348,0.688894736842107,0.7342608695652181,True,0.2520097087378625,5.810978423505928,0.0029480586527566,0.2760175438596474,0.2222608695652167,True,KF,S,different-party
11702,15787,103,0.9514563106796116,0.7109223300970893,0.0433234815527165,0.0009990009990009,0.9833333333333332,0.9069767441860463,0.6947499999999991,0.7334883720930201,True,0.2405339805825224,5.5520464182879135,0.0029480586527566,0.2885833333333342,0.1734883720930263,True,KF,S,different-party
11702,15793,88,1.0,0.6936136363636372,0.0480406761358087,0.0009990009990009,1.0,1.0,0.6535714285714239,0.7439230769230729,True,0.3063863636363628,6.377644701965126,0.0029480586527566,0.3464285714285761,0.2560769230769271,True,KF,KF,same-party
11702,16351,122,0.9508196721311476,0.7184754098360656,0.0377703615213615,0.0009990009990009,0.9672131147540984,0.9344262295081968,0.688868852459015,0.7480819672131146,True,0.2323442622950818,6.151496912828765,0.0029480586527566,0.2783442622950833,0.1863442622950821,True,KF,S,different-party
11702,17141,88,1.0,0.7025113636363632,0.0458551131854109,0.0009990009990009,1.0,1.0,0.6743461538461534,0.743194444444444,True,0.2974886363636367,6.487578280763775,0.0029480586527566,0.3256538461538466,0.2568055555555559,True,KF,KF,same-party
11702,18695,119,0.9495798319327732,0.7131596638655472,0.0391742460098537,0.0009990009990009,0.9818181818181818,0.921875,0.6711454545454552,0.749265625,True,0.2364201680672258,6.035091728574884,0.0029480586527566,0.3106727272727266,0.1726093749999999,True,KF,V,different-party
11702,18699,121,0.950413223140496,0.7197272727272722,0.0375502077888769,0.0009990009990009,0.9672131147540984,0.9333333333333332,0.6892786885245892,0.750683333333334,True,0.2306859504132237,6.1434001034091965,0.0029480586527566,0.2779344262295091,0.1826499999999993,True,KF,V,different-party
11702,18713,88,0.9772727272727272,0.7012727272727276,0.0476875736769346,0.0009990009990009,0.9636363636363636,1.0,0.6777636363636375,0.7404545454545483,True,0.2759999999999997,5.78767126777713,0.0029480586527566,0.2858727272727261,0.2595454545454517,True,KF,KF,same-party
11702,18717,116,0.956896551724138,0.7178103448275859,0.0393996000972852,0.0009990009990009,0.9833333333333332,0.9285714285714286,0.6917999999999989,0.7456785714285719,True,0.239086206896552,6.068239431522201,0.0029480586527566,0.2915333333333344,0.1828928571428567,True,KF,S,different-party
11702,18718,120,0.9416666666666668,0.7199000000000011,0.037909019512824,0.0009990009990009,0.9672131147540984,0.9152542372881356,0.69111475409836,0.7496610169491527,True,0.2217666666666655,5.849971049545225,0.0029480586527566,0.2760983606557383,0.1655932203389829,True,KF,S,different-party
11702,18719,99,0.9595959595959596,0.7067777777777801,0.0439911759502297,0.0009990009990009,0.9642857142857144,0.9534883720930232,0.6877499999999995,0.7315581395348814,True,0.2528181818181795,5.747020313896813,0.0029480586527566,0.2765357142857148,0.2219302325581419,True,KF,S,different-party
11702,18720,114,0.9473684210526316,0.7224035087719304,0.0393397306063799,0.0009990009990009,0.9672131147540984,0.9245283018867924,0.6912131147540974,0.7583018867924599,True,0.2249649122807011,5.71851684831358,0.0029480586527566,0.2760000000000009,0.1662264150943325,True,KF,S,different-party
11702,18725,106,0.9056603773584906,0.7122075471698116,0.0411746934018569,0.0009990009990009,0.9333333333333332,0.8695652173913043,0.6940666666666648,0.7358695652173913,True,0.1934528301886789,4.698342943336993,0.0029480586527566,0.2392666666666685,0.133695652173913,True,KF,RV,different-party
11702,18729,116,0.8793103448275862,0.7163103448275857,0.0402423980895371,0.0009990009990009,0.9272727272727272,0.8360655737704918,0.6760363636363647,0.7526229508196707,True,0.1630000000000004,4.050454439552394,0.0029480586527566,0.2512363636363626,0.0834426229508211,True,KF,RV,different-party
11702,19928,101,0.9702970297029704,0.6997722772277223,0.0429838899412884,0.0009990009990009,0.9818181818181818,0.9565217391304348,0.6718000000000012,0.7332173913043476,True,0.270524752475248,6.293631238232671,0.0029480586527566,0.3100181818181806,0.2233043478260872,True,KF,S,different-party
11702,20349,72,1.0,0.6789166666666672,0.0541333003843689,0.0009990009990009,1.0,1.0,0.6732037037037041,0.6960555555555532,False,0.3210833333333328,5.931345974723649,0.0029480586527566,0.3267962962962959,0.3039444444444468,True,KF,SP,different-party
11702,20357,43,0.9534883720930232,0.7816976744186078,0.0560703608624273,0.0019980019980019,1.0,0.935483870967742,0.8334999999999992,0.7616451612903191,False,0.1717906976744154,3.0638414847358715,0.005829605033321,0.1665000000000007,0.1738387096774227,True,KF,KF,same-party
11702,20362,113,0.9646017699115044,0.7209469026548713,0.0415693550037115,0.0009990009990009,0.9672131147540984,0.9615384615384616,0.6932459016393426,0.7534423076923088,True,0.2436548672566331,5.861406010145651,0.0029480586527566,0.2739672131147557,0.2080961538461527,True,KF,S,different-party
11702,20363,116,0.956896551724138,0.7132068965517245,0.0403187084348849,0.0009990009990009,0.9818181818181818,0.9344262295081968,0.6739999999999998,0.7485573770491781,True,0.2436896551724133,6.0440838665746055,0.0029480586527566,0.307818181818182,0.1858688524590186,True,KF,S,different-party
11702,20364,110,0.9727272727272728,0.7158636363636381,0.0416706746142377,0.0009990009990009,0.9818181818181818,0.9636363636363636,0.6733272727272739,0.7584000000000019,True,0.2568636363636346,6.1641343400730815,0.0029480586527566,0.3084909090909079,0.2052363636363617,True,KF,S,different-party
11702,20365,116,0.9396551724137931,0.7113448275862069,0.0413314474721972,0.0009990009990009,0.9672131147540984,0.9090909090909092,0.691885245901638,0.7329272727272759,True,0.2283103448275862,5.523889406030735,0.0029480586527566,0.2753278688524603,0.1761636363636332,True,KF,S,different-party
11702,20367,124,0.9435483870967742,0.7245887096774203,0.0391305603166732,0.0009990009990009,0.9672131147540984,0.9206349206349206,0.6933606557377039,0.7548253968253958,True,0.2189596774193539,5.595618249454425,0.0029480586527566,0.2738524590163944,0.1658095238095247,True,KF,S,different-party
11702,20368,101,0.9603960396039604,0.709683168316831,0.0442345792098462,0.0009990009990009,0.9672131147540984,0.95,0.6894918032786869,0.7404750000000011,True,0.2507128712871294,5.667802786091,0.0029480586527566,0.2777213114754114,0.2095249999999988,True,KF,S,different-party
11702,20369,107,0.9813084112149532,0.712570093457943,0.0408766127201521,0.0009990009990009,1.0,0.9615384615384616,0.693400000000001,0.7328461538461544,True,0.2687383177570103,6.5743783516710605,0.0029480586527566,0.306599999999999,0.2286923076923072,True,KF,KF,same-party
11702,20371,122,0.9426229508196722,0.7201885245901634,0.0393316717015178,0.0009990009990009,0.9672131147540984,0.918032786885246,0.6901147540983609,0.7502622950819652,True,0.2224344262295088,5.65535144088282,0.0029480586527566,0.2770983606557374,0.1677704918032807,True,KF,V,different-party
11702,20377,43,0.9302325581395348,0.7949534883720986,0.0563414049382518,0.0089910089910089,0.8333333333333334,0.945945945945946,0.8586666666666697,0.7846216216216196,False,0.1352790697674363,2.401059574494058,0.0258051348129677,-0.0253333333333363,0.1613243243243263,False,KF,M,different-party
11702,20378,124,0.9516129032258064,0.7233709677419365,0.0376679491010035,0.0009990009990009,0.9833333333333332,0.921875,0.694016666666664,0.750890625,True,0.2282419354838699,6.059314110037099,0.0029480586527566,0.2893166666666693,0.1709843749999999,True,KF,M,different-party
11702,20384,73,0.9863013698630136,0.6711917808219162,0.054844189851348,0.0009990009990009,0.9803921568627452,1.0,0.6644901960784295,0.6867272727272712,True,0.3151095890410974,5.745541868613312,0.0029480586527566,0.3159019607843155,0.3132727272727288,True,KF,M,different-party
11702,20386,98,0.9897959183673468,0.7170612244897917,0.0429975491245528,0.0009990009990009,1.0,0.9772727272727272,0.6750555555555546,0.7686136363636361,True,0.2727346938775552,6.343028833748474,0.0029480586527566,0.3249444444444453,0.2086590909090911,True,KF,M,different-party
11702,20389,122,0.9508196721311476,0.7205409836065574,0.0388490242201292,0.0009990009990009,0.9672131147540984,0.9344262295081968,0.6922786885245886,0.7488032786885229,True,0.2302786885245901,5.927528249352366,0.0029480586527566,0.2749344262295097,0.1856229508196738,True,KF,M,different-party
11702,20415,125,0.944,0.7233199999999993,0.0376552189678544,0.0009990009990009,0.9672131147540984,0.921875,0.6923934426229497,0.752796875,True,0.2206800000000006,5.860542205009908,0.0029480586527566,0.2748196721311486,0.1690781249999999,True,KF,M,different-party
11702,20496,103,0.9514563106796116,0.7061067961165055,0.0427415426752034,0.0009990009990009,0.9818181818181818,0.9166666666666666,0.6748545454545462,0.7419166666666662,True,0.2453495145631061,5.740305548340589,0.0029480586527566,0.3069636363636356,0.1747500000000004,True,KF,M,different-party
11702,20781,118,0.9491525423728814,0.7122881355932212,0.0405066540495359,0.0009990009990009,0.9818181818181818,0.9206349206349206,0.6734363636363647,0.7462063492063462,True,0.2368644067796601,5.847543134271142,0.0029480586527566,0.3083818181818171,0.1744285714285743,True,KF,S,different-party
11702,20925,116,1.0,0.7215258620689652,0.0404430724306216,0.0009990009990009,1.0,1.0,0.6892459016393437,0.757327272727274,True,0.2784741379310348,6.885583146748926,0.0029480586527566,0.3107540983606562,0.242672727272726,True,KF,KF,same-party
11702,20930,48,0.9583333333333334,0.8035416666666663,0.0541179582595731,0.0019980019980019,0.9444444444444444,0.9666666666666668,0.7911111111111149,0.8109999999999975,False,0.1547916666666671,2.860264349298237,0.005829605033321,0.1533333333333295,0.1556666666666691,True,KF,S,different-party
11702,21044,125,0.944,0.7206319999999992,0.0387882598875938,0.0009990009990009,0.9672131147540984,0.921875,0.6887540983606549,0.751015625,True,0.2233680000000008,5.758649669959628,0.0029480586527566,0.2784590163934434,0.170859375,True,KF,S,different-party
11702,21143,114,0.956140350877193,0.709473684210526,0.041425341684308,0.0009990009990009,0.9818181818181818,0.9322033898305084,0.6732363636363643,0.7432542372881347,True,0.2466666666666669,5.954487196423168,0.0029480586527566,0.3085818181818175,0.1889491525423737,True,KF,S,different-party
11702,21159,101,0.9801980198019802,0.7210891089108911,0.0433480999091736,0.0009990009990009,0.9830508474576272,0.9761904761904762,0.6934067796610166,0.7599761904761912,True,0.2591089108910891,5.977399503876636,0.0029480586527566,0.2896440677966105,0.2162142857142849,True,KF,M,different-party
11702,21168,113,0.9469026548672568,0.7054778761061994,0.0418879046688842,0.0009990009990009,0.9672131147540984,0.9230769230769232,0.6878688524590145,0.7261346153846158,True,0.2414247787610572,5.7635916780625145,0.0029480586527566,0.2793442622950838,0.1969423076923073,True,KF,V,different-party
15760,15776,63,1.0,0.7801587301587337,0.0473441706595059,0.0009990009990009,1.0,1.0,0.7976499999999999,0.7720232558139543,True,0.2198412698412662,4.643470711998329,0.0029480586527566,0.2023500000000001,0.2279767441860457,True,S,S,same-party
15760,15787,45,1.0,0.7761111111111093,0.0583233357073823,0.0009990009990009,1.0,1.0,0.8006000000000006,0.7565199999999984,True,0.2238888888888907,3.838753153834989,0.0029480586527566,0.1993999999999993,0.2434800000000015,True,S,S,same-party
15760,16180,40,1.0,0.7542750000000005,0.0639643714564151,0.0009990009990009,1.0,1.0,0.7357692307692292,0.7631851851851893,False,0.2457249999999995,3.841591723721304,0.0029480586527566,0.2642307692307708,0.2368148148148107,True,S,S,same-party
15760,16351,61,1.0,0.7760655737704915,0.0483122433007446,0.0009990009990009,1.0,1.0,0.7837619047619088,0.7720250000000005,True,0.2239344262295085,4.6351485861567765,0.0029480586527566,0.2162380952380912,0.2279749999999994,True,S,S,same-party
15760,18695,58,1.0,0.7671206896551703,0.0502918339994473,0.0009990009990009,1.0,1.0,0.7526000000000004,0.7721860465116299,False,0.2328793103448296,4.630559115171438,0.0029480586527566,0.2473999999999996,0.22781395348837,True,S,V,different-party
15760,18698,43,1.0,0.7724651162790718,0.0571894056504251,0.0009990009990009,,1.0,,0.7724651162790718,False,0.2275348837209282,3.978619486129189,0.0029480586527566,,0.2275348837209282,False,S,V,different-party
15760,18699,58,1.0,0.7755344827586166,0.0521984141198995,0.0009990009990009,1.0,1.0,0.7810000000000046,0.7730750000000004,False,0.2244655172413834,4.300236339092357,0.0029480586527566,0.2189999999999954,0.2269249999999996,True,S,V,different-party
15760,18715,48,1.0,0.8031458333333334,0.0526460632859492,0.0009990009990009,1.0,1.0,0.7850476190476218,0.817222222222228,True,0.1968541666666665,3.739200129693366,0.0029480586527566,0.2149523809523782,0.182777777777772,True,S,S,same-party
15760,18716,48,1.0,0.7766666666666664,0.0541761304327322,0.0009990009990009,1.0,1.0,0.8001500000000015,0.7598928571428576,True,0.2233333333333336,4.122356682720916,0.0029480586527566,0.1998499999999985,0.2401071428571424,True,S,S,same-party
15760,18717,57,1.0,0.7848947368421093,0.0492628447650685,0.0009990009990009,1.0,1.0,0.8152631578947434,0.7697105263157894,False,0.2151052631578907,4.36648074596005,0.0029480586527566,0.1847368421052566,0.2302894736842106,True,S,S,same-party
15760,18718,58,1.0,0.777086206896547,0.0493602206020297,0.0009990009990009,1.0,1.0,0.7746315789473731,0.778282051282048,False,0.222913793103453,4.516061524536349,0.0029480586527566,0.2253684210526269,0.221717948717952,True,S,S,same-party
15760,18720,53,1.0,0.787358490566044,0.049374687016916,0.0009990009990009,1.0,1.0,0.7792222222222268,0.7915428571428531,False,0.212641509433956,4.306690781879868,0.0029480586527566,0.2207777777777732,0.2084571428571469,True,S,S,same-party
15760,19928,40,1.0,0.7583999999999986,0.064390108604413,0.0009990009990009,1.0,1.0,0.7507333333333328,0.7629999999999977,False,0.2416000000000013,3.752129096167465,0.0029480586527566,0.2492666666666672,0.2370000000000023,True,S,S,same-party
15760,20362,54,1.0,0.7942592592592612,0.0531456836960287,0.0009990009990009,1.0,1.0,0.8014999999999997,0.7900000000000009,True,0.2057407407407387,3.871259647678832,0.0029480586527566,0.1985000000000003,0.209999999999999,True,S,S,same-party
15760,20363,55,1.0,0.7674545454545459,0.0524324554595904,0.0009990009990009,1.0,1.0,0.7519333333333326,0.7732749999999996,False,0.232545454545454,4.43514331928773,0.0029480586527566,0.2480666666666674,0.2267250000000004,True,S,S,same-party
15760,20364,49,1.0,0.7795306122449043,0.0541691099849502,0.0009990009990009,1.0,1.0,0.7557333333333328,0.790029411764706,False,0.2204693877550957,4.070020493531253,0.0029480586527566,0.2442666666666672,0.209970588235294,True,S,S,same-party
15760,20365,55,1.0,0.764690909090912,0.0542279593997838,0.0009990009990009,1.0,1.0,0.785476190476195,0.7518529411764705,True,0.235309090909088,4.3392577097419975,0.0029480586527566,0.214523809523805,0.2481470588235295,True,S,S,same-party
15760,20367,62,1.0,0.7835645161290318,0.0472611609274765,0.0009990009990009,1.0,1.0,0.7982000000000005,0.7765952380952407,True,0.2164354838709682,4.579563422132056,0.0029480586527566,0.2017999999999995,0.2234047619047593,True,S,S,same-party
15760,20368,40,1.0,0.7837500000000008,0.0601003290302787,0.0009990009990009,1.0,1.0,0.7840476190476247,0.7834210526315835,False,0.2162499999999991,3.598150018297765,0.0029480586527566,0.2159523809523753,0.2165789473684165,True,S,S,same-party
15760,20371,64,1.0,0.777765625,0.0492055740999627,0.0009990009990009,1.0,1.0,0.7856190476190527,0.7739302325581404,True,0.2222343749999999,4.51644715187193,0.0029480586527566,0.2143809523809473,0.2260697674418595,True,S,V,different-party
15760,20377,54,1.0,0.7882962962962984,0.0523958938451251,0.0009990009990009,1.0,1.0,0.7917999999999993,0.7862352941176478,True,0.2117037037037016,4.04046363498384,0.0029480586527566,0.2082000000000007,0.2137647058823522,True,S,M,different-party
15760,20378,62,1.0,0.786983870967741,0.0473401955192708,0.0009990009990009,1.0,1.0,0.818157894736847,0.7732093023255843,False,0.2130161290322589,4.499688408459283,0.0029480586527566,0.181842105263153,0.2267906976744157,True,S,M,different-party
15760,20385,45,1.0,0.77911111111111,0.0564411672314435,0.0009990009990009,1.0,1.0,0.8014117647058847,0.7655714285714283,False,0.22088888888889,3.913613054512309,0.0029480586527566,0.1985882352941153,0.2344285714285716,True,S,M,different-party
15760,20389,51,1.0,0.7728823529411747,0.0528334829529907,0.0009990009990009,1.0,1.0,0.7752727272727344,0.7722249999999995,False,0.2271176470588253,4.298744552974219,0.0029480586527566,0.2247272727272655,0.2277750000000005,True,S,M,different-party
15760,20415,60,1.0,0.7801000000000011,0.0492530233056371,0.0009990009990009,1.0,1.0,0.7945294117647068,0.7743953488372112,False,0.2198999999999988,4.464700545089805,0.0029480586527566,0.2054705882352931,0.2256046511627888,True,S,M,different-party
15760,20496,41,1.0,0.7722439024390217,0.0603276492748577,0.0009990009990009,1.0,1.0,0.773785714285716,0.7714444444444483,False,0.2277560975609782,3.775318619217249,0.0029480586527566,0.226214285714284,0.2285555555555517,True,S,M,different-party
15760,20781,55,1.0,0.7710363636363656,0.0531951371383829,0.0009990009990009,1.0,1.0,0.7759230769230724,0.769523809523812,False,0.2289636363636343,4.304221187887971,0.0029480586527566,0.2240769230769276,0.2304761904761879,True,S,S,same-party
15760,21044,64,1.0,0.777859375,0.0497357348498581,0.0009990009990009,1.0,1.0,0.7855714285714328,0.7740930232558166,True,0.2221406249999999,4.466418877103082,0.0029480586527566,0.2144285714285672,0.2259069767441833,True,S,S,same-party
15760,21143,50,1.0,0.7592999999999992,0.0565535879348799,0.0009990009990009,1.0,1.0,0.7424999999999993,0.764605263157895,False,0.2407000000000008,4.256140216552857,0.0029480586527566,0.2575000000000007,0.235394736842105,True,S,S,same-party
15760,21159,44,1.0,0.8014318181818195,0.0539046471055352,0.0009990009990009,1.0,1.0,0.7968499999999997,0.8052499999999999,True,0.1985681818181804,3.683693196792868,0.0029480586527566,0.2031500000000002,0.1947500000000001,True,S,M,different-party
15760,21168,42,1.0,0.7545000000000004,0.0618545035363162,0.0009990009990009,1.0,1.0,0.7844545454545512,0.7438709677419321,False,0.2454999999999996,3.9689915198472265,0.0029480586527566,0.2155454545454488,0.2561290322580679,True,S,V,different-party
15762,15776,44,1.0,0.7477045454545448,0.0610175721836506,0.0009990009990009,1.0,1.0,0.727375,0.7593214285714285,False,0.2522954545454552,4.134799952153072,0.0029480586527566,0.272625,0.2406785714285715,True,S,S,same-party
15762,15787,110,1.0,0.7154000000000011,0.0392270177838156,0.0009990009990009,1.0,1.0,0.6790307692307729,0.767933333333332,True,0.2845999999999988,7.255203583623414,0.0029480586527566,0.3209692307692271,0.2320666666666679,True,S,S,same-party
15762,15793,79,0.9240506329113924,0.6696075949367086,0.0518857665191645,0.0009990009990009,0.896551724137931,1.0,0.656913793103454,0.7046666666666643,True,0.2544430379746838,4.9039082400508205,0.0029480586527566,0.239637931034477,0.2953333333333356,True,S,KF,different-party
15762,16180,44,1.0,0.764068181818182,0.0569004273244182,0.0009990009990009,1.0,1.0,0.6393636363636375,0.805636363636369,False,0.2359318181818179,4.146398002191633,0.0029480586527566,0.3606363636363625,0.1943636363636309,True,S,S,same-party
15762,16351,130,1.0,0.7251153846153907,0.0373979173954561,0.0009990009990009,1.0,1.0,0.680432835820895,0.7726349206349226,True,0.2748846153846093,7.350265323009875,0.0029480586527566,0.319567164179105,0.2273650793650774,True,S,S,same-party
15762,17141,85,0.976470588235294,0.7003529411764696,0.0473451514167466,0.0009990009990009,0.979591836734694,0.9722222222222222,0.6652857142857095,0.7480833333333334,True,0.2761176470588244,5.832015291879659,0.0029480586527566,0.3143061224489843,0.2241388888888887,True,S,KF,different-party
15762,18695,118,1.0,0.7247796610169498,0.0373543834202095,0.0009990009990009,1.0,1.0,0.6639999999999986,0.7726666666666662,True,0.2752203389830502,7.367819082623377,0.0029480586527566,0.3360000000000014,0.2273333333333338,True,S,V,different-party
15762,18696,50,1.0,0.7841199999999995,0.0514360891910612,0.0009990009990009,1.0,1.0,0.7586666666666679,0.7984375,False,0.2158800000000005,4.197053146830554,0.0029480586527566,0.241333333333332,0.2015624999999999,True,S,V,different-party
15762,18698,48,1.0,0.8012083333333335,0.0539214599513794,0.0009990009990009,,1.0,,0.8012083333333335,False,0.1987916666666664,3.686689248509136,0.0029480586527566,,0.1987916666666664,False,S,V,different-party
15762,18699,129,1.0,0.7246666666666646,0.0372260433405685,0.0009990009990009,1.0,1.0,0.6803134328358221,0.7725967741935468,True,0.2753333333333354,7.39625564861685,0.0029480586527566,0.3196865671641778,0.2274032258064532,True,S,V,different-party
15762,18700,41,1.0,0.7728780487804853,0.0597967341502291,0.0009990009990009,1.0,1.0,0.641625,0.8046969696969744,False,0.2271219512195147,3.7982333725602726,0.0029480586527566,0.358375,0.1953030303030256,True,S,V,different-party
15762,18713,97,0.9072164948453608,0.6974536082474269,0.0429637971895383,0.0009990009990009,0.859375,1.0,0.67421875,0.7425151515151555,True,0.2097628865979339,4.88231721401504,0.0029480586527566,0.18515625,0.2574848484848445,True,S,KF,different-party
15762,18715,49,1.0,0.8167142857142963,0.0514714754628823,0.0009990009990009,1.0,1.0,0.767125,0.8263902439024361,False,0.1832857142857037,3.560918210278946,0.0029480586527566,0.232875,0.1736097560975639,True,S,S,same-party
15762,18716,40,1.0,0.806000000000001,0.0551660520002081,0.0009990009990009,1.0,1.0,0.8091428571428535,0.8053333333333383,False,0.1939999999999989,3.5166554967404062,0.0029480586527566,0.1908571428571465,0.1946666666666616,True,S,S,same-party
15762,18717,104,1.0,0.7019807692307686,0.0427790155495476,0.0009990009990009,1.0,1.0,0.6854153846153886,0.7295897435897397,True,0.2980192307692314,6.966481742060159,0.0029480586527566,0.3145846153846113,0.2704102564102603,True,S,S,same-party
15762,18718,128,1.0,0.7272734375,0.0371659522248812,0.0009990009990009,1.0,1.0,0.6829104477611954,0.775999999999999,True,0.2727265625,7.338075474289057,0.0029480586527566,0.3170895522388046,0.2240000000000009,True,S,S,same-party
15762,18719,104,1.0,0.7024903846153855,0.0445213676571416,0.0009990009990009,1.0,1.0,0.6836721311475402,0.7291860465116243,True,0.2975096153846145,6.682400632337513,0.0029480586527566,0.3163278688524598,0.2708139534883756,True,S,S,same-party
15762,18720,123,1.0,0.730853658536587,0.0368091381241804,0.0009990009990009,1.0,1.0,0.6832537313432849,0.7878035714285715,True,0.269146341463413,7.311943587361714,0.0029480586527566,0.316746268656715,0.2121964285714285,True,S,S,same-party
15762,18725,111,0.8648648648648649,0.7070450450450452,0.0404160268078819,0.0009990009990009,0.8923076923076924,0.8260869565217391,0.6873538461538505,0.7348695652173922,True,0.1578198198198197,3.904882104567532,0.0029480586527566,0.2049538461538418,0.0912173913043469,True,S,RV,different-party
15762,18729,108,0.8518518518518519,0.6967870370370384,0.0423847029478243,0.0009990009990009,0.8615384615384616,0.8372093023255814,0.6712923076923112,0.7353255813953465,True,0.1550648148148135,3.65850894379745,0.0029480586527566,0.1902461538461504,0.1018837209302349,True,S,RV,different-party
15762,19928,118,1.0,0.7254915254237299,0.0371410267856693,0.0009990009990009,1.0,1.0,0.6635576923076918,0.7742878787878791,True,0.2745084745762701,7.390976995880679,0.0029480586527566,0.3364423076923082,0.2257121212121209,True,S,S,same-party
15762,20349,68,1.0,0.6759411764705899,0.0563743807448663,0.0009990009990009,1.0,1.0,0.6674800000000018,0.6994444444444422,False,0.32405882352941,5.748334957256631,0.0029480586527566,0.3325199999999981,0.3005555555555578,True,S,SP,different-party
15762,20362,127,1.0,0.7308661417322787,0.0372766350928847,0.0009990009990009,1.0,1.0,0.6900625,0.7723174603174621,True,0.2691338582677213,7.219907526446583,0.0029480586527566,0.3099375,0.2276825396825379,True,S,S,same-party
15762,20363,124,1.0,0.7183225806451613,0.0395941633401978,0.0009990009990009,1.0,1.0,0.6649344262295075,0.7700158730158742,True,0.2816774193548387,7.114114697528328,0.0029480586527566,0.3350655737704925,0.2299841269841258,True,S,S,same-party
15762,20364,127,1.0,0.7213543307086563,0.0384581884567532,0.0009990009990009,1.0,1.0,0.6640163934426215,0.7743484848484845,True,0.2786456692913437,7.245418478425842,0.0029480586527566,0.3359836065573784,0.2256515151515155,True,S,S,same-party
15762,20365,113,1.0,0.7042123893805359,0.0416666569066361,0.0009990009990009,1.0,1.0,0.6843582089552245,0.7331304347826083,True,0.2957876106194641,7.098904317719683,0.0029480586527566,0.3156417910447755,0.2668695652173917,True,S,S,same-party
15762,20367,131,1.0,0.7298244274809141,0.0356418674612444,0.0009990009990009,1.0,1.0,0.6839090909090901,0.7764461538461479,True,0.2701755725190858,7.580286661827251,0.0029480586527566,0.3160909090909098,0.2235538461538521,True,S,S,same-party
15762,20368,109,1.0,0.7207247706422018,0.0421835427655341,0.0009990009990009,1.0,1.0,0.679655172413798,0.767431372549019,True,0.2792752293577982,6.620478296715728,0.0029480586527566,0.320344827586202,0.2325686274509809,True,S,S,same-party
15762,20369,114,0.956140350877193,0.7372982456140358,0.0396853620326168,0.0009990009990009,0.9803921568627452,0.9365079365079364,0.6900980392156841,0.7755079365079388,True,0.2188421052631571,5.514428848684657,0.0029480586527566,0.2902941176470609,0.1609999999999977,True,S,KF,different-party
15762,20371,110,1.0,0.7008000000000009,0.0423659519206829,0.0009990009990009,1.0,1.0,0.6797462686567172,0.7336046511627885,True,0.2991999999999991,7.062274926812875,0.0029480586527566,0.3202537313432828,0.2663953488372115,True,S,V,different-party
15762,20377,62,1.0,0.7769516129032247,0.0469968262518391,0.0009990009990009,1.0,1.0,0.7340625,0.7918695652173905,False,0.2230483870967753,4.746030846881856,0.0029480586527566,0.2659375,0.2081304347826095,True,S,M,different-party
15762,20378,131,1.0,0.7311297709923652,0.0362183190559131,0.0009990009990009,1.0,1.0,0.6905692307692349,0.7710757575757571,True,0.2688702290076348,7.423597671458965,0.0029480586527566,0.309430769230765,0.2289242424242429,True,S,M,different-party
15762,20384,83,1.0,0.6684819277108406,0.0499163313730612,0.0009990009990009,1.0,1.0,0.6614754098360633,0.6879090909090897,True,0.3315180722891594,6.641475107845611,0.0029480586527566,0.3385245901639366,0.3120909090909103,True,S,M,different-party
15762,20385,40,1.0,0.8071749999999993,0.0565450414865468,0.0019980019980019,1.0,1.0,0.8098571428571393,0.8066060606060662,False,0.1928250000000007,3.4101133349752257,0.005829605033321,0.1901428571428607,0.1933939393939338,True,S,M,different-party
15762,20386,86,0.9883720930232558,0.695686046511623,0.0486531224125293,0.0009990009990009,1.0,0.9714285714285714,0.6629019607843121,0.743457142857139,True,0.2926860465116327,6.01577107487472,0.0029480586527566,0.3370980392156879,0.2279714285714323,True,S,M,different-party
15762,20389,130,1.0,0.725707692307697,0.0372362269270043,0.0009990009990009,1.0,1.0,0.684537313432836,0.769492063492066,True,0.2742923076923029,7.366275542095304,0.0029480586527566,0.315462686567164,0.230507936507934,True,S,M,different-party
15762,20415,132,1.0,0.7288636363636404,0.0363580590205271,0.0009990009990009,1.0,1.0,0.6826818181818168,0.7750454545454547,True,0.2711363636363596,7.457393792206589,0.0029480586527566,0.3173181818181831,0.2249545454545453,True,S,M,different-party
15762,20496,110,1.0,0.7294636363636372,0.0400994377398677,0.0009990009990009,1.0,1.0,0.6649019607843135,0.7852711864406795,True,0.2705363636363628,6.746637331709755,0.0029480586527566,0.3350980392156865,0.2147288135593205,True,S,M,different-party
15762,20781,125,1.0,0.7204799999999985,0.0385493924162217,0.0009990009990009,1.0,1.0,0.6679999999999994,0.7689230769230733,True,0.2795200000000015,7.250957342777173,0.0029480586527566,0.3320000000000006,0.2310769230769267,True,S,S,same-party
15762,20925,132,0.9166666666666666,0.7288636363636394,0.0367306349465704,0.0009990009990009,0.8805970149253731,0.953846153846154,0.6811940298507478,0.7779999999999918,True,0.1878030303030272,5.112980774119799,0.0029480586527566,0.1994029850746252,0.1758461538461621,True,S,KF,different-party
15762,20930,65,1.0,0.7933538461538385,0.0465025608827294,0.0009990009990009,1.0,1.0,0.7411250000000005,0.823926829268291,True,0.2066461538461614,4.443758578528251,0.0029480586527566,0.2588749999999995,0.176073170731709,True,S,S,same-party
15762,21044,133,1.0,0.7251578947368392,0.0376045835422114,0.0009990009990009,1.0,1.0,0.6782089552238822,0.7728181818181807,True,0.2748421052631608,7.308739503913096,0.0029480586527566,0.3217910447761177,0.2271818181818192,True,S,S,same-party
15762,21143,94,1.0,0.6916595744680837,0.0466352705195299,0.0009990009990009,1.0,1.0,0.6633846153846148,0.7266666666666657,True,0.3083404255319163,6.6117430454872,0.0029480586527566,0.3366153846153852,0.2733333333333343,True,S,S,same-party
15762,21159,122,1.0,0.7320901639344252,0.0369435687253285,0.0009990009990009,1.0,1.0,0.6832727272727267,0.7896250000000006,True,0.2679098360655748,7.251866706691376,0.0029480586527566,0.3167272727272733,0.2103749999999994,True,S,M,different-party
15762,21168,110,1.0,0.6997454545454558,0.0415247412857554,0.0009990009990009,1.0,1.0,0.6811641791044791,0.7286976744186026,True,0.3002545454545442,7.230738498485065,0.0029480586527566,0.3188358208955208,0.2713023255813974,True,S,V,different-party
15763,18721,54,1.0,0.7558148148148147,0.0539963479494277,0.0009990009990009,1.0,1.0,0.757375,0.7535454545454542,True,0.2441851851851852,4.522253716378852,0.0029480586527566,0.2426249999999999,0.2464545454545458,True,DF,DF,same-party
15763,20356,122,1.0,0.711524590163934,0.0388587174516351,0.0009990009990009,1.0,1.0,0.7006375000000007,0.7322619047619036,True,0.288475409836066,7.423698689878583,0.0029480586527566,0.2993624999999993,0.2677380952380964,True,DF,DF,same-party
15770,15787,55,1.0,0.7981090909090918,0.0510098193594909,0.0009990009990009,1.0,1.0,0.7811999999999976,0.801866666666665,False,0.2018909090909082,3.957883239461896,0.0029480586527566,0.2188000000000024,0.198133333333335,True,S,S,same-party
15770,16180,50,1.0,0.7864399999999997,0.053738386784615,0.0009990009990009,1.0,1.0,0.5546666666666666,0.801234042553191,False,0.2135600000000003,3.97406793873353,0.0029480586527566,0.4453333333333333,0.198765957446809,True,S,S,same-party
15770,16351,62,1.0,0.7886129032258058,0.0485261866929353,0.0009990009990009,1.0,1.0,0.7540909090909155,0.7960588235294109,False,0.2113870967741942,4.3561448195345,0.0029480586527566,0.2459090909090845,0.203941176470589,True,S,S,same-party
15770,18695,62,1.0,0.7877258064516118,0.048025381732675,0.0009990009990009,1.0,1.0,0.7527272727272785,0.7952745098039214,False,0.2122741935483881,4.420041775617223,0.0029480586527566,0.2472727272727215,0.2047254901960785,True,S,V,different-party
15770,18696,56,1.0,0.7877321428571428,0.0498595828910319,0.0009990009990009,1.0,1.0,0.758777777777784,0.7932765957446785,False,0.2122678571428572,4.257313134904645,0.0029480586527566,0.241222222222216,0.2067234042553215,True,S,V,different-party
15770,18698,51,1.0,0.7967647058823519,0.0516871214624671,0.0009990009990009,,1.0,,0.7967647058823519,False,0.203235294117648,3.932029650078856,0.0029480586527566,,0.203235294117648,False,S,V,different-party
15770,18699,59,1.0,0.790305084745763,0.0471946995297868,0.0009990009990009,1.0,1.0,0.735625,0.7988823529411744,False,0.209694915254237,4.443187844047796,0.0029480586527566,0.264375,0.2011176470588256,True,S,V,different-party
15770,18715,40,1.0,0.822150000000001,0.0549649765636698,0.0009990009990009,1.0,1.0,0.6824000000000005,0.8421142857142813,False,0.1778499999999989,3.2356968222115543,0.0029480586527566,0.3175999999999995,0.1578857142857187,True,S,S,same-party
15770,18716,52,1.0,0.791230769230769,0.0518679855118291,0.0009990009990009,1.0,1.0,0.72775,0.7965208333333336,False,0.208769230769231,4.025011357374169,0.0029480586527566,0.27225,0.2034791666666664,True,S,S,same-party
15770,18718,56,1.0,0.7894107142857145,0.0506658508688034,0.0009990009990009,1.0,1.0,0.7254444444444491,0.8016595744680838,False,0.2105892857142854,4.156434405090626,0.0029480586527566,0.2745555555555509,0.1983404255319162,True,S,S,same-party
15770,18720,48,1.0,0.8058124999999994,0.0508346691803515,0.0009990009990009,1.0,1.0,0.734125,0.8201499999999997,False,0.1941875000000006,3.819981582078585,0.0029480586527566,0.265875,0.1798500000000003,True,S,S,same-party
15770,19928,44,1.0,0.7879090909090923,0.0571540079978081,0.0009990009990009,1.0,1.0,0.7540909090909146,0.7991818181818227,False,0.2120909090909076,3.710866770691593,0.0029480586527566,0.2459090909090854,0.2008181818181773,True,S,S,same-party
15770,20362,49,1.0,0.8094285714285814,0.0537502077818737,0.0009990009990009,1.0,1.0,0.7826999999999974,0.8162820512820493,False,0.1905714285714186,3.545501244288867,0.0029480586527566,0.2173000000000026,0.1837179487179506,True,S,S,same-party
15770,20363,62,1.0,0.7893870967741919,0.0471265183725377,0.0009990009990009,1.0,1.0,0.7542727272727319,0.7969607843137256,False,0.210612903225808,4.469095331017267,0.0029480586527566,0.2457272727272681,0.2030392156862743,True,S,S,same-party
15770,20364,53,1.0,0.8019622641509498,0.0511990348568914,0.0009990009990009,1.0,1.0,0.7532727272727315,0.8147142857142933,False,0.1980377358490501,3.8679974417993166,0.0029480586527566,0.2467272727272684,0.1852857142857067,True,S,S,same-party
15770,20367,60,1.0,0.797216666666669,0.0489436601691509,0.0009990009990009,1.0,1.0,0.7808999999999974,0.8004799999999994,False,0.2027833333333309,4.143199193368557,0.0029480586527566,0.2191000000000026,0.1995200000000005,True,S,S,same-party
15770,20368,50,1.0,0.8032599999999994,0.0515327859525152,0.0009990009990009,1.0,1.0,0.7570000000000058,0.8163076923076903,False,0.1967400000000005,3.8177637083561935,0.0029480586527566,0.2429999999999942,0.1836923076923097,True,S,S,same-party
15770,20377,44,1.0,0.7964545454545453,0.0545825244858726,0.0009990009990009,1.0,1.0,0.728,0.8032999999999992,False,0.2035454545454547,3.7291322902834496,0.0029480586527566,0.272,0.1967000000000007,True,S,M,different-party
15770,20378,60,1.0,0.7969500000000029,0.0483273528452202,0.0009990009990009,1.0,1.0,0.8116666666666748,0.7943529411764703,False,0.203049999999997,4.2015543588806255,0.0029480586527566,0.1883333333333252,0.2056470588235297,True,S,M,different-party
15770,20385,49,1.0,0.7921020408163346,0.052938475601181,0.0009990009990009,1.0,1.0,0.472,0.7987708333333338,False,0.2078979591836653,3.9271618009912506,0.0029480586527566,0.528,0.2012291666666662,True,S,M,different-party
15770,20389,62,1.0,0.7884677419354814,0.0468359081385197,0.0009990009990009,1.0,1.0,0.7490000000000061,0.7969803921568606,False,0.2115322580645185,4.516454713313132,0.0029480586527566,0.2509999999999939,0.2030196078431394,True,S,M,different-party
15770,20415,58,1.0,0.7908965517241329,0.0487037551493234,0.0009990009990009,1.0,1.0,0.7608571428571393,0.7950196078431364,False,0.2091034482758671,4.293374250810138,0.0029480586527566,0.2391428571428606,0.2049803921568636,True,S,M,different-party
15770,20496,45,1.0,0.7990666666666657,0.0541701853133317,0.0009990009990009,1.0,1.0,0.7784999999999982,0.8049428571428523,False,0.2009333333333343,3.7092975069421255,0.0029480586527566,0.2215000000000018,0.1950571428571477,True,S,M,different-party
15770,20781,60,1.0,0.7950666666666679,0.0469406135342537,0.0009990009990009,1.0,1.0,0.7883333333333409,0.7962549019607826,False,0.204933333333332,4.365800058914591,0.0029480586527566,0.2116666666666591,0.2037450980392173,True,S,S,same-party
15770,20930,45,1.0,0.8279111111111094,0.0510034214864771,0.0009990009990009,1.0,1.0,0.779399999999997,0.841771428571424,False,0.1720888888888906,3.3740655797869854,0.0029480586527566,0.220600000000003,0.158228571428576,True,S,S,same-party
15770,21044,62,1.0,0.7879999999999983,0.0476885217932484,0.0009990009990009,1.0,1.0,0.7499090909090952,0.796215686274508,False,0.2120000000000017,4.445514183037982,0.0029480586527566,0.2500909090909048,0.203784313725492,True,S,S,same-party
15774,20355,41,1.0,0.8005365853658517,0.055562161412135,0.0009990009990009,1.0,1.0,0.7798181818181876,0.8081333333333314,False,0.1994634146341483,3.589914603116655,0.0029480586527566,0.2201818181818123,0.1918666666666686,True,DD,DD,same-party
15774,20376,50,1.0,0.7802599999999988,0.0519522033356691,0.0009990009990009,1.0,1.0,0.7339000000000003,0.8111666666666645,True,0.2197400000000011,4.229656990296176,0.0029480586527566,0.2660999999999996,0.1888333333333355,True,DD,DD,same-party
15775,20352,73,0.9863013698630136,0.6766849315068476,0.0523535088217575,0.0009990009990009,0.9818181818181818,1.0,0.6718181818181833,0.6915555555555531,False,0.309616438356166,5.913957733191947,0.0029480586527566,0.3099999999999985,0.3084444444444468,True,ALT,ALT,same-party
15775,20381,82,0.9878048780487804,0.6942195121951227,0.049595423054554,0.0009990009990009,0.9836065573770492,1.0,0.690475409836064,0.7050952380952363,True,0.2935853658536578,5.919606039668606,0.0029480586527566,0.2931311475409851,0.2949047619047636,True,ALT,ALT,same-party
15776,15787,53,1.0,0.7546226415094396,0.053960793468958,0.0009990009990009,1.0,1.0,0.7507500000000012,0.7589599999999972,True,0.2453773584905604,4.547326729576691,0.0029480586527566,0.2492499999999987,0.2410400000000028,True,S,S,same-party
15776,16180,51,1.0,0.7439215686274508,0.0570614138246057,0.0009990009990009,1.0,1.0,0.7219047619047614,0.7593333333333326,True,0.2560784313725491,4.487768777683604,0.0029480586527566,0.2780952380952386,0.2406666666666673,True,S,S,same-party
15776,16351,72,1.0,0.7643055555555568,0.0456179448457519,0.0009990009990009,1.0,1.0,0.7558620689655148,0.7700000000000012,True,0.2356944444444432,5.166704577363081,0.0029480586527566,0.2441379310344852,0.2299999999999987,True,S,S,same-party
15776,18695,60,1.0,0.7696833333333337,0.050429803782606,0.0009990009990009,1.0,1.0,0.7664285714285718,0.770673913043478,False,0.2303166666666662,4.567074416143295,0.0029480586527566,0.2335714285714282,0.229326086956522,True,S,V,different-party
15776,18696,48,1.0,0.7543541666666678,0.0556388538125856,0.0009990009990009,1.0,1.0,0.7439999999999996,0.7600322580645117,False,0.2456458333333322,4.415005279597732,0.0029480586527566,0.2560000000000004,0.2399677419354883,True,S,V,different-party
15776,18698,46,1.0,0.770217391304348,0.058138467512128,0.0009990009990009,,1.0,,0.770217391304348,False,0.229782608695652,3.952333429630183,0.0029480586527566,,0.229782608695652,False,S,V,different-party
15776,18699,69,1.0,0.7650000000000006,0.0438868361672829,0.0009990009990009,1.0,1.0,0.7518846153846158,0.7729302325581431,True,0.2349999999999994,5.3546808228383735,0.0029480586527566,0.2481153846153841,0.2270697674418569,True,S,V,different-party
15776,18715,50,1.0,0.8047400000000001,0.0522442519504297,0.0009990009990009,1.0,1.0,0.7952500000000017,0.8110666666666658,True,0.1952599999999998,3.7374446510453594,0.0029480586527566,0.2047499999999983,0.1889333333333341,True,S,S,same-party
15776,18716,51,1.0,0.7747254901960775,0.0532715193263971,0.0009990009990009,1.0,1.0,0.7962499999999996,0.7608387096774163,True,0.2252745098039225,4.228798289450969,0.0029480586527566,0.2037500000000004,0.2391612903225837,True,S,S,same-party
15776,18717,66,1.0,0.7669242424242424,0.0483865231919969,0.0009990009990009,1.0,1.0,0.7681071428571427,0.7660526315789474,True,0.2330757575757576,4.816956090250932,0.0029480586527566,0.2318928571428573,0.2339473684210525,True,S,S,same-party
15776,18718,69,1.0,0.7653188405797099,0.0462405855491825,0.0009990009990009,1.0,1.0,0.7488888888888933,0.7758809523809561,True,0.2346811594202901,5.075220320700265,0.0029480586527566,0.2511111111111067,0.2241190476190439,True,S,S,same-party
15776,18719,43,1.0,0.7567441860465105,0.0603627807395922,0.0009990009990009,1.0,1.0,0.756444444444444,0.7569599999999982,False,0.2432558139534895,4.02989741315772,0.0029480586527566,0.2435555555555559,0.2430400000000018,True,S,S,same-party
15776,18720,61,1.0,0.7749016393442607,0.050266799711122,0.0009990009990009,1.0,1.0,0.7530769230769228,0.7911142857142813,True,0.2250983606557393,4.4780722454852,0.0029480586527566,0.2469230769230772,0.2088857142857186,True,S,S,same-party
15776,19928,42,1.0,0.7627142857142871,0.0604372169473133,0.0009990009990009,1.0,1.0,0.7668571428571451,0.7606428571428577,False,0.2372857142857128,3.926152233193805,0.0029480586527566,0.2331428571428548,0.2393571428571422,True,S,S,same-party
15776,20362,60,1.0,0.7882166666666678,0.0496040125196963,0.0009990009990009,1.0,1.0,0.7888846153846117,0.7877058823529411,True,0.2117833333333322,4.269479878250552,0.0029480586527566,0.2111153846153882,0.2122941176470588,True,S,S,same-party
15776,20363,66,1.0,0.7544393939393944,0.0481480948526017,0.0009990009990009,1.0,1.0,0.7300869565217402,0.7674651162790709,True,0.2455606060606056,5.100110540455509,0.0029480586527566,0.2699130434782598,0.2325348837209291,True,S,S,same-party
15776,20364,60,1.0,0.7658166666666666,0.0497753796746363,0.0009990009990009,1.0,1.0,0.7332608695652174,0.7860540540540523,True,0.2341833333333334,4.704802552267908,0.0029480586527566,0.2667391304347826,0.2139459459459477,True,S,S,same-party
15776,20365,66,1.0,0.7531515151515152,0.0500175213414878,0.0009990009990009,1.0,1.0,0.7583103448275835,0.7491081081081071,True,0.2468484848484847,4.935240256372565,0.0029480586527566,0.2416896551724164,0.2508918918918928,True,S,S,same-party
15776,20367,73,1.0,0.7706438356164341,0.0456393686476224,0.0009990009990009,1.0,1.0,0.7639285714285724,0.774822222222221,True,0.2293561643835658,5.025401778767025,0.0029480586527566,0.2360714285714276,0.225177777777779,True,S,S,same-party
15776,20368,42,1.0,0.7889047619047669,0.056952887428817,0.0009990009990009,1.0,1.0,0.798449999999998,0.7802272727272748,True,0.2110952380952331,3.70648877739644,0.0029480586527566,0.201550000000002,0.2197727272727252,True,S,S,same-party
15776,20371,72,1.0,0.767083333333333,0.0446899759813313,0.0009990009990009,1.0,1.0,0.7603103448275826,0.7716511627906992,True,0.232916666666667,5.211832442334829,0.0029480586527566,0.2396896551724173,0.2283488372093007,True,S,V,different-party
15776,20377,66,1.0,0.7709090909090901,0.0484892087098221,0.0009990009990009,1.0,1.0,0.7581724137931005,0.7808918918918909,True,0.2290909090909099,4.72457512065988,0.0029480586527566,0.2418275862068994,0.2191081081081091,True,S,M,different-party
15776,20378,74,1.0,0.7700135135135158,0.0446591681552582,0.0009990009990009,1.0,1.0,0.7679642857142868,0.7712608695652168,True,0.2299864864864842,5.149815726234152,0.0029480586527566,0.2320357142857132,0.2287391304347832,True,S,M,different-party
15776,20385,48,1.0,0.7714375000000003,0.052871534229394,0.0009990009990009,1.0,1.0,0.7950588235294134,0.7584838709677373,False,0.2285624999999996,4.322978391516583,0.0029480586527566,0.2049411764705866,0.2415161290322627,True,S,M,different-party
15776,20389,62,1.0,0.7603225806451609,0.0499114094880027,0.0009990009990009,1.0,1.0,0.7412105263157923,0.7687674418604671,False,0.2396774193548391,4.802056720366722,0.0029480586527566,0.2587894736842077,0.2312325581395329,True,S,M,different-party
15776,20415,71,1.0,0.7671126760563366,0.0462425802249454,0.0009990009990009,1.0,1.0,0.7590799999999979,0.7714782608695644,True,0.2328873239436634,5.03620954563502,0.0029480586527566,0.2409200000000021,0.2285217391304356,True,S,M,different-party
15776,20496,43,1.0,0.7754883720930251,0.0575053711526704,0.0009990009990009,1.0,1.0,0.7919230769230712,0.7683666666666653,False,0.2245116279069748,3.904185355328305,0.0029480586527566,0.2080769230769288,0.2316333333333347,True,S,M,different-party
15776,20781,66,1.0,0.7587727272727268,0.0482306115902918,0.0009990009990009,1.0,1.0,0.7399047619047623,0.7675777777777758,True,0.2412272727272731,5.001538748387521,0.0029480586527566,0.2600952380952377,0.2324222222222242,True,S,S,same-party
15776,20930,49,1.0,0.7831836734693924,0.0549198267116616,0.0009990009990009,1.0,1.0,0.7446842105263187,0.8075666666666645,False,0.2168163265306075,3.947869822476495,0.0029480586527566,0.2553157894736813,0.1924333333333354,True,S,S,same-party
15776,21044,75,1.0,0.766320000000001,0.0434960349987746,0.0009990009990009,1.0,1.0,0.7586206896551707,0.7711739130434777,True,0.233679999999999,5.372443718297129,0.0029480586527566,0.2413793103448293,0.2288260869565223,True,S,S,same-party
15776,21143,52,1.0,0.7603846153846152,0.0555324507279525,0.0009990009990009,1.0,1.0,0.7570909090909143,0.7612682926829248,False,0.2396153846153847,4.314871421562765,0.0029480586527566,0.2429090909090857,0.2387317073170751,True,S,S,same-party
15776,21159,53,1.0,0.7783773584905722,0.0512668517799998,0.0009990009990009,1.0,1.0,0.7564827586206878,0.8048333333333337,True,0.2216226415094278,4.322922781770793,0.0029480586527566,0.2435172413793122,0.1951666666666662,True,S,M,different-party
15776,21168,53,1.0,0.7394905660377414,0.0563158073097366,0.0009990009990009,1.0,1.0,0.7377894736842129,0.740441176470588,False,0.2605094339622585,4.6258669884542,0.0029480586527566,0.2622105263157871,0.2595588235294119,True,S,V,different-party
15777,16582,76,0.986842105263158,0.6733157894736854,0.0521227178833076,0.0009990009990009,1.0,0.967741935483871,0.653199999999999,0.7025161290322557,True,0.3135263157894724,6.01515670175518,0.0029480586527566,0.346800000000001,0.2652258064516153,True,EL,EL,same-party
15777,18694,71,0.9859154929577464,0.6729859154929567,0.0543511753445302,0.0009990009990009,1.0,0.9642857142857144,0.658790697674414,0.6947857142857133,True,0.3129295774647898,5.757549408658417,0.0029480586527566,0.341209302325586,0.2695000000000009,True,EL,EL,same-party
15779,20391,49,1.0,0.7740612244898011,0.0548033102989771,0.0009990009990009,1.0,1.0,0.7907777777777826,0.764354838709674,False,0.2259387755101989,4.122721315146831,0.0029480586527566,0.2092222222222174,0.2356451612903259,True,LA,LA,same-party
15779,20395,41,0.975609756097561,0.735536585365851,0.0642500797551299,0.0009990009990009,1.0,0.9375,0.7603199999999978,0.6968125,False,0.2400731707317099,3.7365427661207176,0.0029480586527566,0.2396800000000022,0.2406875,True,LA,LA,same-party
15779,20398,45,1.0,0.7466888888888872,0.0581808744344483,0.0009990009990009,1.0,1.0,0.7372105263157921,0.7536153846153854,False,0.2533111111111128,4.353855344620426,0.0029480586527566,0.2627894736842079,0.2463846153846146,True,LA,LA,same-party
15779,20399,47,1.0,0.7631276595744665,0.0553276305817182,0.0009990009990009,1.0,1.0,0.7351304347826089,0.7899583333333342,True,0.2368723404255335,4.281266664323825,0.0029480586527566,0.2648695652173911,0.2100416666666658,True,LA,LA,same-party
15779,20400,60,1.0,0.7611500000000002,0.0497168017020571,0.0009990009990009,1.0,1.0,0.7580344827586204,0.7640645161290281,True,0.2388499999999997,4.8042108869227,0.0029480586527566,0.2419655172413796,0.2359354838709718,True,LA,LA,same-party
15779,20820,51,1.0,0.7671372549019589,0.0530933034206171,0.0009990009990009,1.0,1.0,0.7604799999999979,0.7735384615384601,True,0.232862745098041,4.385915550464992,0.0029480586527566,0.239520000000002,0.2264615384615399,True,LA,LA,same-party
15787,15793,102,0.9117647058823528,0.6979803921568615,0.0418187059519024,0.0009990009990009,0.9090909090909092,0.9166666666666666,0.6746515151515134,0.7407499999999999,True,0.2137843137254914,5.112169515034111,0.0029480586527566,0.2344393939393956,0.1759166666666667,True,S,KF,different-party
15787,16180,64,1.0,0.774078125,0.0480523416015577,0.0009990009990009,1.0,1.0,0.7091500000000003,0.8035909090909089,True,0.225921875,4.701578892310963,0.0029480586527566,0.2908499999999997,0.1964090909090911,True,S,S,same-party
15787,16351,145,1.0,0.7321172413793146,0.0356953286445099,0.0009990009990009,1.0,1.0,0.7016829268292695,0.7717301587301599,True,0.2678827586206854,7.504700721165276,0.0029480586527566,0.2983170731707305,0.22826984126984,True,S,S,same-party
15787,17141,74,0.972972972972973,0.6857702702702693,0.0521871962488863,0.0009990009990009,0.9642857142857144,1.0,0.6808928571428567,0.7009444444444418,False,0.2872027027027037,5.503317352651081,0.0029480586527566,0.2833928571428575,0.2990555555555582,True,S,KF,different-party
15787,18695,131,1.0,0.7311374045801506,0.0352432707677131,0.0009990009990009,1.0,1.0,0.6953823529411788,0.7697301587301617,True,0.2688625954198493,7.628764004110477,0.0029480586527566,0.3046176470588212,0.2302698412698383,True,S,V,different-party
15787,18696,66,1.0,0.7814242424242425,0.0467345974441174,0.0009990009990009,1.0,1.0,0.7543636363636365,0.7949545454545458,True,0.2185757575757575,4.676958175088975,0.0029480586527566,0.2456363636363635,0.2050454545454542,True,S,V,different-party
15787,18698,45,1.0,0.8008666666666658,0.0540845355794325,0.0009990009990009,,1.0,,0.8008666666666658,False,0.1991333333333341,3.6818904183964447,0.0029480586527566,,0.1991333333333341,False,S,V,different-party
15787,18699,141,1.0,0.7310141843971608,0.0347949801895056,0.0009990009990009,1.0,1.0,0.6959873417721519,0.7756451612903198,True,0.2689858156028392,7.730592577947985,0.0029480586527566,0.304012658227848,0.2243548387096802,True,S,V,different-party
15787,18700,53,1.0,0.7774150943396296,0.0514136791087296,0.0009990009990009,1.0,1.0,0.7323809523809517,0.80696875,True,0.2225849056603703,4.329293478291021,0.0029480586527566,0.2676190476190483,0.19303125,True,S,V,different-party
15787,18713,93,0.8924731182795699,0.6953333333333346,0.0450253689079642,0.0009990009990009,0.8666666666666667,1.0,0.694293333333334,0.6996666666666642,False,0.1971397849462353,4.378415762660512,0.0029480586527566,0.1723733333333327,0.3003333333333358,True,S,KF,different-party
15787,18715,49,1.0,0.8323469387755217,0.0472577323647803,0.0009990009990009,1.0,1.0,0.7939999999999992,0.8587931034482661,True,0.1676530612244783,3.547632373266914,0.0029480586527566,0.2060000000000008,0.1412068965517339,True,S,S,same-party
15787,18716,65,1.0,0.7992461538461444,0.0439654672605236,0.0009990009990009,1.0,1.0,0.7955500000000008,0.8008888888888863,True,0.2007538461538556,4.566171103431245,0.0029480586527566,0.2044499999999992,0.1991111111111136,True,S,S,same-party
15787,18717,122,1.0,0.7106557377049179,0.0397448117524813,0.0009990009990009,1.0,1.0,0.7016790123456784,0.7283902439024371,True,0.2893442622950821,7.280051144713688,0.0029480586527566,0.2983209876543216,0.2716097560975629,True,S,S,same-party
15787,18718,141,1.0,0.7312127659574454,0.0352186459622647,0.0009990009990009,1.0,1.0,0.6992875000000001,0.7730819672131145,True,0.2687872340425545,7.631958205620634,0.0029480586527566,0.3007124999999999,0.2269180327868855,True,S,S,same-party
15787,18719,91,1.0,0.6907142857142842,0.0452540947527271,0.0009990009990009,1.0,1.0,0.6919242424242432,0.6875199999999981,True,0.3092857142857158,6.834424950398043,0.0029480586527566,0.3080757575757568,0.3124800000000018,True,S,S,same-party
15787,18720,134,1.0,0.731358208955224,0.0349281650736234,0.0009990009990009,1.0,1.0,0.6971898734177219,0.7804363636363639,True,0.268641791044776,7.691265501022415,0.0029480586527566,0.3028101265822781,0.219563636363636,True,S,S,same-party
15787,18725,103,0.8640776699029126,0.6972718446601965,0.0424898921098779,0.0009990009990009,0.8974358974358975,0.76,0.6997692307692334,0.6894799999999984,True,0.166805825242716,3.9257766249761192,0.0029480586527566,0.1976666666666641,0.0705200000000015,True,S,RV,different-party
15787,18729,119,0.8319327731092437,0.7060840336134463,0.0400710496052299,0.0009990009990009,0.868421052631579,0.7674418604651163,0.6912631578947395,0.7322790697674392,True,0.1258487394957974,3.140639956667669,0.0029480586527566,0.1771578947368395,0.0351627906976771,True,S,RV,different-party
15787,19928,113,1.0,0.7236194690265524,0.0416679879999024,0.0009990009990009,1.0,1.0,0.6957205882352958,0.7657777777777768,True,0.2763805309734476,6.632922400143126,0.0029480586527566,0.3042794117647042,0.2342222222222232,True,S,S,same-party
15787,20349,72,1.0,0.6786111111111119,0.0520424662639546,0.0009990009990009,1.0,1.0,0.6729814814814805,0.6954999999999972,False,0.321388888888888,6.175512268362392,0.0029480586527566,0.3270185185185195,0.3045000000000027,True,S,SP,different-party
15787,20362,133,1.0,0.7383007518796945,0.0359939829531287,0.0009990009990009,1.0,1.0,0.7102405063291152,0.7793518518518522,True,0.2616992481203055,7.27063877484993,0.0029480586527566,0.2897594936708848,0.2206481481481478,True,S,S,same-party
15787,20363,139,1.0,0.7271366906474808,0.0350696945072636,0.0009990009990009,1.0,1.0,0.6899605263157921,0.7719841269841292,True,0.2728633093525192,7.780601262323621,0.0029480586527566,0.3100394736842079,0.2280158730158707,True,S,S,same-party
15787,20364,130,1.0,0.7297230769230808,0.0362843420299515,0.0009990009990009,1.0,1.0,0.6913552631578969,0.7837222222222239,True,0.2702769230769192,7.448858321691888,0.0029480586527566,0.3086447368421031,0.2162777777777761,True,S,S,same-party
15787,20365,116,1.0,0.7011465517241378,0.0416491314739446,0.0009990009990009,1.0,1.0,0.702317073170732,0.6983235294117627,True,0.2988534482758622,7.175502530294608,0.0029480586527566,0.297682926829268,0.3016764705882373,True,S,S,same-party
15787,20367,143,1.0,0.7352307692307696,0.0351590659926235,0.0009990009990009,1.0,1.0,0.7057530864197521,0.7737419354838704,True,0.2647692307692304,7.530610478241369,0.0029480586527566,0.2942469135802479,0.2262580645161296,True,S,S,same-party
15787,20368,128,1.0,0.73721875,0.0364344489547073,0.0009990009990009,1.0,1.0,0.7045135135135125,0.7820370370370382,True,0.2627812499999999,7.2124392584246495,0.0029480586527566,0.2954864864864874,0.2179629629629618,True,S,S,same-party
15787,20369,122,0.9262295081967212,0.7300573770491791,0.0365636337818602,0.0009990009990009,0.9558823529411764,0.8888888888888888,0.7092500000000034,0.7562592592592599,True,0.1961721311475422,5.365225248614812,0.0029480586527566,0.2466323529411731,0.132629629629629,True,S,KF,different-party
15787,20371,125,1.0,0.7113919999999991,0.0382372125085406,0.0009990009990009,1.0,1.0,0.7008658536585388,0.7314651162790671,True,0.2886080000000008,7.547830531201453,0.0029480586527566,0.2991341463414612,0.2685348837209329,True,S,V,different-party
15787,20377,62,1.0,0.7845161290322571,0.0484983705526746,0.0009990009990009,1.0,1.0,0.7496428571428577,0.8132352941176495,True,0.2154838709677429,4.443115686406484,0.0029480586527566,0.2503571428571423,0.1867647058823505,True,S,M,different-party
15787,20378,144,1.0,0.7351180555555542,0.0327353566798504,0.0009990009990009,1.0,1.0,0.7053333333333327,0.7734126984127022,True,0.2648819444444458,8.091616261737219,0.0029480586527566,0.2946666666666673,0.2265873015872977,True,S,M,different-party
15787,20384,84,1.0,0.6757142857142865,0.0495210961134205,0.0009990009990009,1.0,1.0,0.6693870967741952,0.6935454545454522,True,0.3242857142857135,6.548435711983964,0.0029480586527566,0.3306129032258048,0.3064545454545477,True,S,M,different-party
15787,20385,62,1.0,0.8022258064516121,0.0451243604281956,0.0009990009990009,1.0,1.0,0.7953529411764723,0.8048222222222209,False,0.1977741935483878,4.38286973314773,0.0029480586527566,0.2046470588235277,0.1951777777777791,True,S,M,different-party
15787,20386,91,1.0,0.709252747252745,0.0456559982081637,0.0009990009990009,1.0,1.0,0.6900461538461574,0.7572692307692304,True,0.290747252747255,6.3682158787028,0.0029480586527566,0.3099538461538426,0.2427307692307696,True,S,M,different-party
15787,20388,42,0.9523809523809524,0.8060238095238156,0.0557309187109679,0.0049950049950049,1.0,0.9285714285714286,0.7138571428571419,0.852107142857143,False,0.1463571428571367,2.626139066828867,0.0144114415767959,0.2861428571428581,0.0764642857142856,True,S,UFG,different-party
15787,20389,135,1.0,0.7267703703703728,0.0362773866002195,0.0009990009990009,1.0,1.0,0.6892361111111108,0.7696666666666677,True,0.2732296296296271,7.53167896686288,0.0029480586527566,0.3107638888888892,0.2303333333333322,True,S,M,different-party
15787,20415,141,1.0,0.7326950354609915,0.034356829000659,0.0009990009990009,1.0,1.0,0.7010000000000006,0.7719365079365106,True,0.2673049645390085,7.780257151609677,0.0029480586527566,0.2989999999999994,0.2280634920634894,True,S,M,different-party
15787,20496,114,1.0,0.7285964912280695,0.0399032118992225,0.0009990009990009,1.0,1.0,0.6970895522388063,0.7735106382978705,True,0.2714035087719305,6.801545435925636,0.0029480586527566,0.3029104477611937,0.2264893617021295,True,S,M,different-party
15787,20781,137,1.0,0.7285328467153294,0.0369779776893064,0.0009990009990009,1.0,1.0,0.6919594594594584,0.7714920634920658,True,0.2714671532846706,7.341319624495719,0.0029480586527566,0.3080405405405416,0.2285079365079342,True,S,S,same-party
15787,20925,135,0.9185185185185184,0.7339703703703745,0.0358766841319625,0.0009990009990009,0.8902439024390244,0.9622641509433962,0.6997804878048791,0.7868679245283079,True,0.184548148148144,5.143957771273793,0.0029480586527566,0.1904634146341453,0.1753962264150883,True,S,KF,different-party
15787,20930,59,1.0,0.8009830508474584,0.0460281405088753,0.0009990009990009,1.0,1.0,0.7429666666666669,0.8609999999999893,True,0.1990169491525416,4.323810324559309,0.0029480586527566,0.2570333333333331,0.1390000000000106,True,S,S,same-party
15787,21044,145,1.0,0.7316620689655216,0.0342914988562348,0.0009990009990009,1.0,1.0,0.6999146341463419,0.7729841269841287,True,0.2683379310344784,7.825202746589475,0.0029480586527566,0.3000853658536581,0.2270158730158713,True,S,S,same-party
15787,21143,106,1.0,0.7052358490566037,0.0437174834148515,0.0009990009990009,1.0,1.0,0.6923538461538493,0.7256585365853634,True,0.2947641509433962,6.7424775608940966,0.0029480586527566,0.3076461538461507,0.2743414634146366,True,S,S,same-party
15787,21159,125,1.0,0.7324479999999978,0.0368921716402299,0.0009990009990009,1.0,1.0,0.7025432098765423,0.7875,True,0.2675520000000022,7.25227028132559,0.0029480586527566,0.2974567901234577,0.2125,True,S,M,different-party
15787,21168,106,1.0,0.6901320754716976,0.0439930554874115,0.0009990009990009,1.0,1.0,0.6876388888888885,0.6954117647058815,True,0.3098679245283023,7.0435645147896135,0.0029480586527566,0.3123611111111115,0.3045882352941185,True,S,V,different-party
15793,16351,107,0.9065420560747663,0.6997009345794399,0.0428641083594192,0.0009990009990009,0.8970588235294118,0.9230769230769232,0.6762794117647066,0.7405384615384589,True,0.2068411214953264,4.8255085527720665,0.0029480586527566,0.2207794117647051,0.1825384615384642,True,KF,S,different-party
15793,17141,64,1.0,0.66496875,0.0574952787127929,0.0009990009990009,1.0,1.0,0.653391304347828,0.6945555555555534,False,0.33503125,5.8271088948639855,0.0029480586527566,0.346608695652172,0.3054444444444466,True,KF,KF,same-party
15793,18695,98,0.9489795918367347,0.701346938775505,0.0428398918169676,0.0009990009990009,0.9661016949152542,0.9230769230769232,0.6768135593220347,0.7384615384615356,True,0.2476326530612297,5.7804219982448615,0.0029480586527566,0.2892881355932195,0.1846153846153875,True,KF,V,different-party
15793,18699,106,0.9056603773584906,0.6998962264150945,0.0425445723767067,0.0009990009990009,0.8970588235294118,0.9210526315789472,0.6741617647058832,0.7459473684210536,True,0.205764150943396,4.83643716339366,0.0029480586527566,0.2228970588235286,0.1751052631578937,True,KF,V,different-party
15793,18713,86,0.9767441860465116,0.6800232558139491,0.0499704403485513,0.0009990009990009,0.9705882352941176,1.0,0.675735294117649,0.6962222222222182,False,0.2967209302325625,5.937929066922147,0.0029480586527566,0.2948529411764686,0.3037777777777818,True,KF,KF,same-party
15793,18717,102,0.9117647058823528,0.6980196078431367,0.043814611507411,0.0009990009990009,0.9104477611940298,0.9142857142857144,0.6766716417910453,0.7388857142857109,True,0.2137450980392162,4.878397655153516,0.0029480586527566,0.2337761194029844,0.1754000000000033,True,KF,S,different-party
15793,18718,106,0.9056603773584906,0.6994150943396225,0.0408324835543462,0.0009990009990009,0.8970588235294118,0.9210526315789472,0.6775147058823553,0.7386052631578942,True,0.2062452830188681,5.051010006392696,0.0029480586527566,0.2195441176470565,0.1824473684210531,True,KF,S,different-party
15793,18719,74,0.918918918918919,0.6667297297297303,0.0524679992749999,0.0009990009990009,0.8867924528301887,1.0,0.6541509433962249,0.6984761904761886,True,0.2521891891891886,4.806533366507696,0.0029480586527566,0.2326415094339637,0.3015238095238114,True,KF,S,different-party
15793,18720,103,0.9029126213592232,0.6971844660194191,0.0430301333777004,0.0009990009990009,0.8970588235294118,0.9142857142857144,0.6770000000000012,0.7363999999999973,True,0.2057281553398042,4.781025276728959,0.0029480586527566,0.2200588235294106,0.1778857142857169,True,KF,S,different-party
15793,18725,88,0.8409090909090909,0.6835113636363641,0.0478981863527353,0.0009990009990009,0.8656716417910447,0.7619047619047619,0.6766417910447773,0.7054285714285694,True,0.1573977272727268,3.286089500625492,0.0029480586527566,0.1890298507462674,0.0564761904761924,True,KF,RV,different-party
15793,18729,104,0.8269230769230769,0.695759615384616,0.0438602013659066,0.0009990009990009,0.8676470588235294,0.75,0.6718529411764719,0.7409166666666669,True,0.1311634615384609,2.9904892693998635,0.0029480586527566,0.1957941176470575,0.0090833333333331,True,KF,RV,different-party
15793,19928,80,0.975,0.6815624999999998,0.0510760325872685,0.0009990009990009,0.9661016949152542,1.0,0.6732711864406776,0.7048571428571402,True,0.2934375000000001,5.74511145709355,0.0029480586527566,0.2928305084745766,0.2951428571428598,True,KF,S,different-party
15793,20349,66,1.0,0.6659242424242412,0.0571371246621239,0.0009990009990009,1.0,1.0,0.6563749999999996,0.6913888888888869,False,0.3340757575757588,5.846912310538731,0.0029480586527566,0.3436250000000004,0.308611111111113,True,KF,SP,different-party
15793,20362,93,0.946236559139785,0.6987741935483882,0.0447020778543056,0.0009990009990009,0.9242424242424242,1.0,0.6793333333333318,0.7462962962963003,True,0.2474623655913967,5.535813489429584,0.0029480586527566,0.2449090909090924,0.2537037037036996,True,KF,S,different-party
15793,20363,107,0.9065420560747663,0.6986261682243005,0.0424330000164888,0.0009990009990009,0.8970588235294118,0.9230769230769232,0.6737500000000011,0.7419999999999988,True,0.2079158878504658,4.899863025703406,0.0029480586527566,0.2233088235294107,0.1810769230769243,True,KF,S,different-party
15793,20364,98,0.9285714285714286,0.6998571428571377,0.0455112296221035,0.0009990009990009,0.8970588235294118,1.0,0.6774705882352965,0.7505999999999994,True,0.2287142857142908,5.025447293193122,0.0029480586527566,0.2195882352941153,0.2494000000000006,True,KF,S,different-party
15793,20365,98,0.8979591836734694,0.6863163265306083,0.0454921200398354,0.0009990009990009,0.8970588235294118,0.9,0.6766323529411775,0.7082666666666675,True,0.2116428571428611,4.652297078209035,0.0029480586527566,0.2204264705882342,0.1917333333333325,True,KF,S,different-party
15793,20367,107,0.9065420560747663,0.6987102803738323,0.0414357290846034,0.0009990009990009,0.8970588235294118,0.9230769230769232,0.6735882352941194,0.7425128205128183,True,0.207831775700934,5.015762490303553,0.0029480586527566,0.2234705882352924,0.1805641025641048,True,KF,S,different-party
15793,20368,89,0.9775280898876404,0.6992808988764069,0.0470917493644813,0.0009990009990009,0.9661016949152542,1.0,0.6734745762711876,0.7500333333333341,True,0.2782471910112335,5.90861870213511,0.0029480586527566,0.2926271186440666,0.2499666666666659,True,KF,S,different-party
15793,20369,80,1.0,0.6842874999999993,0.0492577396829216,0.0009990009990009,1.0,1.0,0.6743207547169813,0.7038518518518547,True,0.3157125000000007,6.409398848430369,0.0029480586527566,0.3256792452830187,0.2961481481481453,True,KF,KF,same-party
15793,20371,104,0.903846153846154,0.6953653846153854,0.0409134118016293,0.0009990009990009,0.8970588235294118,0.9166666666666666,0.6724558823529413,0.7386388888888894,True,0.2084807692307684,5.095658368497781,0.0029480586527566,0.2246029411764705,0.1780277777777772,True,KF,V,different-party
15793,20378,106,0.9150943396226416,0.701254716981133,0.0425370667850955,0.0009990009990009,0.9104477611940298,0.9230769230769232,0.67844776119403,0.7404358974358946,True,0.2138396226415085,5.027136067511722,0.0029480586527566,0.2319999999999997,0.1826410256410285,True,KF,M,different-party
15793,20384,76,0.9210526315789472,0.66455263157895,0.0534386451107976,0.0009990009990009,0.896551724137931,1.0,0.6560344827586257,0.6919999999999972,False,0.2564999999999974,4.799897143128911,0.0029480586527566,0.2405172413793053,0.3080000000000028,True,KF,M,different-party
15793,20386,87,0.9885057471264368,0.7015862068965523,0.0474555394088271,0.0009990009990009,0.9827586206896552,1.0,0.6776379310344873,0.7494827586206878,True,0.2869195402298845,6.046070570562623,0.0029480586527566,0.3051206896551678,0.2505172413793122,True,KF,M,different-party
15793,20389,97,0.9072164948453608,0.6917319587628898,0.0452971691378323,0.0009990009990009,0.896551724137931,0.9230769230769232,0.6583275862069018,0.7414102564102545,True,0.2154845360824709,4.75713030601945,0.0029480586527566,0.2382241379310292,0.1816666666666686,True,KF,M,different-party
15793,20415,107,0.9065420560747663,0.6992056074766357,0.0417546160758543,0.0009990009990009,0.8970588235294118,0.9230769230769232,0.6735882352941192,0.7438717948717929,True,0.2073364485981306,4.965593462084979,0.0029480586527566,0.2234705882352926,0.1792051282051302,True,KF,M,different-party
15793,20496,89,0.9438202247191012,0.68515730337079,0.0476708610261837,0.0009990009990009,0.9661016949152542,0.9,0.6752542372881377,0.7046333333333354,True,0.2586629213483111,5.426017398893588,0.0029480586527566,0.2908474576271165,0.1953666666666645,True,KF,M,different-party
15793,20781,107,0.9065420560747663,0.6988317757009364,0.0411700868183416,0.0009990009990009,0.8970588235294118,0.9230769230769232,0.6759117647058837,0.7387948717948707,True,0.20771028037383,5.045174699055851,0.0029480586527566,0.2211470588235281,0.1842820512820524,True,KF,S,different-party
15793,20925,98,1.0,0.6991530612244853,0.0438397667988791,0.0009990009990009,1.0,1.0,0.6763823529411779,0.7507666666666664,True,0.3008469387755147,6.862421056108508,0.0029480586527566,0.3236176470588221,0.2492333333333336,True,KF,KF,same-party
15793,21044,107,0.9065420560747663,0.6972990654205622,0.0410182880098063,0.0009990009990009,0.8970588235294118,0.9230769230769232,0.6727794117647078,0.7400512820512786,True,0.2092429906542041,5.101212186237028,0.0029480586527566,0.224279411764704,0.1830256410256445,True,KF,S,different-party
15793,21143,97,0.9484536082474226,0.6995876288659837,0.0448984960331807,0.0009990009990009,0.9661016949152542,0.9210526315789472,0.6743559322033905,0.7387631578947367,True,0.2488659793814389,5.54285780970308,0.0029480586527566,0.2917457627118637,0.1822894736842106,True,KF,S,different-party
15793,21159,91,0.934065934065934,0.6892527472527455,0.0471800477667864,0.0009990009990009,0.9104477611940298,1.0,0.6757313432835821,0.7270000000000005,True,0.2448131868131885,5.188913500539751,0.0029480586527566,0.2347164179104477,0.2729999999999994,True,KF,M,different-party
15793,21168,88,0.8977272727272727,0.672568181818182,0.0480955989363689,0.0009990009990009,0.896551724137931,0.9,0.655500000000005,0.7055666666666681,True,0.2251590909090907,4.681490529039439,0.0029480586527566,0.241051724137926,0.1944333333333319,True,KF,V,different-party
15793,21194,41,1.0,0.7502926829268279,0.0626119268864057,0.0009990009990009,1.0,1.0,0.7154,0.7835238095238135,True,0.249707317073172,3.9881749291346007,0.0029480586527566,0.2845999999999999,0.2164761904761865,True,KF,KF,same-party
16180,16351,69,1.0,0.7696376811594213,0.0444229976959642,0.0009990009990009,1.0,1.0,0.708045454545453,0.7984680851063816,True,0.2303623188405786,5.185654521047927,0.0029480586527566,0.291954545454547,0.2015319148936184,True,S,S,same-party
16180,18695,63,1.0,0.7862380952380985,0.0473106276510309,0.0009990009990009,1.0,1.0,0.7317692307692287,0.8004,False,0.2137619047619015,4.518263979472772,0.0029480586527566,0.2682307692307712,0.1996,True,S,V,different-party
16180,18696,60,1.0,0.7695333333333342,0.04846210108844,0.0009990009990009,1.0,1.0,0.6607272727272739,0.7939591836734777,False,0.2304666666666658,4.755606164208184,0.0029480586527566,0.339272727272726,0.2060408163265222,True,S,V,different-party
16180,18698,50,1.0,0.8005000000000003,0.0521734805439592,0.0009990009990009,,1.0,,0.8005000000000003,False,0.1994999999999996,3.823781697521771,0.0029480586527566,,0.1994999999999996,False,S,V,different-party
16180,18699,68,1.0,0.773470588235291,0.0484885203293945,0.0009990009990009,1.0,1.0,0.7109047619047604,0.8014255319148927,True,0.2265294117647089,4.6718153126933695,0.0029480586527566,0.2890952380952396,0.1985744680851072,True,S,V,different-party
16180,18700,56,1.0,0.7772500000000003,0.0514199385599581,0.0009990009990009,1.0,1.0,0.7222105263157921,0.8055135135135133,False,0.2227499999999996,4.331977171467488,0.0029480586527566,0.2777894736842079,0.1944864864864867,True,S,V,different-party
16180,18715,47,1.0,0.8171063829787212,0.0522417891418244,0.0009990009990009,1.0,1.0,0.7314615384615378,0.8498529411764737,False,0.1828936170212788,3.5009064587119085,0.0029480586527566,0.2685384615384621,0.1501470588235263,True,S,S,same-party
16180,18716,62,1.0,0.7883870967741913,0.0467853546584374,0.0009990009990009,1.0,1.0,0.7494166666666673,0.7977399999999986,False,0.2116129032258087,4.523058653091679,0.0029480586527566,0.2505833333333327,0.2022600000000014,True,S,S,same-party
16180,18717,42,1.0,0.7446904761904758,0.0608649196061621,0.0009990009990009,1.0,1.0,0.7284499999999995,0.7594545454545465,True,0.2553095238095242,4.194690890278872,0.0029480586527566,0.2715500000000005,0.2405454545454535,True,S,S,same-party
16180,18718,71,1.0,0.7741267605633801,0.0456175443153111,0.0009990009990009,1.0,1.0,0.7077272727272721,0.8039387755102129,True,0.2258732394366198,4.951455472380779,0.0029480586527566,0.2922727272727279,0.1960612244897871,True,S,S,same-party
16180,18720,60,1.0,0.7854833333333354,0.0473063755845186,0.0009990009990009,1.0,1.0,0.713999999999998,0.8239743589743569,True,0.2145166666666645,4.53462485798356,0.0029480586527566,0.286000000000002,0.1760256410256431,True,S,S,same-party
16180,19928,46,1.0,0.7825652173913037,0.0559021585211476,0.0009990009990009,1.0,1.0,0.7265384615384612,0.8046363636363696,False,0.2174347826086963,3.889559694308424,0.0029480586527566,0.2734615384615387,0.1953636363636304,True,S,S,same-party
16180,20362,57,1.0,0.7944035087719344,0.0491537774828752,0.0009990009990009,1.0,1.0,0.7374210526315831,0.8228947368421049,False,0.2055964912280655,4.182720062556609,0.0029480586527566,0.2625789473684169,0.1771052631578951,True,S,S,same-party
16180,20363,69,1.0,0.7703188405797105,0.0459695820019372,0.0009990009990009,1.0,1.0,0.7089090909090893,0.7990638297872322,True,0.2296811594202895,4.996372588521908,0.0029480586527566,0.2910909090909107,0.2009361702127677,True,S,S,same-party
16180,20364,63,1.0,0.7817936507936545,0.0454677994313698,0.0009990009990009,1.0,1.0,0.7122727272727263,0.8190975609756085,True,0.2182063492063455,4.799140313260847,0.0029480586527566,0.2877272727272737,0.1809024390243915,True,S,S,same-party
16180,20365,44,1.0,0.7159090909090909,0.0617135368192366,0.0009990009990009,1.0,1.0,0.7092727272727248,0.7225454545454528,True,0.284090909090909,4.603380777268226,0.0029480586527566,0.2907272727272751,0.2774545454545472,True,S,S,same-party
16180,20367,70,1.0,0.7785857142857135,0.0451120395961303,0.0009990009990009,1.0,1.0,0.721523809523808,0.8030408163265392,True,0.2214142857142864,4.908097432448591,0.0029480586527566,0.278476190476192,0.1969591836734607,True,S,S,same-party
16180,20368,54,1.0,0.7983888888888915,0.0497781651510616,0.0009990009990009,1.0,1.0,0.7344615384615386,0.8186585365853642,False,0.2016111111111085,4.05019169548094,0.0029480586527566,0.2655384615384614,0.1813414634146357,True,S,S,same-party
16180,20371,49,1.0,0.7404489795918373,0.0600122267256456,0.0009990009990009,1.0,1.0,0.7132272727272714,0.762629629629633,True,0.2595510204081627,4.324969003312225,0.0029480586527566,0.2867727272727286,0.237370370370367,True,S,V,different-party
16180,20377,60,1.0,0.7781500000000008,0.0493880891512753,0.0009990009990009,1.0,1.0,0.7167142857142837,0.8112307692307674,True,0.2218499999999992,4.491973749388727,0.0029480586527566,0.2832857142857162,0.1887692307692325,True,S,M,different-party
16180,20378,70,1.0,0.7809714285714275,0.0475369863495004,0.0009990009990009,1.0,1.0,0.7326500000000005,0.8002999999999976,True,0.2190285714285724,4.607540112413416,0.0029480586527566,0.2673499999999995,0.1997000000000024,True,S,M,different-party
16180,20385,61,1.0,0.7933278688524602,0.0478707558516466,0.0009990009990009,1.0,1.0,0.763818181818187,0.7998199999999985,False,0.2066721311475398,4.31729408635253,0.0029480586527566,0.236181818181813,0.2001800000000014,True,S,M,different-party
16180,20388,43,0.9302325581395348,0.8003488372093077,0.0535898182830977,0.0079920079920079,1.0,0.9090909090909092,0.6560000000000024,0.8440909090909146,False,0.1298837209302271,2.423664141648945,0.0229753900888258,0.3439999999999976,0.0649999999999945,True,S,UFG,different-party
16180,20389,59,1.0,0.766135593220339,0.0497503442922631,0.0009990009990009,1.0,1.0,0.6418333333333329,0.7978723404255313,False,0.233864406779661,4.700759564713811,0.0029480586527566,0.3581666666666671,0.2021276595744686,True,S,M,different-party
16180,20415,70,1.0,0.7762571428571424,0.0452922658798448,0.0009990009990009,1.0,1.0,0.7189499999999998,0.7991799999999997,True,0.2237428571428575,4.939979327517454,0.0029480586527566,0.2810500000000002,0.2008200000000003,True,S,M,different-party
16180,20496,47,1.0,0.7969361702127653,0.0522906877676349,0.0009990009990009,1.0,1.0,0.7571666666666659,0.8105714285714241,False,0.2030638297872347,3.883365058987045,0.0029480586527566,0.2428333333333341,0.1894285714285759,True,S,M,different-party
16180,20781,69,1.0,0.7754637681159416,0.0448890544512399,0.0009990009990009,1.0,1.0,0.7188499999999998,0.7985714285714374,True,0.2245362318840583,5.002026320869769,0.0029480586527566,0.2811500000000002,0.2014285714285626,True,S,S,same-party
16180,20930,45,1.0,0.8033999999999981,0.0519689368761178,0.0009990009990009,1.0,1.0,0.6581818181818198,0.8503823529411784,False,0.1966000000000018,3.783029090409363,0.0029480586527566,0.3418181818181802,0.1496176470588216,True,S,S,same-party
16180,21044,72,1.0,0.7727500000000007,0.0460809053592228,0.0009990009990009,1.0,1.0,0.7108181818181796,0.7999999999999998,True,0.2272499999999992,4.931543732235209,0.0029480586527566,0.2891818181818204,0.2000000000000001,True,S,S,same-party
16180,21159,49,1.0,0.7946530612244979,0.0528285986154132,0.0009990009990009,1.0,1.0,0.7226666666666652,0.8486428571428574,True,0.2053469387755021,3.887041189004591,0.0029480586527566,0.2773333333333347,0.1513571428571426,True,S,M,different-party
16351,17141,89,0.9775280898876404,0.7025280898876423,0.0456044824905892,0.0009990009990009,0.9642857142857144,1.0,0.6808214285714277,0.7393636363636393,True,0.2749999999999981,6.030108993271576,0.0029480586527566,0.2834642857142866,0.2606363636363606,True,S,KF,different-party
16351,18695,150,1.0,0.7364333333333355,0.0348227633462169,0.0009990009990009,1.0,1.0,0.6933913043478286,0.7730987654320994,True,0.2635666666666645,7.568803889749249,0.0029480586527566,0.3066086956521714,0.2269012345679005,True,S,V,different-party
16351,18696,71,1.0,0.7803521126760574,0.0453848153424435,0.0009990009990009,1.0,1.0,0.7547499999999998,0.7934255319148924,True,0.2196478873239425,4.839677889325451,0.0029480586527566,0.2452500000000002,0.2065744680851076,True,S,V,different-party
16351,18698,63,1.0,0.7977142857142928,0.0464920690278666,0.0009990009990009,,1.0,,0.7977142857142928,False,0.2022857142857071,4.350972510267505,0.0029480586527566,,0.2022857142857071,False,S,V,different-party
16351,18699,161,1.0,0.7382981366459636,0.0314691227560791,0.0009990009990009,1.0,1.0,0.6986172839506174,0.7784750000000003,True,0.2617018633540364,8.31614739891285,0.0029480586527566,0.3013827160493826,0.2215249999999997,True,S,V,different-party
16351,18700,56,1.0,0.7779285714285724,0.0495373995477451,0.0009990009990009,1.0,1.0,0.7364285714285721,0.8028285714285661,True,0.2220714285714276,4.482904443891745,0.0029480586527566,0.2635714285714279,0.1971714285714338,True,S,V,different-party
16351,18713,110,0.9,0.7116545454545459,0.0410430723751019,0.0009990009990009,0.8571428571428571,1.0,0.6978831168831163,0.7437878787878817,True,0.1883454545454541,4.588970650737896,0.0029480586527566,0.1592597402597407,0.2562121212121183,True,S,KF,different-party
16351,18715,68,1.0,0.8166323529411733,0.0433105405450232,0.0009990009990009,1.0,1.0,0.7820000000000041,0.8321063829787215,True,0.1833676470588267,4.233788005213369,0.0029480586527566,0.2179999999999958,0.1678936170212784,True,S,S,same-party
16351,18716,68,1.0,0.7966029411764686,0.0432890424817394,0.0009990009990009,1.0,1.0,0.7939500000000007,0.7977083333333334,True,0.2033970588235314,4.698580683768423,0.0029480586527566,0.2060499999999993,0.2022916666666666,True,S,S,same-party
16351,18717,138,1.0,0.7224130434782615,0.0361896077214209,0.0009990009990009,1.0,1.0,0.7066463414634158,0.7455000000000004,True,0.2775869565217385,7.670349970592039,0.0029480586527566,0.2933536585365842,0.2544999999999996,True,S,S,same-party
16351,18718,158,1.0,0.7370253164556958,0.0316864069192971,0.0009990009990009,1.0,1.0,0.6992926829268307,0.7777368421052606,True,0.2629746835443042,8.29929010929135,0.0029480586527566,0.3007073170731693,0.2222631578947393,True,S,S,same-party
16351,18719,108,1.0,0.7067870370370393,0.0415432753621226,0.0009990009990009,1.0,1.0,0.6951176470588254,0.7266250000000002,True,0.2932129629629607,7.058012648427327,0.0029480586527566,0.3048823529411746,0.2733749999999998,True,S,S,same-party
16351,18720,151,1.0,0.739841059602645,0.0343492551919005,0.0009990009990009,1.0,1.0,0.7011234567901226,0.7846428571428572,True,0.260158940397355,7.573932504326905,0.0029480586527566,0.2988765432098774,0.2153571428571428,True,S,S,same-party
16351,18725,122,0.8770491803278688,0.7131229508196718,0.0380795550332193,0.0009990009990009,0.8987341772151899,0.8372093023255814,0.7026329113924068,0.7323953488372065,True,0.163926229508197,4.304835740995214,0.0029480586527566,0.1961012658227831,0.1048139534883749,True,S,RV,different-party
16351,18729,136,0.8455882352941176,0.7158970588235305,0.035838866423075,0.0009990009990009,0.8589743589743589,0.8275862068965517,0.6919487179487193,0.748103448275863,True,0.1296911764705871,3.618729871073283,0.0029480586527566,0.1670256410256396,0.0794827586206887,True,S,RV,different-party
16351,19928,132,1.0,0.7305000000000033,0.0374267964185137,0.0009990009990009,1.0,1.0,0.6924202898550746,0.7722063492063518,True,0.2694999999999967,7.200723166001042,0.0029480586527566,0.3075797101449253,0.2277936507936482,True,S,S,same-party
16351,20349,72,1.0,0.6816250000000017,0.0529558556560226,0.0009990009990009,1.0,1.0,0.675333333333332,0.7004999999999967,False,0.3183749999999983,6.012083008685927,0.0029480586527566,0.324666666666668,0.2995000000000033,True,S,SP,different-party
16351,20362,150,1.0,0.7433800000000012,0.032929790193571,0.0009990009990009,1.0,1.0,0.7102962962962964,0.782217391304348,True,0.2566199999999988,7.792943668681466,0.0029480586527566,0.2897037037037036,0.217782608695652,True,S,S,same-party
16351,20363,159,1.0,0.7325094339622642,0.0337049175794491,0.0009990009990009,1.0,1.0,0.6906538461538474,0.7728148148148155,True,0.2674905660377358,7.936247445412314,0.0029480586527566,0.3093461538461526,0.2271851851851845,True,S,S,same-party
16351,20364,150,1.0,0.7371133333333354,0.0339774346598387,0.0009990009990009,1.0,1.0,0.69396153846154,0.7838611111111135,True,0.2628866666666646,7.737095790147917,0.0029480586527566,0.30603846153846,0.2161388888888865,True,S,S,same-party
16351,20365,136,1.0,0.7130661764705897,0.0377104631619072,0.0009990009990009,1.0,1.0,0.7025833333333342,0.7299999999999993,True,0.2869338235294103,7.60886500644344,0.0029480586527566,0.2974166666666658,0.2700000000000007,True,S,S,same-party
16351,20367,163,1.0,0.7419754601226989,0.0327662280047687,0.0009990009990009,1.0,1.0,0.7072168674698756,0.7780375,True,0.2580245398773011,7.874709894582571,0.0029480586527566,0.2927831325301244,0.2219624999999999,True,S,S,same-party
16351,20368,132,1.0,0.73537878787879,0.0376384677897373,0.0009990009990009,1.0,1.0,0.7025466666666671,0.7785789473684241,True,0.26462121212121,7.030605326430501,0.0029480586527566,0.2974533333333329,0.2214210526315758,True,S,S,same-party
16351,20369,137,0.9343065693430656,0.7369927007299283,0.036160143034033,0.0009990009990009,0.9558823529411764,0.9130434782608696,0.7101764705882372,0.7634202898550734,True,0.1973138686131373,5.456667260066701,0.0029480586527566,0.2457058823529393,0.1496231884057961,True,S,KF,different-party
16351,20371,142,1.0,0.7202464788732393,0.0348131100173821,0.0009990009990009,1.0,1.0,0.7009761904761908,0.7481551724137943,True,0.2797535211267606,8.035866976178806,0.0029480586527566,0.2990238095238092,0.2518448275862057,True,S,V,different-party
16351,20377,81,1.0,0.7862592592592588,0.0425933689926616,0.0009990009990009,1.0,1.0,0.7556551724137907,0.8033269230769237,True,0.2137407407407412,5.018169395747171,0.0029480586527566,0.2443448275862093,0.1966730769230763,True,S,M,different-party
16351,20378,163,1.0,0.7425950920245393,0.0326270995295717,0.0009990009990009,1.0,1.0,0.7097804878048788,0.7758148148148154,True,0.2574049079754607,7.889297905324391,0.0029480586527566,0.2902195121951212,0.2241851851851846,True,S,M,different-party
16351,20384,86,1.0,0.6764651162790648,0.0477025638048287,0.0009990009990009,1.0,1.0,0.671859375,0.6898636363636335,True,0.3235348837209352,6.782337424140394,0.0029480586527566,0.3281406249999999,0.3101363636363665,True,S,M,different-party
16351,20385,65,1.0,0.7961076923076831,0.0442886665303564,0.0009990009990009,1.0,1.0,0.7931176470588249,0.7971666666666672,False,0.2038923076923169,4.603712951090199,0.0029480586527566,0.206882352941175,0.2028333333333327,True,S,M,different-party
16351,20386,109,0.9908256880733946,0.7222018348623859,0.0401901787300941,0.0009990009990009,1.0,0.9772727272727272,0.6920615384615425,0.7667272727272719,True,0.2686238532110087,6.683818328229155,0.0029480586527566,0.3079384615384575,0.2105454545454553,True,S,M,different-party
16351,20388,47,0.9574468085106383,0.7999787234042539,0.0520219387208609,0.0019980019980019,1.0,0.935483870967742,0.7139375,0.8443870967741871,False,0.1574680851063844,3.026955338041629,0.005829605033321,0.2860625,0.0910967741935547,True,S,UFG,different-party
16351,20389,155,1.0,0.7339419354838734,0.0333034017351874,0.0009990009990009,1.0,1.0,0.6902972972972966,0.7738148148148153,True,0.2660580645161265,7.988915565793894,0.0029480586527566,0.3097027027027034,0.2261851851851847,True,S,M,different-party
16351,20415,161,1.0,0.7385403726708092,0.0317658789762074,0.0009990009990009,1.0,1.0,0.7002875000000001,0.7763209876543216,True,0.2614596273291908,8.230832445248028,0.0029480586527566,0.2997124999999999,0.2236790123456784,True,S,M,different-party
16351,20496,133,1.0,0.7332631578947323,0.0368478140747606,0.0009990009990009,1.0,1.0,0.6935147058823534,0.7748461538461492,True,0.2667368421052677,7.238878310775359,0.0029480586527566,0.3064852941176466,0.2251538461538508,True,S,M,different-party
16351,20781,157,1.0,0.7343184713375807,0.0320784089107352,0.0009990009990009,1.0,1.0,0.6927368421052653,0.7733333333333337,True,0.2656815286624193,8.282253942261674,0.0029480586527566,0.3072631578947347,0.2266666666666663,True,S,S,same-party
16351,20925,155,0.9225806451612903,0.7401032258064533,0.0318998118084195,0.0009990009990009,0.8809523809523809,0.971830985915493,0.702416666666668,0.7846901408450714,True,0.182477419354837,5.720329024219343,0.0029480586527566,0.1785357142857129,0.1871408450704216,True,S,KF,different-party
16351,20930,78,1.0,0.7965384615384591,0.0397864341660478,0.0009990009990009,1.0,1.0,0.7442258064516099,0.8310425531914862,True,0.2034615384615409,5.113842009877,0.0029480586527566,0.2557741935483901,0.1689574468085137,True,S,S,same-party
16351,21044,165,1.0,0.736557575757577,0.0320060054424339,0.0009990009990009,1.0,1.0,0.7010595238095236,0.7733703703703703,True,0.263442424242423,8.231031039354514,0.0029480586527566,0.2989404761904763,0.2266296296296297,True,S,S,same-party
16351,21143,125,1.0,0.7138319999999977,0.0390957318930967,0.0009990009990009,1.0,1.0,0.688227272727271,0.7424745762711867,True,0.2861680000000023,7.319673686695496,0.0029480586527566,0.311772727272729,0.2575254237288132,True,S,S,same-party
16351,21159,141,1.0,0.7381914893617006,0.0340874968363512,0.0009990009990009,1.0,1.0,0.7021829268292687,0.788237288135593,True,0.2618085106382993,7.680485073315927,0.0029480586527566,0.2978170731707312,0.2117627118644069,True,S,M,different-party
16351,21168,126,1.0,0.7046111111111063,0.0388362001219988,0.0009990009990009,1.0,1.0,0.6897972972972971,0.7256923076923081,True,0.2953888888888937,7.606019331473418,0.0029480586527566,0.3102027027027029,0.2743076923076919,True,S,V,different-party
16582,18693,64,0.984375,0.802828125,0.0457532802076438,0.0009990009990009,0.9473684210526316,1.0,0.8078421052631629,0.8007111111111082,False,0.181546875,3.967953208514866,0.0029480586527566,0.1395263157894686,0.1992888888888918,True,EL,EL,same-party
16582,18694,157,0.9936305732484076,0.7396687898089178,0.0327626831378077,0.0009990009990009,1.0,0.9876543209876544,0.7005000000000022,0.7764197530864194,True,0.2539617834394898,7.751556317022792,0.0029480586527566,0.2994999999999977,0.2112345679012348,True,EL,EL,same-party
16582,20411,63,0.984126984126984,0.7907936507936556,0.0455415382223339,0.0009990009990009,1.0,0.981132075471698,0.6602000000000012,0.815433962264156,False,0.1933333333333284,4.245208679370348,0.0029480586527566,0.3397999999999987,0.1656981132075421,True,EL,EL,same-party
16728,18704,49,1.0,0.7901020408163347,0.0518392544269857,0.0009990009990009,1.0,1.0,0.7441923076923075,0.8419999999999963,True,0.2098979591836652,4.049015779717684,0.0029480586527566,0.2558076923076925,0.1580000000000037,True,SF,SF,same-party
16728,18707,115,1.0,0.7215826086956535,0.0388975540565513,0.0009990009990009,1.0,1.0,0.69027027027027,0.778097560975607,True,0.2784173913043465,7.157709477042402,0.0029480586527566,0.30972972972973,0.221902439024393,True,SF,SF,same-party
16728,18708,95,1.0,0.7090526315789484,0.0456351849423935,0.0009990009990009,1.0,1.0,0.6608771929824576,0.7813157894736839,True,0.2909473684210516,6.375505408564065,0.0029480586527566,0.3391228070175424,0.2186842105263161,True,SF,SF,same-party
16728,18709,91,1.0,0.7073846153846128,0.0463514964740746,0.0009990009990009,1.0,1.0,0.68771875,0.7540000000000039,True,0.2926153846153871,6.312965208772774,0.0029480586527566,0.3122812499999999,0.2459999999999961,True,SF,SF,same-party
16728,19000,48,1.0,0.8022916666666664,0.0531164225118071,0.0009990009990009,1.0,1.0,0.7144375,0.84621875,False,0.1977083333333336,3.722169603748924,0.0029480586527566,0.2855625,0.1537812499999999,True,SF,SF,same-party
16728,20359,124,1.0,0.7309354838709682,0.0380229181992039,0.0009990009990009,1.0,1.0,0.6899054054054045,0.7916599999999999,True,0.2690645161290318,7.076377323786403,0.0029480586527566,0.3100945945945955,0.20834,True,SF,SF,same-party
16728,20360,49,1.0,0.8225510204081737,0.0505616646249414,0.0009990009990009,1.0,1.0,0.779294117647059,0.84553125,False,0.1774489795918262,3.509555725827364,0.0029480586527566,0.2207058823529409,0.15446875,True,SF,SF,same-party
16728,20798,118,1.0,0.7257033898305099,0.0390948953707749,0.0009990009990009,1.0,1.0,0.6759117647058833,0.7934199999999992,True,0.2742966101694901,7.016174555989175,0.0029480586527566,0.3240882352941167,0.2065800000000007,True,SF,SF,same-party
16728,20962,40,1.0,0.8134249999999991,0.0557202757003577,0.0009990009990009,1.0,1.0,0.7774705882352942,0.839999999999996,False,0.1865750000000009,3.3484220538198657,0.0029480586527566,0.2225294117647057,0.160000000000004,True,SF,SF,same-party
17141,18695,92,0.967391304347826,0.7066413043478245,0.044776604769661,0.0009990009990009,0.9642857142857144,0.9722222222222222,0.6804285714285713,0.7474166666666662,True,0.2607500000000016,5.8233535423542415,0.0029480586527566,0.283857142857143,0.224805555555556,True,KF,V,different-party
17141,18699,85,0.9882352941176472,0.6975764705882348,0.0459468879734185,0.0009990009990009,0.981132075471698,1.0,0.6701320754716973,0.74303125,True,0.2906588235294123,6.325974105092075,0.0029480586527566,0.3110000000000008,0.2569687499999999,True,KF,V,different-party
17141,18713,82,0.975609756097561,0.6982317073170736,0.0485019376161786,0.0009990009990009,0.9591836734693876,1.0,0.6652448979591797,0.7472121212121249,True,0.2773780487804873,5.718906551229473,0.0029480586527566,0.293938775510208,0.2527878787878751,True,KF,KF,same-party
17141,18717,88,0.9886363636363636,0.7050568181818189,0.0464767207995159,0.0009990009990009,0.9818181818181818,1.0,0.6822363636363635,0.7430909090909122,True,0.2835795454545448,6.101539449777582,0.0029480586527566,0.2995818181818183,0.2569090909090877,True,KF,S,different-party
17141,18718,86,0.9651162790697676,0.7001046511627852,0.0459779762954281,0.0009990009990009,0.9629629629629628,0.96875,0.6741111111111103,0.74396875,True,0.2650116279069823,5.76388195522503,0.0029480586527566,0.2888518518518526,0.22478125,True,KF,S,different-party
17141,18719,83,0.9759036144578314,0.7083373493975864,0.0487574048526317,0.0009990009990009,0.98,0.9696969696969696,0.6841000000000002,0.7450606060606093,True,0.2675662650602449,5.487705218703878,0.0029480586527566,0.2958999999999998,0.2246363636363604,True,KF,S,different-party
17141,18720,89,0.9775280898876404,0.7030449438202271,0.0483713965855397,0.0009990009990009,0.981132075471698,0.9722222222222222,0.6729245283018872,0.747388888888888,True,0.2744831460674133,5.674492891310641,0.0029480586527566,0.3082075471698109,0.2248333333333342,True,KF,S,different-party
17141,18725,88,0.9090909090909092,0.7052613636363653,0.0465379449546936,0.0009990009990009,0.9230769230769232,0.8888888888888888,0.676096153846154,0.74738888888889,True,0.2038295454545438,4.379857031782967,0.0029480586527566,0.2469807692307691,0.1414999999999988,True,KF,RV,different-party
17141,18729,86,0.8837209302325582,0.6945116279069714,0.0486729484794707,0.0009990009990009,0.88,0.8888888888888888,0.658140000000001,0.7450277777777788,True,0.1892093023255867,3.887360602479044,0.0029480586527566,0.221859999999999,0.14386111111111,True,KF,RV,different-party
17141,19928,92,0.967391304347826,0.7053804347826058,0.0433010585184702,0.0009990009990009,0.9642857142857144,0.9722222222222222,0.6792321428571426,0.7460555555555559,True,0.2620108695652202,6.050911421794884,0.0029480586527566,0.2850535714285717,0.2261666666666663,True,KF,S,different-party
17141,20349,70,1.0,0.6839571428571442,0.0545715472389517,0.0009990009990009,1.0,1.0,0.677730769230768,0.7019444444444424,False,0.3160428571428558,5.791348663049689,0.0029480586527566,0.322269230769232,0.2980555555555576,True,KF,SP,different-party
17141,20362,91,0.978021978021978,0.7076703296703276,0.0457265818613573,0.0009990009990009,0.9818181818181818,0.9722222222222222,0.6830181818181827,0.7453333333333325,True,0.2703516483516504,5.912352013788277,0.0029480586527566,0.298799999999999,0.2268888888888897,True,KF,S,different-party
17141,20363,89,0.9775280898876404,0.7048426966292162,0.0466554425768084,0.0009990009990009,0.9642857142857144,1.0,0.681964285714285,0.7436666666666703,True,0.2726853932584242,5.844664163446836,0.0029480586527566,0.2823214285714293,0.2563333333333297,True,KF,S,different-party
17141,20364,92,0.967391304347826,0.7072934782608682,0.0454205048562468,0.0009990009990009,0.9642857142857144,0.9722222222222222,0.6804107142857142,0.7491111111111106,True,0.2600978260869578,5.726440666173833,0.0029480586527566,0.2838750000000001,0.2231111111111116,True,KF,S,different-party
17141,20365,92,0.967391304347826,0.7069130434782582,0.0470633992161841,0.0009990009990009,0.9642857142857144,0.9722222222222222,0.6814821428571426,0.7464722222222222,True,0.2604782608695678,5.534624893392621,0.0029480586527566,0.2828035714285717,0.22575,True,KF,S,different-party
17141,20367,91,0.978021978021978,0.710989010989009,0.044978161257092,0.0009990009990009,0.9818181818181818,0.9722222222222222,0.6856545454545458,0.7496944444444443,True,0.2670329670329689,5.93694716657329,0.0029480586527566,0.2961636363636359,0.2225277777777778,True,KF,S,different-party
17141,20368,77,0.961038961038961,0.6891168831168832,0.0525750225667819,0.0009990009990009,0.9642857142857144,0.9523809523809524,0.6783214285714289,0.7179047619047598,True,0.2719220779220778,5.172077245933204,0.0029480586527566,0.2859642857142854,0.2344761904761925,True,KF,S,different-party
17141,20369,86,1.0,0.7117209302325541,0.0472001555082211,0.0009990009990009,1.0,1.0,0.6852400000000016,0.7485000000000002,True,0.2882790697674459,6.107587287868878,0.0029480586527566,0.3147599999999984,0.2514999999999998,True,KF,KF,same-party
17141,20371,92,0.967391304347826,0.7064565217391295,0.046989537322207,0.0009990009990009,0.9642857142857144,0.9722222222222222,0.6785535714285715,0.7498611111111121,True,0.2609347826086965,5.553040048457337,0.0029480586527566,0.2857321428571427,0.2223611111111101,True,KF,V,different-party
17141,20378,91,0.978021978021978,0.7082747252747232,0.0458430063744848,0.0009990009990009,0.9818181818181818,0.9722222222222222,0.6821454545454546,0.7481944444444449,True,0.2697472527472547,5.884152765718036,0.0029480586527566,0.2996727272727272,0.2240277777777772,True,KF,M,different-party
17141,20384,70,0.9714285714285714,0.6794857142857142,0.0560307628465174,0.0009990009990009,0.9615384615384616,1.0,0.6732499999999992,0.6974999999999962,False,0.2919428571428571,5.210403041317908,0.0029480586527566,0.2882884615384623,0.3025000000000037,True,KF,M,different-party
17141,20386,85,0.976470588235294,0.6989411764705876,0.0479568960392704,0.0009990009990009,0.981132075471698,0.96875,0.6710566037735851,0.745125,True,0.2775294117647064,5.787059519812255,0.0029480586527566,0.310075471698113,0.2236249999999999,True,KF,M,different-party
17141,20389,89,0.9775280898876404,0.7025393258426983,0.0470447906638077,0.0009990009990009,0.9642857142857144,1.0,0.68105357142857,0.7390000000000037,True,0.2749887640449421,5.845254281394757,0.0029480586527566,0.2832321428571442,0.2609999999999963,True,KF,M,different-party
17141,20415,88,0.9886363636363636,0.7053863636363644,0.0455064484358343,0.0009990009990009,1.0,0.9722222222222222,0.6757692307692297,0.7481666666666666,True,0.2832499999999992,6.224392580304117,0.0029480586527566,0.3242307692307703,0.2240555555555555,True,KF,M,different-party
17141,20496,91,0.978021978021978,0.7080989010988998,0.0455947907881637,0.0009990009990009,0.9818181818181818,0.9722222222222222,0.6834909090909107,0.7456944444444447,True,0.2699230769230781,5.920042010438374,0.0029480586527566,0.2983272727272711,0.2265277777777775,True,KF,M,different-party
17141,20781,89,0.9887640449438202,0.7042247191011256,0.0477429984358209,0.0009990009990009,1.0,0.9714285714285714,0.6825185185185175,0.7377142857142821,True,0.2845393258426946,5.959812646145169,0.0029480586527566,0.3174814814814825,0.2337142857142893,True,KF,S,different-party
17141,20925,92,1.0,0.7062934782608685,0.0466289930379025,0.0009990009990009,1.0,1.0,0.6795535714285721,0.7478888888888895,True,0.2937065217391315,6.298796148147375,0.0029480586527566,0.3204464285714279,0.2521111111111105,True,KF,KF,same-party
17141,21044,92,0.967391304347826,0.7041847826086944,0.0445911968345936,0.0009990009990009,0.9642857142857144,0.9722222222222222,0.6775357142857149,0.7456388888888899,True,0.2632065217391316,5.902656587475515,0.0029480586527566,0.2867499999999994,0.2265833333333323,True,KF,S,different-party
17141,21143,86,0.9883720930232558,0.7008372093023205,0.0476699130356726,0.0009990009990009,0.981132075471698,1.0,0.6743962264150943,0.7433030303030331,True,0.2875348837209353,6.031789558872603,0.0029480586527566,0.3067358490566038,0.2566969696969668,True,KF,S,different-party
17141,21159,91,0.967032967032967,0.70765934065934,0.0448993360595324,0.0009990009990009,0.9636363636363636,0.9722222222222222,0.6804727272727282,0.7491944444444446,True,0.259373626373627,5.776780886686634,0.0029480586527566,0.2831636363636354,0.2230277777777776,True,KF,M,different-party
17141,21168,89,0.9775280898876404,0.7024831460674169,0.0461802556789765,0.0009990009990009,0.9642857142857144,1.0,0.6783214285714287,0.7434848484848512,True,0.2750449438202235,5.955899112646905,0.0029480586527566,0.2859642857142855,0.2565151515151488,True,KF,V,different-party
17629,20355,56,1.0,0.8135892857142851,0.0467336410321636,0.0009990009990009,,1.0,,0.8135892857142851,False,0.1864107142857148,3.988790733369581,0.0029480586527566,,0.1864107142857148,False,DD,DD,same-party
17629,20374,47,1.0,0.8117234042553194,0.0481402353827535,0.0009990009990009,1.0,1.0,0.7861999999999978,0.8186216216216209,False,0.1882765957446805,3.911002807687385,0.0029480586527566,0.2138000000000022,0.1813783783783791,True,DD,DD,same-party
17629,20376,57,1.0,0.8024561403508826,0.0479813492282733,0.0009990009990009,1.0,1.0,0.7908999999999976,0.8049148936170196,False,0.1975438596491173,4.117096805871257,0.0029480586527566,0.2091000000000024,0.1950851063829803,True,DD,DD,same-party
18693,18694,70,0.9714285714285714,0.8059571428571433,0.0432559522370161,0.0009990009990009,0.96,0.9777777777777776,0.8073999999999978,0.8051555555555542,True,0.1654714285714281,3.82540251720147,0.0029480586527566,0.1526000000000021,0.1726222222222235,True,EL,EL,same-party
18693,20411,45,0.9777777777777776,0.8173111111111094,0.0520381751734508,0.0029970029970029,1.0,0.9736842105263158,0.7721428571428528,0.8256315789473685,False,0.1604666666666683,3.083633623427598,0.0087126097043452,0.2278571428571472,0.1480526315789473,True,EL,EL,same-party
18694,20411,69,0.9855072463768116,0.7933188405797094,0.0433083850649499,0.0009990009990009,1.0,0.981132075471698,0.716375,0.8165471698113249,False,0.1921884057971022,4.437671954492783,0.0029480586527566,0.283625,0.1645849056603732,True,EL,EL,same-party
18695,18696,59,1.0,0.7879152542372893,0.0483451126660154,0.0009990009990009,1.0,1.0,0.7541111111111158,0.7940000000000002,False,0.2120847457627107,4.386891126469485,0.0029480586527566,0.2458888888888841,0.2059999999999998,True,V,V,same-party
18695,18698,66,1.0,0.7976060606060623,0.0455122332388924,0.0009990009990009,,1.0,,0.7976060606060623,False,0.2023939393939376,4.447022811022643,0.0029480586527566,,0.2023939393939376,False,V,V,same-party
18695,18699,146,1.0,0.7362123287671238,0.0339067643469669,0.0009990009990009,1.0,1.0,0.6883636363636361,0.7756875000000005,True,0.2637876712328761,7.779794867287971,0.0029480586527566,0.3116363636363639,0.2243124999999994,True,V,V,same-party
18695,18700,51,1.0,0.8004901960784301,0.0511579944943565,0.0009990009990009,1.0,1.0,0.7859999999999944,0.8054473684210539,False,0.1995098039215699,3.8998753937388737,0.0029480586527566,0.2140000000000056,0.1945526315789461,True,V,V,same-party
18695,18713,95,0.9473684210526316,0.7025894736842121,0.0452459697596472,0.0009990009990009,0.9193548387096774,1.0,0.6824193548387111,0.7404848484848517,True,0.2447789473684194,5.409961343932252,0.0029480586527566,0.2369354838709663,0.2595151515151482,True,V,KF,different-party
18695,18715,65,1.0,0.8127692307692199,0.0458760666278581,0.0009990009990009,1.0,1.0,0.7526666666666667,0.8307999999999995,False,0.18723076923078,4.081229778254016,0.0029480586527566,0.2473333333333333,0.1692000000000004,True,V,S,different-party
18695,18716,65,1.0,0.7897230769230703,0.0444242966576418,0.0009990009990009,1.0,1.0,0.7617857142857162,0.7973921568627457,False,0.2102769230769297,4.733376528106671,0.0029480586527566,0.2382142857142838,0.2026078431372543,True,V,S,different-party
18695,18717,123,1.0,0.7197235772357746,0.0374094155637805,0.0009990009990009,1.0,1.0,0.6981791044776124,0.7455000000000006,True,0.2802764227642254,7.492135831054952,0.0029480586527566,0.3018208955223875,0.2544999999999994,True,V,S,different-party
18695,18718,146,1.0,0.7352671232876711,0.0346800212904335,0.0009990009990009,1.0,1.0,0.6887164179104486,0.7747468354430395,True,0.2647328767123289,7.633584607554886,0.0029480586527566,0.3112835820895514,0.2252531645569605,True,V,S,different-party
18695,18719,96,1.0,0.7018229166666672,0.0441725101251036,0.0009990009990009,1.0,1.0,0.679150943396227,0.7297674418604628,True,0.2981770833333328,6.75028615056848,0.0029480586527566,0.320849056603773,0.2702325581395371,True,V,S,different-party
18695,18720,139,1.0,0.740280575539568,0.0351065953960197,0.0009990009990009,1.0,1.0,0.6904999999999982,0.7852876712328719,True,0.2597194244604319,7.3980236912941475,0.0029480586527566,0.3095000000000018,0.2147123287671281,True,V,S,different-party
18695,18725,110,0.8818181818181818,0.7117181818181827,0.0426357573851718,0.0009990009990009,0.921875,0.8260869565217391,0.694984375,0.7349999999999994,True,0.1700999999999991,3.9896089674991337,0.0029480586527566,0.226890625,0.0910869565217397,True,V,RV,different-party
18695,18729,124,0.8467741935483871,0.7161129032258062,0.0380551719868503,0.0009990009990009,0.873015873015873,0.819672131147541,0.6811269841269789,0.7522459016393429,True,0.1306612903225809,3.433469972694644,0.0029480586527566,0.1918888888888941,0.0674262295081981,True,V,RV,different-party
18695,19928,135,1.0,0.7313925925925961,0.035560495337634,0.0009990009990009,1.0,1.0,0.694724637681162,0.7697272727272717,True,0.2686074074074038,7.55353391051147,0.0029480586527566,0.305275362318838,0.2302727272727283,True,V,S,different-party
18695,20349,72,1.0,0.6817361111111109,0.0523483645348883,0.0009990009990009,1.0,1.0,0.6773518518518507,0.6948888888888861,False,0.3182638888888891,6.079729361492803,0.0029480586527566,0.3226481481481493,0.3051111111111139,True,V,SP,different-party
18695,20362,140,1.0,0.7396285714285719,0.0346669660227597,0.0009990009990009,1.0,1.0,0.695485294117648,0.7813194444444448,True,0.2603714285714281,7.510649429214197,0.0029480586527566,0.3045147058823519,0.2186805555555552,True,V,S,different-party
18695,20363,150,1.0,0.7370866666666684,0.033481838695166,0.0009990009990009,1.0,1.0,0.6943043478260895,0.7735308641975313,True,0.2629133333333315,7.852416222627865,0.0029480586527566,0.3056956521739105,0.2264691358024687,True,V,S,different-party
18695,20364,144,1.0,0.7398819444444446,0.0354658109697602,0.0009990009990009,1.0,1.0,0.6932463768115973,0.7827866666666674,True,0.2601180555555554,7.334332655676295,0.0029480586527566,0.3067536231884027,0.2172133333333326,True,V,S,different-party
18695,20365,124,1.0,0.7112903225806451,0.0393527000772366,0.0009990009990009,1.0,1.0,0.692956521739134,0.7342909090909111,True,0.2887096774193549,7.3364642541099165,0.0029480586527566,0.307043478260866,0.2657090909090889,True,V,S,different-party
18695,20367,151,1.0,0.7406357615894017,0.033460839250894,0.0009990009990009,1.0,1.0,0.6969411764705895,0.7764337349397633,True,0.2593642384105983,7.751277141193298,0.0029480586527566,0.3030588235294105,0.2235662650602367,True,V,S,different-party
18695,20368,129,1.0,0.7326666666666649,0.0366496643112892,0.0009990009990009,1.0,1.0,0.6917826086956554,0.7796833333333348,True,0.2673333333333351,7.294291458243681,0.0029480586527566,0.3082173913043445,0.2203166666666651,True,V,S,different-party
18695,20369,134,0.9328358208955224,0.7364850746268652,0.0360360427884555,0.0009990009990009,0.967741935483871,0.9027777777777778,0.7008064516129041,0.7672083333333342,True,0.1963507462686572,5.448732187973751,0.0029480586527566,0.2669354838709669,0.1355694444444436,True,V,KF,different-party
18695,20371,130,1.0,0.718215384615389,0.0374705440953656,0.0009990009990009,1.0,1.0,0.6919565217391329,0.747918032786885,True,0.2817846153846109,7.520163429371236,0.0029480586527566,0.3080434782608671,0.252081967213115,True,V,V,same-party
18695,20377,69,1.0,0.7949710144927528,0.0446811756286362,0.0009990009990009,1.0,1.0,0.7638571428571453,0.8028909090909119,False,0.2050289855072472,4.588710628639853,0.0029480586527566,0.2361428571428546,0.1971090909090881,True,V,M,different-party
18695,20378,151,1.0,0.7411655629139048,0.035167460533734,0.0009990009990009,1.0,1.0,0.700432835820897,0.7736547619047645,True,0.2588344370860952,7.360054810833185,0.0029480586527566,0.299567164179103,0.2263452380952355,True,V,M,different-party
18695,20384,77,1.0,0.6743376623376618,0.0544399037429993,0.0009990009990009,1.0,1.0,0.6693090909090926,0.6869090909090901,True,0.3256623376623382,5.982052047698863,0.0029480586527566,0.3306909090909073,0.3130909090909098,True,V,M,different-party
18695,20385,62,1.0,0.793193548387096,0.047685933417019,0.0009990009990009,1.0,1.0,0.7634545454545507,0.7996078431372542,False,0.206806451612904,4.336843945243923,0.0029480586527566,0.2365454545454492,0.2003921568627458,True,V,M,different-party
18695,20386,109,0.9908256880733946,0.7207706422018338,0.0401842079122362,0.0009990009990009,1.0,0.9772727272727272,0.6910461538461583,0.7646818181818196,True,0.2700550458715607,6.720427249962745,0.0029480586527566,0.3089538461538417,0.2125909090909077,True,V,M,different-party
18695,20389,140,1.0,0.7326785714285722,0.0346173417544158,0.0009990009990009,1.0,1.0,0.6754406779661022,0.7743703703703703,True,0.2673214285714278,7.722182438728933,0.0029480586527566,0.3245593220338978,0.2256296296296297,True,V,M,different-party
18695,20415,149,1.0,0.7384966442953022,0.0333695604251702,0.0009990009990009,1.0,1.0,0.6912000000000037,0.7750952380952388,True,0.2615033557046978,7.836583771941125,0.0029480586527566,0.3087999999999963,0.2249047619047611,True,V,M,different-party
18695,20496,136,1.0,0.7354779411764714,0.0365916073105278,0.0009990009990009,1.0,1.0,0.694529411764706,0.7764264705882326,True,0.2645220588235286,7.229036335537597,0.0029480586527566,0.305470588235294,0.2235735294117674,True,V,M,different-party
18695,20781,150,1.0,0.7375400000000011,0.0339337575269567,0.0009990009990009,1.0,1.0,0.6955522388059715,0.7714337349397629,True,0.2624599999999989,7.734480915987649,0.0029480586527566,0.3044477611940285,0.2285662650602371,True,V,S,different-party
18695,20925,143,0.951048951048951,0.7412167832167827,0.0352376472986836,0.0009990009990009,0.9420289855072465,0.9594594594594594,0.6937101449275387,0.7855135135135154,True,0.2098321678321683,5.95477235053678,0.0029480586527566,0.2483188405797076,0.173945945945944,True,V,KF,different-party
18695,20930,66,1.0,0.809878787878789,0.0444285579529062,0.0009990009990009,1.0,1.0,0.750125,0.8290000000000003,False,0.190121212121211,4.279256876235719,0.0029480586527566,0.2498749999999999,0.1709999999999997,True,V,S,different-party
18695,21044,153,1.0,0.7375359477124186,0.0331070165428063,0.0009990009990009,1.0,1.0,0.6914637681159446,0.7753809523809541,True,0.2624640522875814,7.927747036590378,0.0029480586527566,0.3085362318840554,0.2246190476190459,True,V,S,different-party
18695,21143,125,1.0,0.7136559999999986,0.0392230048327734,0.0009990009990009,1.0,1.0,0.6881060606060593,0.7422372881355926,True,0.2863440000000014,7.3004095739432495,0.0029480586527566,0.3118939393939407,0.2577627118644073,True,V,S,different-party
18695,21159,129,1.0,0.7412248062015496,0.0349838721179352,0.0009990009990009,1.0,1.0,0.6964925373134327,0.7895645161290306,True,0.2587751937984504,7.396985471650621,0.0029480586527566,0.3035074626865672,0.2104354838709694,True,V,M,different-party
18695,21168,111,1.0,0.6999549549549557,0.0426463909922807,0.0009990009990009,1.0,1.0,0.6780847457627133,0.7247692307692305,True,0.3000450450450442,7.035649161950278,0.0029480586527566,0.3219152542372867,0.2752307692307695,True,V,V,same-party
18696,18698,50,1.0,0.7934599999999988,0.0509217185631166,0.0009990009990009,,1.0,,0.7934599999999988,False,0.2065400000000011,4.056029643697084,0.0029480586527566,,0.2065400000000011,False,V,V,same-party
18696,18699,69,1.0,0.779855072463768,0.0473018092006771,0.0009990009990009,1.0,1.0,0.7489545454545455,0.7943191489361698,True,0.220144927536232,4.654048782833459,0.0029480586527566,0.2510454545454544,0.2056808510638301,True,V,V,same-party
18696,18700,47,1.0,0.7705957446808489,0.0567474753382649,0.0009990009990009,1.0,1.0,0.6634000000000022,0.799567567567565,False,0.2294042553191511,4.042545574965226,0.0029480586527566,0.3365999999999978,0.200432432432435,True,V,V,same-party
18696,18715,43,1.0,0.8286744186046605,0.0523300999306942,0.0009990009990009,1.0,1.0,0.7941111111111183,0.8378235294117669,False,0.1713255813953395,3.273939503693714,0.0029480586527566,0.2058888888888816,0.1621764705882331,True,V,S,different-party
18696,18716,58,1.0,0.7976724137930961,0.0472624207146885,0.0009990009990009,1.0,1.0,0.831625,0.7922399999999995,False,0.2023275862069039,4.280939976145218,0.0029480586527566,0.168375,0.2077600000000005,True,V,S,different-party
18696,18717,46,1.0,0.7602173913043485,0.0581140518939124,0.0009990009990009,1.0,1.0,0.7619565217391302,0.7584782608695649,True,0.2397826086956515,4.126069356398966,0.0029480586527566,0.2380434782608698,0.241521739130435,True,V,S,different-party
18696,18718,72,1.0,0.7827361111111107,0.0437962597022517,0.0009990009990009,1.0,1.0,0.7513478260869563,0.797469387755111,True,0.2172638888888892,4.960786386005441,0.0029480586527566,0.2486521739130437,0.202530612244889,True,V,S,different-party
18696,18720,61,1.0,0.7919836065573769,0.0466345797542521,0.0009990009990009,1.0,1.0,0.7507272727272729,0.815256410256408,True,0.2080163934426231,4.46056112307212,0.0029480586527566,0.2492727272727271,0.1847435897435919,True,V,S,different-party
18696,19928,41,1.0,0.7893658536585337,0.0584819524180705,0.0009990009990009,1.0,1.0,0.7596666666666724,0.79771875,False,0.2106341463414662,3.6016948414393526,0.0029480586527566,0.2403333333333276,0.2022812499999999,True,V,S,different-party
18696,20362,60,1.0,0.7995000000000023,0.0492720335366657,0.0009990009990009,1.0,1.0,0.7740454545454561,0.8142368421052634,True,0.2004999999999976,4.069245484881316,0.0029480586527566,0.2259545454545438,0.1857631578947366,True,V,S,different-party
18696,20363,65,1.0,0.7738307692307632,0.0475510368037123,0.0009990009990009,1.0,1.0,0.718388888888887,0.7950638297872331,False,0.2261692307692367,4.756346989926822,0.0029480586527566,0.281611111111113,0.2049361702127669,True,V,S,different-party
18696,20364,59,1.0,0.7835762711864392,0.0484158670160449,0.0009990009990009,1.0,1.0,0.7165555555555526,0.8129999999999984,False,0.2164237288135607,4.470099208216972,0.0029480586527566,0.2834444444444474,0.1870000000000016,True,V,S,different-party
18696,20365,46,1.0,0.7371086956521741,0.0603708727726647,0.0009990009990009,1.0,1.0,0.7510416666666684,0.7219090909090895,True,0.2628913043478259,4.35460499863537,0.0029480586527566,0.2489583333333316,0.2780909090909105,True,V,S,different-party
18696,20367,73,1.0,0.7824794520547894,0.0446814752155886,0.0009990009990009,1.0,1.0,0.7535416666666664,0.796653061224498,True,0.2175205479452105,4.868249020330494,0.0029480586527566,0.2464583333333335,0.203346938775502,True,V,S,different-party
18696,20368,56,1.0,0.8104464285714293,0.0478489963580513,0.0009990009990009,1.0,1.0,0.8017333333333299,0.8136341463414625,False,0.1895535714285706,3.9614952424529832,0.0029480586527566,0.1982666666666701,0.1863658536585375,True,V,S,different-party
18696,20371,52,1.0,0.7563653846153853,0.0558615842639369,0.0009990009990009,1.0,1.0,0.7496249999999991,0.7621428571428566,True,0.2436346153846147,4.361398241651734,0.0029480586527566,0.2503750000000009,0.2378571428571434,True,V,V,same-party
18696,20377,56,1.0,0.7846964285714286,0.0498708489863491,0.0009990009990009,1.0,1.0,0.7427647058823519,0.8029743589743548,False,0.2153035714285713,4.317222902852629,0.0029480586527566,0.2572352941176481,0.1970256410256452,True,V,M,different-party
18696,20378,73,1.0,0.7840547945205435,0.0458679468950199,0.0009990009990009,1.0,1.0,0.7639999999999998,0.7932799999999985,True,0.2159452054794565,4.707976268780898,0.0029480586527566,0.2360000000000002,0.2067200000000014,True,V,M,different-party
18696,20385,56,1.0,0.8020892857142857,0.0488176028669642,0.0009990009990009,1.0,1.0,0.85966666666667,0.7951799999999996,False,0.1979107142857142,4.054085056676225,0.0029480586527566,0.1403333333333299,0.2048200000000004,True,V,M,different-party
18696,20388,49,0.9387755102040816,0.7936734693877624,0.0516544533564867,0.0009990009990009,1.0,0.9090909090909092,0.709,0.8347272727272783,False,0.1451020408163192,2.809090627964172,0.0029480586527566,0.291,0.0743636363636307,True,V,UFG,different-party
18696,20389,71,1.0,0.7785915492957758,0.0445560605613908,0.0009990009990009,1.0,1.0,0.7486666666666659,0.7938723404255319,True,0.2214084507042242,4.969210650909321,0.0029480586527566,0.2513333333333341,0.2061276595744681,True,V,M,different-party
18696,20415,72,1.0,0.7816388888888892,0.0459503171664294,0.0009990009990009,1.0,1.0,0.7531818181818194,0.7941599999999985,True,0.2183611111111107,4.752113251367108,0.0029480586527566,0.2468181818181806,0.2058400000000014,True,V,M,different-party
18696,20496,43,1.0,0.7919534883720974,0.0554580258290519,0.0009990009990009,1.0,1.0,0.7522222222222277,0.8024705882352953,False,0.2080465116279025,3.7514229639042846,0.0029480586527566,0.2477777777777723,0.1975294117647047,True,V,M,different-party
18696,20781,66,1.0,0.7711969696969692,0.0481782681890038,0.0009990009990009,1.0,1.0,0.7142352941176462,0.7909591836734777,False,0.2288030303030308,4.749092047174339,0.0029480586527566,0.2857647058823538,0.2090408163265222,True,V,S,different-party
18696,20930,57,1.0,0.8108070175438639,0.0477462216061775,0.0009990009990009,1.0,1.0,0.7638695652173899,0.8425588235294144,True,0.1891929824561361,3.96247024563841,0.0029480586527566,0.2361304347826101,0.1574411764705856,True,V,S,different-party
18696,21044,74,1.0,0.7801891891891914,0.0438341505550726,0.0009990009990009,1.0,1.0,0.752500000000001,0.7934799999999993,True,0.2198108108108085,5.014601812224948,0.0029480586527566,0.247499999999999,0.2065200000000007,True,V,S,different-party
18696,21159,50,1.0,0.8046199999999987,0.0520169334098158,0.0009990009990009,1.0,1.0,0.763954545454547,0.8365714285714282,True,0.1953800000000013,3.756084551557438,0.0029480586527566,0.236045454545453,0.1634285714285718,True,V,M,different-party
18696,21168,43,1.0,0.7303720930232521,0.0621687992916728,0.0009990009990009,1.0,1.0,0.7511666666666664,0.7041052631578971,False,0.2696279069767479,4.337029346694541,0.0029480586527566,0.2488333333333335,0.2958947368421029,True,V,V,same-party
18698,18699,63,1.0,0.7996666666666739,0.0462388467749035,0.0009990009990009,,1.0,,0.7996666666666739,False,0.2003333333333261,4.332576335836701,0.0029480586527566,,0.2003333333333261,False,V,V,same-party
18698,18715,50,1.0,0.8317400000000008,0.0483498718727217,0.0009990009990009,,1.0,,0.8317400000000008,False,0.1682599999999992,3.4800505871646115,0.0029480586527566,,0.1682599999999992,False,V,S,different-party
18698,18716,51,1.0,0.7988431372549009,0.0497759816771639,0.0009990009990009,,1.0,,0.7988431372549009,False,0.2011568627450991,4.041243506753077,0.0029480586527566,,0.2011568627450991,False,V,S,different-party
18698,18718,62,1.0,0.8008225806451598,0.0459133869421194,0.0009990009990009,,1.0,,0.8008225806451598,False,0.1991774193548402,4.338112098023446,0.0029480586527566,,0.1991774193548402,False,V,S,different-party
18698,18720,55,1.0,0.816309090909093,0.0463364836207465,0.0009990009990009,,1.0,,0.816309090909093,False,0.183690909090907,3.964282456009717,0.0029480586527566,,0.183690909090907,False,V,S,different-party
18698,19928,48,1.0,0.8006666666666673,0.0529668390749941,0.0009990009990009,,1.0,,0.8006666666666673,False,0.1993333333333327,3.763360940816247,0.0029480586527566,,0.1993333333333327,False,V,S,different-party
18698,20362,54,1.0,0.8145740740740749,0.049883565001912,0.0009990009990009,,1.0,,0.8145740740740749,False,0.1854259259259251,3.7171747031074815,0.0029480586527566,,0.1854259259259251,False,V,S,different-party
18698,20363,63,1.0,0.7974444444444506,0.0461747678010909,0.0009990009990009,,1.0,,0.7974444444444506,False,0.2025555555555493,4.386715195366156,0.0029480586527566,,0.2025555555555493,False,V,S,different-party
18698,20364,57,1.0,0.8125964912280749,0.0482262558688695,0.0009990009990009,,1.0,,0.8125964912280749,False,0.1874035087719251,3.885922831776287,0.0029480586527566,,0.1874035087719251,False,V,S,different-party
18698,20367,65,1.0,0.8027384615384517,0.0445482271763811,0.0009990009990009,,1.0,,0.8027384615384517,False,0.1972615384615482,4.428044637568285,0.0029480586527566,,0.1972615384615482,False,V,S,different-party
18698,20368,42,1.0,0.8181904761904859,0.0543917235741114,0.0009990009990009,,1.0,,0.8181904761904859,False,0.1818095238095141,3.342595377802093,0.0029480586527566,,0.1818095238095141,False,V,S,different-party
18698,20371,43,1.0,0.7723488372093037,0.0570241449316292,0.0009990009990009,,1.0,,0.7723488372093037,False,0.2276511627906963,3.9921889765053926,0.0029480586527566,,0.2276511627906963,False,V,V,same-party
18698,20377,55,1.0,0.8048000000000032,0.0488123799209799,0.0009990009990009,,1.0,,0.8048000000000032,False,0.1951999999999968,3.998985509741523,0.0029480586527566,,0.1951999999999968,False,V,M,different-party
18698,20378,66,1.0,0.7967878787878786,0.0444248337346813,0.0009990009990009,,1.0,,0.7967878787878786,False,0.2032121212121214,4.574291091909672,0.0029480586527566,,0.2032121212121214,False,V,M,different-party
18698,20385,51,1.0,0.7990196078431375,0.0505492559439357,0.0009990009990009,,1.0,,0.7990196078431375,False,0.2009803921568624,3.975931760098906,0.0029480586527566,,0.2009803921568624,False,V,M,different-party
18698,20389,63,1.0,0.7986507936507995,0.0462944917354407,0.0009990009990009,,1.0,,0.7986507936507995,False,0.2013492063492005,4.349312386878585,0.0029480586527566,,0.2013492063492005,False,V,M,different-party
18698,20415,66,1.0,0.7979090909090922,0.0460191724053424,0.0009990009990009,,1.0,,0.7979090909090922,False,0.2020909090909077,4.391450313596831,0.0029480586527566,,0.2020909090909077,False,V,M,different-party
18698,20496,50,1.0,0.8053600000000002,0.0511339914839741,0.0009990009990009,,1.0,,0.8053600000000002,False,0.1946399999999998,3.806469910744238,0.0029480586527566,,0.1946399999999998,False,V,M,different-party
18698,20781,65,1.0,0.7959230769230686,0.0463428153253912,0.0009990009990009,,1.0,,0.7959230769230686,False,0.2040769230769313,4.403636715724467,0.0029480586527566,,0.2040769230769313,False,V,S,different-party
18698,20925,56,0.9464285714285714,0.8155535714285702,0.0473594617806551,0.0039960039960039,,0.9464285714285714,,0.8155535714285702,False,0.1308750000000011,2.763439344098704,0.0115747230371736,,0.1308750000000011,False,V,KF,different-party
18698,20930,50,1.0,0.8311800000000004,0.0483253861127048,0.0009990009990009,,1.0,,0.8311800000000004,False,0.1688199999999996,3.493401989717709,0.0029480586527566,,0.1688199999999996,False,V,S,different-party
18698,21044,66,1.0,0.7974696969696979,0.0445024992280345,0.0009990009990009,,1.0,,0.7974696969696979,False,0.202530303030302,4.550987170237786,0.0029480586527566,,0.202530303030302,False,V,S,different-party
18698,21143,41,1.0,0.7631707317073143,0.0618875144819013,0.0009990009990009,,1.0,,0.7631707317073143,False,0.2368292682926857,3.826769749525893,0.0029480586527566,,0.2368292682926857,False,V,S,different-party
18698,21159,44,1.0,0.8299318181818195,0.0523962277541482,0.0019980019980019,,1.0,,0.8299318181818195,False,0.1700681818181805,3.245809652866014,0.005829605033321,,0.1700681818181805,False,V,M,different-party
18699,18700,53,1.0,0.7777735849056673,0.0510901033889822,0.0009990009990009,1.0,1.0,0.720666666666664,0.807142857142852,False,0.2222264150943327,4.34969593626339,0.0029480586527566,0.279333333333336,0.1928571428571479,True,V,V,same-party
18699,18713,106,0.9056603773584906,0.7061603773584908,0.0424545520013994,0.0009990009990009,0.8648648648648649,1.0,0.6889594594594585,0.7459375,True,0.1994999999999998,4.69914274430275,0.0029480586527566,0.1759054054054064,0.2540624999999999,True,V,KF,different-party
18699,18715,65,1.0,0.8178153846153731,0.0431672374916149,0.0009990009990009,1.0,1.0,0.7775000000000035,0.8332553191489322,False,0.1821846153846269,4.220437210512155,0.0029480586527566,0.2224999999999964,0.1667446808510677,True,V,S,different-party
18699,18716,65,1.0,0.7990615384615299,0.0448792958124742,0.0009990009990009,1.0,1.0,0.7960000000000013,0.8001458333333344,False,0.20093846153847,4.477308698828089,0.0029480586527566,0.2039999999999987,0.1998541666666655,True,V,S,different-party
18699,18717,134,1.0,0.721611940298509,0.0341873894756734,0.0009990009990009,1.0,1.0,0.7011772151898737,0.7509636363636392,True,0.278388059701491,8.14300430571285,0.0029480586527566,0.2988227848101262,0.2490363636363608,True,V,S,different-party
18699,18718,156,1.0,0.7377499999999994,0.0321128736257147,0.0009990009990009,1.0,1.0,0.6989999999999994,0.7796000000000012,True,0.2622500000000006,8.166506774093262,0.0029480586527566,0.3010000000000006,0.2203999999999988,True,V,S,different-party
18699,18719,104,1.0,0.7031730769230775,0.0438781132721503,0.0009990009990009,1.0,1.0,0.6869538461538504,0.7302051282051255,True,0.2968269230769225,6.764805980509648,0.0029480586527566,0.3130461538461496,0.2697948717948745,True,V,S,different-party
18699,18720,150,1.0,0.7393800000000017,0.0337071801878495,0.0009990009990009,1.0,1.0,0.6973827160493817,0.7886811594202889,True,0.2606199999999983,7.731883787002273,0.0029480586527566,0.3026172839506182,0.211318840579711,True,V,S,different-party
18699,18725,121,0.8842975206611571,0.7151570247933877,0.0378471034369533,0.0009990009990009,0.8987341772151899,0.8571428571428571,0.7028987341772158,0.7382142857142854,True,0.1691404958677693,4.469047311626578,0.0029480586527566,0.195835443037974,0.1189285714285717,True,V,RV,different-party
18699,18729,132,0.8560606060606061,0.7164696969697005,0.0356081693577089,0.0009990009990009,0.8666666666666667,0.8421052631578947,0.6896533333333338,0.7517543859649168,True,0.1395909090909055,3.92019336036676,0.0029480586527566,0.1770133333333329,0.0903508771929778,True,V,RV,different-party
18699,19928,128,1.0,0.7289375,0.0374189590824137,0.0009990009990009,1.0,1.0,0.6866363636363623,0.7739677419354837,True,0.2710625,7.243988252131642,0.0029480586527566,0.3133636363636377,0.2260322580645163,True,V,S,different-party
18699,20349,71,1.0,0.6782394366197176,0.0547742460647239,0.0009990009990009,1.0,1.0,0.6725185185185186,0.6964117647058796,False,0.3217605633802823,5.8743038288482206,0.0029480586527566,0.3274814814814814,0.3035882352941204,True,V,SP,different-party
18699,20362,146,1.0,0.7426506849315081,0.0342586887403256,0.0009990009990009,1.0,1.0,0.7059230769230784,0.7847794117647031,True,0.2573493150684919,7.511942941516264,0.0029480586527566,0.2940769230769215,0.2152205882352968,True,V,S,different-party
18699,20363,155,1.0,0.7333483870967759,0.0335399899325947,0.0009990009990009,1.0,1.0,0.6849333333333346,0.7787374999999997,True,0.2666516129032241,7.950259181326936,0.0029480586527566,0.3150666666666654,0.2212625000000002,True,V,S,different-party
18699,20364,146,1.0,0.7356575342465743,0.0331613000981637,0.0009990009990009,1.0,1.0,0.6867600000000007,0.7873098591549302,True,0.2643424657534257,7.97141441894381,0.0029480586527566,0.3132399999999993,0.2126901408450697,True,V,S,different-party
18699,20365,132,1.0,0.710196969696973,0.0374566859814863,0.0009990009990009,1.0,1.0,0.696469135802468,0.7319999999999993,True,0.289803030303027,7.737017376450966,0.0029480586527566,0.3035308641975319,0.2680000000000007,True,V,S,different-party
18699,20367,159,1.0,0.7406352201257856,0.0328619693523192,0.0009990009990009,1.0,1.0,0.7008500000000008,0.7809240506329143,True,0.2593647798742143,7.892551328665577,0.0029480586527566,0.2991499999999992,0.2190759493670857,True,V,S,different-party
18699,20368,128,1.0,0.736546875,0.0356403540168138,0.0009990009990009,1.0,1.0,0.7009861111111108,0.7822678571428572,True,0.2634531249999999,7.391989565415431,0.0029480586527566,0.2990138888888892,0.2177321428571428,True,V,S,different-party
18699,20369,133,0.9398496240601504,0.7378270676691675,0.0361911246265145,0.0009990009990009,0.9692307692307692,0.9117647058823528,0.7067846153846193,0.7674999999999988,True,0.2020225563909828,5.582102199802216,0.0029480586527566,0.2624461538461499,0.144264705882354,True,V,KF,different-party
18699,20371,138,1.0,0.7197898550724652,0.034687637065105,0.0009990009990009,1.0,1.0,0.6976543209876531,0.7512456140350916,True,0.2802101449275348,8.07809838420558,0.0029480586527566,0.3023456790123469,0.2487543859649084,True,V,V,same-party
18699,20377,78,1.0,0.7868974358974332,0.0425829201301955,0.0009990009990009,1.0,1.0,0.7513461538461534,0.8046730769230771,True,0.2131025641025667,5.004414057350096,0.0029480586527566,0.2486538461538465,0.1953269230769229,True,V,M,different-party
18699,20378,159,1.0,0.7410062893081747,0.0319019410813807,0.0009990009990009,1.0,1.0,0.7035189873417746,0.7780250000000006,True,0.2589937106918253,8.118431102080642,0.0029480586527566,0.2964810126582253,0.2219749999999993,True,V,M,different-party
18699,20384,82,1.0,0.6692926829268293,0.0496337577749402,0.0009990009990009,1.0,1.0,0.6606229508196708,0.6944761904761869,True,0.3307073170731707,6.662951424567387,0.0029480586527566,0.3393770491803292,0.3055238095238131,True,V,M,different-party
18699,20385,65,1.0,0.799123076923067,0.0458829115569991,0.0009990009990009,1.0,1.0,0.795705882352943,0.8003333333333331,False,0.2008769230769329,4.378033482626507,0.0029480586527566,0.2042941176470569,0.1996666666666668,True,V,M,different-party
18699,20386,108,0.9907407407407408,0.7201574074074084,0.040528095545998,0.0009990009990009,1.0,0.9767441860465116,0.6864307692307724,0.7711395348837232,True,0.2705833333333323,6.676438398794952,0.0029480586527566,0.3135692307692276,0.2056046511627883,True,V,M,different-party
18699,20388,47,0.9574468085106383,0.8011914893616997,0.0540866218635985,0.0009990009990009,1.0,0.935483870967742,0.712125,0.8471612903225741,False,0.1562553191489386,2.888982779198157,0.0029480586527566,0.287875,0.0883225806451677,True,V,UFG,different-party
18699,20389,151,1.0,0.7333642384105924,0.0327166807746017,0.0009990009990009,1.0,1.0,0.6853661971830973,0.7759625000000002,True,0.2666357615894076,8.1498414654704,0.0029480586527566,0.3146338028169027,0.2240374999999997,True,V,M,different-party
18699,20415,160,1.0,0.7402249999999991,0.0324150348524632,0.0009990009990009,1.0,1.0,0.7009374999999993,0.7795125000000012,True,0.2597750000000008,8.01402809475186,0.0029480586527566,0.2990625000000007,0.2204874999999988,True,V,M,different-party
18699,20496,129,1.0,0.7324341085271289,0.035722036295746,0.0009990009990009,1.0,1.0,0.6887230769230808,0.776828125,True,0.2675658914728711,7.490219461669783,0.0029480586527566,0.3112769230769192,0.223171875,True,V,M,different-party
18699,20781,154,1.0,0.7342337662337661,0.0337561422481186,0.0009990009990009,1.0,1.0,0.6866216216216207,0.778275,True,0.2657662337662339,7.873122225068424,0.0029480586527566,0.3133783783783793,0.2217249999999999,True,V,S,different-party
18699,20925,151,0.9271523178807948,0.7384701986754939,0.0323527284606999,0.0009990009990009,0.8888888888888888,0.9714285714285714,0.6969629629629622,0.7864999999999991,True,0.1886821192053007,5.832031120172752,0.0029480586527566,0.1919259259259266,0.1849285714285723,True,V,KF,different-party
18699,20930,75,1.0,0.7993333333333346,0.0423941497213356,0.0009990009990009,1.0,1.0,0.7441428571428563,0.8322127659574423,True,0.2006666666666654,4.73335750299708,0.0029480586527566,0.2558571428571436,0.1677872340425577,True,V,S,different-party
18699,21044,161,1.0,0.7372173913043495,0.0311800848384415,0.0009990009990009,1.0,1.0,0.6969876543209867,0.7779500000000001,True,0.2627826086956505,8.42789909191231,0.0029480586527566,0.3030123456790132,0.2220499999999998,True,V,S,different-party
18699,21143,124,1.0,0.7131370967741932,0.0378611640330004,0.0009990009990009,1.0,1.0,0.6846060606060601,0.745603448275862,True,0.2868629032258067,7.576705855524459,0.0029480586527566,0.3153939393939399,0.254396551724138,True,V,S,different-party
18699,21159,137,1.0,0.7386058394160587,0.0344410646299287,0.0009990009990009,1.0,1.0,0.6989873417721537,0.7925689655172349,True,0.2613941605839412,7.58960744659425,0.0029480586527566,0.3010126582278463,0.2074310344827651,True,V,M,different-party
18699,21168,122,1.0,0.7033934426229513,0.0381293318173992,0.0009990009990009,1.0,1.0,0.6838028169014083,0.730666666666665,True,0.2966065573770486,7.778960271255012,0.0029480586527566,0.3161971830985917,0.269333333333335,True,V,V,same-party
18700,18715,44,1.0,0.8207500000000008,0.0526252568778816,0.0009990009990009,1.0,1.0,0.7873846153846104,0.8347419354838658,False,0.1792499999999992,3.406159145521203,0.0029480586527566,0.2126153846153896,0.1652580645161342,True,V,S,different-party
18700,18716,51,1.0,0.7982549019607842,0.0525499768044754,0.0009990009990009,1.0,1.0,0.7869230769230732,0.8021315789473675,False,0.2017450980392158,3.8391091739175462,0.0029480586527566,0.2130769230769268,0.1978684210526324,True,V,S,different-party
18700,18718,56,1.0,0.777874999999999,0.049377260103699,0.0009990009990009,1.0,1.0,0.7188421052631604,0.8081891891891879,False,0.222125000000001,4.498528260448392,0.0029480586527566,0.2811578947368396,0.191810810810812,True,V,S,different-party
18700,18720,46,1.0,0.7966739130434778,0.0523917517534806,0.0009990009990009,1.0,1.0,0.7247222222222203,0.842928571428572,False,0.2033260869565222,3.8808797215491895,0.0029480586527566,0.2752777777777797,0.1570714285714279,True,V,S,different-party
18700,19928,46,1.0,0.8002826086956516,0.0532232565725426,0.0009990009990009,1.0,1.0,0.7890769230769179,0.8046969696969749,False,0.1997173913043484,3.7524459074039593,0.0029480586527566,0.2109230769230821,0.1953030303030251,True,V,S,different-party
18700,20357,48,0.9166666666666666,0.7991458333333342,0.0537838386045857,0.0169830169830169,0.9,0.9210526315789472,0.7878999999999972,0.8021052631578949,False,0.1175208333333324,2.185058493078855,0.04839554483106,0.1121000000000028,0.1189473684210524,True,V,KF,different-party
18700,20362,54,1.0,0.7894074074074093,0.0517041925697309,0.0009990009990009,1.0,1.0,0.7547368421052664,0.8082285714285667,False,0.2105925925925906,4.0730273915132615,0.0029480586527566,0.2452631578947336,0.1917714285714332,True,V,S,different-party
18700,20363,56,1.0,0.7767500000000003,0.0521432317822916,0.0009990009990009,1.0,1.0,0.7327142857142852,0.8031714285714241,True,0.2232499999999997,4.281476087483665,0.0029480586527566,0.2672857142857148,0.1968285714285759,True,V,S,different-party
18700,20364,59,1.0,0.7805423728813558,0.0500502936254133,0.0009990009990009,1.0,1.0,0.7355714285714288,0.8053947368421059,True,0.2194576271186442,4.384742050888056,0.0029480586527566,0.2644285714285712,0.194605263157894,True,V,S,different-party
18700,20367,58,1.0,0.7819827586206846,0.0492908936442586,0.0009990009990009,1.0,1.0,0.7331428571428567,0.8097027027027018,True,0.2180172413793154,4.42307341702477,0.0029480586527566,0.2668571428571433,0.1902972972972981,True,V,S,different-party
18700,20368,51,1.0,0.8026470588235293,0.0520174046406327,0.0009990009990009,1.0,1.0,0.7895384615384569,0.8071315789473681,False,0.1973529411764707,3.7939790064479855,0.0029480586527566,0.2104615384615431,0.1928684210526319,True,V,S,different-party
18700,20377,57,1.0,0.7708947368421099,0.0503534957346586,0.0009990009990009,1.0,1.0,0.7314761904761913,0.7938888888888882,True,0.2291052631578901,4.549937592519431,0.0029480586527566,0.2685238095238087,0.2061111111111118,True,V,M,different-party
18700,20378,59,1.0,0.7774745762711859,0.0484298819780294,0.0009990009990009,1.0,1.0,0.7326666666666659,0.8022368421052637,True,0.2225254237288141,4.594795911948832,0.0029480586527566,0.2673333333333341,0.1977631578947363,True,V,M,different-party
18700,20385,48,1.0,0.801791666666667,0.0508937984472328,0.0009990009990009,1.0,1.0,0.779899999999998,0.8075526315789479,False,0.198208333333333,3.894547850242248,0.0029480586527566,0.2201000000000019,0.1924473684210521,True,V,M,different-party
18700,20389,46,1.0,0.7782391304347815,0.0565525265915099,0.0009990009990009,1.0,1.0,0.6930909090909116,0.804999999999996,False,0.2217608695652184,3.9213255875734943,0.0029480586527566,0.3069090909090883,0.1950000000000039,True,V,M,different-party
18700,20415,56,1.0,0.7755535714285711,0.0513699893111079,0.0009990009990009,1.0,1.0,0.7169999999999971,0.803289473684211,False,0.2244464285714289,4.369213067422146,0.0029480586527566,0.2830000000000029,0.196710526315789,True,V,M,different-party
18700,20781,57,1.0,0.7783333333333377,0.050859583096262,0.0009990009990009,1.0,1.0,0.7363999999999995,0.8009999999999986,True,0.2216666666666623,4.358405106213976,0.0029480586527566,0.2636000000000005,0.1990000000000014,True,V,S,different-party
18700,20930,42,1.0,0.7981190476190537,0.0541410443309156,0.0009990009990009,1.0,1.0,0.6866363636363668,0.8376774193548323,False,0.2018809523809462,3.728796791340576,0.0029480586527566,0.3133636363636332,0.1623225806451677,True,V,S,different-party
18700,21044,59,1.0,0.7804576271186437,0.0488214685449908,0.0009990009990009,1.0,1.0,0.7354761904761893,0.8053157894736845,True,0.2195423728813562,4.496840824831797,0.0029480586527566,0.2645238095238107,0.1946842105263154,True,V,S,different-party
18700,21159,49,1.0,0.7964897959183751,0.052460587232197,0.0009990009990009,1.0,1.0,0.7369523809523814,0.8411428571428571,True,0.2035102040816249,3.87929710319222,0.0029480586527566,0.2630476190476186,0.1588571428571429,True,V,M,different-party
18704,18707,77,1.0,0.7953896103896129,0.04211376237478,0.0009990009990009,1.0,1.0,0.7631666666666662,0.8236829268292667,True,0.2046103896103871,4.858516030686409,0.0029480586527566,0.2368333333333337,0.1763170731707333,True,SF,SF,same-party
18704,19000,67,1.0,0.7968507462686586,0.0442971584445651,0.0009990009990009,1.0,1.0,0.7503461538461538,0.8263414634146322,True,0.2031492537313414,4.58605610076702,0.0029480586527566,0.2496538461538462,0.1736585365853677,True,SF,SF,same-party
18704,20359,70,1.0,0.7861285714285702,0.0439750268522881,0.0009990009990009,1.0,1.0,0.7422333333333335,0.8190500000000014,True,0.2138714285714298,4.863474655508973,0.0029480586527566,0.2577666666666665,0.1809499999999986,True,SF,SF,same-party
18704,20360,68,1.0,0.8102205882352927,0.0432678739583396,0.0009990009990009,1.0,1.0,0.7888518518518557,0.8242926829268276,True,0.1897794117647072,4.386150610206447,0.0029480586527566,0.2111481481481443,0.1757073170731724,True,SF,SF,same-party
18704,20381,58,0.913793103448276,0.7999310344827524,0.0478705053584504,0.0059940059940059,0.9375,0.8846153846153846,0.76521875,0.8426538461538362,True,0.1138620689655235,2.378543282819632,0.0172654073734977,0.17228125,0.0419615384615483,True,SF,ALT,different-party
18704,20798,68,1.0,0.7951764705882322,0.0456651591484133,0.0009990009990009,1.0,1.0,0.7532666666666668,0.8282631578947384,True,0.2048235294117678,4.485334842392303,0.0029480586527566,0.2467333333333332,0.1717368421052616,True,SF,SF,same-party
18704,20962,64,1.0,0.815765625,0.0446598704152835,0.0009990009990009,1.0,1.0,0.800043478260867,0.824585365853656,True,0.1842343749999999,4.125277867733157,0.0029480586527566,0.199956521739133,0.1754146341463439,True,SF,SF,same-party
18707,18708,104,1.0,0.720711538461539,0.0427854187375809,0.0009990009990009,1.0,1.0,0.6866060606060589,0.7799473684210526,True,0.279288461538461,6.527655210094866,0.0029480586527566,0.3133939393939411,0.2200526315789474,True,SF,SF,same-party
18707,18709,88,1.0,0.6879772727272727,0.0494797249506899,0.0009990009990009,1.0,1.0,0.6851846153846195,0.6958695652173944,True,0.3120227272727273,6.306072387905963,0.0029480586527566,0.3148153846153805,0.3041304347826056,True,SF,SF,same-party
18707,19000,81,1.0,0.7794320987654304,0.0403398168836724,0.0009990009990009,1.0,1.0,0.750192307692308,0.7932545454545475,True,0.2205679012345696,5.467746714632331,0.0029480586527566,0.2498076923076919,0.2067454545454524,True,SF,SF,same-party
18707,20359,150,1.0,0.728473333333335,0.0346862954875318,0.0009990009990009,1.0,1.0,0.6939358974358978,0.7658888888888894,True,0.271526666666665,7.828067622968464,0.0029480586527566,0.3060641025641022,0.2341111111111106,True,SF,SF,same-party
18707,20360,80,1.0,0.7923124999999996,0.0413099880035912,0.0009990009990009,1.0,1.0,0.7921481481481513,0.7923962264151005,True,0.2076875000000003,5.027537165635224,0.0029480586527566,0.2078518518518487,0.2076037735848994,True,SF,SF,same-party
18707,20381,138,0.8188405797101449,0.7273985507246369,0.0348044224381628,0.0049950049950049,0.7875,0.8620689655172413,0.7034750000000012,0.7603965517241366,True,0.091442028985508,2.627310628354009,0.0144114415767959,0.0840249999999988,0.1016724137931047,True,SF,ALT,different-party
18707,20798,148,1.0,0.7308243243243248,0.034099354003335,0.0009990009990009,1.0,1.0,0.6969615384615392,0.7685571428571417,True,0.2691756756756752,7.893864372015626,0.0029480586527566,0.3030384615384608,0.2314428571428582,True,SF,SF,same-party
18707,20962,78,1.0,0.7940256410256397,0.0411295477751696,0.0009990009990009,1.0,1.0,0.8021739130434759,0.7906181818181824,True,0.2059743589743603,5.007941251878036,0.0029480586527566,0.1978260869565241,0.2093818181818175,True,SF,SF,same-party
18708,18709,66,1.0,0.6678636363636351,0.0583472800891691,0.0009990009990009,1.0,1.0,0.6592708333333339,0.6907777777777755,False,0.3321363636363649,5.692405252289014,0.0029480586527566,0.3407291666666661,0.3092222222222245,True,SF,SF,same-party
18708,20359,98,1.0,0.7132142857142806,0.0426714422635629,0.0009990009990009,1.0,1.0,0.6716666666666651,0.7788157894736849,True,0.2867857142857194,6.720787933868478,0.0029480586527566,0.3283333333333349,0.2211842105263151,True,SF,SF,same-party
18708,20798,104,1.0,0.7218942307692314,0.0428018409136807,0.0009990009990009,1.0,1.0,0.6870757575757567,0.7823684210526324,True,0.2781057692307686,6.497518875219161,0.0029480586527566,0.3129242424242433,0.2176315789473676,True,SF,SF,same-party
18709,20359,99,1.0,0.7032020202020228,0.0446435449075355,0.0009990009990009,1.0,1.0,0.684538461538465,0.7388823529411765,True,0.2967979797979772,6.648172326205206,0.0029480586527566,0.315461538461535,0.2611176470588234,True,SF,SF,same-party
18709,20798,94,1.0,0.6982340425531891,0.0482474812256677,0.0009990009990009,1.0,1.0,0.6769166666666652,0.7358529411764707,True,0.3017659574468109,6.2545432379228725,0.0029480586527566,0.3230833333333348,0.2641470588235293,True,SF,SF,same-party
18713,18717,109,0.908256880733945,0.7117706422018342,0.0401309249945529,0.0009990009990009,0.868421052631579,1.0,0.6983947368421083,0.7425757575757602,True,0.1964862385321107,4.896130317424284,0.0029480586527566,0.1700263157894707,0.2574242424242398,True,KF,S,different-party
18713,18718,104,0.8942307692307693,0.7059326923076931,0.0423103948802794,0.0009990009990009,0.8533333333333334,1.0,0.693053333333333,0.739241379310344,True,0.1882980769230762,4.4503975312894255,0.0029480586527566,0.1602800000000004,0.260758620689656,True,KF,S,different-party
18713,18719,92,0.9130434782608696,0.6998260869565196,0.0464026930328445,0.0009990009990009,0.8709677419354839,1.0,0.6807741935483878,0.7392000000000003,True,0.2132173913043499,4.594935711025034,0.0029480586527566,0.1901935483870961,0.2607999999999997,True,KF,S,different-party
18713,18720,107,0.9065420560747663,0.7101121495327108,0.0423666891091984,0.0009990009990009,0.8648648648648649,1.0,0.6949999999999987,0.7440000000000048,True,0.1964299065420555,4.636423347497491,0.0029480586527566,0.1698648648648661,0.2559999999999952,True,KF,S,different-party
18713,18725,106,0.8584905660377359,0.7102169811320755,0.0415290362048534,0.0009990009990009,0.8493150684931506,0.8787878787878788,0.6963561643835595,0.7408787878787916,True,0.1482735849056603,3.570359402858758,0.0029480586527566,0.1529589041095911,0.1379090909090872,True,KF,RV,different-party
18713,18729,110,0.8454545454545455,0.7085545454545471,0.042353514421105,0.0029970029970029,0.8311688311688312,0.8787878787878788,0.6931948051948035,0.7443939393939432,True,0.1368999999999983,3.232317361880606,0.0087126097043452,0.1379740259740277,0.1343939393939356,True,KF,RV,different-party
18713,19928,95,0.9473684210526316,0.7040842105263171,0.0444271251389709,0.0009990009990009,0.9193548387096774,1.0,0.6834032258064533,0.7429393939393976,True,0.2432842105263144,5.476028659637676,0.0029480586527566,0.235951612903224,0.2570606060606024,True,KF,S,different-party
18713,20349,66,0.9696969696969696,0.6675303030303008,0.0554826062473783,0.0009990009990009,0.9583333333333334,1.0,0.655687500000001,0.6991111111111081,False,0.3021666666666689,5.44615127341728,0.0029480586527566,0.3026458333333324,0.3008888888888918,True,KF,SP,different-party
18713,20362,108,0.9166666666666666,0.7114166666666674,0.0411853849164719,0.0009990009990009,0.88,1.0,0.6996266666666674,0.7382121212121242,True,0.2052499999999992,4.983563961251464,0.0029480586527566,0.1803733333333326,0.2617878787878758,True,KF,S,different-party
18713,20363,104,0.903846153846154,0.7008173076923079,0.0431771872924533,0.0009990009990009,0.8591549295774648,1.0,0.6818732394366195,0.7415757575757606,True,0.2030288461538459,4.702224922125296,0.0029480586527566,0.1772816901408452,0.2584242424242394,True,KF,S,different-party
18713,20364,104,0.903846153846154,0.7022500000000009,0.0422159408516415,0.0009990009990009,0.8591549295774648,1.0,0.6819718309859155,0.7458787878787907,True,0.2015961538461529,4.775356175398706,0.0029480586527566,0.1771830985915492,0.2541212121212093,True,KF,S,different-party
18713,20365,110,0.9,0.7096636363636367,0.0425284697215026,0.0009990009990009,0.8571428571428571,1.0,0.6951558441558431,0.7435151515151546,True,0.1903363636363633,4.47550464154435,0.0029480586527566,0.161987012987014,0.2564848484848454,True,KF,S,different-party
18713,20367,110,0.9,0.7109636363636368,0.041433344196043,0.0009990009990009,0.8571428571428571,1.0,0.6967012987012989,0.7442424242424279,True,0.1890363636363632,4.562421095963968,0.0029480586527566,0.1604415584415581,0.2557575757575721,True,KF,S,different-party
18713,20368,86,0.9302325581395348,0.6956279069767388,0.0470828576732713,0.0009990009990009,0.9117647058823528,1.0,0.6947205882352955,0.6990555555555522,False,0.234604651162796,4.982803991865168,0.0029480586527566,0.2170441176470574,0.3009444444444478,True,KF,S,different-party
18713,20369,95,1.0,0.7170105263157903,0.0434388462087666,0.0009990009990009,1.0,1.0,0.7015483870967754,0.7460606060606093,True,0.2829894736842097,6.514663679697325,0.0029480586527566,0.2984516129032246,0.2539393939393907,True,KF,KF,same-party
18713,20371,110,0.9,0.7086727272727269,0.0418765433692353,0.0009990009990009,0.8571428571428571,1.0,0.6937922077922071,0.7433939393939435,True,0.1913272727272731,4.568841106112682,0.0029480586527566,0.16335064935065,0.2566060606060565,True,KF,V,different-party
18713,20378,109,0.908256880733945,0.714311926605505,0.0420153171589477,0.0009990009990009,0.868421052631579,1.0,0.7027631578947391,0.7409090909090941,True,0.1939449541284399,4.616053554819753,0.0029480586527566,0.1656578947368399,0.2590909090909059,True,KF,M,different-party
18713,20384,79,0.8860759493670886,0.6703924050632921,0.0541763231867726,0.0009990009990009,0.8524590163934426,1.0,0.6623934426229507,0.6974999999999969,False,0.2156835443037964,3.981140314011869,0.0029480586527566,0.1900655737704918,0.3025000000000031,True,KF,M,different-party
18713,20386,90,0.9555555555555556,0.7009777777777785,0.0457869964251292,0.0009990009990009,0.9482758620689656,0.96875,0.6776034482758667,0.74334375,True,0.2545777777777771,5.560045376509063,0.0029480586527566,0.2706724137930988,0.22540625,True,KF,M,different-party
18713,20389,100,0.9,0.7006200000000012,0.0450449180778703,0.0009990009990009,0.8507462686567164,1.0,0.6809850746268665,0.7404848484848515,True,0.1993799999999987,4.42624847613942,0.0029480586527566,0.1697611940298499,0.2595151515151485,True,KF,M,different-party
18713,20415,107,0.9065420560747663,0.7074299065420558,0.040697622039667,0.0009990009990009,0.8648648648648649,1.0,0.6906351351351356,0.7450909090909118,True,0.1991121495327105,4.89247625668744,0.0029480586527566,0.1742297297297292,0.2549090909090882,True,KF,M,different-party
18713,20496,95,0.9473684210526316,0.7041368421052644,0.0466485536291842,0.0009990009990009,0.9193548387096774,1.0,0.6837580645161305,0.7424242424242463,True,0.2432315789473671,5.214129057051768,0.0029480586527566,0.2355967741935468,0.2575757575757537,True,KF,M,different-party
18713,20781,103,0.912621359223301,0.6997475728155352,0.0439378100645279,0.0009990009990009,0.8714285714285714,1.0,0.681328571428573,0.7388181818181857,True,0.2128737864077657,4.844888402383623,0.0029480586527566,0.1900999999999985,0.2611818181818143,True,KF,S,different-party
18713,20925,110,0.9818181818181818,0.7110181818181828,0.0419921208591124,0.0009990009990009,0.974025974025974,1.0,0.6966363636363647,0.7445757575757603,True,0.270799999999999,6.448828838832862,0.0029480586527566,0.2773896103896093,0.2554242424242396,True,KF,KF,same-party
18713,21044,110,0.9,0.7086000000000008,0.0410638361009897,0.0009990009990009,0.8571428571428571,1.0,0.6937272727272713,0.7433030303030347,True,0.1913999999999992,4.66103555277404,0.0029480586527566,0.1634155844155858,0.2566969696969653,True,KF,S,different-party
18713,21143,92,0.9565217391304348,0.7016630434782583,0.0455417216453185,0.0009990009990009,0.9322033898305084,1.0,0.678525423728814,0.7430303030303073,True,0.2548586956521765,5.596158565041308,0.0029480586527566,0.2536779661016944,0.2569696969696927,True,KF,S,different-party
18713,21159,109,0.908256880733945,0.7131100917431196,0.0405324777250607,0.0009990009990009,0.868421052631579,1.0,0.699750000000002,0.7438787878787912,True,0.1951467889908253,4.814578331839027,0.0029480586527566,0.168671052631577,0.2561212121212087,True,KF,M,different-party
18713,21168,100,0.9,0.7016100000000031,0.0434648949969029,0.0009990009990009,0.8507462686567164,1.0,0.6803880597014933,0.7446969696969747,True,0.1983899999999969,4.564373157099147,0.0029480586527566,0.1703582089552231,0.2553030303030252,True,KF,V,different-party
18715,18716,55,1.0,0.8274181818181859,0.0458249933185825,0.0009990009990009,1.0,1.0,0.7966500000000002,0.8449999999999956,True,0.172581818181814,3.766106783300509,0.0029480586527566,0.2033499999999998,0.1550000000000043,True,S,S,same-party
18715,18717,42,1.0,0.8148333333333416,0.0566893709013812,0.0019980019980019,1.0,1.0,0.8135789473684264,0.8158695652173882,False,0.1851666666666583,3.26633835801037,0.005829605033321,0.1864210526315736,0.1841304347826118,True,S,S,same-party
18715,18718,66,1.0,0.8167272727272755,0.0428087734595675,0.0009990009990009,1.0,1.0,0.7762105263157932,0.8331063829787203,False,0.1832727272727244,4.281195476105467,0.0029480586527566,0.2237894736842067,0.1668936170212797,True,S,S,same-party
18715,18720,64,1.0,0.81909375,0.0441496807632744,0.0009990009990009,1.0,1.0,0.775888888888892,0.8359999999999972,False,0.18090625,4.097566434738194,0.0029480586527566,0.224111111111108,0.1640000000000028,True,S,S,same-party
18715,18726,66,0.9242424242424242,0.8302878787878821,0.0430171225535947,0.0169830169830169,0.8421052631578947,0.9574468085106383,0.8173684210526369,0.8355106382978678,False,0.093954545454542,2.184119715061944,0.04839554483106,0.0247368421052578,0.1219361702127705,True,S,RV,different-party
18715,19928,56,1.0,0.8048214285714282,0.0482155766705246,0.0009990009990009,1.0,1.0,0.7555999999999996,0.8228292682926809,False,0.1951785714285717,4.048039760310267,0.0029480586527566,0.2444000000000004,0.1771707317073191,True,S,S,same-party
18715,20362,67,1.0,0.824462686567166,0.0413234624195539,0.0009990009990009,1.0,1.0,0.7993999999999997,0.8351276595744652,True,0.1755373134328339,4.247884934002314,0.0029480586527566,0.2006000000000003,0.1648723404255347,True,S,S,same-party
18715,20363,62,1.0,0.8130483870967721,0.0451946034120293,0.0009990009990009,1.0,1.0,0.7522666666666661,0.8324468085106357,False,0.1869516129032279,4.136591512903231,0.0029480586527566,0.2477333333333339,0.1675531914893643,True,S,S,same-party
18715,20364,65,1.0,0.8123999999999897,0.0441745022941867,0.0009990009990009,1.0,1.0,0.7540666666666664,0.8299000000000007,False,0.1876000000000103,4.246793744288499,0.0029480586527566,0.2459333333333335,0.1700999999999992,True,S,S,same-party
18715,20365,42,1.0,0.7854285714285757,0.0576550444409905,0.0009990009990009,1.0,1.0,0.7829523809523852,0.7879047619047667,True,0.2145714285714243,3.721641890173833,0.0029480586527566,0.2170476190476148,0.2120952380952333,True,S,S,same-party
18715,20367,70,1.0,0.8201428571428561,0.0425819373050465,0.0009990009990009,1.0,1.0,0.7917499999999992,0.8315000000000002,True,0.1798571428571439,4.223789574642682,0.0029480586527566,0.2082500000000008,0.1684999999999997,True,S,S,same-party
18715,20368,56,1.0,0.822339285714285,0.0459418791055255,0.0009990009990009,1.0,1.0,0.7834761904761949,0.8456571428571398,True,0.1776607142857149,3.8670754819941,0.0029480586527566,0.2165238095238051,0.1543428571428602,True,S,S,same-party
18715,20371,48,1.0,0.8034375000000001,0.0504478150965981,0.0009990009990009,1.0,1.0,0.7834285714285754,0.8190000000000041,True,0.1965624999999998,3.896353085334209,0.0029480586527566,0.2165714285714246,0.1809999999999959,True,S,V,different-party
18715,20377,68,1.0,0.8148235294117622,0.0430913021447375,0.0009990009990009,1.0,1.0,0.7938999999999999,0.8235416666666664,True,0.1851764705882378,4.297305056279254,0.0029480586527566,0.2061,0.1764583333333336,True,S,M,different-party
18715,20378,69,1.0,0.8232318840579679,0.0410844060943235,0.0009990009990009,1.0,1.0,0.8115789473684274,0.8276600000000005,False,0.1767681159420321,4.302559845606613,0.0029480586527566,0.1884210526315726,0.1723399999999995,True,S,M,different-party
18715,20385,52,1.0,0.8285769230769218,0.0469426289756619,0.0009990009990009,1.0,1.0,0.7940588235294128,0.8453428571428528,False,0.1714230769230782,3.651757063115384,0.0029480586527566,0.2059411764705871,0.1546571428571471,True,S,M,different-party
18715,20389,58,1.0,0.8215517241379207,0.0458911775158913,0.0009990009990009,1.0,1.0,0.7797272727272786,0.8313404255319111,False,0.1784482758620793,3.888509415568726,0.0029480586527566,0.2202727272727214,0.1686595744680888,True,S,M,different-party
18715,20415,67,1.0,0.8204328358208977,0.0433876502131188,0.0009990009990009,1.0,1.0,0.7906470588235309,0.8305600000000006,False,0.1795671641791023,4.138669950943961,0.0029480586527566,0.209352941176469,0.1694399999999993,True,S,M,different-party
18715,20496,55,1.0,0.8120727272727297,0.0476140196103246,0.0009990009990009,1.0,1.0,0.7694285714285733,0.8266341463414595,False,0.1879272727272702,3.9468894721612617,0.0029480586527566,0.2305714285714266,0.1733658536585405,True,S,M,different-party
18715,20781,62,1.0,0.8160483870967729,0.0433514039514159,0.0009990009990009,1.0,1.0,0.7732307692307653,0.8274081632653183,False,0.1839516129032271,4.24326771768181,0.0029480586527566,0.2267692307692347,0.1725918367346817,True,S,S,same-party
18715,20930,60,1.0,0.8266666666666698,0.0434126990661677,0.0009990009990009,1.0,1.0,0.8093999999999966,0.8301199999999997,False,0.1733333333333302,3.992687325640432,0.0029480586527566,0.1906000000000034,0.1698800000000002,True,S,S,same-party
18715,21044,71,1.0,0.8159154929577488,0.0417573922028786,0.0009990009990009,1.0,1.0,0.7835714285714327,0.8294999999999997,True,0.1840845070422512,4.40842919854466,0.0029480586527566,0.2164285714285673,0.1705000000000003,True,S,S,same-party
18715,21159,64,1.0,0.8191875,0.0445872974017221,0.0009990009990009,1.0,1.0,0.7975999999999998,0.8290000000000002,True,0.1808125,4.055246909695326,0.0029480586527566,0.2024000000000002,0.1709999999999998,True,S,M,different-party
18716,18717,42,1.0,0.7784523809523841,0.0604049609180824,0.0009990009990009,1.0,1.0,0.8116315789473736,0.7510434782608699,False,0.2215476190476158,3.6677056930483833,0.0029480586527566,0.1883684210526264,0.24895652173913,True,S,S,same-party
18716,18718,68,1.0,0.7985294117647019,0.0429213252829239,0.0009990009990009,1.0,1.0,0.7860000000000039,0.8030399999999998,False,0.201470588235298,4.693950778715868,0.0029480586527566,0.213999999999996,0.1969600000000002,True,S,S,same-party
18716,18720,57,1.0,0.8150701754386008,0.0456176789369882,0.0009990009990009,1.0,1.0,0.7936470588235304,0.8241750000000008,False,0.1849298245613991,4.053906925357668,0.0029480586527566,0.2063529411764696,0.1758249999999992,True,S,S,same-party
18716,19928,47,1.0,0.7929999999999995,0.0513440114009337,0.0009990009990009,1.0,1.0,0.7697142857142866,0.8028787878787924,False,0.2070000000000005,4.031628895989146,0.0029480586527566,0.2302857142857134,0.1971212121212076,True,S,S,same-party
18716,20362,58,1.0,0.8189137931034385,0.0481395451847684,0.0009990009990009,1.0,1.0,0.8152631578947421,0.8206923076923046,False,0.1810862068965615,3.7616933479848926,0.0029480586527566,0.1847368421052578,0.1793076923076954,True,S,S,same-party
18716,20363,62,1.0,0.7919677419354819,0.0470683523169607,0.0009990009990009,1.0,1.0,0.7687857142857156,0.7987291666666668,False,0.208032258064518,4.419790534914376,0.0029480586527566,0.2312142857142843,0.2012708333333331,True,S,S,same-party
18716,20364,56,1.0,0.804660714285714,0.0484407302663521,0.0009990009990009,1.0,1.0,0.771285714285716,0.8157857142857229,False,0.195339285714286,4.032542132214148,0.0029480586527566,0.2287142857142839,0.1842142857142771,True,S,S,same-party
18716,20365,42,1.0,0.7564523809523812,0.0599645676837025,0.0009990009990009,1.0,1.0,0.7980499999999985,0.7186363636363627,True,0.2435476190476188,4.061525471713043,0.0029480586527566,0.2019500000000015,0.2813636363636372,True,S,S,same-party
18716,20367,69,1.0,0.805231884057969,0.043248630765081,0.0009990009990009,1.0,1.0,0.8102631578947421,0.80332,False,0.194768115942031,4.50345161214414,0.0029480586527566,0.1897368421052578,0.1966799999999999,True,S,S,same-party
18716,20368,62,1.0,0.80932258064516,0.0459845595847177,0.0009990009990009,1.0,1.0,0.7950500000000005,0.8161190476190561,True,0.1906774193548399,4.146553127328607,0.0029480586527566,0.2049499999999995,0.1838809523809439,True,S,S,same-party
18716,20371,48,1.0,0.7748333333333335,0.0540779476720727,0.0009990009990009,1.0,1.0,0.7957999999999998,0.7598571428571422,True,0.2251666666666665,4.163742826041981,0.0029480586527566,0.2042000000000001,0.2401428571428577,True,S,V,different-party
18716,20377,60,1.0,0.8041500000000009,0.0463463163216692,0.0009990009990009,1.0,1.0,0.7963999999999997,0.8080250000000008,True,0.195849999999999,4.225794314281444,0.0029480586527566,0.2036000000000003,0.1919749999999992,True,S,M,different-party
18716,20378,70,1.0,0.801585714285713,0.0430798328042615,0.0009990009990009,1.0,1.0,0.8135263157894793,0.797137254901959,False,0.198414285714287,4.605734813684318,0.0029480586527566,0.1864736842105206,0.202862745098041,True,S,M,different-party
18716,20385,68,1.0,0.7980441176470562,0.0433372033136289,0.0009990009990009,1.0,1.0,0.7966470588235305,0.7985098039215662,False,0.2019558823529438,4.66010418095972,0.0029480586527566,0.2033529411764695,0.2014901960784337,True,S,M,different-party
18716,20389,58,1.0,0.798724137931027,0.0481387199803404,0.0009990009990009,1.0,1.0,0.8019999999999958,0.7980416666666669,False,0.2012758620689729,4.181163565445298,0.0029480586527566,0.1980000000000041,0.2019583333333331,True,S,M,different-party
18716,20415,67,1.0,0.8008208955223904,0.0436896636576557,0.0009990009990009,1.0,1.0,0.8095625,0.7980784313725469,False,0.1991791044776095,4.558952571444377,0.0029480586527566,0.1904375,0.2019215686274531,True,S,M,different-party
18716,20496,48,1.0,0.803916666666666,0.0519685338092734,0.0009990009990009,1.0,1.0,0.7860769230769196,0.8105428571428519,False,0.196083333333334,3.7731165180254536,0.0029480586527566,0.2139230769230804,0.1894571428571481,True,S,M,different-party
18716,20781,62,1.0,0.7952419354838708,0.0466135375761154,0.0009990009990009,1.0,1.0,0.794666666666666,0.7953800000000003,False,0.2047580645161292,4.392673784558375,0.0029480586527566,0.205333333333334,0.2046199999999997,True,S,S,same-party
18716,20930,45,1.0,0.8342222222222201,0.051206238574951,0.0009990009990009,1.0,1.0,0.7973999999999969,0.844742857142853,False,0.1657777777777799,3.23745274777661,0.0029480586527566,0.2026000000000031,0.1552571428571469,True,S,S,same-party
18716,21044,71,1.0,0.7985211267605647,0.0432635396655324,0.0009990009990009,1.0,1.0,0.798649999999999,0.7984705882352925,True,0.2014788732394352,4.657013152346175,0.0029480586527566,0.201350000000001,0.2015294117647075,True,S,S,same-party
18716,21159,49,1.0,0.8271224489796024,0.0490855314498408,0.0009990009990009,1.0,1.0,0.8010499999999995,0.8451034482758522,True,0.1728775510203976,3.521965555105713,0.0029480586527566,0.1989500000000005,0.1548965517241478,True,S,M,different-party
18717,18718,131,1.0,0.7190839694656485,0.0370410324260544,0.0009990009990009,1.0,1.0,0.7012749999999992,0.7470196078431365,True,0.2809160305343515,7.583914705810335,0.0029480586527566,0.2987250000000008,0.2529803921568635,True,S,S,same-party
18717,18719,103,1.0,0.7063203883495159,0.0425306875388032,0.0009990009990009,1.0,1.0,0.6939402985074639,0.7293611111111108,True,0.293679611650484,6.90512259841892,0.0029480586527566,0.3060597014925361,0.2706388888888892,True,S,S,same-party
18717,18720,129,1.0,0.7245891472868167,0.0369808669260864,0.0009990009990009,1.0,1.0,0.7039873417721526,0.7571400000000005,True,0.2754108527131833,7.447387679246301,0.0029480586527566,0.2960126582278474,0.2428599999999995,True,S,S,same-party
18717,18725,118,0.8813559322033898,0.7124152542372894,0.0386979503054714,0.0009990009990009,0.8987341772151899,0.8461538461538461,0.7029620253164575,0.7315641025641016,True,0.1689406779661004,4.36562341500072,0.0029480586527566,0.1957721518987324,0.1145897435897445,True,S,RV,different-party
18717,18729,132,0.8560606060606061,0.7178560606060629,0.0374125390693853,0.0009990009990009,0.881578947368421,0.8214285714285714,0.6974342105263178,0.745571428571428,True,0.1382045454545432,3.694070193905548,0.0029480586527566,0.1841447368421032,0.0758571428571434,True,S,RV,different-party
18717,19928,106,1.0,0.7089811320754712,0.041898498938497,0.0009990009990009,1.0,1.0,0.6963880597014925,0.7306153846153824,True,0.2910188679245288,6.945806539554476,0.0029480586527566,0.3036119402985074,0.2693846153846175,True,S,S,same-party
18717,20349,72,1.0,0.6750694444444445,0.054994832904106,0.0009990009990009,1.0,1.0,0.6697962962962956,0.6908888888888859,False,0.3249305555555555,5.908383358889986,0.0029480586527566,0.3302037037037044,0.3091111111111141,True,S,SP,different-party
18717,20362,127,1.0,0.7250629921259792,0.0380188795888813,0.0009990009990009,1.0,1.0,0.7112500000000008,0.7485744680851031,True,0.2749370078740207,7.231591536811796,0.0029480586527566,0.2887499999999992,0.2514255319148969,True,S,S,same-party
18717,20363,132,1.0,0.7167196969697004,0.0373207529808885,0.0009990009990009,1.0,1.0,0.6956052631578972,0.7453749999999995,True,0.2832803030302996,7.590423032872978,0.0029480586527566,0.3043947368421028,0.2546250000000005,True,S,S,same-party
18717,20364,123,1.0,0.7169024390243914,0.0383522849394517,0.0009990009990009,1.0,1.0,0.6936842105263181,0.7544468085106363,True,0.2830975609756085,7.381504424639771,0.0029480586527566,0.3063157894736819,0.2455531914893637,True,S,S,same-party
18717,20365,130,1.0,0.7157615384615439,0.0388930890584507,0.0009990009990009,1.0,1.0,0.7076829268292695,0.7295624999999994,True,0.2842384615384561,7.30819969355704,0.0029480586527566,0.2923170731707305,0.2704375000000005,True,S,S,same-party
18717,20367,138,1.0,0.7230362318840584,0.0369054044725761,0.0009990009990009,1.0,1.0,0.7070609756097569,0.7464285714285716,True,0.2769637681159416,7.504694016339772,0.0029480586527566,0.2929390243902431,0.2535714285714284,True,S,S,same-party
18717,20368,105,1.0,0.7165142857142863,0.0414523064884286,0.0009990009990009,1.0,1.0,0.7086849315068464,0.734375,True,0.2834857142857137,6.838840544731763,0.0029480586527566,0.2913150684931536,0.265625,True,S,S,same-party
18717,20369,116,0.9310344827586208,0.7185689655172418,0.0413034862402686,0.0009990009990009,0.9558823529411764,0.8958333333333334,0.710926470588237,0.7293958333333344,True,0.2124655172413788,5.144009297555049,0.0029480586527566,0.2449558823529395,0.166437499999999,True,S,KF,different-party
18717,20371,138,1.0,0.7230797101449276,0.0369442774315536,0.0009990009990009,1.0,1.0,0.7056707317073176,0.7485714285714286,True,0.2769202898550724,7.495620678144821,0.0029480586527566,0.2943292682926823,0.2514285714285714,True,S,V,different-party
18717,20377,57,1.0,0.77408771929825,0.0498008620709463,0.0009990009990009,1.0,1.0,0.7673214285714287,0.7806206896551678,True,0.2259122807017499,4.536312652176883,0.0029480586527566,0.2326785714285713,0.2193793103448321,True,S,M,different-party
18717,20378,138,1.0,0.7231739130434784,0.0363551283363402,0.0009990009990009,1.0,1.0,0.7082926829268292,0.7449642857142854,True,0.2768260869565215,7.614498961342108,0.0029480586527566,0.2917073170731707,0.2550357142857146,True,S,M,different-party
18717,20384,83,1.0,0.6801807228915624,0.0497563084961799,0.0009990009990009,1.0,1.0,0.6765645161290327,0.6908571428571407,True,0.3198192771084376,6.427713123713583,0.0029480586527566,0.3234354838709673,0.3091428571428593,True,S,M,different-party
18717,20386,104,0.9903846153846154,0.7209134615384626,0.0418676132033488,0.0009990009990009,1.0,0.975,0.6925,0.7663749999999999,True,0.2694711538461528,6.43626739688612,0.0029480586527566,0.3075,0.208625,True,S,M,different-party
18717,20389,128,1.0,0.7175625,0.0377953056046744,0.0009990009990009,1.0,1.0,0.6955138888888884,0.7459107142857133,True,0.2824375,7.472819586490364,0.0029480586527566,0.3044861111111115,0.2540892857142867,True,S,M,different-party
18717,20415,135,1.0,0.720777777777779,0.0367683689532,0.0009990009990009,1.0,1.0,0.7030253164556984,0.7458214285714272,True,0.279222222222221,7.594087803503709,0.0029480586527566,0.2969746835443015,0.2541785714285728,True,S,M,different-party
18717,20496,109,1.0,0.7123119266055041,0.0414799429165769,0.0009990009990009,1.0,1.0,0.6963731343283598,0.7377380952380945,True,0.2876880733944958,6.9355947276273895,0.0029480586527566,0.3036268656716402,0.2622619047619055,True,S,M,different-party
18717,20781,131,1.0,0.7161755725190823,0.0366279096862225,0.0009990009990009,1.0,1.0,0.6934000000000003,0.7466785714285715,True,0.2838244274809177,7.748856811986653,0.0029480586527566,0.3065999999999996,0.2533214285714285,True,S,S,same-party
18717,20925,129,0.9302325581395348,0.7238527131782914,0.0380990410435261,0.0009990009990009,0.902439024390244,0.9787234042553192,0.706146341463415,0.7547446808510611,True,0.2063798449612435,5.416930172217859,0.0029480586527566,0.1962926829268289,0.223978723404258,True,S,KF,different-party
18717,20930,53,1.0,0.7814150943396302,0.0511600116092242,0.0009990009990009,1.0,1.0,0.7580666666666659,0.8118695652173881,True,0.2185849056603698,4.272573417887154,0.0029480586527566,0.2419333333333341,0.1881304347826119,True,S,S,same-party
18717,21044,138,1.0,0.7222173913043487,0.0359065078367369,0.0009990009990009,1.0,1.0,0.7064390243902452,0.7453214285714291,True,0.2777826086956513,7.736274715399754,0.0029480586527566,0.2935609756097548,0.2546785714285708,True,S,S,same-party
18717,21143,119,1.0,0.7163109243697483,0.0390104900885232,0.0009990009990009,1.0,1.0,0.692875,0.7435818181818205,True,0.2836890756302517,7.27212283123077,0.0029480586527566,0.307125,0.2564181818181795,True,S,S,same-party
18717,21159,120,1.0,0.7224416666666686,0.0386492968000467,0.0009990009990009,1.0,1.0,0.7072839506172847,0.753923076923074,True,0.2775583333333313,7.181458818495137,0.0029480586527566,0.2927160493827153,0.2460769230769259,True,S,M,different-party
18717,21168,120,1.0,0.7087166666666671,0.0401170674566494,0.0009990009990009,1.0,1.0,0.6960972222222216,0.7276458333333332,True,0.2912833333333329,7.260833151578041,0.0029480586527566,0.3039027777777784,0.2723541666666668,True,S,V,different-party
18718,18719,107,1.0,0.7055981308411217,0.0430954252204184,0.0009990009990009,1.0,1.0,0.6892424242424223,0.7319268292682903,True,0.2944018691588783,6.831394925403632,0.0029480586527566,0.3107575757575777,0.2680731707317096,True,S,S,same-party
18718,18720,150,1.0,0.7399600000000002,0.0331009342712197,0.0009990009990009,1.0,1.0,0.7000370370370373,0.7868260869565211,True,0.2600399999999998,7.8559716130458845,0.0029480586527566,0.2999629629629626,0.2131739130434788,True,S,S,same-party
18718,18725,120,0.875,0.7155250000000006,0.0394886461228242,0.0009990009990009,0.8987341772151899,0.8292682926829268,0.7050000000000014,0.735804878048779,True,0.1594749999999993,4.038502599050198,0.0029480586527566,0.1937341772151884,0.0934634146341477,True,S,RV,different-party
18718,18729,132,0.8484848484848485,0.7161590909090945,0.0360366760254715,0.0009990009990009,0.868421052631579,0.8214285714285714,0.6905789473684233,0.7508750000000004,True,0.132325757575754,3.671974559535488,0.0029480586527566,0.1778421052631557,0.070553571428571,True,S,RV,different-party
18718,19928,128,1.0,0.72965625,0.0379359126607879,0.0009990009990009,1.0,1.0,0.6880746268656723,0.7753278688524591,True,0.27034375,7.126327826019016,0.0029480586527566,0.3119253731343276,0.2246721311475409,True,S,S,same-party
18718,20349,71,1.0,0.6785352112676051,0.055308272866729,0.0009990009990009,1.0,1.0,0.6757037037037024,0.6875294117647034,False,0.3214647887323949,5.812236977766367,0.0029480586527566,0.3242962962962976,0.3124705882352966,True,S,SP,different-party
18718,20362,146,1.0,0.7423561643835619,0.0335186280754114,0.0009990009990009,1.0,1.0,0.7043924050632926,0.787119402985076,True,0.2576438356164381,7.686586546346163,0.0029480586527566,0.2956075949367074,0.212880597014924,True,S,S,same-party
18718,20363,152,1.0,0.7311447368421045,0.0330176855147906,0.0009990009990009,1.0,1.0,0.6854078947368445,0.7768815789473668,True,0.2688552631578955,8.14276527764065,0.0029480586527566,0.3145921052631555,0.2231184210526332,True,S,S,same-party
18718,20364,146,1.0,0.7361438356164391,0.0338274786833941,0.0009990009990009,1.0,1.0,0.6884210526315799,0.7879571428571426,True,0.2638561643835608,7.800054117337669,0.0029480586527566,0.31157894736842,0.2120428571428574,True,S,S,same-party
18718,20365,132,1.0,0.7109318181818207,0.0390036448593624,0.0009990009990009,1.0,1.0,0.6992804878048787,0.7300400000000012,True,0.2890681818181793,7.411312016107418,0.0029480586527566,0.3007195121951213,0.2699599999999987,True,S,S,same-party
18718,20367,159,1.0,0.7405094339622623,0.0310275593018491,0.0009990009990009,1.0,1.0,0.7014938271604922,0.781025641025639,True,0.2594905660377377,8.36322842906541,0.0029480586527566,0.2985061728395077,0.218974358974361,True,S,S,same-party
18718,20368,131,1.0,0.738870229007632,0.0367348469028939,0.0009990009990009,1.0,1.0,0.7027260273972591,0.784362068965513,True,0.261129770992368,7.108503042972968,0.0029480586527566,0.2972739726027409,0.215637931034487,True,S,S,same-party
18718,20369,133,0.9323308270676692,0.7386090225563857,0.0361363066353577,0.0009990009990009,0.9545454545454546,0.9104477611940298,0.7088939393939381,0.767880597014927,True,0.1937218045112834,5.360863423760506,0.0029480586527566,0.2456515151515165,0.1425671641791028,True,S,KF,different-party
18718,20371,138,1.0,0.7208913043478259,0.0357725089211268,0.0009990009990009,1.0,1.0,0.7004024390243911,0.7508928571428567,True,0.2791086956521741,7.802323741607501,0.0029480586527566,0.2995975609756088,0.2491071428571433,True,S,V,different-party
18718,20377,78,1.0,0.7877564102564067,0.0412958854634651,0.0009990009990009,1.0,1.0,0.7486666666666703,0.8084509803921549,True,0.2122435897435932,5.1395820034266375,0.0029480586527566,0.2513333333333297,0.1915490196078451,True,S,M,different-party
18718,20378,159,1.0,0.7406666666666655,0.0334929155012859,0.0009990009990009,1.0,1.0,0.7042499999999999,0.777544303797471,True,0.2593333333333345,7.74293098859601,0.0029480586527566,0.29575,0.222455696202529,True,S,M,different-party
18718,20384,82,1.0,0.6696829268292689,0.051077250381783,0.0009990009990009,1.0,1.0,0.6643548387096792,0.6862000000000004,True,0.3303170731707311,6.467009690258117,0.0029480586527566,0.3356451612903208,0.3137999999999996,True,S,M,different-party
18718,20385,67,1.0,0.7998955223880619,0.0439983217267966,0.0009990009990009,1.0,1.0,0.7918235294117661,0.8026399999999997,False,0.200104477611938,4.548002509151769,0.0029480586527566,0.2081764705882338,0.1973600000000003,True,S,M,different-party
18718,20386,105,0.9904761904761904,0.7192476190476201,0.0412924499995716,0.0009990009990009,1.0,0.975,0.6897846153846183,0.7671249999999997,True,0.2712285714285704,6.568478533760628,0.0029480586527566,0.3102153846153817,0.2078750000000002,True,S,M,different-party
18718,20388,50,0.94,0.7978200000000006,0.0507604592593676,0.0019980019980019,1.0,0.9117647058823528,0.71225,0.8380882352941202,False,0.1421799999999993,2.80099908618854,0.005829605033321,0.2877499999999999,0.0736764705882326,True,S,UFG,different-party
18718,20389,148,1.0,0.7334054054054059,0.0343186456929045,0.0009990009990009,1.0,1.0,0.6871944444444434,0.7771842105263129,True,0.2665945945945941,7.768214310674653,0.0029480586527566,0.3128055555555565,0.222815789473687,True,S,M,different-party
18718,20415,159,1.0,0.7401823899371047,0.0316018344951559,0.0009990009990009,1.0,1.0,0.7031124999999995,0.7777215189873431,True,0.2598176100628953,8.22159897403175,0.0029480586527566,0.2968875000000005,0.2222784810126569,True,S,M,different-party
18718,20496,130,1.0,0.7313615384615417,0.0353395843707278,0.0009990009990009,1.0,1.0,0.6880757575757567,0.776,True,0.2686384615384583,7.6016304753423904,0.0029480586527566,0.3119242424242433,0.2239999999999999,True,S,M,different-party
18718,20781,152,1.0,0.731782894736842,0.0350195168260739,0.0009990009990009,1.0,1.0,0.6880540540540536,0.7732692307692296,True,0.268217105263158,7.659074983680408,0.0029480586527566,0.3119459459459464,0.2267307692307704,True,S,S,same-party
18718,20925,151,0.913907284768212,0.7397086092715186,0.0329414959770735,0.0009990009990009,0.8780487804878049,0.9565217391304348,0.6987195121951222,0.7884202898550717,True,0.1741986754966933,5.288122786467591,0.0029480586527566,0.1793292682926827,0.168101449275363,True,S,KF,different-party
18718,20930,76,1.0,0.7973552631578927,0.0414256649757906,0.0009990009990009,1.0,1.0,0.7371724137931043,0.8344893617021237,True,0.2026447368421072,4.89176786807246,0.0029480586527566,0.2628275862068957,0.1655106382978762,True,S,S,same-party
18718,21044,161,1.0,0.7363726708074549,0.0310694913652329,0.0009990009990009,1.0,1.0,0.6974634146341484,0.7767594936708881,True,0.263627329192545,8.485086739705906,0.0029480586527566,0.3025365853658516,0.2232405063291118,True,S,S,same-party
18718,21143,120,1.0,0.7124000000000016,0.0401897540106273,0.0009990009990009,1.0,1.0,0.6874848484848466,0.7428518518518505,True,0.2875999999999984,7.156052757226351,0.0029480586527566,0.3125151515151534,0.2571481481481494,True,S,S,same-party
18718,21159,138,1.0,0.7404782608695645,0.03516169400529,0.0009990009990009,1.0,1.0,0.7033499999999991,0.7916896551724087,True,0.2595217391304355,7.380808759992922,0.0029480586527566,0.2966500000000008,0.2083103448275912,True,S,M,different-party
18718,21168,119,1.0,0.7011932773109237,0.039131450434811,0.0009990009990009,1.0,1.0,0.6852499999999995,0.7256170212765933,True,0.2988067226890762,7.635973606111476,0.0029480586527566,0.3147500000000005,0.2743829787234066,True,S,V,different-party
18719,18720,98,1.0,0.7075714285714231,0.0441658419146346,0.0009990009990009,1.0,1.0,0.6889692307692358,0.7442121212121242,True,0.2924285714285769,6.621147899632341,0.0029480586527566,0.3110307692307642,0.2557878787878758,True,S,S,same-party
18719,18725,107,0.8598130841121495,0.7063364485981315,0.0422698330609475,0.0009990009990009,0.890625,0.813953488372093,0.689109375,0.7319767441860442,True,0.153476635514018,3.630878676353537,0.0029480586527566,0.2015156249999999,0.0819767441860488,True,S,RV,different-party
18719,18729,102,0.8431372549019608,0.6986960784313734,0.0441372276580533,0.0019980019980019,0.8548387096774194,0.825,0.6794516129032273,0.7285250000000001,True,0.1444411764705874,3.2725475553114505,0.005829605033321,0.175387096774192,0.0964749999999998,True,S,RV,different-party
18719,19928,96,1.0,0.7037708333333333,0.0458706613472289,0.0009990009990009,1.0,1.0,0.6795660377358494,0.7336046511627885,True,0.2962291666666666,6.457922296438877,0.0029480586527566,0.3204339622641505,0.2663953488372115,True,S,S,same-party
18719,20349,67,1.0,0.6781492537313429,0.0549274972161105,0.0009990009990009,1.0,1.0,0.6723877551020375,0.6938333333333293,False,0.321850746268657,5.859556007118712,0.0029480586527566,0.3276122448979625,0.3061666666666707,True,S,SP,different-party
18719,20362,106,1.0,0.7123679245283019,0.040925021633045,0.0009990009990009,1.0,1.0,0.7014090909090893,0.7304499999999994,True,0.2876320754716981,7.028269356843744,0.0029480586527566,0.2985909090909107,0.2695500000000006,True,S,S,same-party
18719,20363,102,1.0,0.695901960784312,0.0438550854559738,0.0009990009990009,1.0,1.0,0.6777580645161312,0.7240249999999997,True,0.304098039215688,6.934156804254147,0.0029480586527566,0.3222419354838688,0.2759750000000003,True,S,S,same-party
18719,20364,105,1.0,0.701123809523809,0.0439287728490207,0.0009990009990009,1.0,1.0,0.679080645161292,0.7329069767441843,True,0.2988761904761909,6.803654440869572,0.0029480586527566,0.320919354838708,0.2670930232558157,True,S,S,same-party
18719,20365,111,1.0,0.7096846846846855,0.0428918171876322,0.0009990009990009,1.0,1.0,0.6962205882352959,0.7309767441860435,True,0.2903153153153145,6.7685478105372985,0.0029480586527566,0.3037794117647041,0.2690232558139565,True,S,S,same-party
18719,20367,110,1.0,0.7080272727272724,0.0421496819275871,0.0009990009990009,1.0,1.0,0.6926764705882361,0.7328809523809499,True,0.2919727272727276,6.927044616240155,0.0029480586527566,0.3073235294117639,0.2671190476190501,True,S,S,same-party
18719,20368,90,1.0,0.6983555555555558,0.0495310950692902,0.0009990009990009,1.0,1.0,0.6947288135593219,0.7052580645161265,True,0.3016444444444441,6.090001523739106,0.0029480586527566,0.3052711864406781,0.2947419354838735,True,S,S,same-party
18719,20369,98,0.9489795918367347,0.7126632653061179,0.0440177249891605,0.0009990009990009,0.9655172413793104,0.925,0.7004137931034535,0.7304249999999997,True,0.2363163265306168,5.36866288725304,0.0029480586527566,0.2651034482758568,0.1945750000000004,True,S,KF,different-party
18719,20371,108,1.0,0.7080925925925934,0.0405302691384399,0.0009990009990009,1.0,1.0,0.6953382352941195,0.7297749999999992,True,0.2919074074074066,7.202207476351392,0.0029480586527566,0.3046617647058804,0.2702250000000008,True,S,V,different-party
18719,20377,43,1.0,0.754674418604652,0.061311383517323,0.0009990009990009,1.0,1.0,0.7553333333333346,0.7541999999999985,False,0.245325581395348,4.001305586686577,0.0029480586527566,0.2446666666666653,0.2458000000000014,True,S,M,different-party
18719,20378,110,1.0,0.7091,0.0428790787243846,0.0009990009990009,1.0,1.0,0.6963134328358214,0.7290232558139504,True,0.2909,6.784194265689063,0.0029480586527566,0.3036865671641786,0.2709767441860495,True,S,M,different-party
18719,20384,80,1.0,0.6765499999999987,0.0520125254415309,0.0009990009990009,1.0,1.0,0.6717586206896597,0.6891818181818155,True,0.3234500000000013,6.218694386674279,0.0029480586527566,0.3282413793103402,0.3108181818181845,True,S,M,different-party
18719,20386,81,0.9876543209876544,0.700753086419753,0.0496475169704386,0.0009990009990009,1.0,0.96875,0.6748163265306086,0.74046875,True,0.2869012345679013,5.778763009210094,0.0029480586527566,0.3251836734693913,0.22828125,True,S,M,different-party
18719,20389,108,1.0,0.7040925925925934,0.0435405266930434,0.0009990009990009,1.0,1.0,0.692867647058826,0.7231749999999999,True,0.2959074074074066,6.796137527079664,0.0029480586527566,0.307132352941174,0.2768250000000001,True,S,M,different-party
18719,20415,108,1.0,0.7054722222222232,0.041817541569463,0.0009990009990009,1.0,1.0,0.6875692307692336,0.7325348837209277,True,0.2945277777777768,7.043163388467914,0.0029480586527566,0.3124307692307664,0.2674651162790723,True,S,M,different-party
18719,20496,89,1.0,0.7041348314606766,0.0473052409642433,0.0009990009990009,1.0,1.0,0.6769622641509444,0.7441388888888888,True,0.2958651685393234,6.254384556733564,0.0029480586527566,0.3230377358490556,0.2558611111111112,True,S,M,different-party
18719,20781,103,1.0,0.6965242718446623,0.0436997783553305,0.0009990009990009,1.0,1.0,0.6775573770491778,0.7240714285714244,True,0.3034757281553377,6.944559894279628,0.0029480586527566,0.3224426229508221,0.2759285714285756,True,S,S,same-party
18719,20925,111,0.90990990990991,0.7083783783783775,0.0415669743710424,0.0009990009990009,0.8823529411764706,0.9534883720930232,0.6926470588235312,0.7332558139534862,True,0.2015315315315324,4.848357008922185,0.0029480586527566,0.1897058823529394,0.2202325581395371,True,S,KF,different-party
18719,20930,43,1.0,0.7794418604651192,0.0588429363245237,0.0009990009990009,1.0,1.0,0.7688799999999985,0.7941111111111179,False,0.2205581395348808,3.748251758180183,0.0029480586527566,0.2311200000000015,0.2058888888888821,True,S,S,same-party
18719,21044,111,1.0,0.706729729729729,0.0409070607029651,0.0009990009990009,1.0,1.0,0.6914852941176494,0.7308372093023231,True,0.2932702702702709,7.169184615823865,0.0029480586527566,0.3085147058823506,0.2691627906976769,True,S,S,same-party
18719,21143,89,1.0,0.6931235955056211,0.0484049523926355,0.0009990009990009,1.0,1.0,0.6689200000000007,0.7241538461538443,True,0.3068764044943789,6.339772881195276,0.0029480586527566,0.3310799999999992,0.2758461538461557,True,S,S,same-party
18719,21159,99,1.0,0.7117979797979822,0.0435440938512837,0.0009990009990009,1.0,1.0,0.6959696969696966,0.7434545454545483,True,0.2882020202020178,6.618624817094938,0.0029480586527566,0.3040303030303034,0.2565454545454517,True,S,M,different-party
18719,21168,108,1.0,0.7046574074074098,0.0422299296410755,0.0009990009990009,1.0,1.0,0.6925735294117658,0.7251999999999998,True,0.2953425925925902,6.993679485208535,0.0029480586527566,0.3074264705882342,0.2748000000000001,True,S,V,different-party
18720,18725,115,0.8869565217391304,0.7187739130434783,0.03999042311525,0.0009990009990009,0.8987341772151899,0.8611111111111112,0.7042911392405059,0.750555555555556,True,0.1681826086956521,4.205572124379871,0.0029480586527566,0.1944430379746839,0.1105555555555551,True,S,RV,different-party
18720,18729,128,0.8515625,0.7187890625,0.0393243654708439,0.0009990009990009,0.8666666666666667,0.8301886792452831,0.6889200000000015,0.7610566037735916,True,0.1327734375,3.3763656682125345,0.0029480586527566,0.1777466666666651,0.0691320754716914,True,S,RV,different-party
18720,19928,122,1.0,0.7324754098360645,0.0387396276946254,0.0009990009990009,1.0,1.0,0.6878333333333319,0.7850892857142868,True,0.2675245901639355,6.905708858968996,0.0029480586527566,0.3121666666666681,0.2149107142857131,True,S,S,same-party
18720,20349,72,1.0,0.6773333333333332,0.0534767332169958,0.0009990009990009,1.0,1.0,0.6731851851851837,0.6897777777777744,False,0.3226666666666667,6.033776696070094,0.0029480586527566,0.3268148148148163,0.3102222222222256,True,S,SP,different-party
18720,20362,142,1.0,0.7457535211267602,0.0354020624220978,0.0009990009990009,1.0,1.0,0.706935897435898,0.7930625,True,0.2542464788732398,7.181685514303249,0.0029480586527566,0.293064102564102,0.2069375,True,S,S,same-party
18720,20363,145,1.0,0.7340965517241413,0.0345213025409452,0.0009990009990009,1.0,1.0,0.6863200000000009,0.785285714285713,True,0.2659034482758586,7.702590247296545,0.0029480586527566,0.313679999999999,0.2147142857142869,True,S,S,same-party
18720,20364,139,1.0,0.7375323741007188,0.0363898633832041,0.0009990009990009,1.0,1.0,0.6888800000000002,0.794546875,True,0.2624676258992812,7.212657633126034,0.0029480586527566,0.3111199999999998,0.205453125,True,S,S,same-party
18720,20365,126,1.0,0.7162777777777732,0.0376465804908071,0.0009990009990009,1.0,1.0,0.7012222222222225,0.7433777777777767,True,0.2837222222222267,7.536467283967752,0.0029480586527566,0.2987777777777775,0.2566222222222233,True,S,S,same-party
18720,20367,153,1.0,0.7418954248366016,0.0321579972886412,0.0009990009990009,1.0,1.0,0.7019874999999994,0.7856301369862955,True,0.2581045751633983,8.026139589686613,0.0029480586527566,0.2980125000000005,0.2143698630137045,True,S,S,same-party
18720,20368,121,1.0,0.7390082644628095,0.0377754596113897,0.0009990009990009,1.0,1.0,0.700791666666666,0.7951632653061301,True,0.2609917355371904,6.909028724524064,0.0029480586527566,0.2992083333333339,0.2048367346938698,True,S,S,same-party
18720,20369,130,0.946153846153846,0.7435307692307703,0.0376520017444431,0.0009990009990009,0.9692307692307692,0.9230769230769232,0.7085230769230791,0.7785384615384552,True,0.2026230769230758,5.381468913614397,0.0029480586527566,0.2607076923076901,0.1445384615384679,True,S,KF,different-party
18720,20371,134,1.0,0.7219776119402972,0.0368057244936059,0.0009990009990009,1.0,1.0,0.6975802469135801,0.7592641509434023,True,0.2780223880597028,7.553781154559315,0.0029480586527566,0.3024197530864199,0.2407358490565977,True,S,V,different-party
18720,20377,70,1.0,0.7987714285714271,0.0431459926148418,0.0009990009990009,1.0,1.0,0.7502692307692299,0.8274318181818189,True,0.2012285714285728,4.663899454693555,0.0029480586527566,0.2497307692307701,0.1725681818181811,True,S,M,different-party
18720,20378,152,1.0,0.7437500000000001,0.0325973730749646,0.0009990009990009,1.0,1.0,0.7042911392405085,0.7864520547945159,True,0.2562499999999998,7.861062896408792,0.0029480586527566,0.2957088607594915,0.2135479452054841,True,S,M,different-party
18720,20384,79,1.0,0.6698481012658238,0.0501223546276041,0.0009990009990009,1.0,1.0,0.6641967213114738,0.6889999999999966,False,0.3301518987341761,6.586919173832071,0.0029480586527566,0.3358032786885262,0.3110000000000034,True,S,M,different-party
18720,20385,57,1.0,0.8150526315789524,0.0460944309524032,0.0009990009990009,1.0,1.0,0.7989411764705907,0.8219000000000004,False,0.1849473684210476,4.012358208999754,0.0029480586527566,0.2010588235294093,0.1780999999999996,True,S,M,different-party
18720,20386,105,0.9904761904761904,0.7201523809523805,0.0415478038752063,0.0009990009990009,1.0,0.975,0.6906615384615417,0.7680750000000004,True,0.2703238095238099,6.50633208762993,0.0029480586527566,0.3093384615384583,0.2069249999999995,True,S,M,different-party
18720,20388,46,0.9347826086956522,0.7989130434782601,0.0552959470734557,0.0109890109890109,1.0,0.9,0.710375,0.8461333333333312,False,0.1358695652173921,2.457134245967457,0.0314984884737166,0.289625,0.0538666666666688,True,S,UFG,different-party
18720,20389,141,1.0,0.7351134751773023,0.0351516756075183,0.0009990009990009,1.0,1.0,0.6861549295774638,0.7847714285714275,True,0.2648865248226977,7.53553053288995,0.0029480586527566,0.3138450704225362,0.2152285714285725,True,S,M,different-party
18720,20415,153,1.0,0.7424771241830074,0.0326870646756862,0.0009990009990009,1.0,1.0,0.7014124999999992,0.78747945205479,True,0.2575228758169926,7.8784338199858945,0.0029480586527566,0.2985875000000008,0.21252054794521,True,S,M,different-party
18720,20496,130,1.0,0.7335153846153878,0.0374080333429358,0.0009990009990009,1.0,1.0,0.6909538461538499,0.7760769230769184,True,0.2664846153846122,7.123726953021852,0.0029480586527566,0.3090461538461501,0.2239230769230815,True,S,M,different-party
18720,20781,146,1.0,0.7361712328767125,0.0344629847010263,0.0009990009990009,1.0,1.0,0.6897027027027028,0.783930555555556,True,0.2638287671232875,7.655424201126435,0.0029480586527566,0.3102972972972971,0.2160694444444439,True,S,S,same-party
18720,20925,144,0.9236111111111112,0.7441527777777781,0.0344724891973283,0.0009990009990009,0.8888888888888888,0.9682539682539684,0.6997407407407402,0.8012539682539755,True,0.179458333333333,5.205842035545291,0.0029480586527566,0.1891481481481486,0.1669999999999927,True,S,KF,different-party
18720,20930,74,1.0,0.7996216216216233,0.0420878505640645,0.0009990009990009,1.0,1.0,0.7412857142857137,0.8351304347826066,True,0.2003783783783767,4.760955375313549,0.0029480586527566,0.2587142857142863,0.1648695652173933,True,S,S,same-party
18720,21044,154,1.0,0.7394480519480515,0.033353976069262,0.0009990009990009,1.0,1.0,0.697209876543209,0.7863150684931454,True,0.2605519480519485,7.811720782880353,0.0029480586527566,0.302790123456791,0.2136849315068546,True,S,S,same-party
18720,21143,116,1.0,0.7172500000000004,0.0400283779753986,0.0009990009990009,1.0,1.0,0.6885303030303014,0.7551599999999989,True,0.2827499999999996,7.063738634969854,0.0029480586527566,0.3114696969696986,0.244840000000001,True,S,S,same-party
18720,21159,141,1.0,0.7418226950354592,0.0344802150294066,0.0009990009990009,1.0,1.0,0.702481012658228,0.7919516129032262,True,0.2581773049645408,7.487694167346481,0.0029480586527566,0.2975189873417719,0.2080483870967737,True,S,M,different-party
18720,21168,113,1.0,0.704194690265491,0.0417139481320679,0.0009990009990009,1.0,1.0,0.6848873239436604,0.7368333333333327,True,0.295805309734509,7.091280566346252,0.0029480586527566,0.3151126760563396,0.2631666666666673,True,S,V,different-party
18721,20356,68,0.9852941176470588,0.7934411764705865,0.0447337788764117,0.0009990009990009,1.0,0.972972972972973,0.7606774193548332,0.8208918918918906,True,0.1918529411764723,4.288771170137764,0.0029480586527566,0.2393225806451667,0.1520810810810824,True,DF,DF,same-party
18723,20357,49,0.9387755102040816,0.8060816326530703,0.0522087747428409,0.0059940059940059,1.0,0.9285714285714286,0.7641428571428536,0.8130714285714364,False,0.1326938775510113,2.541601066192552,0.0172654073734977,0.2358571428571464,0.1154999999999921,True,LA,KF,different-party
18723,20394,48,1.0,0.8205833333333331,0.0509093839727938,0.0009990009990009,1.0,1.0,0.8160000000000073,0.8216410256410229,False,0.1794166666666669,3.524235664736148,0.0029480586527566,0.1839999999999927,0.178358974358977,True,LA,LA,same-party
18723,20398,46,1.0,0.8098695652173896,0.0537338958756711,0.0009990009990009,1.0,1.0,0.7688571428571387,0.8172307692307671,False,0.1901304347826103,3.5383705514770787,0.0029480586527566,0.2311428571428613,0.1827692307692329,True,LA,LA,same-party
18723,20400,47,1.0,0.8030638297872325,0.0539305628412377,0.0009990009990009,1.0,1.0,0.6804000000000004,0.8176666666666753,False,0.1969361702127675,3.65166168935625,0.0029480586527566,0.3195999999999995,0.1823333333333247,True,LA,LA,same-party
18723,20820,46,1.0,0.8124130434782606,0.0535658104076635,0.0009990009990009,1.0,1.0,0.7684285714285677,0.8203076923076904,False,0.1875869565217394,3.5019904505150867,0.0029480586527566,0.2315714285714323,0.1796923076923096,True,LA,LA,same-party
18723,20925,52,0.9423076923076924,0.8089038461538448,0.0480741548444448,0.0049950049950049,1.0,0.926829268292683,0.75954545454546,0.822146341463413,False,0.1334038461538474,2.774959780062836,0.0144114415767959,0.24045454545454,0.1046829268292699,True,LA,KF,different-party
18723,20966,47,0.9361702127659576,0.8031276595744667,0.0523985840871105,0.0089910089910089,1.0,0.9285714285714286,0.6846000000000003,0.817238095238104,False,0.1330425531914907,2.539048630976606,0.0258051348129677,0.3153999999999997,0.1113333333333246,True,LA,KF,different-party
18725,18726,41,1.0,0.7870731707317045,0.0597690633275909,0.0009990009990009,1.0,1.0,0.820125,0.7659199999999968,False,0.2129268292682955,3.562492323181562,0.0029480586527566,0.179875,0.2340800000000031,True,RV,RV,same-party
18725,18729,116,1.0,0.7086896551724137,0.042470356703268,0.0009990009990009,1.0,1.0,0.6946301369862993,0.7325581395348819,True,0.2913103448275863,6.859145235414756,0.0029480586527566,0.3053698630137007,0.2674418604651181,True,RV,RV,same-party
18725,19928,110,0.8818181818181818,0.709981818181819,0.0418730979453152,0.0009990009990009,0.921875,0.8260869565217391,0.692390625,0.7344565217391305,True,0.1718363636363628,4.10374135347652,0.0029480586527566,0.2294843749999999,0.0916304347826086,True,RV,S,different-party
18725,20349,72,0.8888888888888888,0.6819166666666661,0.0538979364101828,0.0009990009990009,0.925925925925926,0.7777777777777778,0.6768703703703692,0.6970555555555528,False,0.2069722222222227,3.840076930721223,0.0029480586527566,0.2490555555555567,0.080722222222225,True,RV,SP,different-party
18725,20362,120,0.8916666666666667,0.717833333333334,0.0391475737757706,0.0009990009990009,0.922077922077922,0.8372093023255814,0.7087532467532468,0.7340930232558112,True,0.1738333333333327,4.440462500409721,0.0029480586527566,0.2133246753246752,0.1031162790697702,True,RV,S,different-party
18725,20363,116,0.8793103448275862,0.7069741379310353,0.0415711905084633,0.0009990009990009,0.9041095890410958,0.8372093023255814,0.6923424657534224,0.7318139534883702,True,0.1723362068965509,4.145568235806611,0.0029480586527566,0.2117671232876734,0.1053953488372112,True,RV,S,different-party
18725,20364,119,0.8739495798319328,0.7086386554621855,0.0402637422626371,0.0009990009990009,0.9041095890410958,0.8260869565217391,0.6916164383561614,0.7356521739130436,True,0.1653109243697472,4.105701931316705,0.0029480586527566,0.2124931506849344,0.0904347826086955,True,RV,S,different-party
18725,20365,125,0.872,0.7158559999999982,0.0376661918171932,0.0009990009990009,0.8987341772151899,0.8260869565217391,0.7039493670886082,0.7363043478260878,True,0.1561440000000018,4.145468189558994,0.0029480586527566,0.1947848101265816,0.0897826086956513,True,RV,S,different-party
18725,20367,124,0.8709677419354839,0.7161129032258077,0.0378321254920711,0.0009990009990009,0.8987341772151899,0.8222222222222222,0.7030506329113927,0.7390444444444441,True,0.1548548387096762,4.09321011430168,0.0029480586527566,0.1956835443037972,0.0831777777777781,True,RV,S,different-party
18725,20368,101,0.8613861386138614,0.7068811881188121,0.0440708493180177,0.0009990009990009,0.9142857142857144,0.7419354838709677,0.7054285714285734,0.710161290322578,True,0.1545049504950493,3.5058310172362,0.0029480586527566,0.2088571428571408,0.0317741935483897,True,RV,S,different-party
18725,20369,108,0.8981481481481481,0.717861111111112,0.0411937690394665,0.0009990009990009,0.9076923076923076,0.8837209302325582,0.7066307692307738,0.7348372093023223,True,0.1802870370370362,4.376560854732871,0.0029480586527566,0.2010615384615338,0.1488837209302358,True,RV,KF,different-party
18725,20371,122,0.8770491803278688,0.7147704918032785,0.0385292038493854,0.0009990009990009,0.8987341772151899,0.8372093023255814,0.7025189873417732,0.7372790697674398,True,0.1622786885245903,4.21183601817868,0.0029480586527566,0.1962151898734166,0.0999302325581416,True,RV,V,different-party
18725,20378,125,0.872,0.7161119999999986,0.0383489517210239,0.0009990009990009,0.8987341772151899,0.8260869565217391,0.7049113924050636,0.735347826086957,True,0.1558880000000013,4.06498725529802,0.0029480586527566,0.1938227848101262,0.0907391304347821,True,RV,M,different-party
18725,20384,81,0.8641975308641975,0.6740246913580241,0.0507461168034443,0.0009990009990009,0.8983050847457628,0.7727272727272727,0.6675932203389846,0.6912727272727252,True,0.1901728395061733,3.7475348161667705,0.0029480586527566,0.2307118644067781,0.0814545454545475,True,RV,M,different-party
18725,20386,99,0.8888888888888888,0.7112121212121236,0.0437814258834598,0.0009990009990009,0.921875,0.8285714285714286,0.6919375,0.7464571428571377,True,0.1776767676767652,4.05826818317239,0.0029480586527566,0.2299375,0.0821142857142909,True,RV,M,different-party
18725,20389,112,0.875,0.7070357142857131,0.0418507455521597,0.0009990009990009,0.8985507246376812,0.8372093023255814,0.6919275362318873,0.7312790697674388,True,0.1679642857142869,4.013412031213355,0.0029480586527566,0.2066231884057938,0.1059302325581426,True,RV,M,different-party
18725,20415,125,0.872,0.7164799999999986,0.0387003270699122,0.0009990009990009,0.8987341772151899,0.8260869565217391,0.7047088607594945,0.7366956521739129,True,0.1555200000000014,4.018570688538475,0.0029480586527566,0.1940253164556954,0.0893913043478262,True,RV,M,different-party
18725,20496,103,0.8932038834951457,0.7137669902912627,0.0422375877472063,0.0009990009990009,0.921875,0.8461538461538461,0.69396875,0.7462564102564071,True,0.179436893203883,4.248275121150858,0.0029480586527566,0.2279062499999999,0.099897435897439,True,RV,M,different-party
18725,20781,118,0.8728813559322034,0.706822033898306,0.0400259201086313,0.0009990009990009,0.9041095890410958,0.8222222222222222,0.6909041095890402,0.7326444444444429,True,0.1660593220338974,4.148794620666013,0.0029480586527566,0.2132054794520556,0.0895777777777793,True,RV,S,different-party
18725,20925,125,0.88,0.7156159999999985,0.0383872651556458,0.0009990009990009,0.8860759493670886,0.8695652173913043,0.7028860759493676,0.7374782608695651,True,0.1643840000000015,4.282253485198453,0.0029480586527566,0.1831898734177209,0.1320869565217391,True,RV,KF,different-party
18725,20930,48,0.8958333333333334,0.768458333333334,0.0558558419810767,0.0129870129870129,0.8888888888888888,0.9047619047619048,0.7522592592592627,0.7892857142857188,True,0.1273749999999993,2.2804239535616078,0.0371286710688531,0.1366296296296261,0.1154761904761859,True,RV,S,different-party
18725,21044,125,0.872,0.7159359999999985,0.0380976552472553,0.0009990009990009,0.8987341772151899,0.8260869565217391,0.7036075949367087,0.7371086956521741,True,0.1560640000000015,4.096420081160893,0.0029480586527566,0.1951265822784812,0.088978260869565,True,RV,S,different-party
18725,21143,106,0.8867924528301887,0.7068113207547168,0.0414033562868682,0.0009990009990009,0.921875,0.8333333333333334,0.693375,0.7272857142857121,True,0.1799811320754719,4.347017928412625,0.0029480586527566,0.2285,0.1060476190476212,True,RV,S,different-party
18725,21159,114,0.8859649122807017,0.7178859649122806,0.0394554639336114,0.0009990009990009,0.8974358974358975,0.8611111111111112,0.7037051282051299,0.7486111111111106,True,0.1680789473684211,4.259966316737123,0.0029480586527566,0.1937307692307676,0.1125000000000006,True,RV,M,different-party
18725,21168,112,0.875,0.7053035714285719,0.0410278097950997,0.0009990009990009,0.8985507246376812,0.8372093023255814,0.6902753623188429,0.729418604651161,True,0.169696428571428,4.136131794968404,0.0029480586527566,0.2082753623188382,0.1077906976744204,True,RV,V,different-party
18726,18729,62,1.0,0.7879193548387079,0.0489696571330027,0.0009990009990009,1.0,1.0,0.8152105263157946,0.7758604651162812,False,0.2120806451612921,4.3308582820025885,0.0029480586527566,0.1847894736842054,0.2241395348837188,True,RV,RV,same-party
18726,20925,72,0.9305555555555556,0.820083333333333,0.0400766294593216,0.0049950049950049,0.7894736842105263,0.981132075471698,0.8183684210526374,0.8206981132075496,False,0.1104722222222225,2.756524780467214,0.0144114415767959,-0.028894736842111,0.1604339622641485,False,RV,KF,different-party
18729,19928,106,0.8584905660377359,0.7029245283018875,0.0420608505116222,0.0009990009990009,0.873015873015873,0.8372093023255814,0.6809047619047575,0.7351860465116258,True,0.1555660377358484,3.6985946751804857,0.0029480586527566,0.1921111111111155,0.1020232558139556,True,RV,S,different-party
18729,20349,66,0.8787878787878788,0.6681969696969675,0.0564456020130595,0.0009990009990009,0.9166666666666666,0.7777777777777778,0.6569583333333334,0.6981666666666635,False,0.2105909090909112,3.7308647898234457,0.0029480586527566,0.2597083333333332,0.0796111111111143,True,RV,SP,different-party
18729,20362,127,0.8818897637795275,0.7229921259842462,0.0386113067858026,0.0009990009990009,0.8933333333333333,0.8653846153846154,0.7010933333333346,0.7545769230769234,True,0.1588976377952813,4.1153136483251,0.0029480586527566,0.1922399999999987,0.110807692307692,True,RV,S,different-party
18729,20363,130,0.8461538461538461,0.7097692307692357,0.0385646573291626,0.0009990009990009,0.8611111111111112,0.8275862068965517,0.6779444444444437,0.7492758620689648,True,0.1363846153846104,3.5365182742457835,0.0029480586527566,0.1831666666666674,0.0783103448275869,True,RV,S,different-party
18729,20364,124,0.8629032258064516,0.712725806451613,0.0387367077905122,0.0009990009990009,0.8611111111111112,0.8653846153846154,0.6795000000000004,0.7587307692307699,True,0.1501774193548386,3.876876170453014,0.0029480586527566,0.1816111111111107,0.1066538461538455,True,RV,S,different-party
18729,20365,130,0.8307692307692308,0.7072692307692365,0.0382383413686121,0.0009990009990009,0.8589743589743589,0.7884615384615384,0.6910897435897453,0.7315384615384622,True,0.1234999999999942,3.2297425981287207,0.0029480586527566,0.1678846153846136,0.0569230769230761,True,RV,S,different-party
18729,20367,137,0.8467153284671532,0.7205766423357675,0.0360885859324173,0.0009990009990009,0.8701298701298701,0.8166666666666667,0.6944675324675315,0.7540833333333334,True,0.1261386861313858,3.495251555924192,0.0029480586527566,0.1756623376623386,0.0625833333333332,True,RV,S,different-party
18729,20368,106,0.8490566037735849,0.7084056603773585,0.0418898046633155,0.0009990009990009,0.8695652173913043,0.8108108108108109,0.690956521739133,0.740945945945944,True,0.1406509433962264,3.357641424367867,0.0029480586527566,0.1786086956521713,0.0698648648648668,True,RV,S,different-party
18729,20369,114,0.8421052631578947,0.716412280701755,0.0411783909306284,0.0009990009990009,0.8709677419354839,0.8076923076923077,0.7021451612903243,0.7334230769230768,True,0.1256929824561397,3.0524015051459776,0.0029480586527566,0.1688225806451595,0.0742692307692308,True,RV,KF,different-party
18729,20371,139,0.841726618705036,0.7184172661870496,0.0353167061365943,0.0009990009990009,0.8589743589743589,0.819672131147541,0.6922692307692322,0.7518524590163926,True,0.1233093525179863,3.4915303834129707,0.0029480586527566,0.1667051282051267,0.0678196721311483,True,RV,V,different-party
18729,20378,137,0.8540145985401459,0.7221532846715327,0.0353304300618864,0.0009990009990009,0.881578947368421,0.819672131147541,0.6990394736842124,0.7509508196721298,True,0.1318613138686132,3.732230647564682,0.0029480586527566,0.1825394736842086,0.0687213114754111,True,RV,M,different-party
18729,20384,84,0.8333333333333334,0.666869047619049,0.0513028698070178,0.0019980019980019,0.8548387096774194,0.7727272727272727,0.6586774193548404,0.6899545454545435,True,0.1664642857142844,3.2447363342530444,0.005829605033321,0.196161290322579,0.0827727272727292,True,RV,M,different-party
18729,20386,100,0.89,0.7127800000000027,0.0409505622494131,0.0009990009990009,0.8983050847457628,0.8780487804878049,0.6737457627118661,0.7689512195121921,True,0.1772199999999972,4.327657308356908,0.0029480586527566,0.2245593220338966,0.1090975609756127,True,RV,M,different-party
18729,20389,126,0.8412698412698413,0.7092301587301536,0.0377229016724751,0.0019980019980019,0.8529411764705882,0.8275862068965517,0.677044117647061,0.74696551724138,True,0.1320396825396876,3.5002525438288794,0.005829605033321,0.1758970588235272,0.0806206896551716,True,RV,M,different-party
18729,20415,135,0.8518518518518519,0.7192666666666674,0.0375552659083761,0.0009990009990009,0.8783783783783784,0.819672131147541,0.6921756756756758,0.7521311475409826,True,0.1325851851851844,3.530401981672913,0.0029480586527566,0.1862027027027025,0.0675409836065583,True,RV,M,different-party
18729,20496,107,0.8504672897196262,0.7066074766355144,0.0402532620145497,0.0009990009990009,0.8870967741935484,0.8,0.6798064516129051,0.743533333333332,True,0.1438598130841117,3.5738672068890427,0.0029480586527566,0.2072903225806432,0.056466666666668,True,RV,M,different-party
18729,20781,130,0.8461538461538461,0.7113846153846206,0.0372652963461959,0.0009990009990009,0.8714285714285714,0.8166666666666667,0.6809000000000014,0.7469499999999987,True,0.1347692307692255,3.616480854391029,0.0029480586527566,0.19052857142857,0.0697166666666679,True,RV,S,different-party
18729,20925,130,0.8769230769230769,0.718730769230774,0.0375867050101607,0.0009990009990009,0.8589743589743589,0.903846153846154,0.6927692307692328,0.7576730769230778,True,0.1581923076923029,4.208730391491865,0.0029480586527566,0.1662051282051261,0.146173076923076,True,RV,KF,different-party
18729,21044,139,0.841726618705036,0.718064748201439,0.0353642622733413,0.0009990009990009,0.8589743589743589,0.819672131147541,0.6928846153846169,0.7502622950819648,True,0.123661870503597,3.4968033419664195,0.0029480586527566,0.166089743589742,0.0694098360655761,True,RV,S,different-party
18729,21143,116,0.853448275862069,0.7084224137931026,0.0416219377277398,0.0009990009990009,0.8833333333333333,0.8214285714285714,0.6732166666666648,0.7461428571428574,True,0.1450258620689664,3.484361132286034,0.0029480586527566,0.2101166666666685,0.0752857142857139,True,RV,S,different-party
18729,21159,119,0.8739495798319328,0.7176134453781515,0.0415653474102858,0.0009990009990009,0.8701298701298701,0.8809523809523809,0.6961038961038956,0.75704761904762,True,0.1563361344537812,3.761213226744111,0.0029480586527566,0.1740259740259745,0.1239047619047609,True,RV,M,different-party
18729,21168,117,0.8290598290598291,0.6978888888888881,0.0416708184312352,0.0009990009990009,0.8529411764705882,0.7959183673469388,0.6777058823529425,0.7258979591836735,True,0.131170940170941,3.1477889110192967,0.0029480586527566,0.1752352941176457,0.0700204081632652,True,RV,V,different-party
19000,20359,85,1.0,0.7777294117647032,0.0412970886695217,0.0009990009990009,1.0,1.0,0.7222999999999999,0.7947846153846062,True,0.2222705882352967,5.382233842535682,0.0029480586527566,0.2777,0.2052153846153938,True,SF,SF,same-party
19000,20360,79,1.0,0.8005063291139266,0.0387386564915492,0.0009990009990009,1.0,1.0,0.789882352941178,0.8034193548387086,False,0.1994936708860734,5.149731275001559,0.0029480586527566,0.2101176470588219,0.1965806451612913,True,SF,SF,same-party
19000,20381,73,0.9041095890410958,0.7869726027397215,0.0436544942969113,0.0049950049950049,0.9090909090909092,0.9019607843137256,0.754727272727274,0.8008823529411762,True,0.1171369863013743,2.683274384183214,0.0144114415767959,0.154363636363635,0.1010784313725493,True,SF,ALT,different-party
19000,20798,83,1.0,0.7831084337349449,0.0397277512344413,0.0009990009990009,1.0,1.0,0.728349999999999,0.8004920634920688,True,0.2168915662650551,5.459447351679562,0.0029480586527566,0.2716500000000009,0.1995079365079312,True,SF,SF,same-party
19000,20962,70,1.0,0.7926714285714275,0.0435260046927461,0.0009990009990009,1.0,1.0,0.8140769230769165,0.7877894736842146,False,0.2073285714285725,4.76332649624341,0.0029480586527566,0.1859230769230835,0.2122105263157854,True,SF,SF,same-party
19928,20349,72,1.0,0.6800972222222216,0.0541650999063179,0.0009990009990009,1.0,1.0,0.6754074074074051,0.6941666666666636,False,0.3199027777777784,5.906068267778907,0.0029480586527566,0.3245925925925949,0.3058333333333364,True,S,SP,different-party
19928,20362,131,1.0,0.7325801526717551,0.0369992593664462,0.0009990009990009,1.0,1.0,0.6953529411764736,0.7727619047619079,True,0.2674198473282448,7.227708119226891,0.0029480586527566,0.3046470588235264,0.2272380952380921,True,S,S,same-party
19928,20363,132,1.0,0.7287575757575793,0.0359094521557929,0.0009990009990009,1.0,1.0,0.691782608695655,0.7692539682539702,True,0.2712424242424207,7.553510509312057,0.0029480586527566,0.308217391304345,0.2307460317460298,True,S,S,same-party
19928,20364,135,1.0,0.7326148148148179,0.0375543825473996,0.0009990009990009,1.0,1.0,0.6936666666666692,0.7733333333333329,True,0.267385185185182,7.119946249887059,0.0029480586527566,0.3063333333333308,0.2266666666666671,True,S,S,same-party
19928,20365,115,1.0,0.7117913043478271,0.0406144480415844,0.0009990009990009,1.0,1.0,0.695913043478263,0.7356086956521739,True,0.2882086956521729,7.09621106649242,0.0029480586527566,0.304086956521737,0.2643913043478261,True,S,S,same-party
19928,20367,133,1.0,0.7350676691729281,0.0366637404667199,0.0009990009990009,1.0,1.0,0.6980882352941192,0.7737538461538412,True,0.2649323308270719,7.226003878888282,0.0029480586527566,0.3019117647058807,0.2262461538461587,True,S,S,same-party
19928,20368,120,1.0,0.7242916666666674,0.0404242315139056,0.0009990009990009,1.0,1.0,0.6915942028985528,0.7685294117647044,True,0.2757083333333325,6.8203729052583455,0.0029480586527566,0.3084057971014472,0.2314705882352956,True,S,S,same-party
19928,20369,125,0.952,0.7360319999999976,0.0378158301907735,0.0009990009990009,0.967741935483871,0.9365079365079364,0.6998225806451633,0.7716666666666696,True,0.2159680000000023,5.711047434645375,0.0029480586527566,0.2679193548387076,0.1648412698412669,True,S,KF,different-party
19928,20371,112,1.0,0.7093214285714284,0.0414890034688322,0.0009990009990009,1.0,1.0,0.6925362318840605,0.7362558139534868,True,0.2906785714285715,7.006159394667986,0.0029480586527566,0.3074637681159394,0.2637441860465132,True,S,V,different-party
19928,20377,60,1.0,0.786266666666667,0.0484695823328409,0.0009990009990009,1.0,1.0,0.7668571428571443,0.7921739130434775,False,0.213733333333333,4.409638438095565,0.0029480586527566,0.2331428571428556,0.2078260869565225,True,S,M,different-party
19928,20378,133,1.0,0.7347969924811988,0.0377644580316677,0.0009990009990009,1.0,1.0,0.699298507462688,0.7708333333333331,True,0.2652030075188012,7.022555634094163,0.0029480586527566,0.300701492537312,0.2291666666666668,True,S,M,different-party
19928,20384,77,1.0,0.6727662337662325,0.0536903949141324,0.0009990009990009,1.0,1.0,0.6678545454545465,0.685045454545453,True,0.3272337662337675,6.094828819141969,0.0029480586527566,0.3321454545454535,0.314954545454547,True,S,M,different-party
19928,20385,44,1.0,0.7951590909090912,0.0573033296136152,0.0009990009990009,1.0,1.0,0.7657272727272789,0.8049696969697016,False,0.2048409090909088,3.574677256489448,0.0029480586527566,0.234272727272721,0.1950303030302984,True,S,M,different-party
19928,20386,100,0.99,0.7086900000000022,0.0438692193730889,0.0009990009990009,1.0,0.9714285714285714,0.6903692307692327,0.7427142857142821,True,0.2813099999999978,6.41246878836791,0.0029480586527566,0.3096307692307672,0.2287142857142893,True,S,M,different-party
19928,20389,122,1.0,0.7244098360655723,0.0380761259349531,0.0009990009990009,1.0,1.0,0.6768135593220358,0.7689841269841293,True,0.2755901639344277,7.237873002238418,0.0029480586527566,0.3231864406779642,0.2310158730158706,True,S,M,different-party
19928,20415,131,1.0,0.731595419847326,0.03473725899621,0.0009990009990009,1.0,1.0,0.6907076923076966,0.7718636363636369,True,0.268404580152674,7.726705788213113,0.0029480586527566,0.3092923076923034,0.2281363636363631,True,S,M,different-party
19928,20496,127,1.0,0.7346535433070837,0.0373438359897187,0.0009990009990009,1.0,1.0,0.6914264705882368,0.784474576271186,True,0.2653464566929163,7.105495449529342,0.0029480586527566,0.3085735294117632,0.215525423728814,True,S,M,different-party
19928,20781,132,1.0,0.7316439393939413,0.0355496741558753,0.0009990009990009,1.0,1.0,0.6954925373134339,0.7689076923076877,True,0.2683560606060586,7.548762878371058,0.0029480586527566,0.3045074626865661,0.2310923076923122,True,S,S,same-party
19928,20925,134,0.9477611940298508,0.7334104477611934,0.0368483339281582,0.0009990009990009,0.9420289855072465,0.953846153846154,0.6934492753623216,0.7758307692307639,True,0.2143507462686573,5.817108222221621,0.0029480586527566,0.2485797101449247,0.17801538461539,True,S,KF,different-party
19928,20930,57,1.0,0.8008421052631634,0.0501897914702248,0.0009990009990009,1.0,1.0,0.7466875,0.8219756097560962,False,0.1991578947368366,3.9680956804729375,0.0029480586527566,0.2533125,0.1780243902439038,True,S,S,same-party
19928,21044,135,1.0,0.7322222222222264,0.0355420672890943,0.0009990009990009,1.0,1.0,0.6939710144927566,0.7722121212121208,True,0.2677777777777735,7.53410812037762,0.0029480586527566,0.3060289855072434,0.2277878787878792,True,S,S,same-party
19928,21143,108,1.0,0.703740740740741,0.0424221377608754,0.0009990009990009,1.0,1.0,0.6894242424242412,0.7262380952380937,True,0.296259259259259,6.983600424127829,0.0029480586527566,0.3105757575757588,0.2737619047619063,True,S,S,same-party
19928,21159,123,1.0,0.7353008130081312,0.0362537094776505,0.0009990009990009,1.0,1.0,0.6931194029850755,0.7857678571428565,True,0.2646991869918688,7.301299392688332,0.0029480586527566,0.3068805970149245,0.2142321428571435,True,S,M,different-party
19928,21168,102,1.0,0.6982745098039221,0.0431519551569987,0.0009990009990009,1.0,1.0,0.6756101694915265,0.7293720930232532,True,0.3017254901960778,6.992162674861817,0.0029480586527566,0.3243898305084735,0.2706279069767467,True,S,V,different-party
20349,20362,72,1.0,0.6784305555555563,0.0528144080688158,0.0009990009990009,1.0,1.0,0.6749444444444427,0.688888888888885,False,0.3215694444444437,6.0886689106776855,0.0029480586527566,0.3250555555555573,0.311111111111115,True,SP,S,different-party
20349,20363,72,1.0,0.6779583333333327,0.0538506881784679,0.0009990009990009,1.0,1.0,0.6721296296296294,0.6954444444444424,False,0.3220416666666673,5.980270216777559,0.0029480586527566,0.3278703703703706,0.3045555555555576,True,SP,S,different-party
20349,20364,72,1.0,0.6789583333333343,0.0537928263490598,0.0009990009990009,1.0,1.0,0.673074074074072,0.6966111111111093,False,0.3210416666666656,5.968113007921119,0.0029480586527566,0.3269259259259279,0.3033888888888907,True,SP,S,different-party
20349,20365,72,1.0,0.680152777777777,0.0537899258800953,0.0009990009990009,1.0,1.0,0.6748888888888858,0.6959444444444407,False,0.3198472222222229,5.946229093812162,0.0029480586527566,0.3251111111111142,0.3040555555555593,True,SP,S,different-party
20349,20367,72,1.0,0.6822916666666666,0.0530438486228711,0.0009990009990009,1.0,1.0,0.6763703703703681,0.7000555555555542,False,0.3177083333333333,5.989541512950203,0.0029480586527566,0.3236296296296319,0.2999444444444458,True,SP,S,different-party
20349,20368,72,1.0,0.6787361111111109,0.0526537490223781,0.0009990009990009,1.0,1.0,0.6733703703703693,0.6948333333333306,False,0.3212638888888891,6.101443769034374,0.0029480586527566,0.3266296296296307,0.3051666666666693,True,SP,S,different-party
20349,20369,67,1.0,0.6792537313432837,0.055949154175607,0.0009990009990009,1.0,1.0,0.6718367346938728,0.6994444444444403,False,0.3207462686567163,5.732817115518726,0.0029480586527566,0.3281632653061271,0.3005555555555597,True,SP,KF,different-party
20349,20371,72,1.0,0.6799583333333326,0.0524172525330612,0.0009990009990009,1.0,1.0,0.6741481481481467,0.6973888888888857,False,0.3200416666666674,6.10565512690324,0.0029480586527566,0.3258518518518533,0.3026111111111143,True,SP,V,different-party
20349,20378,72,1.0,0.6804722222222223,0.0523487131103019,0.0009990009990009,1.0,1.0,0.6754259259259242,0.6956111111111066,False,0.3195277777777777,6.1038325260166975,0.0029480586527566,0.3245740740740758,0.3043888888888933,True,SP,M,different-party
20349,20384,68,1.0,0.6741029411764726,0.0553598839379268,0.0009990009990009,1.0,1.0,0.6672400000000013,0.6931666666666635,False,0.3258970588235274,5.886881178958842,0.0029480586527566,0.3327599999999987,0.3068333333333365,True,SP,M,different-party
20349,20386,71,1.0,0.6800140845070415,0.0535702248953738,0.0009990009990009,1.0,1.0,0.6740555555555539,0.6989411764705856,False,0.3199859154929585,5.973204632198422,0.0029480586527566,0.3259444444444461,0.3010588235294144,True,SP,M,different-party
20349,20389,72,1.0,0.6790972222222224,0.0524077180085857,0.0009990009990009,1.0,1.0,0.6751111111111102,0.6910555555555521,False,0.3209027777777776,6.123196925407154,0.0029480586527566,0.3248888888888898,0.3089444444444479,True,SP,M,different-party
20349,20415,72,1.0,0.6805,0.05514387003063,0.0009990009990009,1.0,1.0,0.6733518518518489,0.701944444444442,False,0.3195,5.793935025280807,0.0029480586527566,0.3266481481481511,0.2980555555555579,True,SP,M,different-party
20349,20496,72,1.0,0.6760694444444435,0.0536254632821468,0.0009990009990009,1.0,1.0,0.6707592592592577,0.6919999999999963,False,0.3239305555555565,6.040610854049266,0.0029480586527566,0.3292407407407423,0.3080000000000037,True,SP,M,different-party
20349,20781,72,1.0,0.6789583333333336,0.0538502292023455,0.0009990009990009,1.0,1.0,0.673722222222221,0.6946666666666639,False,0.3210416666666664,5.961751164704106,0.0029480586527566,0.326277777777779,0.3053333333333361,True,SP,S,different-party
20349,20925,72,1.0,0.6806527777777771,0.0540456145454786,0.0009990009990009,1.0,1.0,0.6745555555555544,0.698944444444441,False,0.3193472222222229,5.908846164631851,0.0029480586527566,0.3254444444444456,0.3010555555555589,True,SP,KF,different-party
20349,21044,72,1.0,0.676930555555556,0.05155876512782,0.0009990009990009,1.0,1.0,0.6706111111111088,0.695888888888887,False,0.3230694444444439,6.266043099432621,0.0029480586527566,0.3293888888888912,0.304111111111113,True,SP,S,different-party
20349,21143,72,1.0,0.6819583333333327,0.0536436946116422,0.0009990009990009,1.0,1.0,0.6766851851851847,0.6977777777777753,False,0.3180416666666673,5.928780054564755,0.0029480586527566,0.3233148148148153,0.3022222222222247,True,SP,S,different-party
20349,21159,71,1.0,0.6789999999999982,0.0526453369232529,0.0009990009990009,1.0,1.0,0.673415094339623,0.6954444444444412,False,0.3210000000000018,6.097406128636995,0.0029480586527566,0.326584905660377,0.3045555555555588,True,SP,M,different-party
20349,21168,72,1.0,0.6795555555555556,0.051812690774497,0.0009990009990009,1.0,1.0,0.6742592592592579,0.6954444444444411,False,0.3204444444444444,6.184670968722816,0.0029480586527566,0.3257407407407421,0.3045555555555589,True,SP,V,different-party
20352,20381,106,1.0,0.696367924528302,0.0433982125642083,0.0009990009990009,1.0,1.0,0.6727460317460262,0.7309767441860445,True,0.303632075471698,6.996418919845366,0.0029480586527566,0.3272539682539738,0.2690232558139555,True,ALT,ALT,same-party
20353,20381,42,1.0,0.8387380952381062,0.0521328826360564,0.0009990009990009,1.0,1.0,0.7881999999999968,0.85453125,False,0.1612619047618938,3.093285784476474,0.0029480586527566,0.2118000000000032,0.14546875,True,ALT,ALT,same-party
20355,20373,46,1.0,0.767152173913044,0.05794440161435,0.0009990009990009,1.0,1.0,0.7751999999999989,0.7632580645161241,False,0.2328478260869559,4.01846976756579,0.0029480586527566,0.2248000000000011,0.2367419354838759,True,DD,DD,same-party
20355,20374,57,1.0,0.792543859649126,0.0485176478127538,0.0009990009990009,1.0,1.0,0.7793999999999972,0.795340425531913,False,0.207456140350874,4.275890314211396,0.0029480586527566,0.2206000000000028,0.204659574468087,True,DD,DD,same-party
20355,20376,74,1.0,0.7897027027027033,0.0437651041331053,0.0009990009990009,1.0,1.0,0.7926470588235314,0.7888245614035122,False,0.2102972972972967,4.805136454324602,0.0029480586527566,0.2073529411764686,0.2111754385964878,True,DD,DD,same-party
20355,20399,50,0.9,0.7798399999999995,0.054821344198943,0.0119880119880119,0.9090909090909092,0.8974358974358975,0.7535454545454597,0.7872564102564076,False,0.1201600000000004,2.191847021553278,0.0343284198705885,0.1555454545454493,0.1101794871794898,True,DD,LA,different-party
20357,20364,59,0.9152542372881356,0.8087118644067807,0.0474638193479599,0.0169830169830169,0.8823529411764706,0.9285714285714286,0.7845294117647073,0.8185000000000081,False,0.1065423728813549,2.2447071125963727,0.04839554483106,0.0978235294117633,0.1100714285714205,True,KF,S,different-party
20357,20369,61,0.9836065573770492,0.7955081967213116,0.0473588077358398,0.0009990009990009,1.0,0.9743589743589745,0.812318181818185,0.7860256410256369,True,0.1880983606557376,3.9717714538955726,0.0029480586527566,0.1876818181818149,0.1883333333333374,True,KF,KF,same-party
20357,20925,64,0.96875,0.813109375,0.0439376177607391,0.0009990009990009,1.0,0.951219512195122,0.8006956521739101,0.820073170731704,True,0.1556406249999999,3.542309140371149,0.0029480586527566,0.1993043478260898,0.1311463414634178,True,KF,KF,same-party
20357,20966,58,0.9655172413793104,0.7984482758620622,0.0481763373977528,0.0009990009990009,1.0,0.9607843137254902,0.8077142857142828,0.797176470588235,False,0.1670689655172481,3.46786357248156,0.0029480586527566,0.1922857142857171,0.1636078431372551,True,KF,KF,same-party
20357,21194,52,1.0,0.8076730769230767,0.0481509747710034,0.0009990009990009,1.0,1.0,0.7542727272727323,0.8219999999999981,False,0.1923269230769233,3.9942477590867504,0.0029480586527566,0.2457272727272677,0.1780000000000019,True,KF,KF,same-party
20359,20360,82,1.0,0.7924756097560948,0.0417394424583069,0.0009990009990009,1.0,1.0,0.7719523809523829,0.799540983606558,True,0.2075243902439052,4.971901348495461,0.0029480586527566,0.228047619047617,0.200459016393442,True,SF,SF,same-party
20359,20381,142,0.8169014084507042,0.7284084507042236,0.0347462162421787,0.0099900099900099,0.7702702702702703,0.8676470588235294,0.6892702702702707,0.7709999999999991,True,0.0884929577464807,2.546837247822635,0.0286536685753906,0.0809999999999996,0.0966470588235303,True,SF,ALT,different-party
20359,20798,153,1.0,0.7319019607843142,0.0320652740192581,0.0009990009990009,1.0,1.0,0.6836388888888881,0.7748024691358033,True,0.2680980392156857,8.361008830134061,0.0029480586527566,0.3163611111111118,0.2251975308641967,True,SF,SF,same-party
20359,20962,73,1.0,0.7815205479452015,0.0445636924391102,0.0009990009990009,1.0,1.0,0.7775882352941185,0.7827142857142855,False,0.2184794520547984,4.902633513892926,0.0029480586527566,0.2224117647058815,0.2172857142857145,True,SF,SF,same-party
20360,20370,69,0.8985507246376812,0.7990869565217386,0.0436982894445992,0.0129870129870129,0.9375,0.8867924528301887,0.8163125,0.7938867924528368,False,0.0994637681159426,2.2761478625391707,0.0371286710688531,0.1211875,0.0929056603773519,True,SF,ALT,different-party
20360,20381,70,0.9428571428571428,0.8033428571428564,0.0426857816316447,0.0009990009990009,0.9565217391304348,0.9361702127659576,0.7975217391304333,0.8061914893617016,True,0.1395142857142864,3.268401804568545,0.0029480586527566,0.1590000000000014,0.1299787234042558,True,SF,ALT,different-party
20360,20798,80,1.0,0.7995874999999993,0.0428253149591609,0.0009990009990009,1.0,1.0,0.7850000000000039,0.8047796610169499,True,0.2004125000000006,4.679767100163018,0.0029480586527566,0.214999999999996,0.1952203389830501,True,SF,SF,same-party
20360,20962,76,1.0,0.7946447368421026,0.0420986585852349,0.0009990009990009,1.0,1.0,0.7983913043478233,0.7930188679245349,True,0.2053552631578974,4.877952648826691,0.0029480586527566,0.2016086956521766,0.2069811320754651,True,SF,SF,same-party
20362,20363,144,1.0,0.7396805555555567,0.0357340640757439,0.0009990009990009,1.0,1.0,0.6985600000000006,0.7843768115942027,True,0.2603194444444433,7.284910104058001,0.0029480586527566,0.3014399999999994,0.2156231884057973,True,S,S,same-party
20362,20364,147,1.0,0.7408707482993171,0.0342217054773273,0.0009990009990009,1.0,1.0,0.6985066666666675,0.7850000000000011,True,0.2591292517006829,7.572072989534723,0.0029480586527566,0.3014933333333325,0.2149999999999988,True,S,S,same-party
20362,20365,124,1.0,0.7180645161290303,0.0385170030254465,0.0009990009990009,1.0,1.0,0.7118641975308642,0.729744186046509,True,0.2819354838709696,7.319766900989341,0.0029480586527566,0.2881358024691358,0.2702558139534909,True,S,S,same-party
20362,20367,152,1.0,0.7454276315789472,0.034294651215293,0.0009990009990009,1.0,1.0,0.7107530864197514,0.7849859154929583,True,0.2545723684210528,7.423092505677137,0.0029480586527566,0.2892469135802485,0.2150140845070417,True,S,S,same-party
20362,20368,131,1.0,0.7401297709923643,0.0355981445376831,0.0009990009990009,1.0,1.0,0.708297297297296,0.7814561403508825,True,0.2598702290076357,7.300106013462145,0.0029480586527566,0.291702702702704,0.2185438596491175,True,S,S,same-party
20362,20369,131,0.9465648854961832,0.7397557251908379,0.0370154624219709,0.0009990009990009,0.9558823529411764,0.9365079365079364,0.7098676470588258,0.7720158730158752,True,0.2068091603053453,5.587101896708747,0.0029480586527566,0.2460147058823507,0.1644920634920613,True,S,KF,different-party
20362,20371,133,1.0,0.726548872180447,0.0377410919076284,0.0009990009990009,1.0,1.0,0.7084444444444431,0.7547499999999993,True,0.273451127819553,7.245448236866756,0.0029480586527566,0.2915555555555569,0.2452500000000007,True,S,V,different-party
20362,20377,78,1.0,0.7991794871794852,0.0414274108026033,0.0009990009990009,1.0,1.0,0.7885384615384575,0.8044999999999989,True,0.2008205128205148,4.847527492784927,0.0029480586527566,0.2114615384615424,0.1955000000000011,True,S,M,different-party
20362,20378,152,1.0,0.7467302631578941,0.03419597869332,0.0009990009990009,1.0,1.0,0.7138000000000009,0.7833194444444455,True,0.2532697368421058,7.406418722900305,0.0029480586527566,0.2861999999999991,0.2166805555555545,True,S,M,different-party
20362,20384,83,1.0,0.6806144578313221,0.0521739217591344,0.0009990009990009,1.0,1.0,0.678573770491803,0.6862727272727259,True,0.3193855421686778,6.121555202293388,0.0029480586527566,0.321426229508197,0.3137272727272741,True,S,M,different-party
20362,20385,55,1.0,0.8218000000000023,0.0465964456735039,0.0009990009990009,1.0,1.0,0.817625,0.823512820512818,False,0.1781999999999977,3.8243260279684175,0.0029480586527566,0.1823749999999999,0.1764871794871819,True,S,M,different-party
20362,20386,105,0.9904761904761904,0.7211714285714287,0.0431048458174465,0.0009990009990009,1.0,0.975609756097561,0.6911875,0.7679756097560955,True,0.2693047619047618,6.247667908274055,0.0029480586527566,0.3088125,0.2076341463414655,True,S,M,different-party
20362,20389,140,1.0,0.7397857142857153,0.0358414011249749,0.0009990009990009,1.0,1.0,0.6988873239436609,0.7818695652173904,True,0.2602142857142847,7.260159411931107,0.0029480586527566,0.301112676056339,0.2181304347826096,True,S,M,different-party
20362,20415,150,1.0,0.7433266666666665,0.0337610193662997,0.0009990009990009,1.0,1.0,0.7066538461538477,0.7830555555555557,True,0.2566733333333335,7.602653538048826,0.0029480586527566,0.2933461538461522,0.2169444444444442,True,S,M,different-party
20362,20496,124,1.0,0.7348951612903225,0.0382953467947998,0.0009990009990009,1.0,1.0,0.6929852941176484,0.7857857142857143,True,0.2651048387096775,6.922638411664061,0.0029480586527566,0.3070147058823516,0.2142142857142857,True,S,M,different-party
20362,20781,145,1.0,0.7367862068965528,0.0346723887375843,0.0009990009990009,1.0,1.0,0.6970810810810804,0.7781690140845074,True,0.2632137931034471,7.591452527126509,0.0029480586527566,0.3029189189189196,0.2218309859154925,True,S,S,same-party
20362,20925,152,0.9342105263157896,0.7450328947368422,0.0330746718552825,0.0009990009990009,0.9135802469135802,0.9577464788732394,0.7089012345678999,0.7862535211267617,True,0.1891776315789473,5.719713030160643,0.0029480586527566,0.2046790123456803,0.1714929577464776,True,S,KF,different-party
20362,20930,75,1.0,0.8131466666666691,0.0418965449175333,0.0009990009990009,1.0,1.0,0.777678571428572,0.8342765957446773,True,0.1868533333333308,4.459874524286477,0.0029480586527566,0.222321428571428,0.1657234042553227,True,S,S,same-party
20362,21044,153,1.0,0.7431895424836585,0.0338000641534126,0.0009990009990009,1.0,1.0,0.707604938271604,0.7832222222222224,True,0.2568104575163414,7.597928108974086,0.0029480586527566,0.292395061728396,0.2167777777777776,True,S,S,same-party
20362,21143,112,1.0,0.7132857142857152,0.0421346520138316,0.0009990009990009,1.0,1.0,0.6911076923076968,0.7439574468085078,True,0.2867142857142848,6.804714694692726,0.0029480586527566,0.3088923076923032,0.2560425531914921,True,S,S,same-party
20362,21159,141,1.0,0.7464609929077992,0.0345337703435317,0.0009990009990009,1.0,1.0,0.7122025316455702,0.7901129032258051,True,0.2535390070922008,7.341770231575349,0.0029480586527566,0.2877974683544297,0.2098870967741949,True,S,M,different-party
20362,21168,111,1.0,0.7092972972972972,0.0407388788190414,0.0009990009990009,1.0,1.0,0.6979577464788724,0.7294250000000004,True,0.2907027027027028,7.135756091717177,0.0029480586527566,0.3020422535211275,0.2705749999999995,True,S,V,different-party
20363,20364,150,1.0,0.7347333333333351,0.0343811941467126,0.0009990009990009,1.0,1.0,0.691025641025642,0.7820833333333335,True,0.2652666666666649,7.715458210517919,0.0029480586527566,0.308974358974358,0.2179166666666665,True,S,S,same-party
20363,20365,130,1.0,0.7070076923076968,0.0388050258498387,0.0009990009990009,1.0,1.0,0.692025641025643,0.7294807692307688,True,0.2929923076923032,7.5503701202539055,0.0029480586527566,0.307974358974357,0.2705192307692312,True,S,S,same-party
20363,20367,157,1.0,0.7361847133757974,0.0339986199678609,0.0009990009990009,1.0,1.0,0.6930779220779216,0.7776750000000007,True,0.2638152866242026,7.759588091328073,0.0029480586527566,0.3069220779220784,0.2223249999999993,True,S,S,same-party
20363,20368,126,1.0,0.7318015873015844,0.0386352669580201,0.0009990009990009,1.0,1.0,0.6911739130434801,0.7809824561403543,True,0.2681984126984156,6.941803016136309,0.0029480586527566,0.3088260869565199,0.2190175438596456,True,S,S,same-party
20363,20369,131,0.9389312977099236,0.7338244274809151,0.0379386544751393,0.0009990009990009,0.967741935483871,0.9130434782608696,0.6987741935483872,0.7653188405797102,True,0.2051068702290085,5.406276871611564,0.0029480586527566,0.2689677419354838,0.1477246376811593,True,S,KF,different-party
20363,20371,136,1.0,0.7142205882352958,0.0372291833567048,0.0009990009990009,1.0,1.0,0.6891666666666681,0.7479137931034484,True,0.2857794117647042,7.676220265874742,0.0029480586527566,0.3108333333333318,0.2520862068965516,True,S,V,different-party
20363,20377,75,1.0,0.7830933333333344,0.0456535745707985,0.0009990009990009,1.0,1.0,0.7324782608695669,0.8054807692307691,True,0.2169066666666655,4.751143118712236,0.0029480586527566,0.2675217391304331,0.1945192307692309,True,S,M,different-party
20363,20378,157,1.0,0.7369363057324833,0.0332699265860385,0.0009990009990009,1.0,1.0,0.6970263157894765,0.7743827160493815,True,0.2630636942675167,7.906951450199757,0.0029480586527566,0.3029736842105235,0.2256172839506185,True,S,M,different-party
20363,20384,86,1.0,0.6758837209302275,0.0491159899761902,0.0009990009990009,1.0,1.0,0.670734375,0.6908636363636336,True,0.3241162790697725,6.598997174380336,0.0029480586527566,0.329265625,0.3091363636363664,True,S,M,different-party
20363,20385,59,1.0,0.7932203389830522,0.0501212111501982,0.0009990009990009,1.0,1.0,0.7628181818181871,0.8001875000000006,False,0.2067796610169477,4.1255918656333135,0.0029480586527566,0.2371818181818129,0.1998124999999994,True,S,M,different-party
20363,20386,109,0.9908256880733946,0.7226422018348623,0.0416444855278937,0.0009990009990009,1.0,0.9772727272727272,0.6914769230769287,0.7686818181818182,True,0.2681834862385323,6.439831897044351,0.0029480586527566,0.3085230769230713,0.208590909090909,True,S,M,different-party
20363,20388,47,0.9574468085106383,0.8004680851063812,0.0534946147382779,0.0009990009990009,1.0,0.935483870967742,0.7126875,0.8457741935483809,False,0.1569787234042571,2.934477127693589,0.0029480586527566,0.2873124999999999,0.0897096774193609,True,S,UFG,different-party
20363,20389,149,1.0,0.7295234899328856,0.033405816390613,0.0009990009990009,1.0,1.0,0.6756911764705902,0.7747160493827165,True,0.2704765100671144,8.096689118578686,0.0029480586527566,0.3243088235294098,0.2252839506172834,True,S,M,different-party
20363,20415,155,1.0,0.7343741935483887,0.0337165313159784,0.0009990009990009,1.0,1.0,0.6881081081081075,0.7766419753086415,True,0.2656258064516112,7.878206804913227,0.0029480586527566,0.3118918918918925,0.2233580246913584,True,S,M,different-party
20363,20496,133,1.0,0.7333383458646575,0.035863633594204,0.0009990009990009,1.0,1.0,0.6939264705882371,0.774569230769226,True,0.2666616541353425,7.435433262357376,0.0029480586527566,0.3060735294117629,0.225430769230774,True,S,M,different-party
20363,20781,157,1.0,0.7352866242038227,0.0334330912602733,0.0009990009990009,1.0,1.0,0.6925394736842146,0.7753950617283948,True,0.2647133757961772,7.917705656811971,0.0029480586527566,0.3074605263157853,0.2246049382716052,True,S,S,same-party
20363,20925,149,0.9261744966442952,0.7345436241610758,0.034452183595314,0.0009990009990009,0.8846153846153846,0.971830985915493,0.689038461538462,0.7845352112676077,True,0.1916308724832195,5.562227193903731,0.0029480586527566,0.1955769230769225,0.1872957746478852,True,S,KF,different-party
20363,20930,72,1.0,0.7944722222222217,0.0434946316996576,0.0009990009990009,1.0,1.0,0.7237199999999983,0.8321063829787206,True,0.2055277777777783,4.725359653508594,0.0029480586527566,0.2762800000000017,0.1678936170212793,True,S,S,same-party
20363,21044,159,1.0,0.7332767295597471,0.034498335512774,0.0009990009990009,1.0,1.0,0.6883717948717958,0.7765185185185168,True,0.2667232704402529,7.731482301269012,0.0029480586527566,0.3116282051282042,0.2234814814814831,True,S,S,same-party
20363,21143,125,1.0,0.7142799999999991,0.0388732392364044,0.0009990009990009,1.0,1.0,0.6884848484848457,0.7431355932203382,True,0.2857200000000008,7.350043516117038,0.0029480586527566,0.3115151515151543,0.2568644067796618,True,S,S,same-party
20363,21159,135,1.0,0.7356814814814858,0.0349805447096903,0.0009990009990009,1.0,1.0,0.6942763157894761,0.7890169491525423,True,0.2643185185185142,7.556157878962139,0.0029480586527566,0.3057236842105238,0.2109830508474577,True,S,M,different-party
20363,21168,120,1.0,0.6975999999999999,0.041514617467376,0.0009990009990009,1.0,1.0,0.6767352941176485,0.7248846153846158,True,0.3024000000000001,7.28418129439923,0.0029480586527566,0.3232647058823514,0.2751153846153842,True,S,V,different-party
20364,20365,124,1.0,0.7081935483870967,0.0391205310783306,0.0009990009990009,1.0,1.0,0.6925512820512837,0.7347173913043482,True,0.2918064516129033,7.45916386024061,0.0029480586527566,0.3074487179487163,0.2652826086956518,True,S,S,same-party
20364,20367,151,1.0,0.739635761589401,0.0353547344891011,0.0009990009990009,1.0,1.0,0.6937922077922084,0.7873378378378383,True,0.2603642384105989,7.3643386712707954,0.0029480586527566,0.3062077922077916,0.2126621621621617,True,S,S,same-party
20364,20368,129,1.0,0.7331472868217032,0.037621887147181,0.0009990009990009,1.0,1.0,0.689913043478264,0.7828666666666688,True,0.2668527131782968,7.093017746141732,0.0029480586527566,0.310086956521736,0.2171333333333311,True,S,S,same-party
20364,20369,125,0.952,0.7363039999999977,0.0384913128532818,0.0009990009990009,0.967741935483871,0.9365079365079364,0.6977096774193556,0.7742857142857149,True,0.2156960000000022,5.603757939412855,0.0029480586527566,0.2700322580645153,0.1622222222222216,True,S,KF,different-party
20364,20371,130,1.0,0.7161538461538516,0.0376797420136434,0.0009990009990009,1.0,1.0,0.6903717948717951,0.7548269230769244,True,0.2838461538461484,7.533123601095006,0.0029480586527566,0.3096282051282049,0.2451730769230755,True,S,V,different-party
20364,20377,78,1.0,0.782987179487177,0.0429149807713744,0.0009990009990009,1.0,1.0,0.7316521739130445,0.804454545454549,True,0.217012820512823,5.056808056583751,0.0029480586527566,0.2683478260869555,0.195545454545451,True,S,M,different-party
20364,20378,151,1.0,0.7393311258278115,0.0337037165679039,0.0009990009990009,1.0,1.0,0.6958421052631609,0.7834000000000013,True,0.2606688741721885,7.734128479481218,0.0029480586527566,0.3041578947368391,0.2165999999999986,True,S,M,different-party
20364,20384,86,1.0,0.6762674418604604,0.0495325155904741,0.0009990009990009,1.0,1.0,0.670390625,0.6933636363636351,True,0.3237325581395396,6.535758466541482,0.0029480586527566,0.329609375,0.3066363636363649,True,S,M,different-party
20364,20385,53,1.0,0.8055849056603844,0.0490069790014404,0.0009990009990009,1.0,1.0,0.761090909090915,0.8172380952381051,False,0.1944150943396155,3.967089959450495,0.0029480586527566,0.2389090909090849,0.1827619047618949,True,S,M,different-party
20364,20386,109,0.9908256880733946,0.7212201834862385,0.0415321057596643,0.0009990009990009,1.0,0.9772727272727272,0.6882153846153878,0.7699772727272731,True,0.269605504587156,6.491496148721516,0.0029480586527566,0.3117846153846122,0.2072954545454541,True,S,M,different-party
20364,20388,50,0.94,0.7990999999999998,0.04972386210323,0.0059940059940059,1.0,0.9117647058823528,0.7108125,0.8406470588235323,False,0.1409000000000001,2.8336495605969305,0.0172654073734977,0.2891875,0.0711176470588206,True,S,UFG,different-party
20364,20389,140,1.0,0.7323785714285721,0.0361364375336571,0.0009990009990009,1.0,1.0,0.6786617647058836,0.783111111111111,True,0.2676214285714279,7.405860866117971,0.0029480586527566,0.3213382352941164,0.216888888888889,True,S,M,different-party
20364,20415,149,1.0,0.7384630872483208,0.0353531329083555,0.0009990009990009,1.0,1.0,0.6887702702702687,0.7874933333333345,True,0.2615369127516792,7.397842602228517,0.0029480586527566,0.3112297297297313,0.2125066666666655,True,S,M,different-party
20364,20496,127,1.0,0.7366771653543264,0.0374286940482623,0.0009990009990009,1.0,1.0,0.695382352941178,0.7842711864406767,True,0.2633228346456736,7.035319861978962,0.0029480586527566,0.304617647058822,0.2157288135593232,True,S,M,different-party
20364,20781,150,1.0,0.7367333333333349,0.0339986325920298,0.0009990009990009,1.0,1.0,0.694855263157896,0.779743243243245,True,0.2632666666666651,7.743448680003144,0.0029480586527566,0.3051447368421039,0.220256756756755,True,S,S,same-party
20364,20925,152,0.9210526315789472,0.7385328947368417,0.0327640514256305,0.0009990009990009,0.8846153846153846,0.9594594594594594,0.6922948717948744,0.7872702702702731,True,0.1825197368421056,5.570731606754984,0.0029480586527566,0.1923205128205102,0.1721891891891863,True,S,KF,different-party
20364,20930,75,1.0,0.7947600000000009,0.0431906245876715,0.0009990009990009,1.0,1.0,0.7252399999999981,0.8295200000000006,True,0.2052399999999991,4.751957211996033,0.0029480586527566,0.2747600000000019,0.1704799999999994,True,S,S,same-party
20364,21044,153,1.0,0.7370588235294114,0.0329417616548136,0.0009990009990009,1.0,1.0,0.6904358974358987,0.7855466666666676,True,0.2629411764705885,7.982001060716386,0.0029480586527566,0.3095641025641013,0.2144533333333323,True,S,S,same-party
20364,21143,116,1.0,0.7149224137931037,0.0399406001294309,0.0009990009990009,1.0,1.0,0.6900303030303025,0.7477799999999998,True,0.2850775862068962,7.137538877309753,0.0029480586527566,0.3099696969696974,0.2522200000000002,True,S,S,same-party
20364,21159,138,1.0,0.7375869565217384,0.0352424943963428,0.0009990009990009,1.0,1.0,0.6927105263157912,0.792596774193546,True,0.2624130434782615,7.445927082434113,0.0029480586527566,0.3072894736842088,0.2074032258064539,True,S,M,different-party
20364,21168,111,1.0,0.6959459459459449,0.0423688029431814,0.0009990009990009,1.0,1.0,0.6738676470588255,0.7308604651162762,True,0.304054054054055,7.176366404823995,0.0029480586527566,0.3261323529411745,0.2691395348837238,True,S,V,different-party
20365,20367,137,1.0,0.7159051094890522,0.0376017250607291,0.0009990009990009,1.0,1.0,0.7059879518072253,0.7311481481481481,True,0.2840948905109478,7.555368538334793,0.0029480586527566,0.2940120481927747,0.2688518518518519,True,S,S,same-party
20365,20368,106,1.0,0.7073018867924529,0.0438744699447939,0.0009990009990009,1.0,1.0,0.7074800000000003,0.7068709677419318,True,0.2926981132075471,6.671262663135108,0.0029480586527566,0.2925199999999996,0.2931290322580682,True,S,S,same-party
20365,20369,120,0.925,0.7210500000000011,0.0376494574769818,0.0009990009990009,0.9558823529411764,0.8846153846153846,0.7138382352941185,0.7304807692307677,True,0.2039499999999989,5.417076730114646,0.0029480586527566,0.242044117647058,0.1541346153846169,True,S,KF,different-party
20365,20371,136,1.0,0.7142941176470617,0.0362713944722279,0.0009990009990009,1.0,1.0,0.7025833333333346,0.7332115384615379,True,0.2857058823529382,7.876892700436307,0.0029480586527566,0.2974166666666654,0.2667884615384621,True,S,V,different-party
20365,20377,57,1.0,0.7586491228070196,0.0523055393721366,0.0009990009990009,1.0,1.0,0.7611034482758585,0.7561071428571426,True,0.2413508771929804,4.6142508057482905,0.0029480586527566,0.2388965517241414,0.2438928571428573,True,S,M,different-party
20365,20378,137,1.0,0.7169562043795629,0.0349208547457777,0.0009990009990009,1.0,1.0,0.7080731707317086,0.7302000000000024,True,0.2830437956204371,8.105294033636435,0.0029480586527566,0.2919268292682914,0.2697999999999976,True,S,M,different-party
20365,20384,86,1.0,0.6770348837209255,0.0492621645929437,0.0009990009990009,1.0,1.0,0.6729375,0.6889545454545436,True,0.3229651162790745,6.556048012663568,0.0029480586527566,0.3270625,0.3110454545454564,True,S,M,different-party
20365,20386,100,0.99,0.7077900000000029,0.0447394402905519,0.0009990009990009,1.0,0.9714285714285714,0.6890000000000032,0.74268571428571,True,0.2822099999999971,6.307857187466735,0.0029480586527566,0.3109999999999968,0.2287428571428614,True,S,M,different-party
20365,20389,126,1.0,0.7067142857142805,0.0393225195818906,0.0009990009990009,1.0,1.0,0.6921351351351345,0.7274615384615379,True,0.2932857142857195,7.458466990522833,0.0029480586527566,0.3078648648648655,0.272538461538462,True,S,M,different-party
20365,20415,135,1.0,0.7156000000000003,0.036475003005147,0.0009990009990009,1.0,1.0,0.7032625000000003,0.7335454545454578,True,0.2843999999999996,7.7971206735711,0.0029480586527566,0.2967374999999996,0.2664545454545421,True,S,M,different-party
20365,20496,116,1.0,0.7134310344827579,0.0413923205934647,0.0009990009990009,1.0,1.0,0.6938676470588251,0.7411458333333342,True,0.2865689655172421,6.92323990074834,0.0029480586527566,0.3061323529411749,0.2588541666666658,True,S,M,different-party
20365,20781,130,1.0,0.7068923076923131,0.0382717919033081,0.0009990009990009,1.0,1.0,0.6924473684210555,0.7272222222222227,True,0.2931076923076868,7.658582933566564,0.0029480586527566,0.3075526315789445,0.2727777777777773,True,S,S,same-party
20365,20925,130,0.9076923076923076,0.7152615384615442,0.0369140796510674,0.0009990009990009,0.8809523809523809,0.9565217391304348,0.7038452380952381,0.736108695652174,True,0.1924307692307635,5.212936934896568,0.0029480586527566,0.1771071428571428,0.2204130434782608,True,S,KF,different-party
20365,20930,52,1.0,0.7657307692307703,0.0526739804538591,0.0009990009990009,1.0,1.0,0.7513225806451578,0.787000000000005,True,0.2342692307692296,4.447532325270966,0.0029480586527566,0.2486774193548422,0.2129999999999949,True,S,S,same-party
20365,21044,139,1.0,0.7136474820143884,0.0368331296125838,0.0009990009990009,1.0,1.0,0.6999523809523817,0.7345636363636379,True,0.2863525179856115,7.774319505225558,0.0029480586527566,0.3000476190476183,0.2654363636363621,True,S,S,same-party
20365,21143,117,1.0,0.7044615384615388,0.0402927233285257,0.0009990009990009,1.0,1.0,0.6874545454545449,0.7264705882352933,True,0.2955384615384612,7.334784971688198,0.0029480586527566,0.3125454545454551,0.2735294117647067,True,S,S,same-party
20365,21159,118,1.0,0.717389830508475,0.0396776880948198,0.0009990009990009,1.0,1.0,0.7047560975609772,0.7461666666666663,True,0.2826101694915249,7.122647086094244,0.0029480586527566,0.2952439024390227,0.2538333333333337,True,S,M,different-party
20365,21168,126,1.0,0.7071031746031703,0.0386791613303128,0.0009990009990009,1.0,1.0,0.6927162162162154,0.7275769230769213,True,0.2928968253968297,7.572470946191029,0.0029480586527566,0.3072837837837846,0.2724230769230786,True,S,V,different-party
20367,20368,133,1.0,0.7414661654135284,0.0363198437230409,0.0009990009990009,1.0,1.0,0.7081621621621614,0.783237288135593,True,0.2585338345864716,7.118252946183813,0.0029480586527566,0.2918378378378385,0.216762711864407,True,S,S,same-party
20367,20369,139,0.9280575539568344,0.7417122302158262,0.0350885842709972,0.0009990009990009,0.9558823529411764,0.9014084507042254,0.7131617647058843,0.769056338028168,True,0.1863453237410083,5.310710808444711,0.0029480586527566,0.2427205882352922,0.1323521126760574,True,S,KF,different-party
20367,20371,143,1.0,0.7260139860139858,0.0351609065323406,0.0009990009990009,1.0,1.0,0.7057831325301163,0.7539999999999989,True,0.2739860139860142,7.792347837619174,0.0029480586527566,0.2942168674698837,0.2460000000000011,True,S,V,different-party
20367,20377,82,1.0,0.7924634146341446,0.0402264495721236,0.0009990009990009,1.0,1.0,0.764178571428572,0.807129629629631,True,0.2075365853658554,5.159207127980673,0.0029480586527566,0.2358214285714279,0.192870370370369,True,S,M,different-party
20367,20378,165,1.0,0.7435939393939408,0.0313512700026154,0.0009990009990009,1.0,1.0,0.7091707317073187,0.7776024096385596,True,0.2564060606060592,8.178490395593816,0.0029480586527566,0.2908292682926813,0.2223975903614403,True,S,M,different-party
20367,20384,84,1.0,0.6771547619047629,0.0489801992229994,0.0009990009990009,1.0,1.0,0.6730634920634861,0.689428571428568,True,0.3228452380952371,6.591341873179636,0.0029480586527566,0.3269365079365138,0.310571428571432,True,S,M,different-party
20367,20385,66,1.0,0.8051666666666677,0.0422150738647145,0.0009990009990009,1.0,1.0,0.812375,0.802859999999999,False,0.1948333333333323,4.615255061680317,0.0029480586527566,0.187625,0.1971400000000009,True,S,M,different-party
20367,20386,108,0.9907407407407408,0.7238518518518527,0.0407327184613974,0.0009990009990009,1.0,0.9772727272727272,0.692109375,0.7700227272727274,True,0.2668888888888879,6.552199287700862,0.0029480586527566,0.307890625,0.2072499999999999,True,S,M,different-party
20367,20388,50,0.94,0.8004399999999989,0.0514203311001585,0.0049950049950049,1.0,0.9117647058823528,0.71475,0.8407647058823542,False,0.139560000000001,2.714101543379029,0.0144114415767959,0.28525,0.0709999999999987,True,S,UFG,different-party
20367,20389,153,1.0,0.7370326797385622,0.0351596216003611,0.0009990009990009,1.0,1.0,0.6944109589041074,0.7759249999999993,True,0.2629673202614377,7.479242047893266,0.0029480586527566,0.3055890410958926,0.2240750000000007,True,S,M,different-party
20367,20415,163,1.0,0.7405889570552138,0.0315075442722672,0.0009990009990009,1.0,1.0,0.7006624999999996,0.7790722891566315,True,0.2594110429447862,8.233299323588286,0.0029480586527566,0.2993375000000003,0.2209277108433684,True,S,M,different-party
20367,20496,136,1.0,0.7351029411764727,0.0353418996612591,0.0009990009990009,1.0,1.0,0.6933382352941198,0.7768676470588213,True,0.2648970588235273,7.495269393057011,0.0029480586527566,0.3066617647058802,0.2231323529411787,True,S,M,different-party
20367,20781,158,1.0,0.7359746835443025,0.0329067525797248,0.0009990009990009,1.0,1.0,0.6937500000000009,0.7751097560975598,True,0.2640253164556975,8.02343883116481,0.0029480586527566,0.3062499999999991,0.2248902439024401,True,S,S,same-party
20367,20925,156,0.9230769230769232,0.7444999999999995,0.0334939038981825,0.0009990009990009,0.891566265060241,0.958904109589041,0.7050602409638507,0.7893424657534202,True,0.1785769230769236,5.331624632941449,0.0029480586527566,0.1865060240963902,0.1695616438356209,True,S,KF,different-party
20367,20930,80,1.0,0.8014624999999994,0.0411478795533933,0.0009990009990009,1.0,1.0,0.7543999999999996,0.8297000000000004,True,0.1985375000000006,4.824975239425856,0.0029480586527566,0.2456000000000003,0.1702999999999995,True,S,S,same-party
20367,21044,166,1.0,0.7409578313252995,0.0321652385853193,0.0009990009990009,1.0,1.0,0.7041084337349361,0.7778072289156669,True,0.2590421686747005,8.053481959649776,0.0029480586527566,0.2958915662650638,0.2221927710843331,True,S,S,same-party
20367,21143,123,1.0,0.7169512195121966,0.0381618843983485,0.0009990009990009,1.0,1.0,0.6924461538461577,0.7444137931034494,True,0.2830487804878033,7.417054606979852,0.0029480586527566,0.3075538461538423,0.2555862068965506,True,S,S,same-party
20367,21159,143,1.0,0.7455944055944048,0.034520225185985,0.0009990009990009,1.0,1.0,0.7099506172839506,0.7921612903225794,True,0.2544055944055952,7.36975477520587,0.0029480586527566,0.2900493827160494,0.2078387096774205,True,S,M,different-party
20367,21168,124,1.0,0.70824193548387,0.0380766524943962,0.0009990009990009,1.0,1.0,0.6931643835616422,0.7298235294117634,True,0.2917580645161299,7.662387458011645,0.0029480586527566,0.3068356164383577,0.2701764705882366,True,S,V,different-party
20368,20369,116,0.9396551724137931,0.7365689655172408,0.0389050138705796,0.0009990009990009,0.9558823529411764,0.9166666666666666,0.7122647058823547,0.7710000000000008,True,0.2030862068965523,5.2200522938285925,0.0029480586527566,0.2436176470588218,0.1456666666666658,True,S,KF,different-party
20368,20371,112,1.0,0.7164196428571421,0.0410355064200492,0.0009990009990009,1.0,1.0,0.7044400000000011,0.7407027027027,True,0.2835803571428579,6.910609418099095,0.0029480586527566,0.2955599999999989,0.2592972972973,True,S,V,different-party
20368,20377,60,1.0,0.8057166666666694,0.0462693144596322,0.0009990009990009,1.0,1.0,0.7957999999999991,0.8106750000000005,True,0.1942833333333306,4.198967190292685,0.0029480586527566,0.2042000000000009,0.1893249999999995,True,S,M,different-party
20368,20378,133,1.0,0.7414962406014984,0.0368404532750588,0.0009990009990009,1.0,1.0,0.7109041095890385,0.7787166666666676,True,0.2585037593985015,7.016845245319222,0.0029480586527566,0.2890958904109615,0.2212833333333324,True,S,M,different-party
20368,20384,77,1.0,0.673545454545456,0.0544244061794521,0.0009990009990009,1.0,1.0,0.6653454545454549,0.6940454545454527,True,0.326454545454544,5.998311573269796,0.0029480586527566,0.3346545454545451,0.3059545454545472,True,S,M,different-party
20368,20385,59,1.0,0.8114406779661031,0.0467593482857201,0.0009990009990009,1.0,1.0,0.7964705882352955,0.8175000000000079,False,0.1885593220338969,4.032548120254299,0.0029480586527566,0.2035294117647045,0.1824999999999921,True,S,M,different-party
20368,20386,94,1.0,0.7074574468085086,0.0436102794528346,0.0009990009990009,1.0,1.0,0.6867538461538497,0.7538620689655139,True,0.2925425531914913,6.708110034192326,0.0029480586527566,0.3132461538461503,0.2461379310344861,True,S,M,different-party
20368,20389,122,1.0,0.7319344262295081,0.0369113410995097,0.0009990009990009,1.0,1.0,0.6908769230769277,0.7787543859649166,True,0.2680655737704919,7.262417614353561,0.0029480586527566,0.3091230769230723,0.2212456140350833,True,S,M,different-party
20368,20415,131,1.0,0.7399236641221361,0.0369630795109227,0.0009990009990009,1.0,1.0,0.7040422535211251,0.7823833333333349,True,0.2600763358778639,7.036111149803143,0.0029480586527566,0.2959577464788748,0.2176166666666651,True,S,M,different-party
20368,20496,112,1.0,0.7282053571428573,0.0394821318257063,0.0009990009990009,1.0,1.0,0.6929852941176483,0.7826363636363639,True,0.2717946428571427,6.883991068592206,0.0029480586527566,0.3070147058823517,0.2173636363636361,True,S,M,different-party
20368,20781,126,1.0,0.7319206349206311,0.0369199971594242,0.0009990009990009,1.0,1.0,0.693417910447761,0.7756440677966103,True,0.2680793650793689,7.261088453549324,0.0029480586527566,0.306582089552239,0.2243559322033896,True,S,S,same-party
20368,20925,134,0.9402985074626866,0.7397238805970138,0.0370381663793304,0.0009990009990009,0.9333333333333332,0.9491525423728814,0.7034000000000004,0.7858983050847461,True,0.2005746268656728,5.415349799216994,0.0029480586527566,0.229933333333333,0.1632542372881352,True,S,KF,different-party
20368,20930,57,1.0,0.8186140350877241,0.0472100025406623,0.0009990009990009,1.0,1.0,0.774863636363638,0.8461142857142823,True,0.1813859649122758,3.842108772522239,0.0029480586527566,0.225136363636362,0.1538857142857177,True,S,S,same-party
20368,21044,135,1.0,0.738074074074078,0.0348955663913201,0.0009990009990009,1.0,1.0,0.7030800000000017,0.7818166666666662,True,0.261925925925922,7.505994400224818,0.0029480586527566,0.2969199999999983,0.2181833333333338,True,S,S,same-party
20368,21143,101,1.0,0.70080198019802,0.0441865513927608,0.0009990009990009,1.0,1.0,0.6855303030303004,0.7295999999999961,True,0.29919801980198,6.771246236043617,0.0029480586527566,0.3144696969696996,0.2704000000000038,True,S,S,same-party
20368,21159,120,1.0,0.738316666666666,0.0378493220849853,0.0009990009990009,1.0,1.0,0.7057808219178048,0.7888510638297859,True,0.261683333333334,6.913818238164494,0.0029480586527566,0.2942191780821952,0.2111489361702141,True,S,M,different-party
20368,21168,93,1.0,0.6923225806451625,0.0460880026260009,0.0009990009990009,1.0,1.0,0.6907538461538498,0.6959642857142859,True,0.3076774193548375,6.6758679444541285,0.0029480586527566,0.3092461538461502,0.3040357142857141,True,S,V,different-party
20369,20371,120,0.925,0.7211250000000013,0.0395489309258527,0.0009990009990009,0.9558823529411764,0.8846153846153846,0.7136029411764717,0.7309615384615391,True,0.2038749999999987,5.155006601372568,0.0029480586527566,0.2422794117647048,0.1536538461538454,True,KF,V,different-party
20369,20378,140,0.9285714285714286,0.7403071428571439,0.0352265791876559,0.0009990009990009,0.9558823529411764,0.9027777777777778,0.7135735294117664,0.7655555555555569,True,0.1882642857142846,5.344381715618195,0.0029480586527566,0.24230882352941,0.1372222222222209,True,KF,M,different-party
20369,20384,70,0.9714285714285714,0.6795857142857155,0.0541866508644628,0.0009990009990009,0.9791666666666666,0.9545454545454546,0.6751458333333332,0.6892727272727255,True,0.2918428571428559,5.3858810700968185,0.0029480586527566,0.3040208333333334,0.2652727272727291,True,KF,M,different-party
20369,20386,91,0.978021978021978,0.710769230769229,0.0446810161610673,0.0009990009990009,0.9830508474576272,0.96875,0.6922711864406782,0.744875,True,0.2672527472527489,5.981348908658403,0.0029480586527566,0.2907796610169489,0.223875,True,KF,M,different-party
20369,20389,127,0.937007874015748,0.7342677165354288,0.0391863929633363,0.0009990009990009,0.9655172413793104,0.9130434782608696,0.6997758620689699,0.7632608695652178,True,0.2027401574803192,5.173738692152844,0.0029480586527566,0.2657413793103405,0.1497826086956517,True,KF,M,different-party
20369,20415,137,0.9343065693430656,0.7392773722627751,0.034686989732907,0.0009990009990009,0.9692307692307692,0.9027777777777778,0.7085538461538505,0.7670138888888878,True,0.1950291970802905,5.622546049168094,0.0029480586527566,0.2606769230769187,0.13576388888889,True,KF,M,different-party
20369,20496,127,0.9448818897637796,0.738803149606295,0.0367322439495564,0.0009990009990009,0.967741935483871,0.9230769230769232,0.6976935483870981,0.7780153846153797,True,0.2060787401574845,5.610295424382125,0.0029480586527566,0.2700483870967729,0.1450615384615434,True,KF,M,different-party
20369,20781,132,0.9393939393939394,0.734143939393941,0.0356676751851639,0.0009990009990009,0.9836065573770492,0.9014084507042254,0.7007377049180323,0.7628450704225344,True,0.2052499999999985,5.754510181402933,0.0029480586527566,0.2828688524590168,0.138563380281691,True,KF,S,different-party
20369,20925,130,0.9846153846153848,0.7434076923076941,0.0358442259833179,0.0009990009990009,1.0,0.967741935483871,0.7120882352941194,0.7777580645161275,True,0.2412076923076905,6.729331871190343,0.0029480586527566,0.2879117647058806,0.1899838709677435,True,KF,KF,same-party
20369,20966,48,0.9583333333333334,0.7996458333333324,0.0524431224954409,0.0039960039960039,1.0,0.9487179487179488,0.8380000000000086,0.790794871794869,False,0.1586875000000009,3.025897247323443,0.0115747230371736,0.1619999999999913,0.1579230769230797,True,KF,KF,same-party
20369,21044,140,0.9285714285714286,0.7395571428571437,0.0352316567447484,0.0009990009990009,0.9558823529411764,0.9027777777777778,0.7106764705882368,0.7668333333333331,True,0.1890142857142849,5.36489916110626,0.0029480586527566,0.2452058823529397,0.1359444444444446,True,KF,S,different-party
20369,21143,107,0.9439252336448598,0.708878504672897,0.0416190495061991,0.0009990009990009,0.9830508474576272,0.8958333333333334,0.6947118644067803,0.7262916666666668,True,0.2350467289719627,5.6475756116667855,0.0029480586527566,0.2883389830508468,0.1695416666666666,True,KF,S,different-party
20369,21159,123,0.959349593495935,0.7450894308943095,0.0375430288381807,0.0009990009990009,0.9552238805970148,0.9642857142857144,0.7093432835820905,0.7878571428571425,True,0.2142601626016255,5.707055856498337,0.0029480586527566,0.2458805970149243,0.1764285714285718,True,KF,M,different-party
20369,21168,107,0.9345794392523364,0.7108224299065423,0.0419174795775495,0.0009990009990009,0.9655172413793104,0.8979591836734694,0.6977931034482812,0.7262448979591826,True,0.2237570093457941,5.338035864771689,0.0029480586527566,0.2677241379310292,0.1717142857142868,True,KF,V,different-party
20370,20381,58,0.9827586206896552,0.7964310344827522,0.0474100697984995,0.0009990009990009,0.9375,1.0,0.8105,0.7910714285714336,False,0.1863275862069029,3.9301268063688832,0.0029480586527566,0.127,0.2089285714285663,True,ALT,ALT,same-party
20371,20377,63,1.0,0.7724444444444469,0.0486981346521278,0.0009990009990009,1.0,1.0,0.756724137931031,0.7858529411764725,True,0.227555555555553,4.672777657318546,0.0029480586527566,0.243275862068969,0.2141470588235274,True,V,M,different-party
20371,20378,143,1.0,0.7248321678321666,0.0355854702498064,0.0009990009990009,1.0,1.0,0.7084024390243908,0.7469180327868845,True,0.2751678321678333,7.732589459579507,0.0029480586527566,0.2915975609756092,0.2530819672131155,True,V,M,different-party
20371,20384,86,1.0,0.6748255813953439,0.0510265522669231,0.0009990009990009,1.0,1.0,0.66953125,0.6902272727272712,True,0.3251744186046561,6.372651181754312,0.0029480586527566,0.33046875,0.3097727272727287,True,V,M,different-party
20371,20385,45,1.0,0.7751555555555552,0.055101362149507,0.0009990009990009,1.0,1.0,0.795058823529412,0.7630714285714285,False,0.2248444444444448,4.080560546477462,0.0029480586527566,0.2049411764705879,0.2369285714285715,True,V,M,different-party
20371,20386,106,0.9905660377358492,0.7212830188679246,0.0401094756559168,0.0009990009990009,1.0,0.975609756097561,0.6911384615384655,0.7690731707317034,True,0.2692830188679245,6.71370080172565,0.0029480586527566,0.3088615384615345,0.2065365853658575,True,V,M,different-party
20371,20389,132,1.0,0.717075757575761,0.0367528256284257,0.0009990009990009,1.0,1.0,0.6921486486486474,0.7488793103448279,True,0.2829242424242389,7.698026956746871,0.0029480586527566,0.3078513513513525,0.2511206896551721,True,V,M,different-party
20371,20415,141,1.0,0.7236595744680827,0.0356463001961335,0.0009990009990009,1.0,1.0,0.7007250000000006,0.7537377049180332,True,0.2763404255319173,7.752289129907815,0.0029480586527566,0.2992749999999994,0.2462622950819668,True,V,M,different-party
20371,20496,113,1.0,0.7125575221238989,0.0403450768617646,0.0009990009990009,1.0,1.0,0.694426470588236,0.7399555555555537,True,0.2874424778761011,7.124598593800494,0.0029480586527566,0.3055735294117639,0.2600444444444463,True,V,M,different-party
20371,20781,136,1.0,0.7158750000000017,0.0365470201118281,0.0009990009990009,1.0,1.0,0.6913421052631602,0.7469499999999992,True,0.2841249999999983,7.774231637233902,0.0029480586527566,0.3086578947368398,0.2530500000000008,True,V,S,different-party
20371,20925,136,0.9117647058823528,0.724470588235297,0.0357513707912022,0.0009990009990009,0.8809523809523809,0.9615384615384616,0.7035833333333338,0.7582115384615381,True,0.1872941176470559,5.238795422444205,0.0029480586527566,0.1773690476190471,0.2033269230769234,True,V,KF,different-party
20371,20930,58,1.0,0.7801896551724091,0.0508977481921377,0.0009990009990009,1.0,1.0,0.7487419354838672,0.8162962962963012,True,0.2198103448275908,4.31866541517342,0.0029480586527566,0.2512580645161327,0.1837037037036988,True,V,S,different-party
20371,21044,145,1.0,0.7206965517241426,0.0344433857574984,0.0009990009990009,1.0,1.0,0.7002619047619056,0.7488360655737699,True,0.2793034482758574,8.10905902928117,0.0029480586527566,0.2997380952380943,0.2511639344262301,True,V,S,different-party
20371,21143,122,1.0,0.7148360655737701,0.0385856335872167,0.0009990009990009,1.0,1.0,0.6895909090909079,0.7445892857142853,True,0.2851639344262299,7.39041731119076,0.0029480586527566,0.3104090909090921,0.2554107142857147,True,V,S,different-party
20371,21159,124,1.0,0.7250322580645165,0.0382391320750641,0.0009990009990009,1.0,1.0,0.7060000000000012,0.7621904761904785,True,0.2749677419354834,7.190742232216895,0.0029480586527566,0.2939999999999988,0.2378095238095214,True,V,M,different-party
20371,21168,123,1.0,0.7015365853658548,0.0391652991991215,0.0009990009990009,1.0,1.0,0.6875405405405391,0.7226734693877536,True,0.2984634146341451,7.620608567720048,0.0029480586527566,0.3124594594594608,0.2773265306122464,True,V,V,same-party
20372,20398,42,0.9047619047619048,0.7603809523809532,0.0606203118970977,0.0059940059940059,0.9130434782608696,0.8947368421052632,0.7452173913043483,0.7787368421052674,False,0.1443809523809516,2.381725660304033,0.0172654073734977,0.1678260869565212,0.1159999999999957,True,DD,LA,different-party
20372,20399,47,0.8936170212765957,0.7655744680851031,0.0559966798901793,0.0129870129870129,0.8846153846153846,0.9047619047619048,0.7487692307692305,0.7863809523809556,True,0.1280425531914926,2.286609731909277,0.0371286710688531,0.135846153846154,0.1183809523809491,True,DD,LA,different-party
20373,20374,45,1.0,0.7624666666666646,0.0593271174705646,0.0009990009990009,1.0,1.0,0.7754444444444467,0.7538148148148183,False,0.2375333333333353,4.003790230516225,0.0029480586527566,0.2245555555555533,0.2461851851851817,True,DD,DD,same-party
20373,20376,47,1.0,0.7536808510638273,0.0593378616385869,0.0009990009990009,1.0,1.0,0.782799999999997,0.7205909090909084,True,0.2463191489361726,4.151129517211879,0.0029480586527566,0.2172000000000029,0.2794090909090916,True,DD,DD,same-party
20373,20399,43,0.9069767441860463,0.7760000000000029,0.0583942368859895,0.0139860139860139,0.8947368421052632,0.9166666666666666,0.7622631578947402,0.7868749999999994,False,0.1309767441860435,2.242973813353636,0.0399587417131276,0.1324736842105229,0.1297916666666672,True,DD,LA,different-party
20374,20375,100,1.0,0.7207000000000019,0.0419889637055757,0.0009990009990009,1.0,1.0,0.6831451612903234,0.7819736842105268,True,0.2792999999999981,6.651747872570369,0.0029480586527566,0.3168548387096765,0.2180263157894731,True,DD,DD,same-party
20374,20376,124,1.0,0.7228064516129036,0.0366241280933517,0.0009990009990009,1.0,1.0,0.6956470588235314,0.7557857142857144,True,0.2771935483870964,7.568604710003038,0.0029480586527566,0.3043529411764686,0.2442142857142856,True,DD,DD,same-party
20375,20376,109,1.0,0.7168256880733942,0.0413642168081406,0.0009990009990009,1.0,1.0,0.6818028169014073,0.7822631578947361,True,0.2831743119266058,6.845876309952906,0.0029480586527566,0.3181971830985927,0.2177368421052639,True,DD,DD,same-party
20377,20378,83,1.0,0.7908554216867537,0.0405533084972357,0.0009990009990009,1.0,1.0,0.7679642857142862,0.8025090909090928,True,0.2091445783132463,5.157275350974191,0.0029480586527566,0.2320357142857138,0.1974909090909071,True,M,M,same-party
20377,20385,57,1.0,0.8036140350877236,0.0482118411804684,0.0009990009990009,1.0,1.0,0.7950588235294126,0.8072500000000005,False,0.1963859649122764,4.073396910463487,0.0029480586527566,0.2049411764705874,0.1927499999999995,True,M,M,same-party
20377,20389,71,1.0,0.787211267605635,0.0437163903717806,0.0009990009990009,1.0,1.0,0.7391578947368461,0.8047692307692288,False,0.212788732394365,4.8674817519179765,0.0029480586527566,0.2608421052631539,0.1952307692307712,True,M,M,same-party
20377,20415,80,1.0,0.7896625000000003,0.0424127479059305,0.0009990009990009,1.0,1.0,0.7601199999999985,0.8030909090909106,True,0.2103374999999997,4.959299040621431,0.0029480586527566,0.2398800000000015,0.1969090909090893,True,M,M,same-party
20377,20496,52,1.0,0.8084038461538463,0.048184145469159,0.0009990009990009,1.0,1.0,0.7824615384615339,0.8170512820512801,False,0.1915961538461537,3.9763318822119063,0.0029480586527566,0.2175384615384661,0.1829487179487199,True,M,M,same-party
20377,20781,75,1.0,0.7863600000000007,0.0461889288735035,0.0009990009990009,1.0,1.0,0.7455714285714302,0.8022222222222243,True,0.2136399999999992,4.62535081913438,0.0029480586527566,0.2544285714285698,0.1977777777777757,True,M,S,different-party
20377,20930,67,1.0,0.8009104477611965,0.0463786240973146,0.0009990009990009,1.0,1.0,0.7450526315789507,0.823020833333333,False,0.1990895522388035,4.292700702398172,0.0029480586527566,0.2549473684210492,0.176979166666667,True,M,S,different-party
20377,21044,84,1.0,0.7892857142857154,0.0404333378470457,0.0009990009990009,1.0,1.0,0.7598965517241344,0.8047818181818202,True,0.2107142857142846,5.21139972444002,0.0029480586527566,0.2401034482758656,0.1952181818181798,True,M,S,different-party
20377,21143,43,1.0,0.769069767441863,0.0596895143392417,0.0009990009990009,1.0,1.0,0.7572727272727319,0.773125,False,0.230930232558137,3.868857622892674,0.0029480586527566,0.2427272727272681,0.226875,True,M,S,different-party
20377,21159,71,1.0,0.7962676056338034,0.0440206610152329,0.0009990009990009,1.0,1.0,0.7582758620689632,0.8225000000000087,True,0.2037323943661966,4.628108476056205,0.0029480586527566,0.2417241379310367,0.1774999999999913,True,M,M,same-party
20377,21168,44,1.0,0.7462499999999999,0.0598669052125221,0.0009990009990009,1.0,1.0,0.7420526315789499,0.7494399999999986,False,0.2537500000000001,4.238568857020596,0.0029480586527566,0.2579473684210501,0.2505600000000014,True,M,V,different-party
20378,20384,84,1.0,0.6793690476190489,0.0496185604623706,0.0009990009990009,1.0,1.0,0.6767580645161297,0.6867272727272703,True,0.3206309523809511,6.461915649973543,0.0029480586527566,0.3232419354838702,0.3132727272727297,True,M,M,same-party
20378,20385,67,1.0,0.8045820895522402,0.0440616279612959,0.0009990009990009,1.0,1.0,0.8195,0.7999019607843127,False,0.1954179104477598,4.4351041822471045,0.0029480586527566,0.1805,0.2000980392156872,True,M,M,same-party
20378,20386,108,0.9907407407407408,0.7224259259259278,0.0428043116430927,0.0009990009990009,1.0,0.9772727272727272,0.691390625,0.7675681818181822,True,0.2683148148148129,6.268406254305698,0.0029480586527566,0.3086093749999999,0.2097045454545451,True,M,M,same-party
20378,20388,49,0.9387755102040816,0.8044693877551116,0.0513693162634417,0.0069930069930069,1.0,0.9117647058823528,0.7269333333333343,0.8386764705882368,False,0.1343061224489701,2.614520344405526,0.0201232014059239,0.2730666666666657,0.0730882352941161,True,M,UFG,different-party
20378,20389,153,1.0,0.7391241830065355,0.0336694200908445,0.0009990009990009,1.0,1.0,0.6999583333333331,0.773938271604939,True,0.2608758169934645,7.748152961636604,0.0029480586527566,0.3000416666666669,0.226061728395061,True,M,M,same-party
20378,20415,163,1.0,0.7412392638036804,0.0325526296565916,0.0009990009990009,1.0,1.0,0.7049746835443044,0.7753452380952393,True,0.2587607361963195,7.948996407542841,0.0029480586527566,0.2950253164556956,0.2246547619047607,True,M,M,same-party
20378,20496,135,1.0,0.7382000000000034,0.0359216246892776,0.0009990009990009,1.0,1.0,0.6992686567164194,0.7765588235294086,True,0.2617999999999966,7.288089062356414,0.0029480586527566,0.3007313432835806,0.2234411764705913,True,M,M,same-party
20378,20781,158,1.0,0.7356772151898741,0.0333902982893997,0.0009990009990009,1.0,1.0,0.694840000000001,0.7725783132530163,True,0.2643227848101259,7.916155241237808,0.0029480586527566,0.305159999999999,0.2274216867469837,True,M,S,different-party
20378,20925,156,0.9294871794871796,0.7450961538461545,0.0320838461663201,0.0009990009990009,0.902439024390244,0.9594594594594594,0.7069756097560973,0.7873378378378393,True,0.184391025641025,5.747160882306821,0.0029480586527566,0.1954634146341466,0.1721216216216201,True,M,KF,different-party
20378,20930,80,1.0,0.8020874999999994,0.0420275494010447,0.0009990009990009,1.0,1.0,0.7559333333333338,0.8297799999999997,True,0.1979125000000006,4.709113493899808,0.0029480586527566,0.2440666666666662,0.1702200000000002,True,M,S,different-party
20378,21044,166,1.0,0.741301204819275,0.0312927587266714,0.0009990009990009,1.0,1.0,0.7082073170731719,0.7736071428571428,True,0.258698795180725,8.267049813036474,0.0029480586527566,0.2917926829268281,0.2263928571428571,True,M,S,different-party
20378,21143,123,1.0,0.7171951219512195,0.0391832834016008,0.0009990009990009,1.0,1.0,0.694359375,0.7419661016949135,True,0.2828048780487805,7.217488007583004,0.0029480586527566,0.305640625,0.2580338983050865,True,M,S,different-party
20378,21159,143,1.0,0.7433846153846155,0.033741432562219,0.0009990009990009,1.0,1.0,0.7082098765432093,0.7893387096774175,True,0.2566153846153844,7.60534942143274,0.0029480586527566,0.2917901234567907,0.2106612903225825,True,M,M,same-party
20378,21168,124,1.0,0.709217741935483,0.0383742128973447,0.0009990009990009,1.0,1.0,0.6973333333333334,0.7256730769230773,True,0.2907822580645169,7.577543253913557,0.0029480586527566,0.3026666666666666,0.2743269230769227,True,M,V,different-party
20381,20798,140,0.8214285714285714,0.7298714285714281,0.03376329611049,0.0049950049950049,0.7837837837837838,0.8636363636363636,0.6932837837837837,0.7708939393939387,True,0.0915571428571433,2.711735920495542,0.0144114415767959,0.0905,0.0927424242424249,True,ALT,SF,different-party
20381,20962,64,0.90625,0.796078125,0.0470867106562972,0.0169830169830169,0.9545454545454546,0.8809523809523809,0.8166363636363668,0.7853095238095282,True,0.110171875,2.33976579515575,0.04839554483106,0.1379090909090877,0.0956428571428527,True,ALT,SF,different-party
20384,20386,68,1.0,0.6700588235294125,0.0557822095968114,0.0009990009990009,1.0,1.0,0.6620392156862723,0.6941176470588197,False,0.3299411764705875,5.914810095465406,0.0029480586527566,0.3379607843137276,0.3058823529411802,True,M,M,same-party
20384,20389,86,1.0,0.675058139534879,0.0497754548256948,0.0009990009990009,1.0,1.0,0.671078125,0.6866363636363615,True,0.3249418604651209,6.528154521199495,0.0029480586527566,0.328921875,0.3133636363636385,True,M,M,same-party
20384,20415,82,1.0,0.6716829268292682,0.048526395777055,0.0009990009990009,1.0,1.0,0.6643999999999989,0.691545454545452,True,0.3283170731707318,6.765741982551519,0.0029480586527566,0.3356000000000011,0.308454545454548,True,M,M,same-party
20384,20496,72,1.0,0.6767638888888888,0.0553613957164794,0.0009990009990009,1.0,1.0,0.6722037037037015,0.6904444444444413,False,0.3232361111111111,5.838655383012558,0.0029480586527566,0.3277962962962985,0.3095555555555587,True,M,M,same-party
20384,20781,84,1.0,0.6778214285714294,0.0494618048390717,0.0009990009990009,1.0,1.0,0.6741612903225817,0.6881363636363617,True,0.3221785714285706,6.51368409375288,0.0029480586527566,0.3258387096774183,0.3118636363636383,True,M,S,different-party
20384,20925,86,0.9069767441860463,0.6740465116279021,0.0486381219912527,0.0009990009990009,0.875,1.0,0.669265625,0.6879545454545438,True,0.2329302325581443,4.789046596002109,0.0029480586527566,0.205734375,0.3120454545454562,True,M,KF,different-party
20384,21044,86,1.0,0.67530232558139,0.0501846924873342,0.0009990009990009,1.0,1.0,0.67003125,0.6906363636363613,True,0.3246976744186099,6.470054080745008,0.0029480586527566,0.32996875,0.3093636363636387,True,M,S,different-party
20384,21143,73,1.0,0.6692876712328756,0.0546431947196941,0.0009990009990009,1.0,1.0,0.6640576923076921,0.6822380952380921,True,0.3307123287671244,6.052214378452712,0.0029480586527566,0.3359423076923079,0.3177619047619079,True,M,S,different-party
20384,21159,81,1.0,0.6775061728395048,0.0515312524587446,0.0009990009990009,1.0,1.0,0.6721587301587248,0.6962222222222196,False,0.3224938271604952,6.258218300024439,0.0029480586527566,0.3278412698412751,0.3037777777777803,True,M,M,same-party
20384,21168,86,1.0,0.6750232558139485,0.0483650998364391,0.0009990009990009,1.0,1.0,0.67028125,0.6888181818181798,True,0.3249767441860515,6.719240636017623,0.0029480586527566,0.3297187499999999,0.3111818181818202,True,M,V,different-party
20385,20389,55,1.0,0.7986545454545475,0.0498262569235604,0.0009990009990009,1.0,1.0,0.8004285714285665,0.7983958333333325,False,0.2013454545454525,4.040950835507086,0.0029480586527566,0.1995714285714335,0.2016041666666674,True,M,M,same-party
20385,20415,67,1.0,0.8027761194029871,0.0437004546221858,0.0009990009990009,1.0,1.0,0.81225,0.7998039215686272,False,0.1972238805970129,4.513085328336295,0.0029480586527566,0.1877499999999999,0.2001960784313727,True,M,M,same-party
20385,20496,45,1.0,0.8064666666666644,0.0512058476051051,0.0009990009990009,1.0,1.0,0.7917999999999965,0.8106571428571381,False,0.1935333333333355,3.779516254195165,0.0029480586527566,0.2082000000000035,0.1893428571428619,True,M,M,same-party
20385,20781,60,1.0,0.7947166666666678,0.0492252031038691,0.0009990009990009,1.0,1.0,0.7857999999999985,0.7964999999999995,False,0.2052833333333321,4.170289209374472,0.0029480586527566,0.2142000000000015,0.2035000000000004,True,M,S,different-party
20385,20930,42,1.0,0.8376666666666768,0.0510405971507497,0.0009990009990009,1.0,1.0,0.8038571428571396,0.8444285714285674,False,0.1623333333333232,3.180474806238403,0.0029480586527566,0.1961428571428604,0.1555714285714325,True,M,S,different-party
20385,21044,68,1.0,0.7994411764705867,0.043315331159016,0.0009990009990009,1.0,1.0,0.7994705882352964,0.7994313725490181,False,0.2005588235294133,4.630204090859575,0.0029480586527566,0.2005294117647036,0.2005686274509819,True,M,S,different-party
20385,21159,46,1.0,0.828065217391302,0.0488805436704794,0.0009990009990009,1.0,1.0,0.7978823529411782,0.845758620689645,False,0.171934782608698,3.517448246234116,0.0029480586527566,0.2021176470588218,0.1542413793103549,True,M,M,same-party
20386,20389,99,0.98989898989899,0.7147777777777794,0.0452508340907441,0.0009990009990009,1.0,0.9772727272727272,0.6716727272727274,0.7686590909090915,True,0.2751212121212105,6.079914716477799,0.0029480586527566,0.3283272727272726,0.2086136363636358,True,M,M,same-party
20386,20415,108,0.9907407407407408,0.7238888888888892,0.0427702985053514,0.0009990009990009,1.0,0.9772727272727272,0.69196875,0.7703181818181816,True,0.2668518518518514,6.239186098232699,0.0029480586527566,0.30803125,0.2069545454545457,True,M,M,same-party
20386,20496,99,0.98989898989899,0.7103232323232355,0.0430218330645692,0.0009990009990009,1.0,0.9714285714285714,0.692515625,0.7428857142857092,True,0.2795757575757545,6.498462237909617,0.0029480586527566,0.307484375,0.2285428571428622,True,M,M,same-party
20386,20781,108,0.9907407407407408,0.7227592592592614,0.0408186020185748,0.0009990009990009,1.0,0.9772727272727272,0.69290625,0.7661818181818179,True,0.2679814814814792,6.565180291072497,0.0029480586527566,0.30709375,0.2110909090909094,True,M,S,different-party
20386,20925,109,0.9724770642201837,0.7211651376146776,0.0411503119698019,0.0009990009990009,0.9692307692307692,0.9772727272727272,0.6895538461538502,0.767863636363637,True,0.2513119266055059,6.107169413197414,0.0029480586527566,0.279676923076919,0.2094090909090903,True,M,KF,different-party
20386,20930,40,0.975,0.7846000000000003,0.060881413802122,0.0009990009990009,1.0,0.9629629629629628,0.7302307692307687,0.8107777777777821,False,0.1903999999999996,3.127391236656255,0.0029480586527566,0.2697692307692313,0.1521851851851807,True,M,S,different-party
20386,21044,109,0.9908256880733946,0.7184587155963308,0.040366989174323,0.0009990009990009,1.0,0.9772727272727272,0.6861538461538507,0.7661818181818165,True,0.2723669724770637,6.747269936354653,0.0029480586527566,0.3138461538461493,0.2110909090909107,True,M,S,different-party
20386,21143,108,0.9907407407407408,0.719879629629631,0.0423421612167192,0.0009990009990009,1.0,0.9767441860465116,0.6908769230769262,0.7637209302325596,True,0.2708611111111096,6.396959988054578,0.0029480586527566,0.3091230769230738,0.2130232558139519,True,M,S,different-party
20386,21159,102,0.9901960784313726,0.7130784313725491,0.0435088042314522,0.0009990009990009,1.0,0.9736842105263158,0.688171875,0.7550263157894738,True,0.2771176470588234,6.369231514262051,0.0029480586527566,0.311828125,0.218657894736842,True,M,M,same-party
20386,21168,90,0.9888888888888888,0.6974444444444461,0.0461242716591777,0.0009990009990009,1.0,0.9714285714285714,0.6681272727272731,0.743514285714281,True,0.2914444444444428,6.318678516985353,0.0029480586527566,0.3318727272727269,0.2279142857142904,True,M,V,different-party
20388,20389,47,0.9574468085106383,0.796531914893616,0.052160393721447,0.0009990009990009,1.0,0.935483870967742,0.7078125,0.842322580645155,False,0.1609148936170223,3.085001514297587,0.0029480586527566,0.2921875,0.0931612903225869,True,UFG,M,different-party
20388,20415,50,0.94,0.7997999999999984,0.0519331980245632,0.0019980019980019,1.0,0.9117647058823528,0.7140625,0.840147058823531,False,0.1402000000000015,2.699621924567213,0.005829605033321,0.2859374999999999,0.0716176470588219,True,UFG,M,different-party
20388,20781,49,0.9387755102040816,0.7974693877551103,0.0520016527974713,0.0009990009990009,1.0,0.9090909090909092,0.708625,0.8405454545454604,False,0.1413061224489713,2.7173390622661637,0.0029480586527566,0.291375,0.0685454545454486,True,UFG,S,different-party
20388,20930,49,0.9387755102040816,0.8083469387755192,0.0502313563589814,0.0039960039960039,1.0,0.9117647058823528,0.7323333333333331,0.8418823529411814,False,0.1304285714285624,2.5965568298902144,0.0115747230371736,0.2676666666666669,0.0698823529411715,True,UFG,S,different-party
20388,21044,50,0.94,0.8007599999999994,0.0502109902664976,0.0039960039960039,1.0,0.9117647058823528,0.7125,0.842294117647061,False,0.1392400000000005,2.773098066000621,0.0115747230371736,0.2875,0.0694705882352919,True,UFG,S,different-party
20389,20415,151,1.0,0.7356490066225138,0.0335911371420007,0.0009990009990009,1.0,1.0,0.6896571428571443,0.7753950617283956,True,0.2643509933774862,7.869664913693987,0.0029480586527566,0.3103428571428557,0.2246049382716044,True,M,M,same-party
20389,20496,123,1.0,0.7297560975609758,0.0368508389467969,0.0009990009990009,1.0,1.0,0.6783103448275899,0.7756615384615334,True,0.2702439024390242,7.333453190283849,0.0029480586527566,0.3216896551724101,0.2243384615384666,True,M,M,same-party
20389,20781,147,1.0,0.7324013605442135,0.0354451012540542,0.0009990009990009,1.0,1.0,0.6794393939393912,0.7755555555555561,True,0.2675986394557865,7.549664974512624,0.0029480586527566,0.3205606060606087,0.2244444444444439,True,M,S,different-party
20389,20925,145,0.9241379310344828,0.7377517241379337,0.0342405104406891,0.0009990009990009,0.8783783783783784,0.971830985915493,0.6918783783783772,0.78556338028169,True,0.186386206896549,5.4434412483249766,0.0029480586527566,0.1865000000000012,0.1862676056338029,True,M,KF,different-party
20389,20930,78,1.0,0.7976153846153833,0.0430461533068075,0.0009990009990009,1.0,1.0,0.7450967741935449,0.8322553191489318,True,0.2023846153846167,4.7015726107310645,0.0029480586527566,0.2549032258064551,0.1677446808510682,True,M,S,different-party
20389,21044,155,1.0,0.734464516129034,0.0315859035491261,0.0009990009990009,1.0,1.0,0.6903648648648638,0.7747530864197518,True,0.265535483870966,8.406771820156221,0.0029480586527566,0.3096351351351362,0.2252469135802481,True,M,S,different-party
20389,21143,115,1.0,0.7066260869565234,0.0405697822335785,0.0009990009990009,1.0,1.0,0.6695892857142858,0.7417796610169493,True,0.2933739130434766,7.231340591240797,0.0029480586527566,0.3304107142857142,0.2582203389830507,True,M,S,different-party
20389,21159,131,1.0,0.7361908396946534,0.0374127888948796,0.0009990009990009,1.0,1.0,0.6932361111111109,0.7886101694915246,True,0.2638091603053466,7.051309675057449,0.0029480586527566,0.306763888888889,0.2113898305084753,True,M,M,same-party
20389,21168,126,1.0,0.7044841269841218,0.0375961145148657,0.0009990009990009,1.0,1.0,0.6893108108108107,0.7260769230769228,True,0.2955158730158782,7.860276968223127,0.0029480586527566,0.3106891891891893,0.2739230769230771,True,M,V,different-party
20391,20393,109,1.0,0.7134495412844032,0.040960171425756,0.0009990009990009,1.0,1.0,0.6906229508196705,0.7424583333333342,True,0.2865504587155968,6.995831529538273,0.0029480586527566,0.3093770491803295,0.2575416666666658,True,LA,LA,same-party
20391,20394,116,1.0,0.7152500000000004,0.0395755517339632,0.0009990009990009,1.0,1.0,0.6764727272727279,0.7502131147540966,True,0.2847499999999996,7.195098678956139,0.0029480586527566,0.3235272727272721,0.2497868852459034,True,LA,LA,same-party
20391,20395,104,0.9903846153846154,0.7031826923076911,0.0419862195467953,0.0009990009990009,1.0,0.9705882352941176,0.7062571428571437,0.6968529411764693,True,0.2872019230769242,6.840385397328426,0.0029480586527566,0.2937428571428563,0.2737352941176483,True,LA,LA,same-party
20391,20396,81,1.0,0.6890864197530857,0.0517042043729544,0.0009990009990009,1.0,1.0,0.6803833333333319,0.7139523809523772,True,0.3109135802469143,6.013313308221949,0.0029480586527566,0.3196166666666681,0.2860476190476227,True,LA,LA,same-party
20391,20398,124,1.0,0.7176370967741941,0.0379280546251476,0.0009990009990009,1.0,1.0,0.6924307692307727,0.7454067796610163,True,0.2823629032258059,7.444697757806685,0.0029480586527566,0.3075692307692272,0.2545932203389837,True,LA,LA,same-party
20391,20399,124,1.0,0.7202016129032255,0.0382639726163171,0.0009990009990009,1.0,1.0,0.6866716417910456,0.759614035087724,True,0.2797983870967745,7.312319342855117,0.0029480586527566,0.3133283582089544,0.240385964912276,True,LA,LA,same-party
20391,20400,131,1.0,0.7197022900763346,0.0378125250494721,0.0009990009990009,1.0,1.0,0.6912238805970158,0.749515625,True,0.2802977099236654,7.412827087239932,0.0029480586527566,0.3087761194029842,0.250484375,True,LA,LA,same-party
20391,20820,64,1.0,0.789703125,0.0479403232462231,0.0009990009990009,1.0,1.0,0.8060869565217375,0.7805121951219485,True,0.210296875,4.386638653225349,0.0029480586527566,0.1939130434782625,0.2194878048780515,True,LA,LA,same-party
20392,20400,42,1.0,0.7982142857142926,0.0565997305046552,0.0009990009990009,1.0,1.0,0.8045999999999954,0.79621875,False,0.2017857142857073,3.5651356019992124,0.0029480586527566,0.1954000000000045,0.20378125,True,LA,LA,same-party
20393,20394,118,1.0,0.7286610169491529,0.0368976400295178,0.0009990009990009,1.0,1.0,0.6743333333333321,0.7745,True,0.2713389830508471,7.353830294668656,0.0029480586527566,0.3256666666666679,0.2255,True,LA,LA,same-party
20393,20395,115,0.991304347826087,0.719973913043479,0.0386614979300804,0.0009990009990009,1.0,0.9782608695652174,0.6907826086956543,0.7637608695652169,True,0.271330434782608,7.018104556458495,0.0029480586527566,0.3092173913043456,0.2145000000000004,True,LA,LA,same-party
20393,20396,79,1.0,0.6727468354430394,0.0517442918153607,0.0009990009990009,1.0,1.0,0.6595172413793156,0.7092857142857122,True,0.3272531645569606,6.324430252610251,0.0029480586527566,0.3404827586206844,0.2907142857142878,True,LA,LA,same-party
20393,20398,125,1.0,0.7212239999999989,0.0373295502159095,0.0009990009990009,1.0,1.0,0.6734285714285667,0.7697903225806455,True,0.2787760000000011,7.4679710413759235,0.0029480586527566,0.3265714285714333,0.2302096774193545,True,LA,LA,same-party
20393,20399,112,1.0,0.7002410714285706,0.0414041022018767,0.0009990009990009,1.0,1.0,0.669796875,0.7408333333333321,True,0.2997589285714294,7.239836456539365,0.0029480586527566,0.330203125,0.2591666666666679,True,LA,LA,same-party
20393,20400,131,1.0,0.7252977099236634,0.0362755178838419,0.0009990009990009,1.0,1.0,0.675484375,0.7728805970149275,True,0.2747022900763366,7.572663495968889,0.0029480586527566,0.324515625,0.2271194029850725,True,LA,LA,same-party
20393,20820,65,1.0,0.7994769230769139,0.0453351164947497,0.0009990009990009,1.0,1.0,0.7696666666666688,0.8137045454545456,True,0.2005230769230861,4.42312918609812,0.0029480586527566,0.2303333333333311,0.1862954545454543,True,LA,LA,same-party
20394,20395,108,0.9907407407407408,0.7155925925925934,0.0408193462846023,0.0009990009990009,1.0,0.9814814814814816,0.6769629629629615,0.7542222222222229,True,0.2751481481481472,6.740630930974438,0.0029480586527566,0.3230370370370384,0.2272592592592586,True,LA,LA,same-party
20394,20396,72,1.0,0.6818055555555562,0.0524223156625415,0.0009990009990009,1.0,1.0,0.6704117647058804,0.7094761904761874,True,0.3181944444444438,6.069828095591174,0.0029480586527566,0.3295882352941196,0.2905238095238126,True,LA,LA,same-party
20394,20398,130,1.0,0.7332538461538491,0.0377619214058989,0.0009990009990009,1.0,1.0,0.6753888888888876,0.7743684210526293,True,0.2667461538461508,7.063892511689875,0.0029480586527566,0.3246111111111124,0.2256315789473707,True,LA,LA,same-party
20394,20399,111,1.0,0.7192342342342349,0.0402872696981018,0.0009990009990009,1.0,1.0,0.681228070175439,0.7593518518518516,True,0.280765765765765,6.969093906579464,0.0029480586527566,0.318771929824561,0.2406481481481484,True,LA,LA,same-party
20394,20400,132,1.0,0.7341060606060622,0.0361889865360716,0.0009990009990009,1.0,1.0,0.6655686274509787,0.777259259259258,True,0.2658939393939378,7.347371806859131,0.0029480586527566,0.3344313725490213,0.222740740740742,True,LA,LA,same-party
20394,20820,64,1.0,0.808296875,0.0470977123953195,0.0009990009990009,1.0,1.0,0.8115000000000017,0.8079655172413704,False,0.1917031249999999,4.070327734623707,0.0029480586527566,0.1884999999999983,0.1920344827586295,True,LA,LA,same-party
20395,20396,85,1.0,0.6844588235294118,0.0486724452930924,0.0009990009990009,1.0,1.0,0.6812537313432843,0.6963888888888857,False,0.3155411764705882,6.482953025484611,0.0029480586527566,0.3187462686567157,0.3036111111111143,True,LA,LA,same-party
20395,20398,125,0.992,0.7182799999999978,0.0392055439278626,0.0009990009990009,1.0,0.9807692307692308,0.693479452054792,0.7530961538461548,True,0.2737200000000022,6.9816656670709945,0.0029480586527566,0.306520547945208,0.2276730769230759,True,LA,LA,same-party
20395,20399,100,0.99,0.6925500000000017,0.0440015185377832,0.0009990009990009,1.0,0.9629629629629628,0.6882876712328744,0.704074074074077,True,0.2974499999999983,6.759993970312268,0.0029480586527566,0.3117123287671256,0.2588888888888859,True,LA,LA,same-party
20395,20400,127,0.9921259842519684,0.7204881889763736,0.0389620433996957,0.0009990009990009,1.0,0.9814814814814816,0.6935890410958877,0.7568518518518517,True,0.2716377952755949,6.971857006804633,0.0029480586527566,0.3064109589041123,0.2246296296296298,True,LA,LA,same-party
20395,20820,65,0.9846153846153848,0.7873076923076843,0.0464082079929504,0.0009990009990009,1.0,0.9705882352941176,0.773903225806448,0.7995294117647064,True,0.1973076923077004,4.251568867681163,0.0029480586527566,0.226096774193552,0.1710588235294112,True,LA,LA,same-party
20396,20398,85,1.0,0.685847058823528,0.0478887990463663,0.0009990009990009,1.0,1.0,0.6828955223880602,0.696833333333331,False,0.3141529411764719,6.56005052188313,0.0029480586527566,0.3171044776119398,0.303166666666669,True,LA,LA,same-party
20396,20399,92,1.0,0.68898913043478,0.0482110297680709,0.0009990009990009,1.0,1.0,0.6830845070422511,0.7089523809523779,True,0.3110108695652199,6.4510314561087245,0.0029480586527566,0.3169154929577489,0.2910476190476221,True,LA,LA,same-party
20396,20400,92,1.0,0.6911630434782592,0.0476474512777475,0.0009990009990009,1.0,1.0,0.685366197183097,0.7107619047619029,True,0.3088369565217408,6.481709897166627,0.0029480586527566,0.314633802816903,0.289238095238097,True,LA,LA,same-party
20397,20399,40,1.0,0.7624749999999998,0.0629401369225997,0.0009990009990009,1.0,1.0,0.6746428571428549,0.8097692307692242,False,0.2375250000000002,3.773824011410956,0.0029480586527566,0.3253571428571451,0.1902307692307757,True,LA,LA,same-party
20397,20400,46,1.0,0.7760217391304339,0.056328704253944,0.0009990009990009,1.0,1.0,0.7317500000000007,0.8100769230769151,True,0.223978260869566,3.976272201466156,0.0029480586527566,0.2682499999999993,0.1899230769230848,True,LA,LA,same-party
20397,20820,42,1.0,0.7786666666666707,0.0586916133399324,0.0009990009990009,1.0,1.0,0.730875,0.808076923076916,False,0.2213333333333292,3.77112368766219,0.0029480586527566,0.2691249999999999,0.1919230769230839,True,LA,LA,same-party
20398,20399,126,1.0,0.7147460317460267,0.0385719644096794,0.0009990009990009,1.0,1.0,0.6873108108108105,0.7537884615384617,True,0.2852539682539733,7.3953705137815104,0.0029480586527566,0.3126891891891895,0.2462115384615383,True,LA,LA,same-party
20398,20400,147,1.0,0.7308027210884317,0.0352244527656849,0.0009990009990009,1.0,1.0,0.6792352941176488,0.7751898734177238,True,0.2691972789115683,7.642340981200861,0.0029480586527566,0.3207647058823512,0.2248101265822761,True,LA,LA,same-party
20398,20820,85,1.0,0.7869529411764661,0.0420477449710632,0.0009990009990009,1.0,1.0,0.744538461538463,0.805644067796611,True,0.2130470588235339,5.0667891695535765,0.0029480586527566,0.2554615384615369,0.1943559322033889,True,LA,LA,same-party
20399,20400,129,1.0,0.7136279069767403,0.0389498296573025,0.0009990009990009,1.0,1.0,0.6767083333333342,0.7602631578947401,True,0.2863720930232597,7.352332360446381,0.0029480586527566,0.3232916666666657,0.2397368421052599,True,LA,LA,same-party
20399,20820,60,1.0,0.779766666666667,0.050247424735793,0.0009990009990009,1.0,1.0,0.747538461538461,0.8044117647058837,True,0.2202333333333329,4.382977525541782,0.0029480586527566,0.2524615384615389,0.1955882352941162,True,LA,LA,same-party
20400,20820,87,1.0,0.7919770114942505,0.0381938603108547,0.0009990009990009,1.0,1.0,0.7569999999999988,0.8068852459016407,True,0.2080229885057495,5.446503359772435,0.0029480586527566,0.2430000000000012,0.1931147540983593,True,LA,LA,same-party
20415,20496,133,1.0,0.7329999999999955,0.0362988847361416,0.0009990009990009,1.0,1.0,0.6887538461538504,0.775294117647056,True,0.2670000000000044,7.355597890702157,0.0029480586527566,0.3112461538461496,0.2247058823529439,True,M,M,same-party
20415,20781,157,1.0,0.7328089171974533,0.0330113693677596,0.0009990009990009,1.0,1.0,0.6874189189189178,0.7732771084337388,True,0.2671910828025466,8.093910913719832,0.0029480586527566,0.3125810810810822,0.2267228915662612,True,M,S,different-party
20415,20925,154,0.9285714285714286,0.74301948051948,0.0334468574202139,0.0009990009990009,0.9,0.9594594594594594,0.7011625000000012,0.7882702702702722,True,0.1855519480519486,5.547664634699231,0.0029480586527566,0.1988374999999987,0.1711891891891872,True,M,KF,different-party
20415,20930,77,1.0,0.8037142857142868,0.0387873268637723,0.0009990009990009,1.0,1.0,0.7544814814814856,0.8302999999999994,True,0.1962857142857131,5.060563079665221,0.0029480586527566,0.2455185185185143,0.1697000000000006,True,M,S,different-party
20415,21044,164,1.0,0.7392987804878065,0.0318268263823178,0.0009990009990009,1.0,1.0,0.6988749999999995,0.7777976190476195,True,0.2607012195121935,8.191241450860838,0.0029480586527566,0.3011250000000005,0.2222023809523805,True,M,S,different-party
20415,21143,124,1.0,0.7163064516129026,0.0388903475076219,0.0009990009990009,1.0,1.0,0.6905076923076956,0.7447288135593224,True,0.2836935483870973,7.294703353614871,0.0029480586527566,0.3094923076923044,0.2552711864406776,True,M,S,different-party
20415,21159,140,1.0,0.7424642857142854,0.0339301048822495,0.0009990009990009,1.0,1.0,0.7045897435897434,0.7901129032258051,True,0.2575357142857146,7.590183265847893,0.0029480586527566,0.2954102564102566,0.2098870967741949,True,M,M,same-party
20415,21168,122,1.0,0.704827868852458,0.0388349257719259,0.0009990009990009,1.0,1.0,0.6876857142857159,0.7279038461538455,True,0.295172131147542,7.600687403937937,0.0029480586527566,0.3123142857142841,0.2720961538461545,True,M,V,different-party
20496,20781,134,1.0,0.7345149253731342,0.0369632130858076,0.0009990009990009,1.0,1.0,0.696328358208956,0.7727014925373161,True,0.2654850746268657,7.18241333648566,0.0029480586527566,0.303671641791044,0.2272985074626838,True,M,S,different-party
20496,20925,126,0.9603174603174603,0.7375158730158701,0.0365897340426781,0.0009990009990009,0.9558823529411764,0.9655172413793104,0.6943088235294137,0.7881724137930967,True,0.2228015873015902,6.089183021710829,0.0029480586527566,0.2615735294117628,0.1773448275862137,True,M,KF,different-party
20496,20930,56,1.0,0.807160714285714,0.0497582272045809,0.0009990009990009,1.0,1.0,0.7590666666666656,0.8247560975609736,False,0.192839285714286,3.875525647676859,0.0029480586527566,0.2409333333333344,0.1752439024390264,True,M,S,different-party
20496,21044,136,1.0,0.7334632352941195,0.0365609964590909,0.0009990009990009,1.0,1.0,0.6920735294117661,0.7748529411764692,True,0.2665367647058805,7.2901942102184,0.0029480586527566,0.3079264705882338,0.2251470588235308,True,M,S,different-party
20496,21143,110,1.0,0.7105727272727281,0.0411899048451559,0.0009990009990009,1.0,1.0,0.6916153846153881,0.7379555555555553,True,0.2894272727272718,7.026655531623777,0.0029480586527566,0.3083846153846119,0.2620444444444447,True,M,S,different-party
20496,21159,122,1.0,0.7387295081967209,0.0381539918267569,0.0009990009990009,1.0,1.0,0.697818181818181,0.7869464285714289,True,0.2612704918032791,6.8477891642272,0.0029480586527566,0.302181818181819,0.213053571428571,True,M,M,same-party
20496,21168,103,1.0,0.7031067961165055,0.0439861825086769,0.0009990009990009,1.0,1.0,0.6778275862069014,0.7356888888888881,True,0.2968932038834945,6.749692447734649,0.0029480586527566,0.3221724137930986,0.2643111111111119,True,M,V,different-party
20781,20925,149,0.9328859060402684,0.737046979865772,0.0335655107531963,0.0009990009990009,0.9078947368421052,0.958904109589041,0.6915263157894758,0.7844383561643796,True,0.1958389261744965,5.834528412645929,0.0029480586527566,0.2163684210526295,0.1744657534246614,True,S,KF,different-party
20781,20930,72,1.0,0.7961666666666651,0.0445556666390683,0.0009990009990009,1.0,1.0,0.7324782608695659,0.8260612244898071,True,0.2038333333333348,4.574801561932075,0.0029480586527566,0.2675217391304341,0.1739387755101928,True,S,S,same-party
20781,21044,159,1.0,0.7341886792452823,0.034105051406723,0.0009990009990009,1.0,1.0,0.6918157894736868,0.772987951807232,True,0.2658113207547177,7.793898844624496,0.0029480586527566,0.3081842105263132,0.227012048192768,True,S,S,same-party
20781,21143,124,1.0,0.7140564516129043,0.0379669294073174,0.0009990009990009,1.0,1.0,0.6895076923076965,0.7411016949152553,True,0.2859435483870957,7.531384624746224,0.0029480586527566,0.3104923076923035,0.2588983050847446,True,S,S,same-party
20781,21159,135,1.0,0.7354000000000039,0.0351642781507754,0.0009990009990009,1.0,1.0,0.6941621621621606,0.7854262295081974,True,0.264599999999996,7.524681691614965,0.0029480586527566,0.3058378378378393,0.2145737704918026,True,S,M,different-party
20781,21168,118,1.0,0.6987966101694917,0.0401704790559468,0.0009990009990009,1.0,1.0,0.6774090909090889,0.7259423076923084,True,0.3012033898305083,7.498127901611811,0.0029480586527566,0.3225909090909111,0.2740576923076916,True,S,V,different-party
20798,20962,71,1.0,0.7884225352112673,0.0445514164633571,0.0009990009990009,1.0,1.0,0.7995294117647069,0.784925925925927,False,0.2115774647887327,4.749062579474929,0.0029480586527566,0.200470588235293,0.2150740740740729,True,SF,SF,same-party
20925,20966,61,1.0,0.7920983606557374,0.0483191362852536,0.0009990009990009,1.0,1.0,0.7275999999999996,0.8235609756097546,True,0.2079016393442626,4.302677061876857,0.0029480586527566,0.2724000000000004,0.1764390243902454,True,KF,KF,same-party
20925,21044,158,0.9177215189873418,0.7414746835443042,0.0331194579181025,0.0009990009990009,0.8809523809523809,0.9594594594594594,0.7018690476190492,0.7864324324324339,True,0.1762468354430375,5.321549521699869,0.0029480586527566,0.1790833333333317,0.1730270270270255,True,KF,S,different-party
20925,21143,116,0.9655172413793104,0.7135603448275867,0.0420414464952856,0.0009990009990009,0.9545454545454546,0.98,0.6876515151515151,0.7477600000000001,True,0.2519568965517237,5.993059648410939,0.0029480586527566,0.2668939393939394,0.2322399999999999,True,KF,S,different-party
20925,21159,143,0.9230769230769232,0.7436083916083902,0.0334599111032401,0.0009990009990009,0.8902439024390244,0.9672131147540984,0.7044634146341467,0.7962295081967224,True,0.1794685314685329,5.363688233204947,0.0029480586527566,0.1857804878048776,0.1709836065573758,True,KF,M,different-party
20925,21168,117,0.9145299145299144,0.7032136752136757,0.0397113290732383,0.0009990009990009,0.8783783783783784,0.9767441860465116,0.6885945945945942,0.7283720930232533,True,0.2113162393162387,5.321308660471042,0.0029480586527566,0.1897837837837842,0.2483720930232582,True,KF,V,different-party
20925,21194,52,1.0,0.7999807692307698,0.0501218632980307,0.0009990009990009,1.0,1.0,0.7135238095238066,0.8585483870967676,True,0.2000192307692302,3.9906583197015535,0.0029480586527566,0.2864761904761934,0.1414516129032323,True,KF,KF,same-party
20930,21044,81,1.0,0.7990246913580213,0.0399733996346906,0.0009990009990009,1.0,1.0,0.7479354838709641,0.8306999999999999,True,0.2009753086419786,5.027726199889281,0.0029480586527566,0.2520645161290359,0.1693000000000001,True,S,S,same-party
20930,21159,74,1.0,0.7972162162162175,0.0426606231475103,0.0009990009990009,1.0,1.0,0.7516666666666666,0.8282727272727294,True,0.2027837837837824,4.753418230263638,0.0029480586527566,0.2483333333333334,0.1717272727272706,True,S,M,different-party
20930,21168,49,1.0,0.7619591836734728,0.0541110206411214,0.0009990009990009,1.0,1.0,0.7469354838709645,0.787833333333338,False,0.2380408163265271,4.399118950375681,0.0029480586527566,0.2530645161290354,0.2121666666666619,True,S,V,different-party
20966,21194,52,1.0,0.7827884615384619,0.0511735649387446,0.0009990009990009,1.0,1.0,0.6354545454545464,0.8223170731707301,False,0.217211538461538,4.244604391379471,0.0029480586527566,0.3645454545454536,0.1776829268292699,True,KF,KF,same-party
21044,21143,125,1.0,0.7124079999999995,0.0388094280775894,0.0009990009990009,1.0,1.0,0.6852878787878772,0.7427457627118643,True,0.2875920000000005,7.410364291507576,0.0029480586527566,0.3147121212121228,0.2572542372881357,True,S,S,same-party
21044,21159,144,1.0,0.7405347222222219,0.0339349002526091,0.0009990009990009,1.0,1.0,0.7041951219512195,0.7885967741935475,True,0.259465277777778,7.645971429010721,0.0029480586527566,0.2958048780487805,0.2114032258064525,True,S,M,different-party
21044,21168,126,1.0,0.7037857142857084,0.0380900332959436,0.0009990009990009,1.0,1.0,0.6885270270270268,0.7254999999999993,True,0.2962142857142916,7.776687497562174,0.0029480586527566,0.3114729729729731,0.2745000000000007,True,S,V,different-party
21143,21159,103,1.0,0.7144563106796116,0.0419533781875672,0.0009990009990009,1.0,1.0,0.69015625,0.7543333333333297,True,0.2855436893203884,6.806214461294769,0.0029480586527566,0.30984375,0.2456666666666702,True,S,M,different-party
21143,21168,107,1.0,0.6952990654205622,0.0436191104315859,0.0009990009990009,1.0,1.0,0.6691428571428573,0.7240196078431365,True,0.3047009345794378,6.985491716006999,0.0029480586527566,0.3308571428571427,0.2759803921568635,True,S,V,different-party
21159,21168,105,1.0,0.7082761904761908,0.041331218590446,0.0009990009990009,1.0,1.0,0.6909305555555559,0.7461212121212153,True,0.2917238095238091,7.058195220772975,0.0029480586527566,0.309069444444444,0.2538787878787847,True,M,V,different-party
