politician_A_id,politician_B_id,party_A,party_B,n_shared,n_same,similarity,party_relation
12,18,S,DF,67,13,0.19402985074626866,different-party
12,34,S,DD,69,18,0.2608695652173913,different-party
12,38,S,S,3,3,1.0,same-party
12,43,S,SF,1,1,1.0,different-party
12,48,S,DD,4,3,0.75,different-party
12,49,S,V,70,70,1.0,different-party
12,57,S,M,1,1,1.0,different-party
12,74,S,S,69,69,1.0,same-party
12,80,S,V,69,69,1.0,different-party
12,82,S,DD,70,18,0.2571428571428571,different-party
12,93,S,V,70,70,1.0,different-party
12,97,S,S,70,70,1.0,same-party
12,99,S,LA,68,41,0.6029411764705882,different-party
12,102,S,V,70,69,0.9857142857142858,different-party
12,109,S,EL,1,1,1.0,different-party
12,110,S,EL,3,0,0.0,different-party
12,112,S,RV,4,3,0.75,different-party
12,113,S,DD,67,15,0.22388059701492538,different-party
12,118,S,S,4,4,1.0,same-party
12,119,S,DD,67,15,0.22388059701492538,different-party
12,120,S,S,70,70,1.0,same-party
12,121,S,SF,70,42,0.6,different-party
12,125,S,V,66,66,1.0,different-party
12,127,S,V,67,67,1.0,different-party
12,130,S,V,0,0,,different-party
12,134,S,V,0,0,,different-party
12,138,S,S,1,1,1.0,same-party
12,139,S,V,0,0,,different-party
12,141,S,RV,0,0,,different-party
12,145,S,M,0,0,,different-party
12,152,S,S,70,70,1.0,same-party
12,154,S,S,3,3,1.0,same-party
12,162,S,DD,3,3,1.0,different-party
12,164,S,V,4,4,1.0,different-party
12,168,S,V,70,70,1.0,different-party
12,173,S,V,0,0,,different-party
12,176,S,EL,66,29,0.4393939393939394,different-party
12,180,S,V,69,69,1.0,different-party
12,182,S,DD,65,15,0.23076923076923078,different-party
12,191,S,RV,66,59,0.8939393939393939,different-party
12,199,S,SF,66,38,0.5757575757575758,different-party
12,201,S,S,67,67,1.0,same-party
12,206,S,V,1,1,1.0,different-party
12,208,S,S,67,67,1.0,same-party
12,213,S,S,67,67,1.0,same-party
12,214,S,S,3,3,1.0,same-party
12,217,S,V,0,0,,different-party
12,219,S,SF,0,0,,different-party
12,220,S,S,0,0,,same-party
12,224,S,S,63,63,1.0,same-party
12,238,S,DF,1,0,0.0,different-party
12,244,S,S,1,1,1.0,same-party
12,252,S,DF,4,0,0.0,different-party
12,257,S,S,68,68,1.0,same-party
12,260,S,S,67,67,1.0,same-party
12,262,S,JF,0,0,,different-party
12,266,S,S,69,69,1.0,same-party
12,273,S,S,70,70,1.0,same-party
12,278,S,S,70,70,1.0,same-party
12,286,S,S,70,70,1.0,same-party
12,667,S,EL,69,29,0.42028985507246375,different-party
12,1146,S,DD,3,3,1.0,different-party
12,1454,S,KF,4,3,0.75,different-party
12,1619,S,S,70,70,1.0,same-party
12,1845,S,V,69,69,1.0,different-party
12,11702,S,KF,70,69,0.9857142857142858,different-party
12,15757,S,IA,0,0,,different-party
12,15760,S,S,4,4,1.0,same-party
12,15762,S,S,70,70,1.0,same-party
12,15763,S,DF,70,13,0.18571428571428572,different-party
12,15770,S,S,4,4,1.0,same-party
12,15774,S,DD,1,0,0.0,different-party
12,15775,S,ALT,66,32,0.48484848484848486,different-party
12,15776,S,S,4,4,1.0,same-party
12,15777,S,EL,63,27,0.42857142857142855,different-party
12,15779,S,LA,1,0,0.0,different-party
12,15787,S,S,67,67,1.0,same-party
12,15793,S,KF,66,66,1.0,different-party
12,16180,S,S,1,1,1.0,same-party
12,16351,S,S,70,70,1.0,same-party
12,16503,S,S,1,1,1.0,same-party
12,16582,S,EL,70,30,0.42857142857142855,different-party
12,16728,S,SF,66,38,0.5757575757575758,different-party
12,17141,S,KF,67,67,1.0,different-party
12,17628,S,SF,1,1,1.0,different-party
12,17629,S,DD,3,3,1.0,different-party
12,18688,S,N,0,0,,different-party
12,18693,S,EL,1,1,1.0,different-party
12,18694,S,EL,69,30,0.43478260869565216,different-party
12,18695,S,V,70,70,1.0,different-party
12,18696,S,V,1,1,1.0,different-party
12,18698,S,V,4,4,1.0,different-party
12,18699,S,V,69,69,1.0,different-party
12,18700,S,V,1,1,1.0,different-party
12,18701,S,V,1,1,1.0,different-party
12,18703,S,LA,0,0,,different-party
12,18704,S,SF,3,3,1.0,different-party
12,18707,S,SF,69,41,0.5942028985507246,different-party
12,18708,S,SF,66,38,0.5757575757575758,different-party
12,18709,S,SF,67,39,0.582089552238806,different-party
12,18713,S,KF,69,67,0.9710144927536232,different-party
12,18715,S,S,3,3,1.0,same-party
12,18716,S,S,1,1,1.0,same-party
12,18717,S,S,70,70,1.0,same-party
12,18718,S,S,66,66,1.0,same-party
12,18719,S,S,62,62,1.0,same-party
12,18720,S,S,69,69,1.0,same-party
12,18721,S,DF,4,0,0.0,different-party
12,18722,S,UFG,0,0,,different-party
12,18723,S,LA,1,0,0.0,different-party
12,18724,S,UFG,4,0,0.0,different-party
12,18725,S,RV,70,61,0.8714285714285714,different-party
12,18726,S,RV,4,3,0.75,different-party
12,18729,S,RV,70,61,0.8714285714285714,different-party
12,18882,S,S,1,1,1.0,same-party
12,19000,S,SF,4,4,1.0,different-party
12,19928,S,S,70,70,1.0,same-party
12,20349,S,SP,66,66,1.0,different-party
12,20350,S,DF,0,0,,different-party
12,20351,S,ALT,0,0,,different-party
12,20352,S,ALT,70,35,0.5,different-party
12,20353,S,ALT,0,0,,different-party
12,20354,S,UFG,0,0,,different-party
12,20355,S,DD,4,3,0.75,different-party
12,20356,S,DF,69,13,0.18840579710144928,different-party
12,20357,S,KF,1,1,1.0,different-party
12,20358,S,SF,0,0,,different-party
12,20359,S,SF,70,42,0.6,different-party
12,20360,S,SF,3,3,1.0,different-party
12,20361,S,S,1,1,1.0,same-party
12,20362,S,S,70,70,1.0,same-party
12,20363,S,S,70,70,1.0,same-party
12,20364,S,S,70,70,1.0,same-party
12,20365,S,S,70,70,1.0,same-party
12,20366,S,S,1,1,1.0,same-party
12,20367,S,S,70,70,1.0,same-party
12,20368,S,S,67,67,1.0,same-party
12,20369,S,KF,65,64,0.9846153846153847,different-party
12,20370,S,ALT,4,3,0.75,different-party
12,20371,S,V,70,70,1.0,different-party
12,20372,S,DD,0,0,,different-party
12,20373,S,DD,1,0,0.0,different-party
12,20374,S,DD,67,15,0.22388059701492538,different-party
12,20375,S,DD,66,15,0.22727272727272727,different-party
12,20376,S,DD,70,18,0.2571428571428571,different-party
12,20377,S,M,4,4,1.0,different-party
12,20378,S,M,70,70,1.0,different-party
12,20379,S,M,0,0,,different-party
12,20380,S,M,1,1,1.0,different-party
12,20381,S,ALT,67,32,0.47761194029850745,different-party
12,20382,S,M,1,1,1.0,different-party
12,20383,S,UFG,1,0,0.0,different-party
12,20384,S,M,66,66,1.0,different-party
12,20385,S,M,1,1,1.0,different-party
12,20386,S,M,68,68,1.0,different-party
12,20388,S,UFG,0,0,,different-party
12,20389,S,M,70,70,1.0,different-party
12,20390,S,UFG,0,0,,different-party
12,20391,S,LA,70,41,0.5857142857142857,different-party
12,20392,S,LA,0,0,,different-party
12,20393,S,LA,69,41,0.5942028985507246,different-party
12,20394,S,LA,70,41,0.5857142857142857,different-party
12,20395,S,LA,67,39,0.582089552238806,different-party
12,20396,S,LA,66,39,0.5909090909090909,different-party
12,20397,S,LA,3,2,0.6666666666666666,different-party
12,20398,S,LA,70,41,0.5857142857142857,different-party
12,20399,S,LA,69,41,0.5942028985507246,different-party
12,20400,S,LA,70,41,0.5857142857142857,different-party
12,20411,S,EL,3,0,0.0,different-party
12,20415,S,M,70,70,1.0,different-party
12,20496,S,M,69,69,1.0,different-party
12,20781,S,S,70,70,1.0,same-party
12,20798,S,SF,70,42,0.6,different-party
12,20820,S,LA,4,2,0.5,different-party
12,20917,S,KF,0,0,,different-party
12,20925,S,KF,70,69,0.9857142857142858,different-party
12,20930,S,S,9,9,1.0,same-party
12,20962,S,SF,4,4,1.0,different-party
12,20966,S,KF,1,0,0.0,different-party
12,21044,S,S,70,70,1.0,same-party
12,21083,S,S,0,0,,same-party
12,21143,S,S,70,70,1.0,same-party
12,21159,S,M,69,69,1.0,different-party
12,21168,S,V,70,70,1.0,different-party
12,21186,S,S,0,0,,same-party
12,21194,S,KF,0,0,,different-party
12,21206,S,N,0,0,,different-party
18,34,DF,DD,82,63,0.7682926829268293,different-party
18,38,DF,S,39,23,0.5897435897435898,different-party
18,43,DF,SF,3,1,0.3333333333333333,different-party
18,48,DF,DD,23,15,0.6521739130434783,different-party
18,49,DF,V,106,36,0.33962264150943394,different-party
18,57,DF,M,33,16,0.48484848484848486,different-party
18,74,DF,S,105,37,0.3523809523809524,different-party
18,80,DF,V,114,39,0.34210526315789475,different-party
18,82,DF,DD,110,81,0.7363636363636363,different-party
18,93,DF,V,121,42,0.34710743801652894,different-party
18,97,DF,S,119,42,0.35294117647058826,different-party
18,99,DF,LA,89,43,0.48314606741573035,different-party
18,102,DF,V,119,41,0.3445378151260504,different-party
18,109,DF,EL,10,2,0.2,different-party
18,110,DF,EL,25,8,0.32,different-party
18,112,DF,RV,53,29,0.5471698113207547,different-party
18,113,DF,DD,91,65,0.7142857142857143,different-party
18,118,DF,S,55,30,0.5454545454545454,different-party
18,119,DF,DD,121,87,0.71900826446281,different-party
18,120,DF,S,90,23,0.25555555555555554,different-party
18,121,DF,SF,89,27,0.30337078651685395,different-party
18,125,DF,V,84,20,0.23809523809523808,different-party
18,127,DF,V,126,47,0.373015873015873,different-party
18,130,DF,V,21,12,0.5714285714285714,different-party
18,134,DF,V,20,13,0.65,different-party
18,138,DF,S,1,0,0.0,different-party
18,139,DF,V,53,30,0.5660377358490566,different-party
18,141,DF,RV,10,5,0.5,different-party
18,145,DF,M,1,0,0.0,different-party
18,152,DF,S,107,34,0.3177570093457944,different-party
18,154,DF,S,6,3,0.5,different-party
18,162,DF,DD,31,21,0.6774193548387096,different-party
18,164,DF,V,48,28,0.5833333333333334,different-party
18,168,DF,V,116,43,0.3706896551724138,different-party
18,173,DF,V,15,7,0.4666666666666667,different-party
18,176,DF,EL,85,26,0.3058823529411765,different-party
18,180,DF,V,112,38,0.3392857142857143,different-party
18,182,DF,DD,78,57,0.7307692307692307,different-party
18,191,DF,RV,115,32,0.2782608695652174,different-party
18,199,DF,SF,100,32,0.32,different-party
18,201,DF,S,127,47,0.3700787401574803,different-party
18,206,DF,V,1,0,0.0,different-party
18,208,DF,S,95,27,0.28421052631578947,different-party
18,213,DF,S,126,46,0.36507936507936506,different-party
18,214,DF,S,26,11,0.4230769230769231,different-party
18,217,DF,V,8,3,0.375,different-party
18,219,DF,SF,22,10,0.45454545454545453,different-party
18,220,DF,S,7,4,0.5714285714285714,different-party
18,224,DF,S,93,30,0.3225806451612903,different-party
18,238,DF,DF,7,7,1.0,same-party
18,244,DF,S,41,23,0.5609756097560976,different-party
18,252,DF,DF,40,38,0.95,same-party
18,257,DF,S,119,44,0.3697478991596639,different-party
18,260,DF,S,111,39,0.35135135135135137,different-party
18,262,DF,JF,1,0,0.0,different-party
18,266,DF,S,106,34,0.32075471698113206,different-party
18,273,DF,S,122,46,0.3770491803278688,different-party
18,278,DF,S,125,47,0.376,different-party
18,286,DF,S,128,48,0.375,different-party
18,667,DF,EL,106,38,0.3584905660377358,different-party
18,1146,DF,DD,40,28,0.7,different-party
18,1454,DF,KF,35,24,0.6857142857142857,different-party
18,1619,DF,S,121,44,0.36363636363636365,different-party
18,1845,DF,V,83,22,0.26506024096385544,different-party
18,11702,DF,KF,98,34,0.3469387755102041,different-party
18,15757,DF,IA,0,0,,different-party
18,15760,DF,S,33,19,0.5757575757575758,different-party
18,15762,DF,S,110,36,0.32727272727272727,different-party
18,15763,DF,DF,96,96,1.0,same-party
18,15770,DF,S,53,31,0.5849056603773585,different-party
18,15774,DF,DD,44,30,0.6818181818181818,different-party
18,15775,DF,ALT,71,20,0.28169014084507044,different-party
18,15776,DF,S,44,23,0.5227272727272727,different-party
18,15777,DF,EL,76,24,0.3157894736842105,different-party
18,15779,DF,LA,44,30,0.6818181818181818,different-party
18,15787,DF,S,123,46,0.37398373983739835,different-party
18,15793,DF,KF,97,35,0.36082474226804123,different-party
18,16180,DF,S,62,33,0.532258064516129,different-party
18,16351,DF,S,128,47,0.3671875,different-party
18,16503,DF,S,24,13,0.5416666666666666,different-party
18,16582,DF,EL,131,43,0.3282442748091603,different-party
18,16728,DF,SF,108,39,0.3611111111111111,different-party
18,17141,DF,KF,71,17,0.23943661971830985,different-party
18,17628,DF,SF,13,5,0.38461538461538464,different-party
18,17629,DF,DD,41,29,0.7073170731707317,different-party
18,18688,DF,N,0,0,,different-party
18,18693,DF,EL,48,20,0.4166666666666667,different-party
18,18694,DF,EL,126,41,0.3253968253968254,different-party
18,18695,DF,V,122,46,0.3770491803278688,different-party
18,18696,DF,V,62,34,0.5483870967741935,different-party
18,18698,DF,V,51,31,0.6078431372549019,different-party
18,18699,DF,V,124,44,0.3548387096774194,different-party
18,18700,DF,V,49,28,0.5714285714285714,different-party
18,18701,DF,V,12,5,0.4166666666666667,different-party
18,18703,DF,LA,1,1,1.0,different-party
18,18704,DF,SF,40,24,0.6,different-party
18,18707,DF,SF,120,43,0.35833333333333334,different-party
18,18708,DF,SF,98,34,0.3469387755102041,different-party
18,18709,DF,SF,84,23,0.27380952380952384,different-party
18,18713,DF,KF,79,26,0.3291139240506329,different-party
18,18715,DF,S,40,24,0.6,different-party
18,18716,DF,S,55,33,0.6,different-party
18,18717,DF,S,101,32,0.31683168316831684,different-party
18,18718,DF,S,127,47,0.3700787401574803,different-party
18,18719,DF,S,87,24,0.27586206896551724,different-party
18,18720,DF,S,117,42,0.358974358974359,different-party
18,18721,DF,DF,53,52,0.9811320754716981,same-party
18,18722,DF,UFG,0,0,,different-party
18,18723,DF,LA,47,31,0.6595744680851063,different-party
18,18724,DF,UFG,54,34,0.6296296296296297,different-party
18,18725,DF,RV,88,18,0.20454545454545456,different-party
18,18726,DF,RV,51,28,0.5490196078431373,different-party
18,18729,DF,RV,108,27,0.25,different-party
18,18882,DF,S,19,11,0.5789473684210527,different-party
18,19000,DF,SF,65,33,0.5076923076923077,different-party
18,19928,DF,S,104,35,0.33653846153846156,different-party
18,20349,DF,SP,66,13,0.19696969696969696,different-party
18,20350,DF,DF,28,27,0.9642857142857143,same-party
18,20351,DF,ALT,1,1,1.0,different-party
18,20352,DF,ALT,104,35,0.33653846153846156,different-party
18,20353,DF,ALT,36,16,0.4444444444444444,different-party
18,20354,DF,UFG,6,2,0.3333333333333333,different-party
18,20355,DF,DD,56,38,0.6785714285714286,different-party
18,20356,DF,DF,107,106,0.9906542056074766,same-party
18,20357,DF,KF,52,33,0.6346153846153846,different-party
18,20358,DF,SF,3,2,0.6666666666666666,different-party
18,20359,DF,SF,130,47,0.36153846153846153,different-party
18,20360,DF,SF,52,25,0.4807692307692308,different-party
18,20361,DF,S,15,8,0.5333333333333333,different-party
18,20362,DF,S,116,43,0.3706896551724138,different-party
18,20363,DF,S,128,47,0.3671875,different-party
18,20364,DF,S,122,44,0.36065573770491804,different-party
18,20365,DF,S,102,30,0.29411764705882354,different-party
18,20366,DF,S,24,12,0.5,different-party
18,20367,DF,S,129,48,0.37209302325581395,different-party
18,20368,DF,S,113,41,0.36283185840707965,different-party
18,20369,DF,KF,103,40,0.3883495145631068,different-party
18,20370,DF,ALT,42,16,0.38095238095238093,different-party
18,20371,DF,V,108,35,0.32407407407407407,different-party
18,20372,DF,DD,31,20,0.6451612903225806,different-party
18,20373,DF,DD,34,21,0.6176470588235294,different-party
18,20374,DF,DD,117,83,0.7094017094017094,different-party
18,20375,DF,DD,99,74,0.7474747474747475,different-party
18,20376,DF,DD,122,88,0.7213114754098361,different-party
18,20377,DF,M,53,30,0.5660377358490566,different-party
18,20378,DF,M,129,49,0.3798449612403101,different-party
18,20379,DF,M,0,0,,different-party
18,20380,DF,M,10,5,0.5,different-party
18,20381,DF,ALT,127,45,0.3543307086614173,different-party
18,20382,DF,M,18,9,0.5,different-party
18,20383,DF,UFG,31,19,0.6129032258064516,different-party
18,20384,DF,M,84,21,0.25,different-party
18,20385,DF,M,52,31,0.5961538461538461,different-party
18,20386,DF,M,78,20,0.2564102564102564,different-party
18,20388,DF,UFG,44,23,0.5227272727272727,different-party
18,20389,DF,M,128,47,0.3671875,different-party
18,20390,DF,UFG,51,31,0.6078431372549019,different-party
18,20391,DF,LA,100,54,0.54,different-party
18,20392,DF,LA,36,23,0.6388888888888888,different-party
18,20393,DF,LA,110,55,0.5,different-party
18,20394,DF,LA,117,64,0.5470085470085471,different-party
18,20395,DF,LA,111,60,0.5405405405405406,different-party
18,20396,DF,LA,82,42,0.5121951219512195,different-party
18,20397,DF,LA,25,18,0.72,different-party
18,20398,DF,LA,122,66,0.5409836065573771,different-party
18,20399,DF,LA,104,55,0.5288461538461539,different-party
18,20400,DF,LA,131,73,0.5572519083969466,different-party
18,20411,DF,EL,48,18,0.375,different-party
18,20415,DF,M,127,47,0.3700787401574803,different-party
18,20496,DF,M,105,36,0.34285714285714286,different-party
18,20781,DF,S,128,48,0.375,different-party
18,20798,DF,SF,128,47,0.3671875,different-party
18,20820,DF,LA,56,36,0.6428571428571429,different-party
18,20917,DF,KF,4,4,1.0,different-party
18,20925,DF,KF,121,49,0.4049586776859504,different-party
18,20930,DF,S,54,28,0.5185185185185185,different-party
18,20962,DF,SF,43,20,0.46511627906976744,different-party
18,20966,DF,KF,65,44,0.676923076923077,different-party
18,21044,DF,S,131,49,0.37404580152671757,different-party
18,21083,DF,S,2,0,0.0,different-party
18,21143,DF,S,94,28,0.2978723404255319,different-party
18,21159,DF,M,108,37,0.3425925925925926,different-party
18,21168,DF,V,99,28,0.2828282828282828,different-party
18,21186,DF,S,2,0,0.0,different-party
18,21194,DF,KF,52,35,0.6730769230769231,different-party
18,21206,DF,N,0,0,,different-party
34,38,DD,S,21,14,0.6666666666666666,different-party
34,43,DD,SF,2,2,1.0,different-party
34,48,DD,DD,18,18,1.0,same-party
34,49,DD,V,98,39,0.3979591836734694,different-party
34,57,DD,M,18,16,0.8888888888888888,different-party
34,74,DD,S,97,40,0.41237113402061853,different-party
34,80,DD,V,93,35,0.3763440860215054,different-party
34,82,DD,DD,106,105,0.9905660377358491,same-party
34,93,DD,V,98,37,0.37755102040816324,different-party
34,97,DD,S,103,44,0.42718446601941745,different-party
34,99,DD,LA,93,62,0.6666666666666666,different-party
34,102,DD,V,97,36,0.3711340206185567,different-party
34,109,DD,EL,12,6,0.5,different-party
34,110,DD,EL,30,12,0.4,different-party
34,112,DD,RV,34,26,0.7647058823529411,different-party
34,113,DD,DD,81,80,0.9876543209876543,same-party
34,118,DD,S,27,17,0.6296296296296297,different-party
34,119,DD,DD,79,78,0.9873417721518988,same-party
34,120,DD,S,85,31,0.36470588235294116,different-party
34,121,DD,SF,85,25,0.29411764705882354,different-party
34,125,DD,V,72,19,0.2638888888888889,different-party
34,127,DD,V,90,37,0.4111111111111111,different-party
34,130,DD,V,18,16,0.8888888888888888,different-party
34,134,DD,V,6,4,0.6666666666666666,different-party
34,138,DD,S,0,0,,different-party
34,139,DD,V,12,9,0.75,different-party
34,141,DD,RV,6,6,1.0,different-party
34,145,DD,M,0,0,,different-party
34,152,DD,S,108,48,0.4444444444444444,different-party
34,154,DD,S,27,18,0.6666666666666666,different-party
34,162,DD,DD,34,34,1.0,same-party
34,164,DD,V,43,33,0.7674418604651163,different-party
34,168,DD,V,106,47,0.44339622641509435,different-party
34,173,DD,V,17,12,0.7058823529411765,different-party
34,176,DD,EL,78,16,0.20512820512820512,different-party
34,180,DD,V,97,38,0.3917525773195876,different-party
34,182,DD,DD,65,64,0.9846153846153847,same-party
34,191,DD,RV,88,32,0.36363636363636365,different-party
34,199,DD,SF,84,26,0.30952380952380953,different-party
34,201,DD,S,84,31,0.36904761904761907,different-party
34,206,DD,V,0,0,,different-party
34,208,DD,S,75,23,0.30666666666666664,different-party
34,213,DD,S,89,34,0.38202247191011235,different-party
34,214,DD,S,31,21,0.6774193548387096,different-party
34,217,DD,V,0,0,,different-party
34,219,DD,SF,18,11,0.6111111111111112,different-party
34,220,DD,S,9,5,0.5555555555555556,different-party
34,224,DD,S,88,34,0.38636363636363635,different-party
34,238,DD,DF,0,0,,different-party
34,244,DD,S,13,8,0.6153846153846154,different-party
34,252,DD,DF,27,18,0.6666666666666666,different-party
34,257,DD,S,108,48,0.4444444444444444,different-party
34,260,DD,S,81,30,0.37037037037037035,different-party
34,262,DD,JF,0,0,,different-party
34,266,DD,S,102,44,0.43137254901960786,different-party
34,273,DD,S,109,48,0.44036697247706424,different-party
34,278,DD,S,106,47,0.44339622641509435,different-party
34,286,DD,S,102,42,0.4117647058823529,different-party
34,667,DD,EL,94,25,0.26595744680851063,different-party
34,1146,DD,DD,28,28,1.0,same-party
34,1454,DD,KF,21,16,0.7619047619047619,different-party
34,1619,DD,S,102,44,0.43137254901960786,different-party
34,1845,DD,V,109,48,0.44036697247706424,different-party
34,11702,DD,KF,105,46,0.4380952380952381,different-party
34,15757,DD,IA,0,0,,different-party
34,15760,DD,S,34,26,0.7647058823529411,different-party
34,15762,DD,S,93,32,0.34408602150537637,different-party
34,15763,DD,DF,94,73,0.776595744680851,different-party
34,15770,DD,S,25,22,0.88,different-party
34,15774,DD,DD,10,10,1.0,same-party
34,15775,DD,ALT,82,25,0.3048780487804878,different-party
34,15776,DD,S,37,27,0.7297297297297297,different-party
34,15777,DD,EL,65,13,0.2,different-party
34,15779,DD,LA,22,18,0.8181818181818182,different-party
34,15787,DD,S,91,37,0.4065934065934066,different-party
34,15793,DD,KF,78,25,0.32051282051282054,different-party
34,16180,DD,S,13,10,0.7692307692307693,different-party
34,16351,DD,S,109,48,0.44036697247706424,different-party
34,16503,DD,S,5,2,0.4,different-party
34,16582,DD,EL,103,29,0.2815533980582524,different-party
34,16728,DD,SF,85,24,0.2823529411764706,different-party
34,17141,DD,KF,89,33,0.3707865168539326,different-party
34,17628,DD,SF,0,0,,different-party
34,17629,DD,DD,27,27,1.0,same-party
34,18688,DD,N,0,0,,different-party
34,18693,DD,EL,24,13,0.5416666666666666,different-party
34,18694,DD,EL,108,30,0.2777777777777778,different-party
34,18695,DD,V,103,44,0.42718446601941745,different-party
34,18696,DD,V,26,22,0.8461538461538461,different-party
34,18698,DD,V,27,20,0.7407407407407407,different-party
34,18699,DD,V,105,44,0.41904761904761906,different-party
34,18700,DD,V,11,9,0.8181818181818182,different-party
34,18701,DD,V,9,7,0.7777777777777778,different-party
34,18703,DD,LA,0,0,,different-party
34,18704,DD,SF,34,20,0.5882352941176471,different-party
34,18707,DD,SF,100,33,0.33,different-party
34,18708,DD,SF,75,20,0.26666666666666666,different-party
34,18709,DD,SF,81,21,0.25925925925925924,different-party
34,18713,DD,KF,90,34,0.37777777777777777,different-party
34,18715,DD,S,37,27,0.7297297297297297,different-party
34,18716,DD,S,22,17,0.7727272727272727,different-party
34,18717,DD,S,104,46,0.4423076923076923,different-party
34,18718,DD,S,103,43,0.4174757281553398,different-party
34,18719,DD,S,91,35,0.38461538461538464,different-party
34,18720,DD,S,102,43,0.4215686274509804,different-party
34,18721,DD,DF,43,32,0.7441860465116279,different-party
34,18722,DD,UFG,0,0,,different-party
34,18723,DD,LA,22,19,0.8636363636363636,different-party
34,18724,DD,UFG,38,26,0.6842105263157895,different-party
34,18725,DD,RV,96,34,0.3541666666666667,different-party
34,18726,DD,RV,33,26,0.7878787878787878,different-party
34,18729,DD,RV,100,38,0.38,different-party
34,18882,DD,S,6,4,0.6666666666666666,different-party
34,19000,DD,SF,43,26,0.6046511627906976,different-party
34,19928,DD,S,94,35,0.3723404255319149,different-party
34,20349,DD,SP,72,21,0.2916666666666667,different-party
34,20350,DD,DF,22,14,0.6363636363636364,different-party
34,20351,DD,ALT,0,0,,different-party
34,20352,DD,ALT,100,33,0.33,different-party
34,20353,DD,ALT,13,9,0.6923076923076923,different-party
34,20354,DD,UFG,1,1,1.0,different-party
34,20355,DD,DD,43,43,1.0,same-party
34,20356,DD,DF,96,75,0.78125,different-party
34,20357,DD,KF,25,22,0.88,different-party
34,20358,DD,SF,3,2,0.6666666666666666,different-party
34,20359,DD,SF,103,35,0.33980582524271846,different-party
34,20360,DD,SF,43,26,0.6046511627906976,different-party
34,20361,DD,S,0,0,,different-party
34,20362,DD,S,105,47,0.44761904761904764,different-party
34,20363,DD,S,103,44,0.42718446601941745,different-party
34,20364,DD,S,103,44,0.42718446601941745,different-party
34,20365,DD,S,100,39,0.39,different-party
34,20366,DD,S,10,5,0.5,different-party
34,20367,DD,S,108,48,0.4444444444444444,different-party
34,20368,DD,S,94,38,0.40425531914893614,different-party
34,20369,DD,KF,91,37,0.4065934065934066,different-party
34,20370,DD,ALT,24,11,0.4583333333333333,different-party
34,20371,DD,V,106,47,0.44339622641509435,different-party
34,20372,DD,DD,21,21,1.0,same-party
34,20373,DD,DD,26,26,1.0,same-party
34,20374,DD,DD,84,83,0.9880952380952381,same-party
34,20375,DD,DD,69,68,0.9855072463768116,same-party
34,20376,DD,DD,100,99,0.99,same-party
34,20377,DD,M,37,27,0.7297297297297297,different-party
34,20378,DD,M,108,48,0.4444444444444444,different-party
34,20379,DD,M,0,0,,different-party
34,20380,DD,M,0,0,,different-party
34,20381,DD,ALT,90,29,0.32222222222222224,different-party
34,20382,DD,M,1,0,0.0,different-party
34,20383,DD,UFG,12,11,0.9166666666666666,different-party
34,20384,DD,M,72,20,0.2777777777777778,different-party
34,20385,DD,M,19,14,0.7368421052631579,different-party
34,20386,DD,M,99,42,0.42424242424242425,different-party
34,20388,DD,UFG,17,15,0.8823529411764706,different-party
34,20389,DD,M,109,48,0.44036697247706424,different-party
34,20390,DD,UFG,24,20,0.8333333333333334,different-party
34,20391,DD,LA,107,73,0.6822429906542056,different-party
34,20392,DD,LA,9,7,0.7777777777777778,different-party
34,20393,DD,LA,97,64,0.6597938144329897,different-party
34,20394,DD,LA,99,68,0.6868686868686869,different-party
34,20395,DD,LA,78,49,0.6282051282051282,different-party
34,20396,DD,LA,70,41,0.5857142857142857,different-party
34,20397,DD,LA,36,30,0.8333333333333334,different-party
34,20398,DD,LA,99,67,0.6767676767676768,different-party
34,20399,DD,LA,103,70,0.6796116504854369,different-party
34,20400,DD,LA,103,69,0.6699029126213593,different-party
34,20411,DD,EL,31,10,0.3225806451612903,different-party
34,20415,DD,M,105,45,0.42857142857142855,different-party
34,20496,DD,M,93,35,0.3763440860215054,different-party
34,20781,DD,S,101,43,0.42574257425742573,different-party
34,20798,DD,SF,103,37,0.3592233009708738,different-party
34,20820,DD,LA,39,34,0.8717948717948718,different-party
34,20917,DD,KF,4,3,0.75,different-party
34,20925,DD,KF,109,49,0.44954128440366975,different-party
34,20930,DD,S,49,34,0.6938775510204082,different-party
34,20962,DD,SF,31,17,0.5483870967741935,different-party
34,20966,DD,KF,22,18,0.8181818181818182,different-party
34,21044,DD,S,109,48,0.44036697247706424,different-party
34,21083,DD,S,1,0,0.0,different-party
34,21143,DD,S,99,40,0.40404040404040403,different-party
34,21159,DD,M,102,43,0.4215686274509804,different-party
34,21168,DD,V,100,39,0.39,different-party
34,21186,DD,S,1,0,0.0,different-party
34,21194,DD,KF,13,11,0.8461538461538461,different-party
34,21206,DD,N,0,0,,different-party
38,43,S,SF,0,0,,different-party
38,48,S,DD,25,15,0.6,different-party
38,49,S,V,44,44,1.0,different-party
38,57,S,M,20,20,1.0,different-party
38,74,S,S,44,44,1.0,same-party
38,80,S,V,54,54,1.0,different-party
38,82,S,DD,44,30,0.6818181818181818,different-party
38,93,S,V,59,59,1.0,different-party
38,97,S,S,42,42,1.0,same-party
38,99,S,LA,44,35,0.7954545454545454,different-party
38,102,S,V,60,60,1.0,different-party
38,109,S,EL,9,7,0.7777777777777778,different-party
38,110,S,EL,22,13,0.5909090909090909,different-party
38,112,S,RV,57,51,0.8947368421052632,different-party
38,113,S,DD,9,6,0.6666666666666666,different-party
38,118,S,S,60,60,1.0,same-party
38,119,S,DD,39,25,0.6410256410256411,different-party
38,120,S,S,20,20,1.0,same-party
38,121,S,SF,25,20,0.8,different-party
38,125,S,V,10,10,1.0,different-party
38,127,S,V,45,44,0.9777777777777777,different-party
38,130,S,V,9,9,1.0,different-party
38,134,S,V,26,26,1.0,different-party
38,138,S,S,0,0,,same-party
38,139,S,V,36,36,1.0,different-party
38,141,S,RV,7,7,1.0,different-party
38,145,S,M,0,0,,different-party
38,152,S,S,37,37,1.0,same-party
38,154,S,S,21,21,1.0,same-party
38,162,S,DD,37,23,0.6216216216216216,different-party
38,164,S,V,45,45,1.0,different-party
38,168,S,V,50,50,1.0,different-party
38,173,S,V,12,12,1.0,different-party
38,176,S,EL,10,8,0.8,different-party
38,180,S,V,60,60,1.0,different-party
38,182,S,DD,10,5,0.5,different-party
38,191,S,RV,32,26,0.8125,different-party
38,199,S,SF,25,18,0.72,different-party
38,201,S,S,39,39,1.0,same-party
38,206,S,V,0,0,,different-party
38,208,S,S,10,10,1.0,same-party
38,213,S,S,45,45,1.0,same-party
38,214,S,S,40,40,1.0,same-party
38,217,S,V,6,6,1.0,different-party
38,219,S,SF,9,5,0.5555555555555556,different-party
38,220,S,S,12,12,1.0,same-party
38,224,S,S,51,51,1.0,same-party
38,238,S,DF,0,0,,different-party
38,244,S,S,38,38,1.0,same-party
38,252,S,DF,38,22,0.5789473684210527,different-party
38,257,S,S,57,56,0.9824561403508771,same-party
38,260,S,S,27,27,1.0,same-party
38,262,S,JF,0,0,,different-party
38,266,S,S,31,31,1.0,same-party
38,273,S,S,53,53,1.0,same-party
38,278,S,S,57,57,1.0,same-party
38,286,S,S,59,59,1.0,same-party
38,667,S,EL,53,34,0.6415094339622641,different-party
38,1146,S,DD,57,37,0.6491228070175439,different-party
38,1454,S,KF,42,38,0.9047619047619048,different-party
38,1619,S,S,60,60,1.0,same-party
38,1845,S,V,21,21,1.0,different-party
38,11702,S,KF,33,28,0.8484848484848485,different-party
38,15757,S,IA,0,0,,different-party
38,15760,S,S,33,33,1.0,same-party
38,15762,S,S,51,51,1.0,same-party
38,15763,S,DF,40,22,0.55,different-party
38,15770,S,S,32,32,1.0,same-party
38,15774,S,DD,36,23,0.6388888888888888,different-party
38,15775,S,ALT,6,6,1.0,different-party
38,15776,S,S,40,40,1.0,same-party
38,15777,S,EL,3,3,1.0,different-party
38,15779,S,LA,25,16,0.64,different-party
38,15787,S,S,41,41,1.0,same-party
38,15793,S,KF,16,10,0.625,different-party
38,16180,S,S,39,39,1.0,same-party
38,16351,S,S,57,57,1.0,same-party
38,16503,S,S,12,12,1.0,same-party
38,16582,S,EL,60,39,0.65,different-party
38,16728,S,SF,27,23,0.8518518518518519,different-party
38,17141,S,KF,18,17,0.9444444444444444,different-party
38,17628,S,SF,9,5,0.5555555555555556,different-party
38,17629,S,DD,44,30,0.6818181818181818,different-party
38,18688,S,N,0,0,,different-party
38,18693,S,EL,35,24,0.6857142857142857,different-party
38,18694,S,EL,57,37,0.6491228070175439,different-party
38,18695,S,V,47,47,1.0,different-party
38,18696,S,V,44,44,1.0,different-party
38,18698,S,V,47,47,1.0,different-party
38,18699,S,V,57,57,1.0,different-party
38,18700,S,V,29,29,1.0,different-party
38,18701,S,V,3,3,1.0,different-party
38,18703,S,LA,0,0,,different-party
38,18704,S,SF,51,44,0.8627450980392157,different-party
38,18707,S,SF,60,49,0.8166666666666667,different-party
38,18708,S,SF,33,29,0.8787878787878788,different-party
38,18709,S,SF,0,0,,different-party
38,18713,S,KF,28,24,0.8571428571428571,different-party
38,18715,S,S,44,44,1.0,same-party
38,18716,S,S,38,38,1.0,same-party
38,18717,S,S,37,37,1.0,same-party
38,18718,S,S,57,57,1.0,same-party
38,18719,S,S,28,28,1.0,same-party
38,18720,S,S,60,60,1.0,same-party
38,18721,S,DF,48,28,0.5833333333333334,different-party
38,18722,S,UFG,0,0,,different-party
38,18723,S,LA,23,20,0.8695652173913043,different-party
38,18724,S,UFG,51,20,0.39215686274509803,different-party
38,18725,S,RV,31,29,0.9354838709677419,different-party
38,18726,S,RV,53,46,0.8679245283018868,different-party
38,18729,S,RV,40,34,0.85,different-party
38,18882,S,S,18,18,1.0,same-party
38,19000,S,SF,60,49,0.8166666666666667,different-party
38,19928,S,S,38,38,1.0,same-party
38,20349,S,SP,0,0,,different-party
38,20350,S,DF,18,12,0.6666666666666666,different-party
38,20351,S,ALT,0,0,,different-party
38,20352,S,ALT,31,20,0.6451612903225806,different-party
38,20353,S,ALT,23,18,0.782608695652174,different-party
38,20354,S,UFG,4,0,0.0,different-party
38,20355,S,DD,53,36,0.6792452830188679,different-party
38,20356,S,DF,56,33,0.5892857142857143,different-party
38,20357,S,KF,38,32,0.8421052631578947,different-party
38,20358,S,SF,0,0,,different-party
38,20359,S,SF,53,42,0.7924528301886793,different-party
38,20360,S,SF,53,44,0.8301886792452831,different-party
38,20361,S,S,9,9,1.0,same-party
38,20362,S,S,51,51,1.0,same-party
38,20363,S,S,51,51,1.0,same-party
38,20364,S,S,45,45,1.0,same-party
38,20365,S,S,40,40,1.0,same-party
38,20366,S,S,18,18,1.0,same-party
38,20367,S,S,60,60,1.0,same-party
38,20368,S,S,29,29,1.0,same-party
38,20369,S,KF,53,47,0.8867924528301887,different-party
38,20370,S,ALT,53,40,0.7547169811320755,different-party
38,20371,S,V,40,40,1.0,different-party
38,20372,S,DD,14,7,0.5,different-party
38,20373,S,DD,18,12,0.6666666666666666,different-party
38,20374,S,DD,31,21,0.6774193548387096,different-party
38,20375,S,DD,27,17,0.6296296296296297,different-party
38,20376,S,DD,60,39,0.65,different-party
38,20377,S,M,49,49,1.0,different-party
38,20378,S,M,60,60,1.0,different-party
38,20379,S,M,0,0,,different-party
38,20380,S,M,9,9,1.0,different-party
38,20381,S,ALT,45,33,0.7333333333333333,different-party
38,20382,S,M,9,9,1.0,different-party
38,20383,S,UFG,29,25,0.8620689655172413,different-party
38,20384,S,M,7,7,1.0,different-party
38,20385,S,M,38,38,1.0,different-party
38,20386,S,M,15,14,0.9333333333333333,different-party
38,20388,S,UFG,30,27,0.9,different-party
38,20389,S,M,57,57,1.0,different-party
38,20390,S,UFG,42,27,0.6428571428571429,different-party
38,20391,S,LA,33,23,0.696969696969697,different-party
38,20392,S,LA,35,29,0.8285714285714286,different-party
38,20393,S,LA,59,43,0.7288135593220338,different-party
38,20394,S,LA,47,36,0.7659574468085106,different-party
38,20395,S,LA,42,33,0.7857142857142857,different-party
38,20396,S,LA,10,5,0.5,different-party
38,20397,S,LA,28,18,0.6428571428571429,different-party
38,20398,S,LA,49,35,0.7142857142857143,different-party
38,20399,S,LA,34,21,0.6176470588235294,different-party
38,20400,S,LA,60,44,0.7333333333333333,different-party
38,20411,S,EL,51,33,0.6470588235294118,different-party
38,20415,S,M,60,60,1.0,different-party
38,20496,S,M,47,47,1.0,different-party
38,20781,S,S,53,53,1.0,same-party
38,20798,S,SF,57,47,0.8245614035087719,different-party
38,20820,S,LA,55,41,0.7454545454545455,different-party
38,20917,S,KF,0,0,,different-party
38,20925,S,KF,50,44,0.88,different-party
38,20930,S,S,51,51,1.0,same-party
38,20962,S,SF,53,44,0.8301886792452831,different-party
38,20966,S,KF,45,36,0.8,different-party
38,21044,S,S,60,60,1.0,same-party
38,21083,S,S,0,0,,same-party
38,21143,S,S,24,24,1.0,same-party
38,21159,S,M,51,51,1.0,different-party
38,21168,S,V,37,37,1.0,different-party
38,21186,S,S,0,0,,same-party
38,21194,S,KF,36,29,0.8055555555555556,different-party
38,21206,S,N,0,0,,different-party
43,48,SF,DD,3,0,0.0,different-party
43,49,SF,V,3,3,1.0,different-party
43,57,SF,M,3,3,1.0,different-party
43,74,SF,S,2,2,1.0,different-party
43,80,SF,V,2,2,1.0,different-party
43,82,SF,DD,5,2,0.4,different-party
43,93,SF,V,3,3,1.0,different-party
43,97,SF,S,5,5,1.0,different-party
43,99,SF,LA,2,2,1.0,different-party
43,102,SF,V,5,4,0.8,different-party
43,109,SF,EL,5,4,0.8,different-party
43,110,SF,EL,0,0,,different-party
43,112,SF,RV,5,4,0.8,different-party
43,113,SF,DD,5,2,0.4,different-party
43,118,SF,S,3,3,1.0,different-party
43,119,SF,DD,5,2,0.4,different-party
43,120,SF,S,5,5,1.0,different-party
43,121,SF,SF,3,3,1.0,same-party
43,125,SF,V,0,0,,different-party
43,127,SF,V,5,5,1.0,different-party
43,130,SF,V,2,2,1.0,different-party
43,134,SF,V,0,0,,different-party
43,138,SF,S,1,1,1.0,different-party
43,139,SF,V,0,0,,different-party
43,141,SF,RV,2,2,1.0,different-party
43,145,SF,M,0,0,,different-party
43,152,SF,S,5,5,1.0,different-party
43,154,SF,S,0,0,,different-party
43,162,SF,DD,0,0,,different-party
43,164,SF,V,5,5,1.0,different-party
43,168,SF,V,5,5,1.0,different-party
43,173,SF,V,2,2,1.0,different-party
43,176,SF,EL,2,1,0.5,different-party
43,180,SF,V,2,2,1.0,different-party
43,182,SF,DD,0,0,,different-party
43,191,SF,RV,2,2,1.0,different-party
43,199,SF,SF,0,0,,same-party
43,201,SF,S,5,5,1.0,different-party
43,206,SF,V,1,1,1.0,different-party
43,208,SF,S,3,3,1.0,different-party
43,213,SF,S,5,5,1.0,different-party
43,214,SF,S,2,2,1.0,different-party
43,217,SF,V,0,0,,different-party
43,219,SF,SF,2,2,1.0,same-party
43,220,SF,S,0,0,,different-party
43,224,SF,S,2,2,1.0,different-party
43,238,SF,DF,3,1,0.3333333333333333,different-party
43,244,SF,S,1,1,1.0,different-party
43,252,SF,DF,3,1,0.3333333333333333,different-party
43,257,SF,S,2,2,1.0,different-party
43,260,SF,S,5,5,1.0,different-party
43,262,SF,JF,0,0,,different-party
43,266,SF,S,5,5,1.0,different-party
43,273,SF,S,5,5,1.0,different-party
43,278,SF,S,5,5,1.0,different-party
43,286,SF,S,3,3,1.0,different-party
43,667,SF,EL,0,0,,different-party
43,1146,SF,DD,2,2,1.0,different-party
43,1454,SF,KF,4,3,0.75,different-party
43,1619,SF,S,5,5,1.0,different-party
43,1845,SF,V,2,2,1.0,different-party
43,11702,SF,KF,5,4,0.8,different-party
43,15757,SF,IA,0,0,,different-party
43,15760,SF,S,3,3,1.0,different-party
43,15762,SF,S,5,5,1.0,different-party
43,15763,SF,DF,5,3,0.6,different-party
43,15770,SF,S,5,5,1.0,different-party
43,15774,SF,DD,3,0,0.0,different-party
43,15775,SF,ALT,2,1,0.5,different-party
43,15776,SF,S,3,3,1.0,different-party
43,15777,SF,EL,3,3,1.0,different-party
43,15779,SF,LA,3,1,0.3333333333333333,different-party
43,15787,SF,S,5,5,1.0,different-party
43,15793,SF,KF,0,0,,different-party
43,16180,SF,S,3,3,1.0,different-party
43,16351,SF,S,5,5,1.0,different-party
43,16503,SF,S,3,3,1.0,different-party
43,16582,SF,EL,3,3,1.0,different-party
43,16728,SF,SF,2,2,1.0,same-party
43,17141,SF,KF,2,2,1.0,different-party
43,17628,SF,SF,3,3,1.0,same-party
43,17629,SF,DD,0,0,,different-party
43,18688,SF,N,0,0,,different-party
43,18693,SF,EL,5,4,0.8,different-party
43,18694,SF,EL,5,4,0.8,different-party
43,18695,SF,V,5,5,1.0,different-party
43,18696,SF,V,5,5,1.0,different-party
43,18698,SF,V,3,3,1.0,different-party
43,18699,SF,V,5,5,1.0,different-party
43,18700,SF,V,3,3,1.0,different-party
43,18701,SF,V,5,5,1.0,different-party
43,18703,SF,LA,0,0,,different-party
43,18704,SF,SF,2,2,1.0,same-party
43,18707,SF,SF,3,3,1.0,same-party
43,18708,SF,SF,0,0,,same-party
43,18709,SF,SF,4,4,1.0,same-party
43,18713,SF,KF,0,0,,different-party
43,18715,SF,S,0,0,,different-party
43,18716,SF,S,3,3,1.0,different-party
43,18717,SF,S,5,5,1.0,different-party
43,18718,SF,S,5,5,1.0,different-party
43,18719,SF,S,5,5,1.0,different-party
43,18720,SF,S,2,2,1.0,different-party
43,18721,SF,DF,5,3,0.6,different-party
43,18722,SF,UFG,0,0,,different-party
43,18723,SF,LA,5,3,0.6,different-party
43,18724,SF,UFG,5,2,0.4,different-party
43,18725,SF,RV,5,4,0.8,different-party
43,18726,SF,RV,3,2,0.6666666666666666,different-party
43,18729,SF,RV,3,2,0.6666666666666666,different-party
43,18882,SF,S,3,3,1.0,different-party
43,19000,SF,SF,5,5,1.0,same-party
43,19928,SF,S,5,5,1.0,different-party
43,20349,SF,SP,2,2,1.0,different-party
43,20350,SF,DF,0,0,,different-party
43,20351,SF,ALT,0,0,,different-party
43,20352,SF,ALT,5,3,0.6,different-party
43,20353,SF,ALT,0,0,,different-party
43,20354,SF,UFG,0,0,,different-party
43,20355,SF,DD,5,2,0.4,different-party
43,20356,SF,DF,2,2,1.0,different-party
43,20357,SF,KF,5,5,1.0,different-party
43,20358,SF,SF,0,0,,same-party
43,20359,SF,SF,5,5,1.0,same-party
43,20360,SF,SF,2,2,1.0,same-party
43,20361,SF,S,3,3,1.0,different-party
43,20362,SF,S,5,5,1.0,different-party
43,20363,SF,S,5,5,1.0,different-party
43,20364,SF,S,5,5,1.0,different-party
43,20365,SF,S,5,5,1.0,different-party
43,20366,SF,S,3,3,1.0,different-party
43,20367,SF,S,5,5,1.0,different-party
43,20368,SF,S,5,5,1.0,different-party
43,20369,SF,KF,5,4,0.8,different-party
43,20370,SF,ALT,3,2,0.6666666666666666,different-party
43,20371,SF,V,5,5,1.0,different-party
43,20372,SF,DD,2,2,1.0,different-party
43,20373,SF,DD,5,2,0.4,different-party
43,20374,SF,DD,5,2,0.4,different-party
43,20375,SF,DD,0,0,,different-party
43,20376,SF,DD,5,2,0.4,different-party
43,20377,SF,M,3,3,1.0,different-party
43,20378,SF,M,5,5,1.0,different-party
43,20379,SF,M,0,0,,different-party
43,20380,SF,M,1,1,1.0,different-party
43,20381,SF,ALT,5,3,0.6,different-party
43,20382,SF,M,3,3,1.0,different-party
43,20383,SF,UFG,5,4,0.8,different-party
43,20384,SF,M,3,3,1.0,different-party
43,20385,SF,M,3,3,1.0,different-party
43,20386,SF,M,2,2,1.0,different-party
43,20388,SF,UFG,2,2,1.0,different-party
43,20389,SF,M,5,5,1.0,different-party
43,20390,SF,UFG,2,2,1.0,different-party
43,20391,SF,LA,5,3,0.6,different-party
43,20392,SF,LA,0,0,,different-party
43,20393,SF,LA,2,2,1.0,different-party
43,20394,SF,LA,5,3,0.6,different-party
43,20395,SF,LA,5,3,0.6,different-party
43,20396,SF,LA,0,0,,different-party
43,20397,SF,LA,0,0,,different-party
43,20398,SF,LA,5,3,0.6,different-party
43,20399,SF,LA,2,2,1.0,different-party
43,20400,SF,LA,3,1,0.3333333333333333,different-party
43,20411,SF,EL,2,1,0.5,different-party
43,20415,SF,M,5,5,1.0,different-party
43,20496,SF,M,2,2,1.0,different-party
43,20781,SF,S,5,5,1.0,different-party
43,20798,SF,SF,3,3,1.0,same-party
43,20820,SF,LA,5,3,0.6,different-party
43,20917,SF,KF,0,0,,different-party
43,20925,SF,KF,5,4,0.8,different-party
43,20930,SF,S,2,2,1.0,different-party
43,20962,SF,SF,5,5,1.0,same-party
43,20966,SF,KF,3,2,0.6666666666666666,different-party
43,21044,SF,S,5,5,1.0,different-party
43,21083,SF,S,0,0,,different-party
43,21143,SF,S,4,4,1.0,different-party
43,21159,SF,M,2,2,1.0,different-party
43,21168,SF,V,5,5,1.0,different-party
43,21186,SF,S,0,0,,different-party
43,21194,SF,KF,0,0,,different-party
43,21206,SF,N,0,0,,different-party
48,49,DD,V,35,17,0.4857142857142857,different-party
48,57,DD,M,17,7,0.4117647058823529,different-party
48,74,DD,S,15,10,0.6666666666666666,different-party
48,80,DD,V,30,17,0.5666666666666667,different-party
48,82,DD,DD,29,29,1.0,same-party
48,93,DD,V,38,18,0.47368421052631576,different-party
48,97,DD,S,35,16,0.45714285714285713,different-party
48,99,DD,LA,18,16,0.8888888888888888,different-party
48,102,DD,V,38,18,0.47368421052631576,different-party
48,109,DD,EL,10,5,0.5,different-party
48,110,DD,EL,28,11,0.39285714285714285,different-party
48,112,DD,RV,35,20,0.5714285714285714,different-party
48,113,DD,DD,7,7,1.0,same-party
48,118,DD,S,38,18,0.47368421052631576,different-party
48,119,DD,DD,22,22,1.0,same-party
48,120,DD,S,16,5,0.3125,different-party
48,121,DD,SF,34,20,0.5882352941176471,different-party
48,125,DD,V,13,6,0.46153846153846156,different-party
48,127,DD,V,19,7,0.3684210526315789,different-party
48,130,DD,V,3,1,0.3333333333333333,different-party
48,134,DD,V,0,0,,different-party
48,138,DD,S,1,0,0.0,different-party
48,139,DD,V,15,5,0.3333333333333333,different-party
48,141,DD,RV,10,5,0.5,different-party
48,145,DD,M,1,0,0.0,different-party
48,152,DD,S,35,16,0.45714285714285713,different-party
48,154,DD,S,18,11,0.6111111111111112,different-party
48,162,DD,DD,27,27,1.0,same-party
48,164,DD,V,29,14,0.4827586206896552,different-party
48,168,DD,V,23,11,0.4782608695652174,different-party
48,173,DD,V,9,4,0.4444444444444444,different-party
48,176,DD,EL,16,9,0.5625,different-party
48,180,DD,V,28,16,0.5714285714285714,different-party
48,182,DD,DD,13,13,1.0,same-party
48,191,DD,RV,7,6,0.8571428571428571,different-party
48,199,DD,SF,13,10,0.7692307692307693,different-party
48,201,DD,S,23,8,0.34782608695652173,different-party
48,206,DD,V,1,0,0.0,different-party
48,208,DD,S,20,7,0.35,different-party
48,213,DD,S,23,8,0.34782608695652173,different-party
48,214,DD,S,31,17,0.5483870967741935,different-party
48,217,DD,V,8,3,0.375,different-party
48,219,DD,SF,1,1,1.0,different-party
48,220,DD,S,14,8,0.5714285714285714,different-party
48,224,DD,S,27,16,0.5925925925925926,different-party
48,238,DD,DF,7,4,0.5714285714285714,different-party
48,244,DD,S,8,3,0.375,different-party
48,252,DD,DF,23,16,0.6956521739130435,different-party
48,257,DD,S,27,15,0.5555555555555556,different-party
48,260,DD,S,16,5,0.3125,different-party
48,262,DD,JF,1,0,0.0,different-party
48,266,DD,S,34,16,0.47058823529411764,different-party
48,273,DD,S,29,14,0.4827586206896552,different-party
48,278,DD,S,35,17,0.4857142857142857,different-party
48,286,DD,S,36,17,0.4722222222222222,different-party
48,667,DD,EL,22,10,0.45454545454545453,different-party
48,1146,DD,DD,25,25,1.0,same-party
48,1454,DD,KF,30,20,0.6666666666666666,different-party
48,1619,DD,S,32,17,0.53125,different-party
48,1845,DD,V,19,11,0.5789473684210527,different-party
48,11702,DD,KF,29,17,0.5862068965517241,different-party
48,15757,DD,IA,0,0,,different-party
48,15760,DD,S,26,13,0.5,different-party
48,15762,DD,S,38,18,0.47368421052631576,different-party
48,15763,DD,DF,35,24,0.6857142857142857,different-party
48,15770,DD,S,14,5,0.35714285714285715,different-party
48,15774,DD,DD,20,20,1.0,same-party
48,15775,DD,ALT,4,2,0.5,different-party
48,15776,DD,S,37,18,0.4864864864864865,different-party
48,15777,DD,EL,14,7,0.5,different-party
48,15779,DD,LA,22,15,0.6818181818181818,different-party
48,15787,DD,S,15,4,0.26666666666666666,different-party
48,15793,DD,KF,13,9,0.6923076923076923,different-party
48,16180,DD,S,23,8,0.34782608695652173,different-party
48,16351,DD,S,35,16,0.45714285714285713,different-party
48,16503,DD,S,13,4,0.3076923076923077,different-party
48,16582,DD,EL,38,16,0.42105263157894735,different-party
48,16728,DD,SF,12,8,0.6666666666666666,different-party
48,17141,DD,KF,18,13,0.7222222222222222,different-party
48,17628,DD,SF,4,1,0.25,different-party
48,17629,DD,DD,18,18,1.0,same-party
48,18688,DD,N,0,0,,different-party
48,18693,DD,EL,7,2,0.2857142857142857,different-party
48,18694,DD,EL,34,11,0.3235294117647059,different-party
48,18695,DD,V,29,14,0.4827586206896552,different-party
48,18696,DD,V,23,8,0.34782608695652173,different-party
48,18698,DD,V,28,14,0.5,different-party
48,18699,DD,V,35,16,0.45714285714285713,different-party
48,18700,DD,V,21,7,0.3333333333333333,different-party
48,18701,DD,V,12,4,0.3333333333333333,different-party
48,18703,DD,LA,1,1,1.0,different-party
48,18704,DD,SF,31,20,0.6451612903225806,different-party
48,18707,DD,SF,36,23,0.6388888888888888,different-party
48,18708,DD,SF,9,6,0.6666666666666666,different-party
48,18709,DD,SF,8,4,0.5,different-party
48,18713,DD,KF,25,18,0.72,different-party
48,18715,DD,S,22,13,0.5909090909090909,different-party
48,18716,DD,S,13,4,0.3076923076923077,different-party
48,18717,DD,S,30,15,0.5,different-party
48,18718,DD,S,34,15,0.4411764705882353,different-party
48,18719,DD,S,35,15,0.42857142857142855,different-party
48,18720,DD,S,28,16,0.5714285714285714,different-party
48,18721,DD,DF,35,26,0.7428571428571429,different-party
48,18722,DD,UFG,0,0,,different-party
48,18723,DD,LA,14,9,0.6428571428571429,different-party
48,18724,DD,UFG,36,28,0.7777777777777778,different-party
48,18725,DD,RV,37,22,0.5945945945945946,different-party
48,18726,DD,RV,25,16,0.64,different-party
48,18729,DD,RV,35,21,0.6,different-party
48,18882,DD,S,10,3,0.3,different-party
48,19000,DD,SF,38,23,0.6052631578947368,different-party
48,19928,DD,S,29,14,0.4827586206896552,different-party
48,20349,DD,SP,0,0,,different-party
48,20350,DD,DF,6,4,0.6666666666666666,different-party
48,20351,DD,ALT,1,1,1.0,different-party
48,20352,DD,ALT,31,16,0.5161290322580645,different-party
48,20353,DD,ALT,3,3,1.0,different-party
48,20354,DD,UFG,1,0,0.0,different-party
48,20355,DD,DD,29,29,1.0,same-party
48,20356,DD,DF,28,22,0.7857142857142857,different-party
48,20357,DD,KF,13,6,0.46153846153846156,different-party
48,20358,DD,SF,3,2,0.6666666666666666,different-party
48,20359,DD,SF,37,22,0.5945945945945946,different-party
48,20360,DD,SF,25,16,0.64,different-party
48,20361,DD,S,6,1,0.16666666666666666,different-party
48,20362,DD,S,33,16,0.48484848484848486,different-party
48,20363,DD,S,35,16,0.45714285714285713,different-party
48,20364,DD,S,38,18,0.47368421052631576,different-party
48,20365,DD,S,38,18,0.47368421052631576,different-party
48,20366,DD,S,14,4,0.2857142857142857,different-party
48,20367,DD,S,37,18,0.4864864864864865,different-party
48,20368,DD,S,14,4,0.2857142857142857,different-party
48,20369,DD,KF,25,15,0.6,different-party
48,20370,DD,ALT,28,13,0.4642857142857143,different-party
48,20371,DD,V,35,17,0.4857142857142857,different-party
48,20372,DD,DD,10,10,1.0,same-party
48,20373,DD,DD,14,14,1.0,same-party
48,20374,DD,DD,11,11,1.0,same-party
48,20375,DD,DD,10,10,1.0,same-party
48,20376,DD,DD,38,38,1.0,same-party
48,20377,DD,M,37,18,0.4864864864864865,different-party
48,20378,DD,M,37,18,0.4864864864864865,different-party
48,20379,DD,M,0,0,,different-party
48,20380,DD,M,1,0,0.0,different-party
48,20381,DD,ALT,23,15,0.6521739130434783,different-party
48,20382,DD,M,8,1,0.125,different-party
48,20383,DD,UFG,11,5,0.45454545454545453,different-party
48,20384,DD,M,14,4,0.2857142857142857,different-party
48,20385,DD,M,13,4,0.3076923076923077,different-party
48,20386,DD,M,18,12,0.6666666666666666,different-party
48,20388,DD,UFG,16,8,0.5,different-party
48,20389,DD,M,35,16,0.45714285714285713,different-party
48,20390,DD,UFG,13,10,0.7692307692307693,different-party
48,20391,DD,LA,29,22,0.7586206896551724,different-party
48,20392,DD,LA,4,2,0.5,different-party
48,20393,DD,LA,30,24,0.8,different-party
48,20394,DD,LA,25,20,0.8,different-party
48,20395,DD,LA,16,11,0.6875,different-party
48,20396,DD,LA,12,10,0.8333333333333334,different-party
48,20397,DD,LA,28,22,0.7857142857142857,different-party
48,20398,DD,LA,35,26,0.7428571428571429,different-party
48,20399,DD,LA,31,25,0.8064516129032258,different-party
48,20400,DD,LA,38,29,0.7631578947368421,different-party
48,20411,DD,EL,24,8,0.3333333333333333,different-party
48,20415,DD,M,38,18,0.47368421052631576,different-party
48,20496,DD,M,22,13,0.5909090909090909,different-party
48,20781,DD,S,37,17,0.4594594594594595,different-party
48,20798,DD,SF,35,20,0.5714285714285714,different-party
48,20820,DD,LA,35,26,0.7428571428571429,different-party
48,20917,DD,KF,0,0,,different-party
48,20925,DD,KF,38,24,0.631578947368421,different-party
48,20930,DD,S,30,17,0.5666666666666667,different-party
48,20962,DD,SF,28,16,0.5714285714285714,different-party
48,20966,DD,KF,23,14,0.6086956521739131,different-party
48,21044,DD,S,38,18,0.47368421052631576,different-party
48,21083,DD,S,1,0,0.0,different-party
48,21143,DD,S,25,12,0.48,different-party
48,21159,DD,M,27,16,0.5925925925925926,different-party
48,21168,DD,V,35,16,0.45714285714285713,different-party
48,21186,DD,S,1,0,0.0,different-party
48,21194,DD,KF,13,9,0.6923076923076923,different-party
48,21206,DD,N,0,0,,different-party
49,57,V,M,28,28,1.0,different-party
49,74,V,S,107,107,1.0,different-party
49,80,V,V,114,114,1.0,same-party
49,82,V,DD,116,47,0.4051724137931034,different-party
49,93,V,V,133,133,1.0,same-party
49,97,V,S,118,118,1.0,different-party
49,99,V,LA,103,69,0.6699029126213593,different-party
49,102,V,V,130,129,0.9923076923076923,same-party
49,109,V,EL,25,14,0.56,different-party
49,110,V,EL,31,17,0.5483870967741935,different-party
49,112,V,RV,59,48,0.8135593220338984,different-party
49,113,V,DD,94,34,0.3617021276595745,different-party
49,118,V,S,62,62,1.0,different-party
49,119,V,DD,111,43,0.38738738738738737,different-party
49,120,V,S,103,103,1.0,different-party
49,121,V,SF,102,66,0.6470588235294118,different-party
49,125,V,V,85,85,1.0,same-party
49,127,V,V,119,119,1.0,same-party
49,130,V,V,22,22,1.0,same-party
49,134,V,V,16,16,1.0,same-party
49,138,V,S,1,1,1.0,different-party
49,139,V,V,29,29,1.0,same-party
49,141,V,RV,13,10,0.7692307692307693,different-party
49,145,V,M,1,1,1.0,different-party
49,152,V,S,128,128,1.0,different-party
49,154,V,S,25,25,1.0,different-party
49,162,V,DD,42,27,0.6428571428571429,different-party
49,164,V,V,54,54,1.0,same-party
49,168,V,V,124,124,1.0,same-party
49,173,V,V,15,15,1.0,same-party
49,176,V,EL,91,42,0.46153846153846156,different-party
49,180,V,V,125,125,1.0,same-party
49,182,V,DD,77,21,0.2727272727272727,different-party
49,191,V,RV,100,85,0.85,different-party
49,199,V,SF,104,65,0.625,different-party
49,201,V,S,112,112,1.0,different-party
49,206,V,V,1,1,1.0,same-party
49,208,V,S,94,94,1.0,different-party
49,213,V,S,117,117,1.0,different-party
49,214,V,S,52,52,1.0,different-party
49,217,V,V,12,12,1.0,same-party
49,219,V,SF,20,11,0.55,different-party
49,220,V,S,14,14,1.0,different-party
49,224,V,S,106,106,1.0,different-party
49,238,V,DF,7,4,0.5714285714285714,different-party
49,244,V,S,34,34,1.0,different-party
49,252,V,DF,39,24,0.6153846153846154,different-party
49,257,V,S,119,118,0.9915966386554622,different-party
49,260,V,S,93,93,1.0,different-party
49,262,V,JF,1,1,1.0,different-party
49,266,V,S,115,115,1.0,different-party
49,273,V,S,128,128,1.0,different-party
49,278,V,S,135,135,1.0,different-party
49,286,V,S,130,130,1.0,different-party
49,667,V,EL,109,56,0.5137614678899083,different-party
49,1146,V,DD,53,36,0.6792452830188679,different-party
49,1454,V,KF,38,32,0.8421052631578947,different-party
49,1619,V,S,124,124,1.0,different-party
49,1845,V,V,99,99,1.0,same-party
49,11702,V,KF,115,108,0.9391304347826087,different-party
49,15757,V,IA,0,0,,different-party
49,15760,V,S,52,52,1.0,different-party
49,15762,V,S,112,112,1.0,different-party
49,15763,V,DF,124,48,0.3870967741935484,different-party
49,15770,V,S,36,36,1.0,different-party
49,15774,V,DD,33,17,0.5151515151515151,different-party
49,15775,V,ALT,78,40,0.5128205128205128,different-party
49,15776,V,S,60,60,1.0,different-party
49,15777,V,EL,74,34,0.4594594594594595,different-party
49,15779,V,LA,45,32,0.7111111111111111,different-party
49,15787,V,S,115,115,1.0,different-party
49,15793,V,KF,93,85,0.9139784946236559,different-party
49,16180,V,S,43,43,1.0,different-party
49,16351,V,S,133,133,1.0,different-party
49,16503,V,S,20,20,1.0,different-party
49,16582,V,EL,132,69,0.5227272727272727,different-party
49,16728,V,SF,92,54,0.5869565217391305,different-party
49,17141,V,KF,89,87,0.9775280898876404,different-party
49,17628,V,SF,13,9,0.6923076923076923,different-party
49,17629,V,DD,38,27,0.7105263157894737,different-party
49,18688,V,N,0,0,,different-party
49,18693,V,EL,41,25,0.6097560975609756,different-party
49,18694,V,EL,131,68,0.5190839694656488,different-party
49,18695,V,V,122,122,1.0,same-party
49,18696,V,V,49,49,1.0,same-party
49,18698,V,V,43,43,1.0,same-party
49,18699,V,V,129,129,1.0,same-party
49,18700,V,V,32,32,1.0,same-party
49,18701,V,V,19,19,1.0,same-party
49,18703,V,LA,1,0,0.0,different-party
49,18704,V,SF,51,37,0.7254901960784313,different-party
49,18707,V,SF,131,83,0.6335877862595419,different-party
49,18708,V,SF,88,56,0.6363636363636364,different-party
49,18709,V,SF,86,49,0.5697674418604651,different-party
49,18713,V,KF,104,95,0.9134615384615384,different-party
49,18715,V,S,42,42,1.0,different-party
49,18716,V,S,42,42,1.0,different-party
49,18717,V,S,125,125,1.0,different-party
49,18718,V,S,129,129,1.0,different-party
49,18719,V,S,106,106,1.0,different-party
49,18720,V,S,125,125,1.0,different-party
49,18721,V,DF,58,36,0.6206896551724138,different-party
49,18722,V,UFG,0,0,,different-party
49,18723,V,LA,27,20,0.7407407407407407,different-party
49,18724,V,UFG,55,24,0.43636363636363634,different-party
49,18725,V,RV,115,100,0.8695652173913043,different-party
49,18726,V,RV,56,46,0.8214285714285714,different-party
49,18729,V,RV,126,105,0.8333333333333334,different-party
49,18882,V,S,25,25,1.0,different-party
49,19000,V,SF,65,47,0.7230769230769231,different-party
49,19928,V,S,110,110,1.0,different-party
49,20349,V,SP,70,70,1.0,different-party
49,20350,V,DF,25,16,0.64,different-party
49,20351,V,ALT,1,0,0.0,different-party
49,20352,V,ALT,115,60,0.5217391304347826,different-party
49,20353,V,ALT,19,14,0.7368421052631579,different-party
49,20354,V,UFG,3,0,0.0,different-party
49,20355,V,DD,57,36,0.631578947368421,different-party
49,20356,V,DF,119,45,0.37815126050420167,different-party
49,20357,V,KF,43,37,0.8604651162790697,different-party
49,20358,V,SF,1,1,1.0,different-party
49,20359,V,SF,129,81,0.627906976744186,different-party
49,20360,V,SF,58,41,0.7068965517241379,different-party
49,20361,V,S,15,15,1.0,different-party
49,20362,V,S,124,124,1.0,different-party
49,20363,V,S,127,127,1.0,different-party
49,20364,V,S,121,121,1.0,different-party
49,20365,V,S,128,128,1.0,different-party
49,20366,V,S,27,27,1.0,different-party
49,20367,V,S,135,135,1.0,different-party
49,20368,V,S,104,104,1.0,different-party
49,20369,V,KF,118,110,0.9322033898305084,different-party
49,20370,V,ALT,51,36,0.7058823529411765,different-party
49,20371,V,V,130,130,1.0,same-party
49,20372,V,DD,31,23,0.7419354838709677,different-party
49,20373,V,DD,40,26,0.65,different-party
49,20374,V,DD,105,41,0.3904761904761905,different-party
49,20375,V,DD,88,30,0.3409090909090909,different-party
49,20376,V,DD,133,57,0.42857142857142855,different-party
49,20377,V,M,56,56,1.0,different-party
49,20378,V,M,135,135,1.0,different-party
49,20379,V,M,0,0,,different-party
49,20380,V,M,10,10,1.0,different-party
49,20381,V,ALT,118,63,0.5338983050847458,different-party
49,20382,V,M,17,17,1.0,different-party
49,20383,V,UFG,26,21,0.8076923076923077,different-party
49,20384,V,M,82,82,1.0,different-party
49,20385,V,M,39,39,1.0,different-party
49,20386,V,M,93,92,0.989247311827957,different-party
49,20388,V,UFG,24,23,0.9583333333333334,different-party
49,20389,V,M,128,128,1.0,different-party
49,20390,V,UFG,42,28,0.6666666666666666,different-party
49,20391,V,LA,121,79,0.6528925619834711,different-party
49,20392,V,LA,27,19,0.7037037037037037,different-party
49,20393,V,LA,116,74,0.6379310344827587,different-party
49,20394,V,LA,115,74,0.6434782608695652,different-party
49,20395,V,LA,110,72,0.6545454545454545,different-party
49,20396,V,LA,85,52,0.611764705882353,different-party
49,20397,V,LA,37,25,0.6756756756756757,different-party
49,20398,V,LA,122,78,0.639344262295082,different-party
49,20399,V,LA,118,76,0.6440677966101694,different-party
49,20400,V,LA,132,85,0.6439393939393939,different-party
49,20411,V,EL,44,23,0.5227272727272727,different-party
49,20415,V,M,133,133,1.0,different-party
49,20496,V,M,112,112,1.0,different-party
49,20781,V,S,128,128,1.0,different-party
49,20798,V,SF,129,86,0.6666666666666666,different-party
49,20820,V,LA,62,45,0.7258064516129032,different-party
49,20917,V,KF,3,2,0.6666666666666666,different-party
49,20925,V,KF,126,117,0.9285714285714286,different-party
49,20930,V,S,54,54,1.0,different-party
49,20962,V,SF,55,39,0.7090909090909091,different-party
49,20966,V,KF,46,34,0.7391304347826086,different-party
49,21044,V,S,136,136,1.0,different-party
49,21083,V,S,1,1,1.0,different-party
49,21143,V,S,110,110,1.0,different-party
49,21159,V,M,115,115,1.0,different-party
49,21168,V,V,120,120,1.0,same-party
49,21186,V,S,1,1,1.0,different-party
49,21194,V,KF,32,24,0.75,different-party
49,21206,V,N,0,0,,different-party
57,74,M,S,13,13,1.0,different-party
57,80,M,V,20,20,1.0,different-party
57,82,M,DD,27,20,0.7407407407407407,different-party
57,93,M,V,30,30,1.0,different-party
57,97,M,S,30,30,1.0,different-party
57,99,M,LA,13,11,0.8461538461538461,different-party
57,102,M,V,27,26,0.9629629629629629,different-party
57,109,M,EL,13,10,0.7692307692307693,different-party
57,110,M,EL,22,11,0.5,different-party
57,112,M,RV,27,21,0.7777777777777778,different-party
57,113,M,DD,13,10,0.7692307692307693,different-party
57,118,M,S,29,29,1.0,different-party
57,119,M,DD,23,14,0.6086956521739131,different-party
57,120,M,S,19,19,1.0,different-party
57,121,M,SF,19,14,0.7368421052631579,different-party
57,125,M,V,15,15,1.0,different-party
57,127,M,V,38,38,1.0,different-party
57,130,M,V,9,9,1.0,different-party
57,134,M,V,10,10,1.0,different-party
57,138,M,S,1,1,1.0,different-party
57,139,M,V,22,22,1.0,different-party
57,141,M,RV,10,7,0.7,different-party
57,145,M,M,1,1,1.0,same-party
57,152,M,S,32,32,1.0,different-party
57,154,M,S,9,9,1.0,different-party
57,162,M,DD,24,17,0.7083333333333334,different-party
57,164,M,V,30,30,1.0,different-party
57,168,M,V,27,27,1.0,different-party
57,173,M,V,17,17,1.0,different-party
57,176,M,EL,16,10,0.625,different-party
57,180,M,V,26,26,1.0,different-party
57,182,M,DD,13,6,0.46153846153846156,different-party
57,191,M,RV,20,17,0.85,different-party
57,199,M,SF,31,22,0.7096774193548387,different-party
57,201,M,S,30,30,1.0,different-party
57,206,M,V,1,1,1.0,different-party
57,208,M,S,25,25,1.0,different-party
57,213,M,S,35,35,1.0,different-party
57,214,M,S,19,19,1.0,different-party
57,217,M,V,8,8,1.0,different-party
57,219,M,SF,13,9,0.6923076923076923,different-party
57,220,M,S,7,7,1.0,different-party
57,224,M,S,22,22,1.0,different-party
57,238,M,DF,4,2,0.5,different-party
57,244,M,S,18,18,1.0,different-party
57,252,M,DF,23,11,0.4782608695652174,different-party
57,257,M,S,31,31,1.0,different-party
57,260,M,S,26,26,1.0,different-party
57,262,M,JF,1,1,1.0,different-party
57,266,M,S,25,25,1.0,different-party
57,273,M,S,30,30,1.0,different-party
57,278,M,S,39,39,1.0,different-party
57,286,M,S,38,38,1.0,different-party
57,667,M,EL,17,13,0.7647058823529411,different-party
57,1146,M,DD,20,12,0.6,different-party
57,1454,M,KF,16,10,0.625,different-party
57,1619,M,S,36,36,1.0,different-party
57,1845,M,V,19,19,1.0,different-party
57,11702,M,KF,23,19,0.8260869565217391,different-party
57,15757,M,IA,0,0,,different-party
57,15760,M,S,26,26,1.0,different-party
57,15762,M,S,27,27,1.0,different-party
57,15763,M,DF,23,12,0.5217391304347826,different-party
57,15770,M,S,21,21,1.0,different-party
57,15774,M,DD,30,18,0.6,different-party
57,15775,M,ALT,7,6,0.8571428571428571,different-party
57,15776,M,S,34,34,1.0,different-party
57,15777,M,EL,8,6,0.75,different-party
57,15779,M,LA,34,24,0.7058823529411765,different-party
57,15787,M,S,34,34,1.0,different-party
57,15793,M,KF,19,13,0.6842105263157895,different-party
57,16180,M,S,30,30,1.0,different-party
57,16351,M,S,36,36,1.0,different-party
57,16503,M,S,8,8,1.0,different-party
57,16582,M,EL,39,25,0.6410256410256411,different-party
57,16728,M,SF,22,15,0.6818181818181818,different-party
57,17141,M,KF,6,4,0.6666666666666666,different-party
57,17628,M,SF,4,4,1.0,different-party
57,17629,M,DD,13,13,1.0,different-party
57,18688,M,N,0,0,,different-party
57,18693,M,EL,25,18,0.72,different-party
57,18694,M,EL,35,23,0.6571428571428571,different-party
57,18695,M,V,24,24,1.0,different-party
57,18696,M,V,38,38,1.0,different-party
57,18698,M,V,20,20,1.0,different-party
57,18699,M,V,33,33,1.0,different-party
57,18700,M,V,27,27,1.0,different-party
57,18701,M,V,8,8,1.0,different-party
57,18703,M,LA,1,0,0.0,different-party
57,18704,M,SF,26,20,0.7692307692307693,different-party
57,18707,M,SF,28,22,0.7857142857142857,different-party
57,18708,M,SF,22,18,0.8181818181818182,different-party
57,18709,M,SF,14,10,0.7142857142857143,different-party
57,18713,M,KF,19,11,0.5789473684210527,different-party
57,18715,M,S,26,26,1.0,different-party
57,18716,M,S,29,29,1.0,different-party
57,18717,M,S,30,30,1.0,different-party
57,18718,M,S,37,37,1.0,different-party
57,18719,M,S,26,26,1.0,different-party
57,18720,M,S,31,31,1.0,different-party
57,18721,M,DF,36,18,0.5,different-party
57,18722,M,UFG,0,0,,different-party
57,18723,M,LA,24,19,0.7916666666666666,different-party
57,18724,M,UFG,38,16,0.42105263157894735,different-party
57,18725,M,RV,22,17,0.7727272727272727,different-party
57,18726,M,RV,29,25,0.8620689655172413,different-party
57,18729,M,RV,35,28,0.8,different-party
57,18882,M,S,13,13,1.0,different-party
57,19000,M,SF,39,30,0.7692307692307693,different-party
57,19928,M,S,15,15,1.0,different-party
57,20349,M,SP,0,0,,different-party
57,20350,M,DF,21,14,0.6666666666666666,different-party
57,20351,M,ALT,1,0,0.0,different-party
57,20352,M,ALT,25,14,0.56,different-party
57,20353,M,ALT,19,14,0.7368421052631579,different-party
57,20354,M,UFG,1,0,0.0,different-party
57,20355,M,DD,30,23,0.7666666666666667,different-party
57,20356,M,DF,20,10,0.5,different-party
57,20357,M,KF,26,24,0.9230769230769231,different-party
57,20358,M,SF,0,0,,different-party
57,20359,M,SF,32,23,0.71875,different-party
57,20360,M,SF,26,21,0.8076923076923077,different-party
57,20361,M,S,4,4,1.0,different-party
57,20362,M,S,37,37,1.0,different-party
57,20363,M,S,30,30,1.0,different-party
57,20364,M,S,33,33,1.0,different-party
57,20365,M,S,26,26,1.0,different-party
57,20366,M,S,14,14,1.0,different-party
57,20367,M,S,39,39,1.0,different-party
57,20368,M,S,30,30,1.0,different-party
57,20369,M,KF,20,16,0.8,different-party
57,20370,M,ALT,17,14,0.8235294117647058,different-party
57,20371,M,V,35,35,1.0,different-party
57,20372,M,DD,19,14,0.7368421052631579,different-party
57,20373,M,DD,24,17,0.7083333333333334,different-party
57,20374,M,DD,24,19,0.7916666666666666,different-party
57,20375,M,DD,17,11,0.6470588235294118,different-party
57,20376,M,DD,30,18,0.6,different-party
57,20377,M,M,36,36,1.0,same-party
57,20378,M,M,38,38,1.0,same-party
57,20379,M,M,0,0,,same-party
57,20380,M,M,1,1,1.0,same-party
57,20381,M,ALT,36,24,0.6666666666666666,different-party
57,20382,M,M,5,5,1.0,same-party
57,20383,M,UFG,18,14,0.7777777777777778,different-party
57,20384,M,M,14,14,1.0,same-party
57,20385,M,M,26,26,1.0,same-party
57,20386,M,M,9,9,1.0,same-party
57,20388,M,UFG,25,24,0.96,different-party
57,20389,M,M,36,36,1.0,same-party
57,20390,M,UFG,29,20,0.6896551724137931,different-party
57,20391,M,LA,24,18,0.75,different-party
57,20392,M,LA,14,11,0.7857142857142857,different-party
57,20393,M,LA,22,15,0.6818181818181818,different-party
57,20394,M,LA,23,19,0.8260869565217391,different-party
57,20395,M,LA,23,15,0.6521739130434783,different-party
57,20396,M,LA,15,8,0.5333333333333333,different-party
57,20397,M,LA,27,19,0.7037037037037037,different-party
57,20398,M,LA,27,19,0.7037037037037037,different-party
57,20399,M,LA,25,17,0.68,different-party
57,20400,M,LA,39,28,0.717948717948718,different-party
57,20411,M,EL,22,13,0.5909090909090909,different-party
57,20415,M,M,36,36,1.0,same-party
57,20496,M,M,11,11,1.0,same-party
57,20781,M,S,31,31,1.0,different-party
57,20798,M,SF,36,28,0.7777777777777778,different-party
57,20820,M,LA,33,24,0.7272727272727273,different-party
57,20917,M,KF,3,2,0.6666666666666666,different-party
57,20925,M,KF,39,29,0.7435897435897436,different-party
57,20930,M,S,34,34,1.0,different-party
57,20962,M,SF,17,16,0.9411764705882353,different-party
57,20966,M,KF,39,29,0.7435897435897436,different-party
57,21044,M,S,39,39,1.0,different-party
57,21083,M,S,1,1,1.0,different-party
57,21143,M,S,12,12,1.0,different-party
57,21159,M,M,31,31,1.0,same-party
57,21168,M,V,23,23,1.0,different-party
57,21186,M,S,1,1,1.0,different-party
57,21194,M,KF,23,17,0.7391304347826086,different-party
57,21206,M,N,0,0,,different-party
74,80,S,V,117,117,1.0,different-party
74,82,S,DD,127,62,0.4881889763779528,different-party
74,93,S,V,124,124,1.0,different-party
74,97,S,S,127,127,1.0,same-party
74,99,S,LA,117,79,0.6752136752136753,different-party
74,102,S,V,127,127,1.0,different-party
74,109,S,EL,16,8,0.5,different-party
74,110,S,EL,24,12,0.5,different-party
74,112,S,RV,51,45,0.8823529411764706,different-party
74,113,S,DD,100,43,0.43,different-party
74,118,S,S,55,55,1.0,same-party
74,119,S,DD,112,48,0.42857142857142855,different-party
74,120,S,S,93,93,1.0,same-party
74,121,S,SF,82,51,0.6219512195121951,different-party
74,125,S,V,78,78,1.0,different-party
74,127,S,V,120,119,0.9916666666666667,different-party
74,130,S,V,34,34,1.0,different-party
74,134,S,V,30,30,1.0,different-party
74,138,S,S,0,0,,same-party
74,139,S,V,38,38,1.0,different-party
74,141,S,RV,6,6,1.0,different-party
74,145,S,M,0,0,,different-party
74,152,S,S,115,115,1.0,same-party
74,154,S,S,15,15,1.0,same-party
74,162,S,DD,34,25,0.7352941176470589,different-party
74,164,S,V,62,62,1.0,different-party
74,168,S,V,136,136,1.0,different-party
74,173,S,V,8,8,1.0,different-party
74,176,S,EL,82,37,0.45121951219512196,different-party
74,180,S,V,127,127,1.0,different-party
74,182,S,DD,65,15,0.23076923076923078,different-party
74,191,S,RV,121,107,0.8842975206611571,different-party
74,199,S,SF,94,57,0.6063829787234043,different-party
74,201,S,S,120,120,1.0,same-party
74,206,S,V,0,0,,different-party
74,208,S,S,82,82,1.0,same-party
74,213,S,S,118,118,1.0,same-party
74,214,S,S,41,41,1.0,same-party
74,217,S,V,10,10,1.0,different-party
74,219,S,SF,24,13,0.5416666666666666,different-party
74,220,S,S,9,9,1.0,same-party
74,224,S,S,112,112,1.0,same-party
74,238,S,DF,0,0,,different-party
74,244,S,S,40,40,1.0,same-party
74,252,S,DF,54,30,0.5555555555555556,different-party
74,257,S,S,125,124,0.992,same-party
74,260,S,S,101,101,1.0,same-party
74,262,S,JF,0,0,,different-party
74,266,S,S,105,105,1.0,same-party
74,273,S,S,136,136,1.0,same-party
74,278,S,S,133,133,1.0,same-party
74,286,S,S,129,129,1.0,same-party
74,667,S,EL,111,56,0.5045045045045045,different-party
74,1146,S,DD,61,43,0.7049180327868853,different-party
74,1454,S,KF,41,40,0.975609756097561,different-party
74,1619,S,S,125,125,1.0,same-party
74,1845,S,V,97,97,1.0,different-party
74,11702,S,KF,105,102,0.9714285714285714,different-party
74,15757,S,IA,0,0,,different-party
74,15760,S,S,44,44,1.0,same-party
74,15762,S,S,104,104,1.0,same-party
74,15763,S,DF,107,37,0.34579439252336447,different-party
74,15770,S,S,48,48,1.0,same-party
74,15774,S,DD,21,14,0.6666666666666666,different-party
74,15775,S,ALT,73,34,0.4657534246575342,different-party
74,15776,S,S,44,44,1.0,same-party
74,15777,S,EL,62,26,0.41935483870967744,different-party
74,15779,S,LA,29,21,0.7241379310344828,different-party
74,15787,S,S,121,121,1.0,same-party
74,15793,S,KF,94,90,0.9574468085106383,different-party
74,16180,S,S,48,48,1.0,same-party
74,16351,S,S,136,136,1.0,same-party
74,16503,S,S,11,11,1.0,same-party
74,16582,S,EL,130,67,0.5153846153846153,different-party
74,16728,S,SF,112,72,0.6428571428571429,different-party
74,17141,S,KF,86,85,0.9883720930232558,different-party
74,17628,S,SF,9,5,0.5555555555555556,different-party
74,17629,S,DD,63,46,0.7301587301587301,different-party
74,18688,S,N,0,0,,different-party
74,18693,S,EL,55,31,0.5636363636363636,different-party
74,18694,S,EL,135,68,0.5037037037037037,different-party
74,18695,S,V,136,136,1.0,different-party
74,18696,S,V,43,43,1.0,different-party
74,18698,S,V,53,53,1.0,different-party
74,18699,S,V,135,135,1.0,different-party
74,18700,S,V,35,35,1.0,different-party
74,18701,S,V,16,16,1.0,different-party
74,18703,S,LA,0,0,,different-party
74,18704,S,SF,52,41,0.7884615384615384,different-party
74,18707,S,SF,127,84,0.6614173228346457,different-party
74,18708,S,SF,86,56,0.6511627906976745,different-party
74,18709,S,SF,91,53,0.5824175824175825,different-party
74,18713,S,KF,91,88,0.967032967032967,different-party
74,18715,S,S,55,55,1.0,same-party
74,18716,S,S,49,49,1.0,same-party
74,18717,S,S,114,114,1.0,same-party
74,18718,S,S,132,132,1.0,same-party
74,18719,S,S,79,79,1.0,same-party
74,18720,S,S,135,135,1.0,same-party
74,18721,S,DF,60,38,0.6333333333333333,different-party
74,18722,S,UFG,0,0,,different-party
74,18723,S,LA,36,33,0.9166666666666666,different-party
74,18724,S,UFG,57,26,0.45614035087719296,different-party
74,18725,S,RV,97,88,0.9072164948453608,different-party
74,18726,S,RV,63,57,0.9047619047619048,different-party
74,18729,S,RV,110,96,0.8727272727272727,different-party
74,18882,S,S,9,9,1.0,same-party
74,19000,S,SF,60,44,0.7333333333333333,different-party
74,19928,S,S,118,118,1.0,same-party
74,20349,S,SP,72,72,1.0,different-party
74,20350,S,DF,19,11,0.5789473684210527,different-party
74,20351,S,ALT,0,0,,different-party
74,20352,S,ALT,106,55,0.5188679245283019,different-party
74,20353,S,ALT,40,30,0.75,different-party
74,20354,S,UFG,5,0,0.0,different-party
74,20355,S,DD,60,45,0.75,different-party
74,20356,S,DF,125,50,0.4,different-party
74,20357,S,KF,55,49,0.8909090909090909,different-party
74,20358,S,SF,0,0,,different-party
74,20359,S,SF,136,90,0.6617647058823529,different-party
74,20360,S,SF,70,52,0.7428571428571429,different-party
74,20361,S,S,9,9,1.0,same-party
74,20362,S,S,126,126,1.0,same-party
74,20363,S,S,136,136,1.0,same-party
74,20364,S,S,127,127,1.0,same-party
74,20365,S,S,107,107,1.0,same-party
74,20366,S,S,10,10,1.0,same-party
74,20367,S,S,135,135,1.0,same-party
74,20368,S,S,112,112,1.0,same-party
74,20369,S,KF,121,116,0.9586776859504132,different-party
74,20370,S,ALT,54,41,0.7592592592592593,different-party
74,20371,S,V,116,116,1.0,different-party
74,20372,S,DD,34,28,0.8235294117647058,different-party
74,20373,S,DD,35,28,0.8,different-party
74,20374,S,DD,119,56,0.47058823529411764,different-party
74,20375,S,DD,96,36,0.375,different-party
74,20376,S,DD,127,58,0.4566929133858268,different-party
74,20377,S,M,53,53,1.0,different-party
74,20378,S,M,135,135,1.0,different-party
74,20379,S,M,0,0,,different-party
74,20380,S,M,9,9,1.0,different-party
74,20381,S,ALT,120,68,0.5666666666666667,different-party
74,20382,S,M,10,10,1.0,different-party
74,20383,S,UFG,26,25,0.9615384615384616,different-party
74,20384,S,M,69,69,1.0,different-party
74,20385,S,M,49,49,1.0,different-party
74,20386,S,M,106,105,0.9905660377358491,different-party
74,20388,S,UFG,34,32,0.9411764705882353,different-party
74,20389,S,M,126,126,1.0,different-party
74,20390,S,UFG,54,41,0.7592592592592593,different-party
74,20391,S,LA,116,76,0.6551724137931034,different-party
74,20392,S,LA,29,24,0.8275862068965517,different-party
74,20393,S,LA,116,78,0.6724137931034483,different-party
74,20394,S,LA,125,88,0.704,different-party
74,20395,S,LA,111,76,0.6846846846846847,different-party
74,20396,S,LA,77,45,0.5844155844155844,different-party
74,20397,S,LA,24,18,0.75,different-party
74,20398,S,LA,133,92,0.6917293233082706,different-party
74,20399,S,LA,116,76,0.6551724137931034,different-party
74,20400,S,LA,130,88,0.676923076923077,different-party
74,20411,S,EL,60,33,0.55,different-party
74,20415,S,M,135,135,1.0,different-party
74,20496,S,M,126,126,1.0,different-party
74,20781,S,S,135,135,1.0,same-party
74,20798,S,SF,130,88,0.676923076923077,different-party
74,20820,S,LA,67,54,0.8059701492537313,different-party
74,20917,S,KF,1,0,0.0,different-party
74,20925,S,KF,126,123,0.9761904761904762,different-party
74,20930,S,S,57,57,1.0,same-party
74,20962,S,SF,61,46,0.7540983606557377,different-party
74,20966,S,KF,39,34,0.8717948717948718,different-party
74,21044,S,S,136,136,1.0,same-party
74,21083,S,S,1,1,1.0,same-party
74,21143,S,S,115,115,1.0,same-party
74,21159,S,M,123,123,1.0,different-party
74,21168,S,V,97,97,1.0,different-party
74,21186,S,S,1,1,1.0,same-party
74,21194,S,KF,49,43,0.8775510204081632,different-party
74,21206,S,N,0,0,,different-party
80,82,V,DD,114,48,0.42105263157894735,different-party
80,93,V,V,132,132,1.0,same-party
80,97,V,S,123,123,1.0,different-party
80,99,V,LA,110,75,0.6818181818181818,different-party
80,102,V,V,132,132,1.0,same-party
80,109,V,EL,9,3,0.3333333333333333,different-party
80,110,V,EL,30,16,0.5333333333333333,different-party
80,112,V,RV,66,55,0.8333333333333334,different-party
80,113,V,DD,81,27,0.3333333333333333,different-party
80,118,V,S,62,62,1.0,different-party
80,119,V,DD,119,51,0.42857142857142855,different-party
80,120,V,S,92,92,1.0,different-party
80,121,V,SF,97,61,0.6288659793814433,different-party
80,125,V,V,83,83,1.0,same-party
80,127,V,V,116,115,0.9913793103448276,same-party
80,130,V,V,17,17,1.0,same-party
80,134,V,V,20,20,1.0,same-party
80,138,V,S,0,0,,different-party
80,139,V,V,42,42,1.0,same-party
80,141,V,RV,16,13,0.8125,different-party
80,145,V,M,1,1,1.0,different-party
80,152,V,S,111,111,1.0,different-party
80,154,V,S,20,20,1.0,different-party
80,162,V,DD,36,21,0.5833333333333334,different-party
80,164,V,V,52,52,1.0,same-party
80,168,V,V,121,121,1.0,same-party
80,173,V,V,11,11,1.0,same-party
80,176,V,EL,90,41,0.45555555555555555,different-party
80,180,V,V,133,133,1.0,same-party
80,182,V,DD,78,21,0.2692307692307692,different-party
80,191,V,RV,111,94,0.8468468468468469,different-party
80,199,V,SF,91,53,0.5824175824175825,different-party
80,201,V,S,116,116,1.0,different-party
80,206,V,V,0,0,,same-party
80,208,V,S,83,83,1.0,different-party
80,213,V,S,116,116,1.0,different-party
80,214,V,S,46,46,1.0,different-party
80,217,V,V,8,8,1.0,same-party
80,219,V,SF,19,10,0.5263157894736842,different-party
80,220,V,S,14,14,1.0,different-party
80,224,V,S,114,114,1.0,different-party
80,238,V,DF,0,0,,different-party
80,244,V,S,39,39,1.0,different-party
80,252,V,DF,41,23,0.5609756097560976,different-party
80,257,V,S,130,129,0.9923076923076923,different-party
80,260,V,S,101,101,1.0,different-party
80,262,V,JF,1,1,1.0,different-party
80,266,V,S,110,110,1.0,different-party
80,273,V,S,126,126,1.0,different-party
80,278,V,S,130,130,1.0,different-party
80,286,V,S,127,127,1.0,different-party
80,667,V,EL,120,61,0.5083333333333333,different-party
80,1146,V,DD,61,40,0.6557377049180327,different-party
80,1454,V,KF,50,44,0.88,different-party
80,1619,V,S,129,129,1.0,different-party
80,1845,V,V,94,94,1.0,same-party
80,11702,V,KF,102,97,0.9509803921568627,different-party
80,15757,V,IA,0,0,,different-party
80,15760,V,S,32,32,1.0,different-party
80,15762,V,S,119,119,1.0,different-party
80,15763,V,DF,110,36,0.32727272727272727,different-party
80,15770,V,S,45,45,1.0,different-party
80,15774,V,DD,37,23,0.6216216216216216,different-party
80,15775,V,ALT,76,34,0.4473684210526316,different-party
80,15776,V,S,42,42,1.0,different-party
80,15777,V,EL,68,30,0.4411764705882353,different-party
80,15779,V,LA,27,16,0.5925925925925926,different-party
80,15787,V,S,113,113,1.0,different-party
80,15793,V,KF,87,78,0.896551724137931,different-party
80,16180,V,S,46,46,1.0,different-party
80,16351,V,S,132,132,1.0,different-party
80,16503,V,S,15,15,1.0,different-party
80,16582,V,EL,129,66,0.5116279069767442,different-party
80,16728,V,SF,104,64,0.6153846153846154,different-party
80,17141,V,KF,92,89,0.967391304347826,different-party
80,17628,V,SF,9,5,0.5555555555555556,different-party
80,17629,V,DD,46,31,0.6739130434782609,different-party
80,18688,V,N,0,0,,different-party
80,18693,V,EL,38,22,0.5789473684210527,different-party
80,18694,V,EL,130,65,0.5,different-party
80,18695,V,V,126,126,1.0,same-party
80,18696,V,V,51,51,1.0,same-party
80,18698,V,V,49,49,1.0,same-party
80,18699,V,V,128,128,1.0,same-party
80,18700,V,V,36,36,1.0,same-party
80,18701,V,V,12,12,1.0,same-party
80,18703,V,LA,1,0,0.0,different-party
80,18704,V,SF,60,44,0.7333333333333333,different-party
80,18707,V,SF,135,87,0.6444444444444445,different-party
80,18708,V,SF,98,64,0.6530612244897959,different-party
80,18709,V,SF,73,39,0.5342465753424658,different-party
80,18713,V,KF,94,85,0.9042553191489362,different-party
80,18715,V,S,45,45,1.0,different-party
80,18716,V,S,38,38,1.0,different-party
80,18717,V,S,108,108,1.0,different-party
80,18718,V,S,129,129,1.0,different-party
80,18719,V,S,97,97,1.0,different-party
80,18720,V,S,130,130,1.0,different-party
80,18721,V,DF,57,31,0.543859649122807,different-party
80,18722,V,UFG,0,0,,different-party
80,18723,V,LA,36,30,0.8333333333333334,different-party
80,18724,V,UFG,55,23,0.41818181818181815,different-party
80,18725,V,RV,101,89,0.8811881188118812,different-party
80,18726,V,RV,50,43,0.86,different-party
80,18729,V,RV,107,89,0.8317757009345794,different-party
80,18882,V,S,12,12,1.0,different-party
80,19000,V,SF,69,49,0.7101449275362319,different-party
80,19928,V,S,117,117,1.0,different-party
80,20349,V,SP,72,72,1.0,different-party
80,20350,V,DF,18,9,0.5,different-party
80,20351,V,ALT,1,0,0.0,different-party
80,20352,V,ALT,109,55,0.5045871559633027,different-party
80,20353,V,ALT,27,20,0.7407407407407407,different-party
80,20354,V,UFG,5,0,0.0,different-party
80,20355,V,DD,60,42,0.7,different-party
80,20356,V,DF,127,48,0.3779527559055118,different-party
80,20357,V,KF,41,35,0.8536585365853658,different-party
80,20358,V,SF,2,1,0.5,different-party
80,20359,V,SF,134,86,0.6417910447761194,different-party
80,20360,V,SF,60,44,0.7333333333333333,different-party
80,20361,V,S,9,9,1.0,different-party
80,20362,V,S,121,121,1.0,different-party
80,20363,V,S,132,132,1.0,different-party
80,20364,V,S,126,126,1.0,different-party
80,20365,V,S,115,115,1.0,different-party
80,20366,V,S,16,16,1.0,different-party
80,20367,V,S,134,134,1.0,different-party
80,20368,V,S,102,102,1.0,different-party
80,20369,V,KF,117,111,0.9487179487179487,different-party
80,20370,V,ALT,49,34,0.6938775510204082,different-party
80,20371,V,V,113,113,1.0,same-party
80,20372,V,DD,27,18,0.6666666666666666,different-party
80,20373,V,DD,23,16,0.6956521739130435,different-party
80,20374,V,DD,107,45,0.4205607476635514,different-party
80,20375,V,DD,99,36,0.36363636363636365,different-party
80,20376,V,DD,135,61,0.45185185185185184,different-party
80,20377,V,M,51,51,1.0,different-party
80,20378,V,M,133,133,1.0,different-party
80,20379,V,M,0,0,,different-party
80,20380,V,M,9,9,1.0,different-party
80,20381,V,ALT,116,60,0.5172413793103449,different-party
80,20382,V,M,11,11,1.0,different-party
80,20383,V,UFG,30,27,0.9,different-party
80,20384,V,M,82,82,1.0,different-party
80,20385,V,M,35,35,1.0,different-party
80,20386,V,M,89,88,0.9887640449438202,different-party
80,20388,V,UFG,41,38,0.926829268292683,different-party
80,20389,V,M,132,132,1.0,different-party
80,20390,V,UFG,47,33,0.7021276595744681,different-party
80,20391,V,LA,104,65,0.625,different-party
80,20392,V,LA,33,26,0.7878787878787878,different-party
80,20393,V,LA,130,86,0.6615384615384615,different-party
80,20394,V,LA,122,83,0.680327868852459,different-party
80,20395,V,LA,110,74,0.6727272727272727,different-party
80,20396,V,LA,82,47,0.573170731707317,different-party
80,20397,V,LA,31,18,0.5806451612903226,different-party
80,20398,V,LA,126,83,0.6587301587301587,different-party
80,20399,V,LA,115,71,0.6173913043478261,different-party
80,20400,V,LA,129,83,0.6434108527131783,different-party
80,20411,V,EL,60,34,0.5666666666666667,different-party
80,20415,V,M,131,131,1.0,different-party
80,20496,V,M,125,125,1.0,different-party
80,20781,V,S,132,132,1.0,different-party
80,20798,V,SF,126,83,0.6587301587301587,different-party
80,20820,V,LA,60,45,0.75,different-party
80,20917,V,KF,4,2,0.5,different-party
80,20925,V,KF,125,115,0.92,different-party
80,20930,V,S,65,65,1.0,different-party
80,20962,V,SF,56,41,0.7321428571428571,different-party
80,20966,V,KF,48,35,0.7291666666666666,different-party
80,21044,V,S,135,135,1.0,different-party
80,21083,V,S,2,2,1.0,different-party
80,21143,V,S,100,100,1.0,different-party
80,21159,V,M,122,122,1.0,different-party
80,21168,V,V,112,112,1.0,same-party
80,21186,V,S,2,2,1.0,different-party
80,21194,V,KF,42,31,0.7380952380952381,different-party
80,21206,V,N,0,0,,different-party
82,93,DD,V,135,58,0.42962962962962964,different-party
82,97,DD,S,138,64,0.463768115942029,different-party
82,99,DD,LA,126,87,0.6904761904761905,different-party
82,102,DD,V,138,61,0.4420289855072464,different-party
82,109,DD,EL,32,16,0.5,different-party
82,110,DD,EL,28,11,0.39285714285714285,different-party
82,112,DD,RV,59,43,0.7288135593220338,different-party
82,113,DD,DD,98,97,0.9897959183673469,same-party
82,118,DD,S,66,40,0.6060606060606061,different-party
82,119,DD,DD,116,115,0.9913793103448276,same-party
82,120,DD,S,102,37,0.3627450980392157,different-party
82,121,DD,SF,92,28,0.30434782608695654,different-party
82,125,DD,V,82,26,0.3170731707317073,different-party
82,127,DD,V,127,60,0.47244094488188976,different-party
82,130,DD,V,28,24,0.8571428571428571,different-party
82,134,DD,V,36,26,0.7222222222222222,different-party
82,138,DD,S,1,0,0.0,different-party
82,139,DD,V,35,23,0.6571428571428571,different-party
82,141,DD,RV,7,7,1.0,different-party
82,145,DD,M,1,0,0.0,different-party
82,152,DD,S,123,54,0.43902439024390244,different-party
82,154,DD,S,24,15,0.625,different-party
82,162,DD,DD,34,34,1.0,same-party
82,164,DD,V,81,55,0.6790123456790124,different-party
82,168,DD,V,141,67,0.475177304964539,different-party
82,173,DD,V,17,12,0.7058823529411765,different-party
82,176,DD,EL,89,22,0.24719101123595505,different-party
82,180,DD,V,128,59,0.4609375,different-party
82,182,DD,DD,69,69,1.0,same-party
82,191,DD,RV,119,56,0.47058823529411764,different-party
82,199,DD,SF,95,33,0.3473684210526316,different-party
82,201,DD,S,125,56,0.448,different-party
82,206,DD,V,1,0,0.0,different-party
82,208,DD,S,93,31,0.3333333333333333,different-party
82,213,DD,S,129,58,0.4496124031007752,different-party
82,214,DD,S,45,31,0.6888888888888889,different-party
82,217,DD,V,10,8,0.8,different-party
82,219,DD,SF,16,9,0.5625,different-party
82,220,DD,S,9,5,0.5555555555555556,different-party
82,224,DD,S,121,58,0.4793388429752066,different-party
82,238,DD,DF,7,4,0.5714285714285714,different-party
82,244,DD,S,45,29,0.6444444444444445,different-party
82,252,DD,DF,62,43,0.6935483870967742,different-party
82,257,DD,S,125,59,0.472,different-party
82,260,DD,S,108,45,0.4166666666666667,different-party
82,262,DD,JF,1,0,0.0,different-party
82,266,DD,S,106,42,0.39622641509433965,different-party
82,273,DD,S,147,70,0.47619047619047616,different-party
82,278,DD,S,141,69,0.48936170212765956,different-party
82,286,DD,S,139,64,0.460431654676259,different-party
82,667,DD,EL,115,42,0.3652173913043478,different-party
82,1146,DD,DD,59,58,0.9830508474576272,same-party
82,1454,DD,KF,47,34,0.723404255319149,different-party
82,1619,DD,S,130,61,0.46923076923076923,different-party
82,1845,DD,V,107,45,0.4205607476635514,different-party
82,11702,DD,KF,116,52,0.4482758620689655,different-party
82,15757,DD,IA,0,0,,different-party
82,15760,DD,S,52,34,0.6538461538461539,different-party
82,15762,DD,S,124,49,0.3951612903225806,different-party
82,15763,DD,DF,115,84,0.7304347826086957,different-party
82,15770,DD,S,50,34,0.68,different-party
82,15774,DD,DD,38,38,1.0,same-party
82,15775,DD,ALT,83,26,0.3132530120481928,different-party
82,15776,DD,S,54,35,0.6481481481481481,different-party
82,15777,DD,EL,76,18,0.23684210526315788,different-party
82,15779,DD,LA,39,31,0.7948717948717948,different-party
82,15787,DD,S,125,57,0.456,different-party
82,15793,DD,KF,89,35,0.39325842696629215,different-party
82,16180,DD,S,53,34,0.6415094339622641,different-party
82,16351,DD,S,144,68,0.4722222222222222,different-party
82,16503,DD,S,15,5,0.3333333333333333,different-party
82,16582,DD,EL,141,53,0.375886524822695,different-party
82,16728,DD,SF,115,45,0.391304347826087,different-party
82,17141,DD,KF,89,34,0.38202247191011235,different-party
82,17628,DD,SF,4,1,0.25,different-party
82,17629,DD,DD,57,56,0.9824561403508771,same-party
82,18688,DD,N,0,0,,different-party
82,18693,DD,EL,59,33,0.559322033898305,different-party
82,18694,DD,EL,142,49,0.34507042253521125,different-party
82,18695,DD,V,141,66,0.46808510638297873,different-party
82,18696,DD,V,54,36,0.6666666666666666,different-party
82,18698,DD,V,57,37,0.6491228070175439,different-party
82,18699,DD,V,143,67,0.46853146853146854,different-party
82,18700,DD,V,48,31,0.6458333333333334,different-party
82,18701,DD,V,28,18,0.6428571428571429,different-party
82,18703,DD,LA,1,1,1.0,different-party
82,18704,DD,SF,65,42,0.6461538461538462,different-party
82,18707,DD,SF,136,58,0.4264705882352941,different-party
82,18708,DD,SF,92,32,0.34782608695652173,different-party
82,18709,DD,SF,99,31,0.31313131313131315,different-party
82,18713,DD,KF,98,41,0.41836734693877553,different-party
82,18715,DD,S,68,48,0.7058823529411765,different-party
82,18716,DD,S,59,39,0.6610169491525424,different-party
82,18717,DD,S,117,52,0.4444444444444444,different-party
82,18718,DD,S,142,67,0.47183098591549294,different-party
82,18719,DD,S,99,35,0.35353535353535354,different-party
82,18720,DD,S,136,67,0.49264705882352944,different-party
82,18721,DD,DF,77,57,0.7402597402597403,different-party
82,18722,DD,UFG,0,0,,different-party
82,18723,DD,LA,50,39,0.78,different-party
82,18724,DD,UFG,75,52,0.6933333333333334,different-party
82,18725,DD,RV,116,47,0.4051724137931034,different-party
82,18726,DD,RV,70,52,0.7428571428571429,different-party
82,18729,DD,RV,118,50,0.423728813559322,different-party
82,18882,DD,S,16,7,0.4375,different-party
82,19000,DD,SF,71,45,0.6338028169014085,different-party
82,19928,DD,S,132,57,0.4318181818181818,different-party
82,20349,DD,SP,72,21,0.2916666666666667,different-party
82,20350,DD,DF,22,14,0.6363636363636364,different-party
82,20351,DD,ALT,1,1,1.0,different-party
82,20352,DD,ALT,104,34,0.3269230769230769,different-party
82,20353,DD,ALT,43,29,0.6744186046511628,different-party
82,20354,DD,UFG,4,2,0.5,different-party
82,20355,DD,DD,71,71,1.0,same-party
82,20356,DD,DF,126,96,0.7619047619047619,different-party
82,20357,DD,KF,65,51,0.7846153846153846,different-party
82,20358,DD,SF,3,2,0.6666666666666666,different-party
82,20359,DD,SF,140,59,0.42142857142857143,different-party
82,20360,DD,SF,77,50,0.6493506493506493,different-party
82,20361,DD,S,6,1,0.16666666666666666,different-party
82,20362,DD,S,143,69,0.4825174825174825,different-party
82,20363,DD,S,138,64,0.463768115942029,different-party
82,20364,DD,S,141,66,0.46808510638297873,different-party
82,20365,DD,S,118,47,0.3983050847457627,different-party
82,20366,DD,S,21,8,0.38095238095238093,different-party
82,20367,DD,S,145,70,0.4827586206896552,different-party
82,20368,DD,S,132,60,0.45454545454545453,different-party
82,20369,DD,KF,128,64,0.5,different-party
82,20370,DD,ALT,64,37,0.578125,different-party
82,20371,DD,V,124,55,0.4435483870967742,different-party
82,20372,DD,DD,28,27,0.9642857142857143,same-party
82,20373,DD,DD,46,45,0.9782608695652174,same-party
82,20374,DD,DD,122,121,0.9918032786885246,same-party
82,20375,DD,DD,97,96,0.9896907216494846,same-party
82,20376,DD,DD,138,137,0.9927536231884058,same-party
82,20377,DD,M,72,47,0.6527777777777778,different-party
82,20378,DD,M,145,70,0.4827586206896552,different-party
82,20379,DD,M,0,0,,different-party
82,20380,DD,M,1,0,0.0,different-party
82,20381,DD,ALT,131,55,0.4198473282442748,different-party
82,20382,DD,M,9,1,0.1111111111111111,different-party
82,20383,DD,UFG,43,31,0.7209302325581395,different-party
82,20384,DD,M,74,17,0.22972972972972974,different-party
82,20385,DD,M,59,39,0.6610169491525424,different-party
82,20386,DD,M,109,50,0.45871559633027525,different-party
82,20388,DD,UFG,41,32,0.7804878048780488,different-party
82,20389,DD,M,134,60,0.44776119402985076,different-party
82,20390,DD,UFG,55,42,0.7636363636363637,different-party
82,20391,DD,LA,127,89,0.7007874015748031,different-party
82,20392,DD,LA,30,21,0.7,different-party
82,20393,DD,LA,119,80,0.6722689075630253,different-party
82,20394,DD,LA,126,87,0.6904761904761905,different-party
82,20395,DD,LA,115,75,0.6521739130434783,different-party
82,20396,DD,LA,80,50,0.625,different-party
82,20397,DD,LA,34,29,0.8529411764705882,different-party
82,20398,DD,LA,137,94,0.6861313868613139,different-party
82,20399,DD,LA,114,80,0.7017543859649122,different-party
82,20400,DD,LA,141,97,0.6879432624113475,different-party
82,20411,DD,EL,51,24,0.47058823529411764,different-party
82,20415,DD,M,146,70,0.4794520547945205,different-party
82,20496,DD,M,124,56,0.45161290322580644,different-party
82,20781,DD,S,139,65,0.4676258992805755,different-party
82,20798,DD,SF,138,59,0.427536231884058,different-party
82,20820,DD,LA,77,61,0.7922077922077922,different-party
82,20917,DD,KF,1,1,1.0,different-party
82,20925,DD,KF,146,77,0.5273972602739726,different-party
82,20930,DD,S,69,47,0.6811594202898551,different-party
82,20962,DD,SF,71,44,0.6197183098591549,different-party
82,20966,DD,KF,50,37,0.74,different-party
82,21044,DD,S,147,70,0.47619047619047616,different-party
82,21083,DD,S,2,0,0.0,different-party
82,21143,DD,S,116,49,0.4224137931034483,different-party
82,21159,DD,M,132,64,0.48484848484848486,different-party
82,21168,DD,V,105,37,0.3523809523809524,different-party
82,21186,DD,S,2,0,0.0,different-party
82,21194,DD,KF,44,36,0.8181818181818182,different-party
82,21206,DD,N,0,0,,different-party
93,97,V,S,138,138,1.0,different-party
93,99,V,LA,123,83,0.6747967479674797,different-party
93,102,V,V,153,152,0.9934640522875817,same-party
93,109,V,EL,30,18,0.6,different-party
93,110,V,EL,31,17,0.5483870967741935,different-party
93,112,V,RV,77,63,0.8181818181818182,different-party
93,113,V,DD,96,33,0.34375,different-party
93,118,V,S,85,85,1.0,different-party
93,119,V,DD,134,56,0.417910447761194,different-party
93,120,V,S,113,113,1.0,different-party
93,121,V,SF,104,66,0.6346153846153846,different-party
93,125,V,V,94,94,1.0,same-party
93,127,V,V,136,135,0.9926470588235294,same-party
93,130,V,V,26,26,1.0,same-party
93,134,V,V,35,35,1.0,same-party
93,138,V,S,1,1,1.0,different-party
93,139,V,V,44,44,1.0,same-party
93,141,V,RV,14,11,0.7857142857142857,different-party
93,145,V,M,1,1,1.0,different-party
93,152,V,S,133,133,1.0,different-party
93,154,V,S,27,27,1.0,different-party
93,162,V,DD,43,25,0.5813953488372093,different-party
93,164,V,V,73,73,1.0,same-party
93,168,V,V,141,141,1.0,same-party
93,173,V,V,16,16,1.0,same-party
93,176,V,EL,99,48,0.48484848484848486,different-party
93,180,V,V,146,146,1.0,same-party
93,182,V,DD,78,21,0.2692307692307692,different-party
93,191,V,RV,119,101,0.8487394957983193,different-party
93,199,V,SF,107,67,0.6261682242990654,different-party
93,201,V,S,131,131,1.0,different-party
93,206,V,V,1,1,1.0,same-party
93,208,V,S,100,100,1.0,different-party
93,213,V,S,136,136,1.0,different-party
93,214,V,S,61,61,1.0,different-party
93,217,V,V,18,18,1.0,same-party
93,219,V,SF,17,8,0.47058823529411764,different-party
93,220,V,S,14,14,1.0,different-party
93,224,V,S,127,127,1.0,different-party
93,238,V,DF,7,4,0.5714285714285714,different-party
93,244,V,S,56,56,1.0,different-party
93,252,V,DF,55,30,0.5454545454545454,different-party
93,257,V,S,134,133,0.9925373134328358,different-party
93,260,V,S,105,105,1.0,different-party
93,262,V,JF,1,1,1.0,different-party
93,266,V,S,116,116,1.0,different-party
93,273,V,S,147,147,1.0,different-party
93,278,V,S,150,150,1.0,different-party
93,286,V,S,149,149,1.0,different-party
93,667,V,EL,126,66,0.5238095238095238,different-party
93,1146,V,DD,74,48,0.6486486486486487,different-party
93,1454,V,KF,53,45,0.8490566037735849,different-party
93,1619,V,S,136,136,1.0,different-party
93,1845,V,V,99,99,1.0,same-party
93,11702,V,KF,114,107,0.9385964912280702,different-party
93,15757,V,IA,0,0,,different-party
93,15760,V,S,55,55,1.0,different-party
93,15762,V,S,130,130,1.0,different-party
93,15763,V,DF,131,49,0.37404580152671757,different-party
93,15770,V,S,50,50,1.0,different-party
93,15774,V,DD,49,27,0.5510204081632653,different-party
93,15775,V,ALT,81,40,0.49382716049382713,different-party
93,15776,V,S,66,66,1.0,different-party
93,15777,V,EL,76,35,0.4605263157894737,different-party
93,15779,V,LA,51,32,0.6274509803921569,different-party
93,15787,V,S,133,133,1.0,different-party
93,15793,V,KF,98,88,0.8979591836734694,different-party
93,16180,V,S,63,63,1.0,different-party
93,16351,V,S,153,153,1.0,different-party
93,16503,V,S,23,23,1.0,different-party
93,16582,V,EL,152,82,0.5394736842105263,different-party
93,16728,V,SF,112,70,0.625,different-party
93,17141,V,KF,90,87,0.9666666666666667,different-party
93,17628,V,SF,13,9,0.6923076923076923,different-party
93,17629,V,DD,56,37,0.6607142857142857,different-party
93,18688,V,N,0,0,,different-party
93,18693,V,EL,58,36,0.6206896551724138,different-party
93,18694,V,EL,151,81,0.5364238410596026,different-party
93,18695,V,V,141,141,1.0,same-party
93,18696,V,V,63,63,1.0,same-party
93,18698,V,V,56,56,1.0,same-party
93,18699,V,V,149,149,1.0,same-party
93,18700,V,V,53,53,1.0,same-party
93,18701,V,V,26,26,1.0,same-party
93,18703,V,LA,1,0,0.0,different-party
93,18704,V,SF,74,56,0.7567567567567568,different-party
93,18707,V,SF,154,102,0.6623376623376623,different-party
93,18708,V,SF,103,69,0.6699029126213593,different-party
93,18709,V,SF,89,51,0.5730337078651685,different-party
93,18713,V,KF,110,99,0.9,different-party
93,18715,V,S,61,61,1.0,different-party
93,18716,V,S,61,61,1.0,different-party
93,18717,V,S,128,128,1.0,different-party
93,18718,V,S,149,149,1.0,different-party
93,18719,V,S,109,109,1.0,different-party
93,18720,V,S,143,143,1.0,different-party
93,18721,V,DF,77,43,0.5584415584415584,different-party
93,18722,V,UFG,0,0,,different-party
93,18723,V,LA,41,32,0.7804878048780488,different-party
93,18724,V,UFG,75,27,0.36,different-party
93,18725,V,RV,123,107,0.8699186991869918,different-party
93,18726,V,RV,72,61,0.8472222222222222,different-party
93,18729,V,RV,130,108,0.8307692307692308,different-party
93,18882,V,S,25,25,1.0,different-party
93,19000,V,SF,80,58,0.725,different-party
93,19928,V,S,132,132,1.0,different-party
93,20349,V,SP,70,70,1.0,different-party
93,20350,V,DF,25,14,0.56,different-party
93,20351,V,ALT,1,0,0.0,different-party
93,20352,V,ALT,114,57,0.5,different-party
93,20353,V,ALT,36,27,0.75,different-party
93,20354,V,UFG,6,0,0.0,different-party
93,20355,V,DD,71,44,0.6197183098591549,different-party
93,20356,V,DF,141,56,0.3971631205673759,different-party
93,20357,V,KF,62,53,0.8548387096774194,different-party
93,20358,V,SF,3,2,0.6666666666666666,different-party
93,20359,V,SF,149,97,0.6510067114093959,different-party
93,20360,V,SF,77,57,0.7402597402597403,different-party
93,20361,V,S,15,15,1.0,different-party
93,20362,V,S,141,141,1.0,different-party
93,20363,V,S,147,147,1.0,different-party
93,20364,V,S,141,141,1.0,different-party
93,20365,V,S,137,137,1.0,different-party
93,20366,V,S,30,30,1.0,different-party
93,20367,V,S,154,154,1.0,different-party
93,20368,V,S,123,123,1.0,different-party
93,20369,V,KF,137,127,0.927007299270073,different-party
93,20370,V,ALT,72,52,0.7222222222222222,different-party
93,20371,V,V,134,134,1.0,same-party
93,20372,V,DD,36,23,0.6388888888888888,different-party
93,20373,V,DD,45,26,0.5777777777777777,different-party
93,20374,V,DD,121,50,0.4132231404958678,different-party
93,20375,V,DD,108,42,0.3888888888888889,different-party
93,20376,V,DD,156,70,0.44871794871794873,different-party
93,20377,V,M,74,74,1.0,different-party
93,20378,V,M,154,154,1.0,different-party
93,20379,V,M,0,0,,different-party
93,20380,V,M,10,10,1.0,different-party
93,20381,V,ALT,137,76,0.5547445255474452,different-party
93,20382,V,M,18,18,1.0,different-party
93,20383,V,UFG,40,34,0.85,different-party
93,20384,V,M,84,84,1.0,different-party
93,20385,V,M,58,58,1.0,different-party
93,20386,V,M,98,97,0.9897959183673469,different-party
93,20388,V,UFG,39,36,0.9230769230769231,different-party
93,20389,V,M,143,143,1.0,different-party
93,20390,V,UFG,61,38,0.6229508196721312,different-party
93,20391,V,LA,126,79,0.626984126984127,different-party
93,20392,V,LA,41,32,0.7804878048780488,different-party
93,20393,V,LA,134,89,0.664179104477612,different-party
93,20394,V,LA,126,84,0.6666666666666666,different-party
93,20395,V,LA,130,86,0.6615384615384615,different-party
93,20396,V,LA,92,53,0.5760869565217391,different-party
93,20397,V,LA,38,24,0.631578947368421,different-party
93,20398,V,LA,141,91,0.6453900709219859,different-party
93,20399,V,LA,124,76,0.6129032258064516,different-party
93,20400,V,LA,152,98,0.6447368421052632,different-party
93,20411,V,EL,57,32,0.5614035087719298,different-party
93,20415,V,M,152,152,1.0,different-party
93,20496,V,M,133,133,1.0,different-party
93,20781,V,S,147,147,1.0,different-party
93,20798,V,SF,149,102,0.6845637583892618,different-party
93,20820,V,LA,81,58,0.7160493827160493,different-party
93,20917,V,KF,4,2,0.5,different-party
93,20925,V,KF,146,133,0.910958904109589,different-party
93,20930,V,S,69,69,1.0,different-party
93,20962,V,SF,77,58,0.7532467532467533,different-party
93,20966,V,KF,61,46,0.7540983606557377,different-party
93,21044,V,S,156,156,1.0,different-party
93,21083,V,S,2,2,1.0,different-party
93,21143,V,S,115,115,1.0,different-party
93,21159,V,M,135,135,1.0,different-party
93,21168,V,V,124,124,1.0,same-party
93,21186,V,S,2,2,1.0,different-party
93,21194,V,KF,52,40,0.7692307692307693,different-party
93,21206,V,N,0,0,,different-party
97,99,S,LA,117,79,0.6752136752136753,different-party
97,102,S,V,138,137,0.9927536231884058,different-party
97,109,S,EL,23,12,0.5217391304347826,different-party
97,110,S,EL,40,21,0.525,different-party
97,112,S,RV,65,56,0.8615384615384616,different-party
97,113,S,DD,98,38,0.3877551020408163,different-party
97,118,S,S,68,68,1.0,same-party
97,119,S,DD,125,51,0.408,different-party
97,120,S,S,105,105,1.0,same-party
97,121,S,SF,101,64,0.6336633663366337,different-party
97,125,S,V,92,92,1.0,different-party
97,127,S,V,130,129,0.9923076923076923,different-party
97,130,S,V,28,28,1.0,different-party
97,134,S,V,30,30,1.0,different-party
97,138,S,S,1,1,1.0,same-party
97,139,S,V,44,44,1.0,different-party
97,141,S,RV,16,13,0.8125,different-party
97,145,S,M,1,1,1.0,different-party
97,152,S,S,129,129,1.0,same-party
97,154,S,S,21,21,1.0,same-party
97,162,S,DD,37,24,0.6486486486486487,different-party
97,164,S,V,75,75,1.0,different-party
97,168,S,V,138,138,1.0,different-party
97,173,S,V,17,17,1.0,different-party
97,176,S,EL,98,46,0.46938775510204084,different-party
97,180,S,V,131,131,1.0,different-party
97,182,S,DD,75,19,0.25333333333333335,different-party
97,191,S,RV,119,106,0.8907563025210085,different-party
97,199,S,SF,98,60,0.6122448979591837,different-party
97,201,S,S,131,131,1.0,same-party
97,206,S,V,1,1,1.0,different-party
97,208,S,S,102,102,1.0,same-party
97,213,S,S,129,129,1.0,same-party
97,214,S,S,45,45,1.0,same-party
97,217,S,V,18,18,1.0,different-party
97,219,S,SF,19,11,0.5789473684210527,different-party
97,220,S,S,15,15,1.0,same-party
97,224,S,S,121,121,1.0,same-party
97,238,S,DF,7,4,0.5714285714285714,different-party
97,244,S,S,39,39,1.0,same-party
97,252,S,DF,62,34,0.5483870967741935,different-party
97,257,S,S,131,131,1.0,same-party
97,260,S,S,117,117,1.0,same-party
97,262,S,JF,1,1,1.0,different-party
97,266,S,S,118,118,1.0,same-party
97,273,S,S,141,141,1.0,same-party
97,278,S,S,144,144,1.0,same-party
97,286,S,S,141,141,1.0,same-party
97,667,S,EL,109,55,0.5045871559633027,different-party
97,1146,S,DD,62,41,0.6612903225806451,different-party
97,1454,S,KF,56,48,0.8571428571428571,different-party
97,1619,S,S,130,130,1.0,same-party
97,1845,S,V,104,104,1.0,different-party
97,11702,S,KF,107,105,0.9813084112149533,different-party
97,15757,S,IA,0,0,,different-party
97,15760,S,S,46,46,1.0,same-party
97,15762,S,S,124,124,1.0,same-party
97,15763,S,DF,115,39,0.3391304347826087,different-party
97,15770,S,S,53,53,1.0,same-party
97,15774,S,DD,41,22,0.5365853658536586,different-party
97,15775,S,ALT,77,35,0.45454545454545453,different-party
97,15776,S,S,57,57,1.0,same-party
97,15777,S,EL,73,32,0.4383561643835616,different-party
97,15779,S,LA,42,28,0.6666666666666666,different-party
97,15787,S,S,130,130,1.0,same-party
97,15793,S,KF,98,91,0.9285714285714286,different-party
97,16180,S,S,60,60,1.0,same-party
97,16351,S,S,150,150,1.0,same-party
97,16503,S,S,12,12,1.0,same-party
97,16582,S,EL,144,75,0.5208333333333334,different-party
97,16728,S,SF,124,79,0.6370967741935484,different-party
97,17141,S,KF,89,87,0.9775280898876404,different-party
97,17628,S,SF,4,4,1.0,different-party
97,17629,S,DD,57,41,0.7192982456140351,different-party
97,18688,S,N,0,0,,different-party
97,18693,S,EL,55,32,0.5818181818181818,different-party
97,18694,S,EL,148,77,0.5202702702702703,different-party
97,18695,S,V,141,141,1.0,different-party
97,18696,S,V,56,56,1.0,different-party
97,18698,S,V,54,54,1.0,different-party
97,18699,S,V,146,146,1.0,different-party
97,18700,S,V,56,56,1.0,different-party
97,18701,S,V,25,25,1.0,different-party
97,18703,S,LA,1,0,0.0,different-party
97,18704,S,SF,68,51,0.75,different-party
97,18707,S,SF,139,92,0.6618705035971223,different-party
97,18708,S,SF,98,64,0.6530612244897959,different-party
97,18709,S,SF,99,58,0.5858585858585859,different-party
97,18713,S,KF,104,94,0.9038461538461539,different-party
97,18715,S,S,62,62,1.0,same-party
97,18716,S,S,53,53,1.0,same-party
97,18717,S,S,123,123,1.0,same-party
97,18718,S,S,143,143,1.0,same-party
97,18719,S,S,102,102,1.0,same-party
97,18720,S,S,136,136,1.0,same-party
97,18721,S,DF,83,47,0.5662650602409639,different-party
97,18722,S,UFG,0,0,,different-party
97,18723,S,LA,50,42,0.84,different-party
97,18724,S,UFG,78,32,0.41025641025641024,different-party
97,18725,S,RV,116,102,0.8793103448275862,different-party
97,18726,S,RV,64,59,0.921875,different-party
97,18729,S,RV,121,105,0.8677685950413223,different-party
97,18882,S,S,7,7,1.0,same-party
97,19000,S,SF,74,54,0.7297297297297297,different-party
97,19928,S,S,132,132,1.0,same-party
97,20349,S,SP,72,72,1.0,different-party
97,20350,S,DF,16,8,0.5,different-party
97,20351,S,ALT,1,0,0.0,different-party
97,20352,S,ALT,116,59,0.5086206896551724,different-party
97,20353,S,ALT,43,32,0.7441860465116279,different-party
97,20354,S,UFG,4,0,0.0,different-party
97,20355,S,DD,65,44,0.676923076923077,different-party
97,20356,S,DF,129,49,0.3798449612403101,different-party
97,20357,S,KF,56,52,0.9285714285714286,different-party
97,20358,S,SF,3,2,0.6666666666666666,different-party
97,20359,S,SF,150,100,0.6666666666666666,different-party
97,20360,S,SF,71,53,0.7464788732394366,different-party
97,20361,S,S,6,6,1.0,same-party
97,20362,S,S,144,144,1.0,same-party
97,20363,S,S,150,150,1.0,same-party
97,20364,S,S,150,150,1.0,same-party
97,20365,S,S,121,121,1.0,same-party
97,20366,S,S,12,12,1.0,same-party
97,20367,S,S,148,148,1.0,same-party
97,20368,S,S,126,126,1.0,same-party
97,20369,S,KF,122,117,0.9590163934426229,different-party
97,20370,S,ALT,55,40,0.7272727272727273,different-party
97,20371,S,V,127,127,1.0,different-party
97,20372,S,DD,38,28,0.7368421052631579,different-party
97,20373,S,DD,38,25,0.6578947368421053,different-party
97,20374,S,DD,122,55,0.45081967213114754,different-party
97,20375,S,DD,109,43,0.3944954128440367,different-party
97,20376,S,DD,141,61,0.4326241134751773,different-party
97,20377,S,M,75,75,1.0,different-party
97,20378,S,M,148,148,1.0,different-party
97,20379,S,M,0,0,,different-party
97,20380,S,M,1,1,1.0,different-party
97,20381,S,ALT,131,71,0.5419847328244275,different-party
97,20382,S,M,9,9,1.0,different-party
97,20383,S,UFG,34,31,0.9117647058823529,different-party
97,20384,S,M,86,86,1.0,different-party
97,20385,S,M,50,50,1.0,different-party
97,20386,S,M,109,108,0.9908256880733946,different-party
97,20388,S,UFG,47,45,0.9574468085106383,different-party
97,20389,S,M,140,140,1.0,different-party
97,20390,S,UFG,58,42,0.7241379310344828,different-party
97,20391,S,LA,119,77,0.6470588235294118,different-party
97,20392,S,LA,27,22,0.8148148148148148,different-party
97,20393,S,LA,119,79,0.6638655462184874,different-party
97,20394,S,LA,126,88,0.6984126984126984,different-party
97,20395,S,LA,118,77,0.652542372881356,different-party
97,20396,S,LA,89,51,0.5730337078651685,different-party
97,20397,S,LA,40,27,0.675,different-party
97,20398,S,LA,146,99,0.678082191780822,different-party
97,20399,S,LA,123,79,0.6422764227642277,different-party
97,20400,S,LA,144,95,0.6597222222222222,different-party
97,20411,S,EL,60,33,0.55,different-party
97,20415,S,M,146,146,1.0,different-party
97,20496,S,M,124,124,1.0,different-party
97,20781,S,S,148,148,1.0,same-party
97,20798,S,SF,144,98,0.6805555555555556,different-party
97,20820,S,LA,80,60,0.75,different-party
97,20917,S,KF,4,2,0.5,different-party
97,20925,S,KF,149,138,0.9261744966442953,different-party
97,20930,S,S,72,72,1.0,same-party
97,20962,S,SF,62,48,0.7741935483870968,different-party
97,20966,S,KF,53,43,0.8113207547169812,different-party
97,21044,S,S,150,150,1.0,same-party
97,21083,S,S,2,2,1.0,same-party
97,21143,S,S,116,116,1.0,same-party
97,21159,S,M,135,135,1.0,different-party
97,21168,S,V,111,111,1.0,different-party
97,21186,S,S,2,2,1.0,same-party
97,21194,S,KF,53,44,0.8301886792452831,different-party
97,21206,S,N,0,0,,different-party
99,102,LA,V,126,86,0.6825396825396826,different-party
99,109,LA,EL,25,11,0.44,different-party
99,110,LA,EL,15,5,0.3333333333333333,different-party
99,112,LA,RV,48,40,0.8333333333333334,different-party
99,113,LA,DD,81,52,0.6419753086419753,different-party
99,118,LA,S,55,41,0.7454545454545455,different-party
99,119,LA,DD,105,70,0.6666666666666666,different-party
99,120,LA,S,94,60,0.6382978723404256,different-party
99,121,LA,SF,84,29,0.34523809523809523,different-party
99,125,LA,V,79,47,0.5949367088607594,different-party
99,127,LA,V,110,77,0.7,different-party
99,130,LA,V,16,12,0.75,different-party
99,134,LA,V,36,29,0.8055555555555556,different-party
99,138,LA,S,0,0,,different-party
99,139,LA,V,21,18,0.8571428571428571,different-party
99,141,LA,RV,6,6,1.0,different-party
99,145,LA,M,0,0,,different-party
99,152,LA,S,102,66,0.6470588235294118,different-party
99,154,LA,S,21,15,0.7142857142857143,different-party
99,162,LA,DD,22,19,0.8636363636363636,different-party
99,164,LA,V,61,47,0.7704918032786885,different-party
99,168,LA,V,123,84,0.6829268292682927,different-party
99,173,LA,V,9,7,0.7777777777777778,different-party
99,176,LA,EL,84,18,0.21428571428571427,different-party
99,180,LA,V,126,86,0.6825396825396826,different-party
99,182,LA,DD,67,40,0.5970149253731343,different-party
99,191,LA,RV,105,67,0.638095238095238,different-party
99,199,LA,SF,84,29,0.34523809523809523,different-party
99,201,LA,S,104,71,0.6826923076923077,different-party
99,206,LA,V,0,0,,different-party
99,208,LA,S,79,47,0.5949367088607594,different-party
99,213,LA,S,109,75,0.6880733944954128,different-party
99,214,LA,S,41,29,0.7073170731707317,different-party
99,217,LA,V,10,6,0.6,different-party
99,219,LA,SF,6,2,0.3333333333333333,different-party
99,220,LA,S,8,4,0.5,different-party
99,224,LA,S,120,83,0.6916666666666667,different-party
99,238,LA,DF,0,0,,different-party
99,244,LA,S,40,31,0.775,different-party
99,252,LA,DF,48,32,0.6666666666666666,different-party
99,257,LA,S,112,78,0.6964285714285714,different-party
99,260,LA,S,91,63,0.6923076923076923,different-party
99,262,LA,JF,0,0,,different-party
99,266,LA,S,86,55,0.6395348837209303,different-party
99,273,LA,S,126,86,0.6825396825396826,different-party
99,278,LA,S,123,84,0.6829268292682927,different-party
99,286,LA,S,119,80,0.6722689075630253,different-party
99,667,LA,EL,110,39,0.35454545454545455,different-party
99,1146,LA,DD,58,48,0.8275862068965517,different-party
99,1454,LA,KF,41,35,0.8536585365853658,different-party
99,1619,LA,S,115,80,0.6956521739130435,different-party
99,1845,LA,V,93,60,0.6451612903225806,different-party
99,11702,LA,KF,95,62,0.6526315789473685,different-party
99,15757,LA,IA,0,0,,different-party
99,15760,LA,S,35,23,0.6571428571428571,different-party
99,15762,LA,S,112,76,0.6785714285714286,different-party
99,15763,LA,DF,106,61,0.5754716981132075,different-party
99,15770,LA,S,30,26,0.8666666666666667,different-party
99,15774,LA,DD,30,23,0.7666666666666667,different-party
99,15775,LA,ALT,78,23,0.2948717948717949,different-party
99,15776,LA,S,35,23,0.6571428571428571,different-party
99,15777,LA,EL,64,13,0.203125,different-party
99,15779,LA,LA,20,20,1.0,same-party
99,15787,LA,S,108,74,0.6851851851851852,different-party
99,15793,LA,KF,75,46,0.6133333333333333,different-party
99,16180,LA,S,34,26,0.7647058823529411,different-party
99,16351,LA,S,123,84,0.6829268292682927,different-party
99,16503,LA,S,4,2,0.5,different-party
99,16582,LA,EL,120,42,0.35,different-party
99,16728,LA,SF,102,42,0.4117647058823529,different-party
99,17141,LA,KF,88,57,0.6477272727272727,different-party
99,17628,LA,SF,0,0,,different-party
99,17629,LA,DD,45,36,0.8,different-party
99,18688,LA,N,0,0,,different-party
99,18693,LA,EL,43,23,0.5348837209302325,different-party
99,18694,LA,EL,122,40,0.32786885245901637,different-party
99,18695,LA,V,120,81,0.675,different-party
99,18696,LA,V,34,30,0.8823529411764706,different-party
99,18698,LA,V,38,30,0.7894736842105263,different-party
99,18699,LA,V,122,83,0.680327868852459,different-party
99,18700,LA,V,33,26,0.7878787878787878,different-party
99,18701,LA,V,19,14,0.7368421052631579,different-party
99,18703,LA,LA,0,0,,same-party
99,18704,LA,SF,61,41,0.6721311475409836,different-party
99,18707,LA,SF,126,58,0.4603174603174603,different-party
99,18708,LA,SF,91,40,0.43956043956043955,different-party
99,18709,LA,SF,81,23,0.2839506172839506,different-party
99,18713,LA,KF,96,60,0.625,different-party
99,18715,LA,S,55,41,0.7454545454545455,different-party
99,18716,LA,S,40,31,0.775,different-party
99,18717,LA,S,102,66,0.6470588235294118,different-party
99,18718,LA,S,122,83,0.680327868852459,different-party
99,18719,LA,S,87,58,0.6666666666666666,different-party
99,18720,LA,S,126,86,0.6825396825396826,different-party
99,18721,LA,DF,57,41,0.7192982456140351,different-party
99,18722,LA,UFG,0,0,,different-party
99,18723,LA,LA,30,30,1.0,same-party
99,18724,LA,UFG,57,36,0.631578947368421,different-party
99,18725,LA,RV,105,60,0.5714285714285714,different-party
99,18726,LA,RV,54,41,0.7592592592592593,different-party
99,18729,LA,RV,100,55,0.55,different-party
99,18882,LA,S,9,7,0.7777777777777778,different-party
99,19000,LA,SF,51,37,0.7254901960784313,different-party
99,19928,LA,S,120,81,0.675,different-party
99,20349,LA,SP,71,45,0.6338028169014085,different-party
99,20350,LA,DF,10,6,0.6,different-party
99,20351,LA,ALT,0,0,,different-party
99,20352,LA,ALT,87,23,0.26436781609195403,different-party
99,20353,LA,ALT,34,24,0.7058823529411765,different-party
99,20354,LA,UFG,3,2,0.6666666666666666,different-party
99,20355,LA,DD,51,42,0.8235294117647058,different-party
99,20356,LA,DF,121,70,0.5785123966942148,different-party
99,20357,LA,KF,46,40,0.8695652173913043,different-party
99,20358,LA,SF,0,0,,different-party
99,20359,LA,SF,119,52,0.4369747899159664,different-party
99,20360,LA,SF,61,41,0.6721311475409836,different-party
99,20361,LA,S,0,0,,different-party
99,20362,LA,S,125,86,0.688,different-party
99,20363,LA,S,117,79,0.6752136752136753,different-party
99,20364,LA,S,120,81,0.675,different-party
99,20365,LA,S,106,68,0.6415094339622641,different-party
99,20366,LA,S,10,7,0.7,different-party
99,20367,LA,S,125,86,0.688,different-party
99,20368,LA,S,111,76,0.6846846846846847,different-party
99,20369,LA,KF,120,86,0.7166666666666667,different-party
99,20370,LA,ALT,54,35,0.6481481481481481,different-party
99,20371,LA,V,106,68,0.6415094339622641,different-party
99,20372,LA,DD,16,15,0.9375,different-party
99,20373,LA,DD,26,24,0.9230769230769231,different-party
99,20374,LA,DD,104,69,0.6634615384615384,different-party
99,20375,LA,DD,95,60,0.631578947368421,different-party
99,20376,LA,DD,126,88,0.6984126984126984,different-party
99,20377,LA,M,53,39,0.7358490566037735,different-party
99,20378,LA,M,125,86,0.688,different-party
99,20379,LA,M,0,0,,different-party
99,20380,LA,M,0,0,,different-party
99,20381,LA,ALT,110,44,0.4,different-party
99,20382,LA,M,1,0,0.0,different-party
99,20383,LA,UFG,35,33,0.9428571428571428,different-party
99,20384,LA,M,68,41,0.6029411764705882,different-party
99,20385,LA,M,40,31,0.775,different-party
99,20386,LA,M,96,62,0.6458333333333334,different-party
99,20388,LA,UFG,29,25,0.8620689655172413,different-party
99,20389,LA,M,113,78,0.6902654867256637,different-party
99,20390,LA,UFG,42,32,0.7619047619047619,different-party
99,20391,LA,LA,106,106,1.0,same-party
99,20392,LA,LA,26,26,1.0,same-party
99,20393,LA,LA,115,115,1.0,same-party
99,20394,LA,LA,109,109,1.0,same-party
99,20395,LA,LA,107,107,1.0,same-party
99,20396,LA,LA,79,79,1.0,same-party
99,20397,LA,LA,22,22,1.0,same-party
99,20398,LA,LA,116,116,1.0,same-party
99,20399,LA,LA,100,100,1.0,same-party
99,20400,LA,LA,120,120,1.0,same-party
99,20411,LA,EL,42,22,0.5238095238095238,different-party
99,20415,LA,M,125,86,0.688,different-party
99,20496,LA,M,119,81,0.680672268907563,different-party
99,20781,LA,S,118,80,0.6779661016949152,different-party
99,20798,LA,SF,117,53,0.452991452991453,different-party
99,20820,LA,LA,57,57,1.0,same-party
99,20917,LA,KF,1,1,1.0,different-party
99,20925,LA,KF,125,88,0.704,different-party
99,20930,LA,S,57,44,0.7719298245614035,different-party
99,20962,LA,SF,61,41,0.6721311475409836,different-party
99,20966,LA,KF,30,27,0.9,different-party
99,21044,LA,S,126,86,0.6825396825396826,different-party
99,21083,LA,S,1,0,0.0,different-party
99,21143,LA,S,97,61,0.6288659793814433,different-party
99,21159,LA,M,125,85,0.68,different-party
99,21168,LA,V,93,60,0.6451612903225806,different-party
99,21186,LA,S,1,0,0.0,different-party
99,21194,LA,KF,31,27,0.8709677419354839,different-party
99,21206,LA,N,0,0,,different-party
102,109,V,EL,32,18,0.5625,different-party
102,110,V,EL,28,15,0.5357142857142857,different-party
102,112,V,RV,77,64,0.8311688311688312,different-party
102,113,V,DD,98,35,0.35714285714285715,different-party
102,118,V,S,84,83,0.9880952380952381,different-party
102,119,V,DD,134,56,0.417910447761194,different-party
102,120,V,S,112,111,0.9910714285714286,different-party
102,121,V,SF,101,62,0.6138613861386139,different-party
102,125,V,V,91,91,1.0,same-party
102,127,V,V,136,134,0.9852941176470589,same-party
102,130,V,V,28,28,1.0,same-party
102,134,V,V,36,36,1.0,same-party
102,138,V,S,1,0,0.0,different-party
102,139,V,V,45,45,1.0,same-party
102,141,V,RV,16,13,0.8125,different-party
102,145,V,M,1,1,1.0,different-party
102,152,V,S,132,131,0.9924242424242424,different-party
102,154,V,S,24,24,1.0,different-party
102,162,V,DD,43,25,0.5813953488372093,different-party
102,164,V,V,73,72,0.9863013698630136,same-party
102,168,V,V,141,140,0.9929078014184397,same-party
102,173,V,V,18,18,1.0,same-party
102,176,V,EL,98,47,0.47959183673469385,different-party
102,180,V,V,146,146,1.0,same-party
102,182,V,DD,78,21,0.2692307692307692,different-party
102,191,V,RV,119,102,0.8571428571428571,different-party
102,199,V,SF,104,64,0.6153846153846154,different-party
102,201,V,S,134,133,0.9925373134328358,different-party
102,206,V,V,1,0,0.0,same-party
102,208,V,S,97,96,0.9896907216494846,different-party
102,213,V,S,139,138,0.9928057553956835,different-party
102,214,V,S,63,63,1.0,different-party
102,217,V,V,18,18,1.0,same-party
102,219,V,SF,16,7,0.4375,different-party
102,220,V,S,14,14,1.0,different-party
102,224,V,S,130,130,1.0,different-party
102,238,V,DF,7,4,0.5714285714285714,different-party
102,244,V,S,54,53,0.9814814814814815,different-party
102,252,V,DF,53,30,0.5660377358490566,different-party
102,257,V,S,134,133,0.9925373134328358,different-party
102,260,V,S,108,107,0.9907407407407407,different-party
102,262,V,JF,1,1,1.0,different-party
102,266,V,S,115,114,0.991304347826087,different-party
102,273,V,S,147,146,0.9931972789115646,different-party
102,278,V,S,150,149,0.9933333333333333,different-party
102,286,V,S,147,146,0.9931972789115646,different-party
102,667,V,EL,124,65,0.5241935483870968,different-party
102,1146,V,DD,77,51,0.6623376623376623,different-party
102,1454,V,KF,56,48,0.8571428571428571,different-party
102,1619,V,S,139,138,0.9928057553956835,different-party
102,1845,V,V,98,98,1.0,same-party
102,11702,V,KF,116,109,0.9396551724137931,different-party
102,15757,V,IA,0,0,,different-party
102,15760,V,S,52,51,0.9807692307692307,different-party
102,15762,V,S,133,132,0.9924812030075187,different-party
102,15763,V,DF,133,51,0.38345864661654133,different-party
102,15770,V,S,50,49,0.98,different-party
102,15774,V,DD,47,25,0.5319148936170213,different-party
102,15775,V,ALT,83,41,0.4939759036144578,different-party
102,15776,V,S,63,62,0.9841269841269841,different-party
102,15777,V,EL,76,34,0.4473684210526316,different-party
102,15779,V,LA,48,30,0.625,different-party
102,15787,V,S,133,132,0.9924812030075187,different-party
102,15793,V,KF,98,88,0.8979591836734694,different-party
102,16180,V,S,63,62,0.9841269841269841,different-party
102,16351,V,S,153,152,0.9934640522875817,different-party
102,16503,V,S,23,22,0.9565217391304348,different-party
102,16582,V,EL,150,80,0.5333333333333333,different-party
102,16728,V,SF,115,73,0.6347826086956522,different-party
102,17141,V,KF,89,87,0.9775280898876404,different-party
102,17628,V,SF,13,8,0.6153846153846154,different-party
102,17629,V,DD,57,38,0.6666666666666666,different-party
102,18688,V,N,0,0,,different-party
102,18693,V,EL,59,35,0.5932203389830508,different-party
102,18694,V,EL,151,80,0.5298013245033113,different-party
102,18695,V,V,141,140,0.9929078014184397,same-party
102,18696,V,V,63,62,0.9841269841269841,same-party
102,18698,V,V,57,56,0.9824561403508771,same-party
102,18699,V,V,152,151,0.993421052631579,same-party
102,18700,V,V,51,50,0.9803921568627451,same-party
102,18701,V,V,28,27,0.9642857142857143,same-party
102,18703,V,LA,1,0,0.0,different-party
102,18704,V,SF,74,56,0.7567567567567568,different-party
102,18707,V,SF,154,102,0.6623376623376623,different-party
102,18708,V,SF,101,67,0.6633663366336634,different-party
102,18709,V,SF,90,51,0.5666666666666667,different-party
102,18713,V,KF,107,97,0.9065420560747663,different-party
102,18715,V,S,59,59,1.0,different-party
102,18716,V,S,59,58,0.9830508474576272,different-party
102,18717,V,S,127,126,0.9921259842519685,different-party
102,18718,V,S,151,150,0.9933774834437086,different-party
102,18719,V,S,108,107,0.9907407407407407,different-party
102,18720,V,S,146,146,1.0,different-party
102,18721,V,DF,77,45,0.5844155844155844,different-party
102,18722,V,UFG,0,0,,different-party
102,18723,V,LA,41,33,0.8048780487804879,different-party
102,18724,V,UFG,75,29,0.38666666666666666,different-party
102,18725,V,RV,125,109,0.872,different-party
102,18726,V,RV,70,60,0.8571428571428571,different-party
102,18729,V,RV,127,106,0.8346456692913385,different-party
102,18882,V,S,25,24,0.96,different-party
102,19000,V,SF,80,57,0.7125,different-party
102,19928,V,S,132,131,0.9924242424242424,different-party
102,20349,V,SP,72,72,1.0,different-party
102,20350,V,DF,22,13,0.5909090909090909,different-party
102,20351,V,ALT,1,0,0.0,different-party
102,20352,V,ALT,113,56,0.49557522123893805,different-party
102,20353,V,ALT,34,26,0.7647058823529411,different-party
102,20354,V,UFG,6,0,0.0,different-party
102,20355,V,DD,71,44,0.6197183098591549,different-party
102,20356,V,DF,144,59,0.4097222222222222,different-party
102,20357,V,KF,65,55,0.8461538461538461,different-party
102,20358,V,SF,3,2,0.6666666666666666,different-party
102,20359,V,SF,149,96,0.6442953020134228,different-party
102,20360,V,SF,77,57,0.7402597402597403,different-party
102,20361,V,S,15,14,0.9333333333333333,different-party
102,20362,V,S,141,140,0.9929078014184397,different-party
102,20363,V,S,147,146,0.9931972789115646,different-party
102,20364,V,S,141,140,0.9929078014184397,different-party
102,20365,V,S,136,135,0.9926470588235294,different-party
102,20366,V,S,30,29,0.9666666666666667,different-party
102,20367,V,S,154,153,0.9935064935064936,different-party
102,20368,V,S,123,122,0.991869918699187,different-party
102,20369,V,KF,137,129,0.9416058394160584,different-party
102,20370,V,ALT,73,53,0.726027397260274,different-party
102,20371,V,V,133,132,0.9924812030075187,same-party
102,20372,V,DD,35,22,0.6285714285714286,different-party
102,20373,V,DD,46,27,0.5869565217391305,different-party
102,20374,V,DD,121,50,0.4132231404958678,different-party
102,20375,V,DD,106,40,0.37735849056603776,different-party
102,20376,V,DD,156,70,0.44871794871794873,different-party
102,20377,V,M,72,71,0.9861111111111112,different-party
102,20378,V,M,154,153,0.9935064935064936,different-party
102,20379,V,M,0,0,,different-party
102,20380,V,M,10,9,0.9,different-party
102,20381,V,ALT,140,78,0.5571428571428572,different-party
102,20382,V,M,18,17,0.9444444444444444,different-party
102,20383,V,UFG,43,37,0.8604651162790697,different-party
102,20384,V,M,83,83,1.0,different-party
102,20385,V,M,59,58,0.9830508474576272,different-party
102,20386,V,M,100,99,0.99,different-party
102,20388,V,UFG,42,39,0.9285714285714286,different-party
102,20389,V,M,143,142,0.993006993006993,different-party
102,20390,V,UFG,64,41,0.640625,different-party
102,20391,V,LA,127,81,0.6377952755905512,different-party
102,20392,V,LA,39,31,0.7948717948717948,different-party
102,20393,V,LA,137,92,0.6715328467153284,different-party
102,20394,V,LA,126,85,0.6746031746031746,different-party
102,20395,V,LA,133,89,0.6691729323308271,different-party
102,20396,V,LA,89,51,0.5730337078651685,different-party
102,20397,V,LA,35,22,0.6285714285714286,different-party
102,20398,V,LA,144,94,0.6527777777777778,different-party
102,20399,V,LA,123,76,0.6178861788617886,different-party
102,20400,V,LA,150,97,0.6466666666666666,different-party
102,20411,V,EL,60,34,0.5666666666666667,different-party
102,20415,V,M,155,154,0.9935483870967742,different-party
102,20496,V,M,133,133,1.0,different-party
102,20781,V,S,148,147,0.9932432432432432,different-party
102,20798,V,SF,147,99,0.673469387755102,different-party
102,20820,V,LA,84,61,0.7261904761904762,different-party
102,20917,V,KF,1,0,0.0,different-party
102,20925,V,KF,146,134,0.9178082191780822,different-party
102,20930,V,S,69,69,1.0,different-party
102,20962,V,SF,80,60,0.75,different-party
102,20966,V,KF,59,45,0.7627118644067796,different-party
102,21044,V,S,156,155,0.9935897435897436,different-party
102,21083,V,S,2,2,1.0,different-party
102,21143,V,S,117,116,0.9914529914529915,different-party
102,21159,V,M,135,135,1.0,different-party
102,21168,V,V,123,122,0.991869918699187,same-party
102,21186,V,S,2,2,1.0,different-party
102,21194,V,KF,53,41,0.7735849056603774,different-party
102,21206,V,N,0,0,,different-party
109,110,EL,EL,0,0,,same-party
109,112,EL,RV,19,9,0.47368421052631576,different-party
109,113,EL,DD,23,7,0.30434782608695654,different-party
109,118,EL,S,26,18,0.6923076923076923,different-party
109,119,EL,DD,26,10,0.38461538461538464,different-party
109,120,EL,S,29,17,0.5862068965517241,different-party
109,121,EL,SF,10,9,0.9,different-party
109,125,EL,V,12,8,0.6666666666666666,different-party
109,127,EL,V,32,19,0.59375,different-party
109,130,EL,V,16,8,0.5,different-party
109,134,EL,V,16,12,0.75,different-party
109,138,EL,S,1,1,1.0,different-party
109,139,EL,V,2,0,0.0,different-party
109,141,EL,RV,6,1,0.16666666666666666,different-party
109,145,EL,M,0,0,,different-party
109,152,EL,S,29,17,0.5862068965517241,different-party
109,154,EL,S,6,5,0.8333333333333334,different-party
109,162,EL,DD,6,5,0.8333333333333334,different-party
109,164,EL,V,32,19,0.59375,different-party
109,168,EL,V,29,17,0.5862068965517241,different-party
109,173,EL,V,8,6,0.75,different-party
109,176,EL,EL,19,18,0.9473684210526315,same-party
109,180,EL,V,25,15,0.6,different-party
109,182,EL,DD,3,3,1.0,different-party
109,191,EL,RV,19,12,0.631578947368421,different-party
109,199,EL,SF,19,17,0.8947368421052632,different-party
109,201,EL,S,26,14,0.5384615384615384,different-party
109,206,EL,V,1,1,1.0,different-party
109,208,EL,S,20,13,0.65,different-party
109,213,EL,S,31,18,0.5806451612903226,different-party
109,214,EL,S,25,15,0.6,different-party
109,217,EL,V,10,7,0.7,different-party
109,219,EL,SF,6,5,0.8333333333333334,different-party
109,220,EL,S,0,0,,different-party
109,224,EL,S,25,15,0.6,different-party
109,238,EL,DF,7,1,0.14285714285714285,different-party
109,244,EL,S,20,15,0.75,different-party
109,252,EL,DF,18,6,0.3333333333333333,different-party
109,257,EL,S,12,6,0.5,different-party
109,260,EL,S,13,5,0.38461538461538464,different-party
109,262,EL,JF,0,0,,different-party
109,266,EL,S,13,5,0.38461538461538464,different-party
109,273,EL,S,32,19,0.59375,different-party
109,278,EL,S,32,19,0.59375,different-party
109,286,EL,S,25,18,0.72,different-party
109,667,EL,EL,9,9,1.0,same-party
109,1146,EL,DD,22,10,0.45454545454545453,different-party
109,1454,EL,KF,12,2,0.16666666666666666,different-party
109,1619,EL,S,19,11,0.5789473684210527,different-party
109,1845,EL,V,12,6,0.5,different-party
109,11702,EL,KF,22,13,0.5909090909090909,different-party
109,15757,EL,IA,0,0,,different-party
109,15760,EL,S,26,18,0.6923076923076923,different-party
109,15762,EL,S,18,12,0.6666666666666666,different-party
109,15763,EL,DF,32,12,0.375,different-party
109,15770,EL,S,13,5,0.38461538461538464,different-party
109,15774,EL,DD,16,10,0.625,different-party
109,15775,EL,ALT,12,10,0.8333333333333334,different-party
109,15776,EL,S,26,18,0.6923076923076923,different-party
109,15777,EL,EL,10,9,0.9,same-party
109,15779,EL,LA,26,11,0.4230769230769231,different-party
109,15787,EL,S,29,17,0.5862068965517241,different-party
109,15793,EL,KF,10,6,0.6,different-party
109,16180,EL,S,20,13,0.65,different-party
109,16351,EL,S,29,17,0.5862068965517241,different-party
109,16503,EL,S,10,6,0.6,different-party
109,16582,EL,EL,26,26,1.0,same-party
109,16728,EL,SF,16,14,0.875,different-party
109,17141,EL,KF,9,4,0.4444444444444444,different-party
109,17628,EL,SF,4,3,0.75,different-party
109,17629,EL,DD,10,4,0.4,different-party
109,18688,EL,N,0,0,,different-party
109,18693,EL,EL,29,29,1.0,same-party
109,18694,EL,EL,29,28,0.9655172413793104,same-party
109,18695,EL,V,26,14,0.5384615384615384,different-party
109,18696,EL,V,22,12,0.5454545454545454,different-party
109,18698,EL,V,10,6,0.6,different-party
109,18699,EL,V,29,17,0.5862068965517241,different-party
109,18700,EL,V,20,13,0.65,different-party
109,18701,EL,V,24,14,0.5833333333333334,different-party
109,18703,EL,LA,0,0,,different-party
109,18704,EL,SF,25,22,0.88,different-party
109,18707,EL,SF,30,26,0.8666666666666667,different-party
109,18708,EL,SF,6,5,0.8333333333333334,different-party
109,18709,EL,SF,22,20,0.9090909090909091,different-party
109,18713,EL,KF,16,12,0.75,different-party
109,18715,EL,S,19,14,0.7368421052631579,different-party
109,18716,EL,S,26,18,0.6923076923076923,different-party
109,18717,EL,S,28,17,0.6071428571428571,different-party
109,18718,EL,S,31,18,0.5806451612903226,different-party
109,18719,EL,S,22,12,0.5454545454545454,different-party
109,18720,EL,S,25,15,0.6,different-party
109,18721,EL,DF,28,10,0.35714285714285715,different-party
109,18722,EL,UFG,0,0,,different-party
109,18723,EL,LA,16,5,0.3125,different-party
109,18724,EL,UFG,28,10,0.35714285714285715,different-party
109,18725,EL,RV,32,20,0.625,different-party
109,18726,EL,RV,26,19,0.7307692307692307,different-party
109,18729,EL,RV,26,19,0.7307692307692307,different-party
109,18882,EL,S,16,11,0.6875,different-party
109,19000,EL,SF,22,19,0.8636363636363636,different-party
109,19928,EL,S,26,14,0.5384615384615384,different-party
109,20349,EL,SP,6,1,0.16666666666666666,different-party
109,20350,EL,DF,9,5,0.5555555555555556,different-party
109,20351,EL,ALT,0,0,,different-party
109,20352,EL,ALT,13,12,0.9230769230769231,different-party
109,20353,EL,ALT,13,12,0.9230769230769231,different-party
109,20354,EL,UFG,1,1,1.0,different-party
109,20355,EL,DD,22,11,0.5,different-party
109,20356,EL,DF,22,10,0.45454545454545453,different-party
109,20357,EL,KF,32,19,0.59375,different-party
109,20358,EL,SF,0,0,,different-party
109,20359,EL,SF,25,22,0.88,different-party
109,20360,EL,SF,28,25,0.8928571428571429,different-party
109,20361,EL,S,6,4,0.6666666666666666,different-party
109,20362,EL,S,32,19,0.59375,different-party
109,20363,EL,S,23,12,0.5217391304347826,different-party
109,20364,EL,S,26,14,0.5384615384615384,different-party
109,20365,EL,S,32,19,0.59375,different-party
109,20366,EL,S,16,11,0.6875,different-party
109,20367,EL,S,31,19,0.6129032258064516,different-party
109,20368,EL,S,32,19,0.59375,different-party
109,20369,EL,KF,32,18,0.5625,different-party
109,20370,EL,ALT,26,22,0.8461538461538461,different-party
109,20371,EL,V,32,19,0.59375,different-party
109,20372,EL,DD,16,5,0.3125,different-party
109,20373,EL,DD,32,15,0.46875,different-party
109,20374,EL,DD,26,10,0.38461538461538464,different-party
109,20375,EL,DD,10,4,0.4,different-party
109,20376,EL,DD,32,15,0.46875,different-party
109,20377,EL,M,26,18,0.6923076923076923,different-party
109,20378,EL,M,32,19,0.59375,different-party
109,20379,EL,M,0,0,,different-party
109,20380,EL,M,1,1,1.0,different-party
109,20381,EL,ALT,32,29,0.90625,different-party
109,20382,EL,M,7,4,0.5714285714285714,different-party
109,20383,EL,UFG,22,9,0.4090909090909091,different-party
109,20384,EL,M,6,3,0.5,different-party
109,20385,EL,M,26,18,0.6923076923076923,different-party
109,20386,EL,M,16,8,0.5,different-party
109,20388,EL,UFG,9,4,0.4444444444444444,different-party
109,20389,EL,M,19,10,0.5263157894736842,different-party
109,20390,EL,UFG,22,7,0.3181818181818182,different-party
109,20391,EL,LA,32,12,0.375,different-party
109,20392,EL,LA,9,4,0.4444444444444444,different-party
109,20393,EL,LA,15,8,0.5333333333333333,different-party
109,20394,EL,LA,16,5,0.3125,different-party
109,20395,EL,LA,29,9,0.3103448275862069,different-party
109,20396,EL,LA,13,6,0.46153846153846156,different-party
109,20397,EL,LA,6,4,0.6666666666666666,different-party
109,20398,EL,LA,23,5,0.21739130434782608,different-party
109,20399,EL,LA,19,7,0.3684210526315789,different-party
109,20400,EL,LA,26,11,0.4230769230769231,different-party
109,20411,EL,EL,6,6,1.0,same-party
109,20415,EL,M,32,19,0.59375,different-party
109,20496,EL,M,19,10,0.5263157894736842,different-party
109,20781,EL,S,25,13,0.52,different-party
109,20798,EL,SF,23,20,0.8695652173913043,different-party
109,20820,EL,LA,29,9,0.3103448275862069,different-party
109,20917,EL,KF,0,0,,different-party
109,20925,EL,KF,32,19,0.59375,different-party
109,20930,EL,S,15,8,0.5333333333333333,different-party
109,20962,EL,SF,32,28,0.875,different-party
109,20966,EL,KF,16,12,0.75,different-party
109,21044,EL,S,32,19,0.59375,different-party
109,21083,EL,S,0,0,,different-party
109,21143,EL,S,22,11,0.5,different-party
109,21159,EL,M,24,15,0.625,different-party
109,21168,EL,V,19,10,0.5263157894736842,different-party
109,21186,EL,S,0,0,,different-party
109,21194,EL,KF,10,6,0.6,different-party
109,21206,EL,N,0,0,,different-party
110,112,EL,RV,31,22,0.7096774193548387,different-party
110,113,EL,DD,9,4,0.4444444444444444,different-party
110,118,EL,S,30,16,0.5333333333333333,different-party
110,119,EL,DD,15,8,0.5333333333333333,different-party
110,120,EL,S,12,5,0.4166666666666667,different-party
110,121,EL,SF,27,17,0.6296296296296297,different-party
110,125,EL,V,14,9,0.6428571428571429,different-party
110,127,EL,V,21,11,0.5238095238095238,different-party
110,130,EL,V,12,6,0.5,different-party
110,134,EL,V,0,0,,different-party
110,138,EL,S,0,0,,different-party
110,139,EL,V,21,10,0.47619047619047616,different-party
110,141,EL,RV,10,8,0.8,different-party
110,145,EL,M,1,0,0.0,different-party
110,152,EL,S,40,21,0.525,different-party
110,154,EL,S,21,12,0.5714285714285714,different-party
110,162,EL,DD,36,14,0.3888888888888889,different-party
110,164,EL,V,31,16,0.5161290322580645,different-party
110,168,EL,V,28,14,0.5,different-party
110,173,EL,V,14,9,0.6428571428571429,different-party
110,176,EL,EL,16,16,1.0,same-party
110,180,EL,V,28,15,0.5357142857142857,different-party
110,182,EL,DD,10,5,0.5,different-party
110,191,EL,RV,16,11,0.6875,different-party
110,199,EL,SF,22,15,0.6818181818181818,different-party
110,201,EL,S,22,11,0.5,different-party
110,206,EL,V,0,0,,different-party
110,208,EL,S,18,9,0.5,different-party
110,213,EL,S,21,11,0.5238095238095238,different-party
110,214,EL,S,28,15,0.5357142857142857,different-party
110,217,EL,V,8,4,0.5,different-party
110,219,EL,SF,13,10,0.7692307692307693,different-party
110,220,EL,S,15,8,0.5333333333333333,different-party
110,224,EL,S,24,13,0.5416666666666666,different-party
110,238,EL,DF,0,0,,different-party
110,244,EL,S,7,4,0.5714285714285714,different-party
110,252,EL,DF,27,8,0.2962962962962963,different-party
110,257,EL,S,39,21,0.5384615384615384,different-party
110,260,EL,S,18,9,0.5,different-party
110,262,EL,JF,1,0,0.0,different-party
110,266,EL,S,39,21,0.5384615384615384,different-party
110,273,EL,S,31,16,0.5161290322580645,different-party
110,278,EL,S,37,19,0.5135135135135135,different-party
110,286,EL,S,39,20,0.5128205128205128,different-party
110,667,EL,EL,22,22,1.0,same-party
110,1146,EL,DD,25,9,0.36,different-party
110,1454,EL,KF,24,12,0.5,different-party
110,1619,EL,S,34,17,0.5,different-party
110,1845,EL,V,31,16,0.5161290322580645,different-party
110,11702,EL,KF,28,15,0.5357142857142857,different-party
110,15757,EL,IA,0,0,,different-party
110,15760,EL,S,28,14,0.5,different-party
110,15762,EL,S,28,15,0.5357142857142857,different-party
110,15763,EL,DF,25,10,0.4,different-party
110,15770,EL,S,19,8,0.42105263157894735,different-party
110,15774,EL,DD,13,7,0.5384615384615384,different-party
110,15775,EL,ALT,4,3,0.75,different-party
110,15776,EL,S,39,21,0.5384615384615384,different-party
110,15777,EL,EL,4,4,1.0,same-party
110,15779,EL,LA,24,10,0.4166666666666667,different-party
110,15787,EL,S,20,10,0.5,different-party
110,15793,EL,KF,22,11,0.5,different-party
110,16180,EL,S,22,12,0.5454545454545454,different-party
110,16351,EL,S,40,21,0.525,different-party
110,16503,EL,S,4,2,0.5,different-party
110,16582,EL,EL,40,40,1.0,same-party
110,16728,EL,SF,21,15,0.7142857142857143,different-party
110,17141,EL,KF,18,9,0.5,different-party
110,17628,EL,SF,0,0,,different-party
110,17629,EL,DD,27,10,0.37037037037037035,different-party
110,18688,EL,N,0,0,,different-party
110,18693,EL,EL,11,10,0.9090909090909091,same-party
110,18694,EL,EL,39,39,1.0,same-party
110,18695,EL,V,31,16,0.5161290322580645,different-party
110,18696,EL,V,24,12,0.5,different-party
110,18698,EL,V,27,14,0.5185185185185185,different-party
110,18699,EL,V,37,19,0.5135135135135135,different-party
110,18700,EL,V,19,10,0.5263157894736842,different-party
110,18701,EL,V,4,2,0.5,different-party
110,18703,EL,LA,1,1,1.0,different-party
110,18704,EL,SF,31,21,0.6774193548387096,different-party
110,18707,EL,SF,31,21,0.6774193548387096,different-party
110,18708,EL,SF,12,7,0.5833333333333334,different-party
110,18709,EL,SF,10,8,0.8,different-party
110,18713,EL,KF,28,14,0.5,different-party
110,18715,EL,S,31,16,0.5161290322580645,different-party
110,18716,EL,S,15,8,0.5333333333333333,different-party
110,18717,EL,S,35,18,0.5142857142857142,different-party
110,18718,EL,S,35,20,0.5714285714285714,different-party
110,18719,EL,S,28,17,0.6071428571428571,different-party
110,18720,EL,S,33,16,0.48484848484848486,different-party
110,18721,EL,DF,40,14,0.35,different-party
110,18722,EL,UFG,0,0,,different-party
110,18723,EL,LA,16,8,0.5,different-party
110,18724,EL,UFG,38,15,0.39473684210526316,different-party
110,18725,EL,RV,27,18,0.6666666666666666,different-party
110,18726,EL,RV,27,15,0.5555555555555556,different-party
110,18729,EL,RV,37,23,0.6216216216216216,different-party
110,18882,EL,S,0,0,,different-party
110,19000,EL,SF,40,28,0.7,different-party
110,19928,EL,S,22,12,0.5454545454545454,different-party
110,20349,EL,SP,0,0,,different-party
110,20350,EL,DF,15,4,0.26666666666666666,different-party
110,20351,EL,ALT,1,1,1.0,different-party
110,20352,EL,ALT,36,23,0.6388888888888888,different-party
110,20353,EL,ALT,12,10,0.8333333333333334,different-party
110,20354,EL,UFG,0,0,,different-party
110,20355,EL,DD,31,13,0.41935483870967744,different-party
110,20356,EL,DF,28,12,0.42857142857142855,different-party
110,20357,EL,KF,12,6,0.5,different-party
110,20358,EL,SF,3,3,1.0,different-party
110,20359,EL,SF,40,28,0.7,different-party
110,20360,EL,SF,31,23,0.7419354838709677,different-party
110,20361,EL,S,0,0,,different-party
110,20362,EL,S,35,19,0.5428571428571428,different-party
110,20363,EL,S,40,21,0.525,different-party
110,20364,EL,S,40,21,0.525,different-party
110,20365,EL,S,31,17,0.5483870967741935,different-party
110,20366,EL,S,4,2,0.5,different-party
110,20367,EL,S,40,21,0.525,different-party
110,20368,EL,S,16,8,0.5,different-party
110,20369,EL,KF,18,9,0.5,different-party
110,20370,EL,ALT,18,11,0.6111111111111112,different-party
110,20371,EL,V,37,19,0.5135135135135135,different-party
110,20372,EL,DD,22,11,0.5,different-party
110,20373,EL,DD,14,8,0.5714285714285714,different-party
110,20374,EL,DD,13,7,0.5384615384615384,different-party
110,20375,EL,DD,13,7,0.5384615384615384,different-party
110,20376,EL,DD,31,13,0.41935483870967744,different-party
110,20377,EL,M,39,21,0.5384615384615384,different-party
110,20378,EL,M,39,21,0.5384615384615384,different-party
110,20379,EL,M,0,0,,different-party
110,20380,EL,M,0,0,,different-party
110,20381,EL,ALT,22,14,0.6363636363636364,different-party
110,20382,EL,M,1,0,0.0,different-party
110,20383,EL,UFG,1,0,0.0,different-party
110,20384,EL,M,13,7,0.5384615384615384,different-party
110,20385,EL,M,12,6,0.5,different-party
110,20386,EL,M,27,13,0.48148148148148145,different-party
110,20388,EL,UFG,21,10,0.47619047619047616,different-party
110,20389,EL,M,40,21,0.525,different-party
110,20390,EL,UFG,22,10,0.45454545454545453,different-party
110,20391,EL,LA,29,12,0.41379310344827586,different-party
110,20392,EL,LA,4,2,0.5,different-party
110,20393,EL,LA,27,10,0.37037037037037035,different-party
110,20394,EL,LA,27,10,0.37037037037037035,different-party
110,20395,EL,LA,9,3,0.3333333333333333,different-party
110,20396,EL,LA,12,4,0.3333333333333333,different-party
110,20397,EL,LA,39,15,0.38461538461538464,different-party
110,20398,EL,LA,37,15,0.40540540540540543,different-party
110,20399,EL,LA,40,16,0.4,different-party
110,20400,EL,LA,40,16,0.4,different-party
110,20411,EL,EL,33,33,1.0,same-party
110,20415,EL,M,37,19,0.5135135135135135,different-party
110,20496,EL,M,22,12,0.5454545454545454,different-party
110,20781,EL,S,39,20,0.5128205128205128,different-party
110,20798,EL,SF,40,28,0.7,different-party
110,20820,EL,LA,37,15,0.40540540540540543,different-party
110,20917,EL,KF,3,1,0.3333333333333333,different-party
110,20925,EL,KF,40,20,0.5,different-party
110,20930,EL,S,39,21,0.5384615384615384,different-party
110,20962,EL,SF,18,13,0.7222222222222222,different-party
110,20966,EL,KF,25,12,0.48,different-party
110,21044,EL,S,40,21,0.525,different-party
110,21083,EL,S,1,0,0.0,different-party
110,21143,EL,S,27,13,0.48148148148148145,different-party
110,21159,EL,M,33,17,0.5151515151515151,different-party
110,21168,EL,V,31,17,0.5483870967741935,different-party
110,21186,EL,S,1,0,0.0,different-party
110,21194,EL,KF,22,11,0.5,different-party
110,21206,EL,N,0,0,,different-party
112,113,RV,DD,22,13,0.5909090909090909,different-party
112,118,RV,S,73,59,0.8082191780821918,different-party
112,119,RV,DD,58,37,0.6379310344827587,different-party
112,120,RV,S,39,29,0.7435897435897436,different-party
112,121,RV,SF,35,26,0.7428571428571429,different-party
112,125,RV,V,16,12,0.75,different-party
112,127,RV,V,60,50,0.8333333333333334,different-party
112,130,RV,V,18,13,0.7222222222222222,different-party
112,134,RV,V,26,24,0.9230769230769231,different-party
112,138,RV,S,1,0,0.0,different-party
112,139,RV,V,45,35,0.7777777777777778,different-party
112,141,RV,RV,16,16,1.0,same-party
112,145,RV,M,1,0,0.0,different-party
112,152,RV,S,59,47,0.7966101694915254,different-party
112,154,RV,S,27,24,0.8888888888888888,different-party
112,162,RV,DD,43,26,0.6046511627906976,different-party
112,164,RV,V,63,55,0.873015873015873,different-party
112,168,RV,V,68,57,0.8382352941176471,different-party
112,173,RV,V,18,15,0.8333333333333334,different-party
112,176,RV,EL,22,15,0.6818181818181818,different-party
112,180,RV,V,70,59,0.8428571428571429,different-party
112,182,RV,DD,10,5,0.5,different-party
112,191,RV,RV,43,43,1.0,same-party
112,199,RV,SF,28,23,0.8214285714285714,different-party
112,201,RV,S,55,44,0.8,different-party
112,206,RV,V,1,0,0.0,different-party
112,208,RV,S,21,14,0.6666666666666666,different-party
112,213,RV,S,61,49,0.8032786885245902,different-party
112,214,RV,S,50,40,0.8,different-party
112,217,RV,V,8,6,0.75,different-party
112,219,RV,SF,19,13,0.6842105263157895,different-party
112,220,RV,S,14,12,0.8571428571428571,different-party
112,224,RV,S,57,52,0.9122807017543859,different-party
112,238,RV,DF,7,6,0.8571428571428571,different-party
112,244,RV,S,44,33,0.75,different-party
112,252,RV,DF,43,23,0.5348837209302325,different-party
112,257,RV,S,72,61,0.8472222222222222,different-party
112,260,RV,S,42,37,0.8809523809523809,different-party
112,262,RV,JF,1,0,0.0,different-party
112,266,RV,S,53,42,0.7924528301886793,different-party
112,273,RV,S,71,59,0.8309859154929577,different-party
112,278,RV,S,74,62,0.8378378378378378,different-party
112,286,RV,S,71,58,0.8169014084507042,different-party
112,667,RV,EL,58,45,0.7758620689655172,different-party
112,1146,RV,DD,67,46,0.6865671641791045,different-party
112,1454,RV,KF,56,53,0.9464285714285714,different-party
112,1619,RV,S,70,60,0.8571428571428571,different-party
112,1845,RV,V,35,30,0.8571428571428571,different-party
112,11702,RV,KF,47,40,0.851063829787234,different-party
112,15757,RV,IA,0,0,,different-party
112,15760,RV,S,42,32,0.7619047619047619,different-party
112,15762,RV,S,64,55,0.859375,different-party
112,15763,RV,DF,54,31,0.5740740740740741,different-party
112,15770,RV,S,53,42,0.7924528301886793,different-party
112,15774,RV,DD,47,31,0.6595744680851063,different-party
112,15775,RV,ALT,17,11,0.6470588235294118,different-party
112,15776,RV,S,53,41,0.7735849056603774,different-party
112,15777,RV,EL,11,6,0.5454545454545454,different-party
112,15779,RV,LA,38,22,0.5789473684210527,different-party
112,15787,RV,S,60,48,0.8,different-party
112,15793,RV,KF,22,13,0.5909090909090909,different-party
112,16180,RV,S,51,39,0.7647058823529411,different-party
112,16351,RV,S,80,66,0.825,different-party
112,16503,RV,S,20,12,0.6,different-party
112,16582,RV,EL,74,54,0.7297297297297297,different-party
112,16728,RV,SF,39,32,0.8205128205128205,different-party
112,17141,RV,KF,25,23,0.92,different-party
112,17628,RV,SF,13,11,0.8461538461538461,different-party
112,17629,RV,DD,47,31,0.6595744680851063,different-party
112,18688,RV,N,0,0,,different-party
112,18693,RV,EL,51,34,0.6666666666666666,different-party
112,18694,RV,EL,79,55,0.6962025316455697,different-party
112,18695,RV,V,65,54,0.8307692307692308,different-party
112,18696,RV,V,62,49,0.7903225806451613,different-party
112,18698,RV,V,54,46,0.8518518518518519,different-party
112,18699,RV,V,77,64,0.8311688311688312,different-party
112,18700,RV,V,41,34,0.8292682926829268,different-party
112,18701,RV,V,15,11,0.7333333333333333,different-party
112,18703,RV,LA,1,1,1.0,different-party
112,18704,RV,SF,64,53,0.828125,different-party
112,18707,RV,SF,78,63,0.8076923076923077,different-party
112,18708,RV,SF,38,33,0.868421052631579,different-party
112,18709,RV,SF,14,6,0.42857142857142855,different-party
112,18713,RV,KF,34,29,0.8529411764705882,different-party
112,18715,RV,S,49,43,0.8775510204081632,different-party
112,18716,RV,S,49,38,0.7755102040816326,different-party
112,18717,RV,S,54,44,0.8148148148148148,different-party
112,18718,RV,S,74,62,0.8378378378378378,different-party
112,18719,RV,S,47,39,0.8297872340425532,different-party
112,18720,RV,S,67,57,0.8507462686567164,different-party
112,18721,RV,DF,71,43,0.6056338028169014,different-party
112,18722,RV,UFG,0,0,,different-party
112,18723,RV,LA,41,36,0.8780487804878049,different-party
112,18724,RV,UFG,65,27,0.4153846153846154,different-party
112,18725,RV,RV,46,46,1.0,same-party
112,18726,RV,RV,60,60,1.0,same-party
112,18729,RV,RV,51,51,1.0,same-party
112,18882,RV,S,22,15,0.6818181818181818,different-party
112,19000,RV,SF,80,64,0.8,different-party
112,19928,RV,S,56,49,0.875,different-party
112,20349,RV,SP,6,6,1.0,different-party
112,20350,RV,DF,22,9,0.4090909090909091,different-party
112,20351,RV,ALT,1,1,1.0,different-party
112,20352,RV,ALT,50,33,0.66,different-party
112,20353,RV,ALT,24,21,0.875,different-party
112,20354,RV,UFG,6,3,0.5,different-party
112,20355,RV,DD,71,49,0.6901408450704225,different-party
112,20356,RV,DF,68,38,0.5588235294117647,different-party
112,20357,RV,KF,52,45,0.8653846153846154,different-party
112,20358,RV,SF,3,3,1.0,different-party
112,20359,RV,SF,74,59,0.7972972972972973,different-party
112,20360,RV,SF,67,54,0.8059701492537313,different-party
112,20361,RV,S,15,9,0.6,different-party
112,20362,RV,S,65,59,0.9076923076923077,different-party
112,20363,RV,S,74,61,0.8243243243243243,different-party
112,20364,RV,S,65,56,0.8615384615384616,different-party
112,20365,RV,S,60,47,0.7833333333333333,different-party
112,20366,RV,S,27,17,0.6296296296296297,different-party
112,20367,RV,S,78,65,0.8333333333333334,different-party
112,20368,RV,S,47,39,0.8297872340425532,different-party
112,20369,RV,KF,66,58,0.8787878787878788,different-party
112,20370,RV,ALT,60,46,0.7666666666666667,different-party
112,20371,RV,V,57,45,0.7894736842105263,different-party
112,20372,RV,DD,28,16,0.5714285714285714,different-party
112,20373,RV,DD,34,23,0.6764705882352942,different-party
112,20374,RV,DD,45,30,0.6666666666666666,different-party
112,20375,RV,DD,33,22,0.6666666666666666,different-party
112,20376,RV,DD,80,53,0.6625,different-party
112,20377,RV,M,62,53,0.8548387096774194,different-party
112,20378,RV,M,78,66,0.8461538461538461,different-party
112,20379,RV,M,0,0,,different-party
112,20380,RV,M,10,5,0.5,different-party
112,20381,RV,ALT,61,43,0.7049180327868853,different-party
112,20382,RV,M,18,10,0.5555555555555556,different-party
112,20383,RV,UFG,40,37,0.925,different-party
112,20384,RV,M,20,14,0.7,different-party
112,20385,RV,M,46,36,0.782608695652174,different-party
112,20386,RV,M,25,22,0.88,different-party
112,20388,RV,UFG,39,32,0.8205128205128205,different-party
112,20389,RV,M,80,66,0.825,different-party
112,20390,RV,UFG,54,36,0.6666666666666666,different-party
112,20391,RV,LA,49,34,0.6938775510204082,different-party
112,20392,RV,LA,42,32,0.7619047619047619,different-party
112,20393,RV,LA,68,49,0.7205882352941176,different-party
112,20394,RV,LA,60,46,0.7666666666666667,different-party
112,20395,RV,LA,57,44,0.7719298245614035,different-party
112,20396,RV,LA,13,6,0.46153846153846156,different-party
112,20397,RV,LA,38,23,0.6052631578947368,different-party
112,20398,RV,LA,68,51,0.75,different-party
112,20399,RV,LA,47,29,0.6170212765957447,different-party
112,20400,RV,LA,74,52,0.7027027027027027,different-party
112,20411,RV,EL,60,41,0.6833333333333333,different-party
112,20415,RV,M,76,64,0.8421052631578947,different-party
112,20496,RV,M,57,49,0.8596491228070176,different-party
112,20781,RV,S,72,60,0.8333333333333334,different-party
112,20798,RV,SF,74,62,0.8378378378378378,different-party
112,20820,RV,LA,74,56,0.7567567567567568,different-party
112,20917,RV,KF,4,2,0.5,different-party
112,20925,RV,KF,70,63,0.9,different-party
112,20930,RV,S,63,56,0.8888888888888888,different-party
112,20962,RV,SF,67,54,0.8059701492537313,different-party
112,20966,RV,KF,59,47,0.7966101694915254,different-party
112,21044,RV,S,80,66,0.825,different-party
112,21083,RV,S,2,0,0.0,different-party
112,21143,RV,S,41,32,0.7804878048780488,different-party
112,21159,RV,M,59,53,0.8983050847457628,different-party
112,21168,RV,V,60,47,0.7833333333333333,different-party
112,21186,RV,S,2,0,0.0,different-party
112,21194,RV,KF,43,34,0.7906976744186046,different-party
112,21206,RV,N,0,0,,different-party
113,118,DD,S,26,14,0.5384615384615384,different-party
113,119,DD,DD,98,98,1.0,same-party
113,120,DD,S,93,32,0.34408602150537637,different-party
113,121,DD,SF,73,16,0.2191780821917808,different-party
113,125,DD,V,76,22,0.2894736842105263,different-party
113,127,DD,V,107,44,0.411214953271028,different-party
113,130,DD,V,34,28,0.8235294117647058,different-party
113,134,DD,V,10,7,0.7,different-party
113,138,DD,S,1,0,0.0,different-party
113,139,DD,V,19,14,0.7368421052631579,different-party
113,141,DD,RV,6,6,1.0,different-party
113,145,DD,M,0,0,,different-party
113,152,DD,S,107,44,0.411214953271028,different-party
113,154,DD,S,0,0,,different-party
113,162,DD,DD,18,18,1.0,same-party
113,164,DD,V,33,24,0.7272727272727273,different-party
113,168,DD,V,107,44,0.411214953271028,different-party
113,173,DD,V,7,7,1.0,different-party
113,176,DD,EL,82,16,0.1951219512195122,different-party
113,180,DD,V,91,34,0.37362637362637363,different-party
113,182,DD,DD,65,65,1.0,same-party
113,191,DD,RV,100,37,0.37,different-party
113,199,DD,SF,94,28,0.2978723404255319,different-party
113,201,DD,S,107,44,0.411214953271028,different-party
113,206,DD,V,1,0,0.0,different-party
113,208,DD,S,88,28,0.3181818181818182,different-party
113,213,DD,S,105,42,0.4,different-party
113,214,DD,S,25,19,0.76,different-party
113,217,DD,V,10,7,0.7,different-party
113,219,DD,SF,24,12,0.5,different-party
113,220,DD,S,1,1,1.0,different-party
113,224,DD,S,76,27,0.35526315789473684,different-party
113,238,DD,DF,7,4,0.5714285714285714,different-party
113,244,DD,S,20,13,0.65,different-party
113,252,DD,DF,24,16,0.6666666666666666,different-party
113,257,DD,S,89,35,0.39325842696629215,different-party
113,260,DD,S,88,31,0.3522727272727273,different-party
113,262,DD,JF,0,0,,different-party
113,266,DD,S,96,37,0.3854166666666667,different-party
113,273,DD,S,107,44,0.411214953271028,different-party
113,278,DD,S,107,44,0.411214953271028,different-party
113,286,DD,S,100,38,0.38,different-party
113,667,DD,EL,75,15,0.2,different-party
113,1146,DD,DD,25,25,1.0,same-party
113,1454,DD,KF,12,9,0.75,different-party
113,1619,DD,S,94,37,0.39361702127659576,different-party
113,1845,DD,V,81,30,0.37037037037037035,different-party
113,11702,DD,KF,97,38,0.3917525773195876,different-party
113,15757,DD,IA,0,0,,different-party
113,15760,DD,S,35,23,0.6571428571428571,different-party
113,15762,DD,S,75,18,0.24,different-party
113,15763,DD,DF,98,72,0.7346938775510204,different-party
113,15770,DD,S,31,22,0.7096774193548387,different-party
113,15774,DD,DD,7,7,1.0,same-party
113,15775,DD,ALT,72,19,0.2638888888888889,different-party
113,15776,DD,S,35,23,0.6571428571428571,different-party
113,15777,DD,EL,69,13,0.18840579710144928,different-party
113,15779,DD,LA,35,31,0.8857142857142857,different-party
113,15787,DD,S,107,44,0.411214953271028,different-party
113,15793,DD,KF,94,38,0.40425531914893614,different-party
113,16180,DD,S,34,22,0.6470588235294118,different-party
113,16351,DD,S,107,44,0.411214953271028,different-party
113,16503,DD,S,17,8,0.47058823529411764,different-party
113,16582,DD,EL,101,25,0.24752475247524752,different-party
113,16728,DD,SF,91,26,0.2857142857142857,different-party
113,17141,DD,KF,70,20,0.2857142857142857,different-party
113,17628,DD,SF,13,5,0.38461538461538464,different-party
113,17629,DD,DD,28,28,1.0,same-party
113,18688,DD,N,0,0,,different-party
113,18693,DD,EL,41,15,0.36585365853658536,different-party
113,18694,DD,EL,106,25,0.2358490566037736,different-party
113,18695,DD,V,107,44,0.411214953271028,different-party
113,18696,DD,V,31,22,0.7096774193548387,different-party
113,18698,DD,V,25,16,0.64,different-party
113,18699,DD,V,106,43,0.4056603773584906,different-party
113,18700,DD,V,22,13,0.5909090909090909,different-party
113,18701,DD,V,21,14,0.6666666666666666,different-party
113,18703,DD,LA,0,0,,different-party
113,18704,DD,SF,16,7,0.4375,different-party
113,18707,DD,SF,96,27,0.28125,different-party
113,18708,DD,SF,66,13,0.19696969696969696,different-party
113,18709,DD,SF,97,28,0.28865979381443296,different-party
113,18713,DD,KF,76,24,0.3157894736842105,different-party
113,18715,DD,S,19,16,0.8421052631578947,different-party
113,18716,DD,S,35,23,0.6571428571428571,different-party
113,18717,DD,S,105,43,0.4095238095238095,different-party
113,18718,DD,S,105,44,0.41904761904761906,different-party
113,18719,DD,S,74,21,0.28378378378378377,different-party
113,18720,DD,S,99,42,0.42424242424242425,different-party
113,18721,DD,DF,31,23,0.7419354838709677,different-party
113,18722,DD,UFG,0,0,,different-party
113,18723,DD,LA,22,19,0.8636363636363636,different-party
113,18724,DD,UFG,28,20,0.7142857142857143,different-party
113,18725,DD,RV,89,26,0.29213483146067415,different-party
113,18726,DD,RV,35,22,0.6285714285714286,different-party
113,18729,DD,RV,101,33,0.32673267326732675,different-party
113,18882,DD,S,16,7,0.4375,different-party
113,19000,DD,SF,31,15,0.4838709677419355,different-party
113,19928,DD,S,89,29,0.3258426966292135,different-party
113,20349,DD,SP,72,21,0.2916666666666667,different-party
113,20350,DD,DF,18,11,0.6111111111111112,different-party
113,20351,DD,ALT,0,0,,different-party
113,20352,DD,ALT,97,31,0.31958762886597936,different-party
113,20353,DD,ALT,19,11,0.5789473684210527,different-party
113,20354,DD,UFG,3,1,0.3333333333333333,different-party
113,20355,DD,DD,31,31,1.0,same-party
113,20356,DD,DF,91,68,0.7472527472527473,different-party
113,20357,DD,KF,41,31,0.7560975609756098,different-party
113,20358,DD,SF,0,0,,different-party
113,20359,DD,SF,107,33,0.308411214953271,different-party
113,20360,DD,SF,37,19,0.5135135135135135,different-party
113,20361,DD,S,15,7,0.4666666666666667,different-party
113,20362,DD,S,98,38,0.3877551020408163,different-party
113,20363,DD,S,107,44,0.411214953271028,different-party
113,20364,DD,S,98,38,0.3877551020408163,different-party
113,20365,DD,S,98,35,0.35714285714285715,different-party
113,20366,DD,S,16,7,0.4375,different-party
113,20367,DD,S,106,44,0.41509433962264153,different-party
113,20368,DD,S,98,38,0.3877551020408163,different-party
113,20369,DD,KF,93,36,0.3870967741935484,different-party
113,20370,DD,ALT,26,13,0.5,different-party
113,20371,DD,V,107,44,0.411214953271028,different-party
113,20372,DD,DD,34,34,1.0,same-party
113,20373,DD,DD,41,41,1.0,same-party
113,20374,DD,DD,106,106,1.0,same-party
113,20375,DD,DD,76,76,1.0,same-party
113,20376,DD,DD,98,98,1.0,same-party
113,20377,DD,M,26,17,0.6538461538461539,different-party
113,20378,DD,M,107,44,0.411214953271028,different-party
113,20379,DD,M,0,0,,different-party
113,20380,DD,M,10,6,0.6,different-party
113,20381,DD,ALT,107,36,0.3364485981308411,different-party
113,20382,DD,M,16,7,0.4375,different-party
113,20383,DD,UFG,13,9,0.6923076923076923,different-party
113,20384,DD,M,72,17,0.2361111111111111,different-party
113,20385,DD,M,35,23,0.6571428571428571,different-party
113,20386,DD,M,90,37,0.4111111111111111,different-party
113,20388,DD,UFG,14,14,1.0,different-party
113,20389,DD,M,97,37,0.38144329896907214,different-party
113,20390,DD,UFG,34,29,0.8529411764705882,different-party
113,20391,DD,LA,107,75,0.7009345794392523,different-party
113,20392,DD,LA,12,10,0.8333333333333334,different-party
113,20393,DD,LA,81,53,0.654320987654321,different-party
113,20394,DD,LA,97,66,0.6804123711340206,different-party
113,20395,DD,LA,98,65,0.6632653061224489,different-party
113,20396,DD,LA,76,47,0.618421052631579,different-party
113,20397,DD,LA,8,8,1.0,different-party
113,20398,DD,LA,105,73,0.6952380952380952,different-party
113,20399,DD,LA,100,71,0.71,different-party
113,20400,DD,LA,101,69,0.6831683168316832,different-party
113,20411,DD,EL,24,9,0.375,different-party
113,20415,DD,M,107,44,0.411214953271028,different-party
113,20496,DD,M,91,34,0.37362637362637363,different-party
113,20781,DD,S,107,44,0.411214953271028,different-party
113,20798,DD,SF,101,31,0.3069306930693069,different-party
113,20820,DD,LA,39,35,0.8974358974358975,different-party
113,20917,DD,KF,0,0,,different-party
113,20925,DD,KF,98,40,0.40816326530612246,different-party
113,20930,DD,S,21,16,0.7619047619047619,different-party
113,20962,DD,SF,32,14,0.4375,different-party
113,20966,DD,KF,25,17,0.68,different-party
113,21044,DD,S,107,44,0.411214953271028,different-party
113,21083,DD,S,0,0,,different-party
113,21143,DD,S,105,43,0.4095238095238095,different-party
113,21159,DD,M,87,33,0.3793103448275862,different-party
113,21168,DD,V,88,28,0.3181818181818182,different-party
113,21186,DD,S,0,0,,different-party
113,21194,DD,KF,28,23,0.8214285714285714,different-party
113,21206,DD,N,0,0,,different-party
118,119,S,DD,64,37,0.578125,different-party
118,120,S,S,42,42,1.0,same-party
118,121,S,SF,37,27,0.7297297297297297,different-party
118,125,S,V,27,27,1.0,different-party
118,127,S,V,66,65,0.9848484848484849,different-party
118,130,S,V,22,22,1.0,different-party
118,134,S,V,36,36,1.0,different-party
118,138,S,S,1,1,1.0,same-party
118,139,S,V,45,45,1.0,different-party
118,141,S,RV,10,7,0.7,different-party
118,145,S,M,1,1,1.0,different-party
118,152,S,S,62,62,1.0,same-party
118,154,S,S,26,26,1.0,same-party
118,162,S,DD,43,25,0.5813953488372093,different-party
118,164,S,V,69,69,1.0,different-party
118,168,S,V,71,71,1.0,different-party
118,173,S,V,16,16,1.0,different-party
118,176,S,EL,28,18,0.6428571428571429,different-party
118,180,S,V,76,76,1.0,different-party
118,182,S,DD,13,6,0.46153846153846156,different-party
118,191,S,RV,49,38,0.7755102040816326,different-party
118,199,S,SF,40,28,0.7,different-party
118,201,S,S,62,62,1.0,same-party
118,206,S,V,1,1,1.0,different-party
118,208,S,S,33,33,1.0,same-party
118,213,S,S,67,67,1.0,same-party
118,214,S,S,57,57,1.0,same-party
118,217,S,V,18,18,1.0,different-party
118,219,S,SF,12,7,0.5833333333333334,different-party
118,220,S,S,14,14,1.0,same-party
118,224,S,S,64,64,1.0,same-party
118,238,S,DF,7,4,0.5714285714285714,different-party
118,244,S,S,56,56,1.0,same-party
118,252,S,DF,55,31,0.5636363636363636,different-party
118,257,S,S,65,64,0.9846153846153847,same-party
118,260,S,S,36,36,1.0,same-party
118,262,S,JF,1,1,1.0,different-party
118,266,S,S,46,46,1.0,same-party
118,273,S,S,77,77,1.0,same-party
118,278,S,S,80,80,1.0,same-party
118,286,S,S,83,83,1.0,same-party
118,667,S,EL,60,37,0.6166666666666667,different-party
118,1146,S,DD,71,45,0.6338028169014085,different-party
118,1454,S,KF,50,42,0.84,different-party
118,1619,S,S,67,67,1.0,same-party
118,1845,S,V,28,28,1.0,different-party
118,11702,S,KF,44,37,0.8409090909090909,different-party
118,15757,S,IA,0,0,,different-party
118,15760,S,S,54,54,1.0,same-party
118,15762,S,S,65,65,1.0,same-party
118,15763,S,DF,61,32,0.5245901639344263,different-party
118,15770,S,S,46,46,1.0,same-party
118,15774,S,DD,49,27,0.5510204081632653,different-party
118,15775,S,ALT,11,7,0.6363636363636364,different-party
118,15776,S,S,65,65,1.0,same-party
118,15777,S,EL,14,9,0.6428571428571429,different-party
118,15779,S,LA,50,32,0.64,different-party
118,15787,S,S,63,63,1.0,same-party
118,15793,S,KF,32,22,0.6875,different-party
118,16180,S,S,63,63,1.0,same-party
118,16351,S,S,83,83,1.0,same-party
118,16503,S,S,23,23,1.0,same-party
118,16582,S,EL,86,53,0.6162790697674418,different-party
118,16728,S,SF,43,33,0.7674418604651163,different-party
118,17141,S,KF,21,19,0.9047619047619048,different-party
118,17628,S,SF,13,9,0.6923076923076923,different-party
118,17629,S,DD,57,38,0.6666666666666666,different-party
118,18688,S,N,0,0,,different-party
118,18693,S,EL,55,37,0.6727272727272727,different-party
118,18694,S,EL,82,52,0.6341463414634146,different-party
118,18695,S,V,71,71,1.0,different-party
118,18696,S,V,58,58,1.0,different-party
118,18698,S,V,57,57,1.0,different-party
118,18699,S,V,81,81,1.0,different-party
118,18700,S,V,53,53,1.0,different-party
118,18701,S,V,22,22,1.0,different-party
118,18703,S,LA,1,0,0.0,different-party
118,18704,S,SF,70,56,0.8,different-party
118,18707,S,SF,84,64,0.7619047619047619,different-party
118,18708,S,SF,37,31,0.8378378378378378,different-party
118,18709,S,SF,19,13,0.6842105263157895,different-party
118,18713,S,KF,43,35,0.813953488372093,different-party
118,18715,S,S,61,61,1.0,same-party
118,18716,S,S,61,61,1.0,same-party
118,18717,S,S,57,57,1.0,same-party
118,18718,S,S,80,80,1.0,same-party
118,18719,S,S,43,43,1.0,same-party
118,18720,S,S,74,74,1.0,same-party
118,18721,S,DF,73,40,0.547945205479452,different-party
118,18722,S,UFG,0,0,,different-party
118,18723,S,LA,37,29,0.7837837837837838,different-party
118,18724,S,UFG,75,28,0.37333333333333335,different-party
118,18725,S,RV,53,45,0.8490566037735849,different-party
118,18726,S,RV,72,61,0.8472222222222222,different-party
118,18729,S,RV,63,49,0.7777777777777778,different-party
118,18882,S,S,25,25,1.0,same-party
118,19000,S,SF,76,58,0.7631578947368421,different-party
118,19928,S,S,62,62,1.0,same-party
118,20349,S,SP,0,0,,different-party
118,20350,S,DF,24,14,0.5833333333333334,different-party
118,20351,S,ALT,1,0,0.0,different-party
118,20352,S,ALT,43,24,0.5581395348837209,different-party
118,20353,S,ALT,36,27,0.75,different-party
118,20354,S,UFG,6,0,0.0,different-party
118,20355,S,DD,67,40,0.5970149253731343,different-party
118,20356,S,DF,72,40,0.5555555555555556,different-party
118,20357,S,KF,59,50,0.847457627118644,different-party
118,20358,S,SF,3,2,0.6666666666666666,different-party
118,20359,S,SF,79,59,0.7468354430379747,different-party
118,20360,S,SF,73,57,0.7808219178082192,different-party
118,20361,S,S,15,15,1.0,same-party
118,20362,S,S,71,71,1.0,same-party
118,20363,S,S,77,77,1.0,same-party
118,20364,S,S,71,71,1.0,same-party
118,20365,S,S,66,66,1.0,same-party
118,20366,S,S,30,30,1.0,same-party
118,20367,S,S,84,84,1.0,same-party
118,20368,S,S,53,53,1.0,same-party
118,20369,S,KF,72,63,0.875,different-party
118,20370,S,ALT,73,53,0.726027397260274,different-party
118,20371,S,V,63,63,1.0,different-party
118,20372,S,DD,31,18,0.5806451612903226,different-party
118,20373,S,DD,40,21,0.525,different-party
118,20374,S,DD,51,31,0.6078431372549019,different-party
118,20375,S,DD,42,27,0.6428571428571429,different-party
118,20376,S,DD,86,51,0.5930232558139535,different-party
118,20377,S,M,74,74,1.0,different-party
118,20378,S,M,84,84,1.0,different-party
118,20379,S,M,0,0,,different-party
118,20380,S,M,10,10,1.0,different-party
118,20381,S,ALT,68,45,0.6617647058823529,different-party
118,20382,S,M,18,18,1.0,different-party
118,20383,S,UFG,37,31,0.8378378378378378,different-party
118,20384,S,M,17,17,1.0,different-party
118,20385,S,M,59,59,1.0,different-party
118,20386,S,M,29,28,0.9655172413793104,different-party
118,20388,S,UFG,36,33,0.9166666666666666,different-party
118,20389,S,M,73,73,1.0,different-party
118,20390,S,UFG,58,35,0.603448275862069,different-party
118,20391,S,LA,55,36,0.6545454545454545,different-party
118,20392,S,LA,41,33,0.8048780487804879,different-party
118,20393,S,LA,65,47,0.7230769230769231,different-party
118,20394,S,LA,56,42,0.75,different-party
118,20395,S,LA,61,44,0.7213114754098361,different-party
118,20396,S,LA,25,14,0.56,different-party
118,20397,S,LA,37,24,0.6486486486486487,different-party
118,20398,S,LA,72,49,0.6805555555555556,different-party
118,20399,S,LA,53,33,0.6226415094339622,different-party
118,20400,S,LA,86,60,0.6976744186046512,different-party
118,20411,S,EL,54,33,0.6111111111111112,different-party
118,20415,S,M,83,83,1.0,different-party
118,20496,S,M,63,63,1.0,different-party
118,20781,S,S,78,78,1.0,same-party
118,20798,S,SF,83,64,0.7710843373493976,different-party
118,20820,S,LA,78,55,0.7051282051282052,different-party
118,20917,S,KF,3,2,0.6666666666666666,different-party
118,20925,S,KF,76,64,0.8421052631578947,different-party
118,20930,S,S,59,59,1.0,same-party
118,20962,S,SF,74,59,0.7972972972972973,different-party
118,20966,S,KF,61,47,0.7704918032786885,different-party
118,21044,S,S,86,86,1.0,same-party
118,21083,S,S,2,2,1.0,same-party
118,21143,S,S,45,45,1.0,same-party
118,21159,S,M,66,66,1.0,different-party
118,21168,S,V,53,53,1.0,different-party
118,21186,S,S,2,2,1.0,same-party
118,21194,S,KF,53,41,0.7735849056603774,different-party
118,21206,S,N,0,0,,different-party
119,120,DD,S,106,36,0.33962264150943394,different-party
119,121,DD,SF,89,29,0.3258426966292135,different-party
119,125,DD,V,94,32,0.3404255319148936,different-party
119,127,DD,V,133,59,0.44360902255639095,different-party
119,130,DD,V,28,20,0.7142857142857143,different-party
119,134,DD,V,30,21,0.7,different-party
119,138,DD,S,1,0,0.0,different-party
119,139,DD,V,44,25,0.5681818181818182,different-party
119,141,DD,RV,15,10,0.6666666666666666,different-party
119,145,DD,M,0,0,,different-party
119,152,DD,S,113,43,0.3805309734513274,different-party
119,154,DD,S,6,4,0.6666666666666666,different-party
119,162,DD,DD,22,22,1.0,same-party
119,164,DD,V,54,35,0.6481481481481481,different-party
119,168,DD,V,122,52,0.4262295081967213,different-party
119,173,DD,V,12,6,0.5,different-party
119,176,DD,EL,100,26,0.26,different-party
119,180,DD,V,127,57,0.44881889763779526,different-party
119,182,DD,DD,77,77,1.0,same-party
119,191,DD,RV,121,51,0.4214876033057851,different-party
119,199,DD,SF,100,34,0.34,different-party
119,201,DD,S,133,56,0.42105263157894735,different-party
119,206,DD,V,1,0,0.0,different-party
119,208,DD,S,99,32,0.32323232323232326,different-party
119,213,DD,S,132,55,0.4166666666666667,different-party
119,214,DD,S,41,26,0.6341463414634146,different-party
119,217,DD,V,18,10,0.5555555555555556,different-party
119,219,DD,SF,18,9,0.5,different-party
119,220,DD,S,6,4,0.6666666666666666,different-party
119,224,DD,S,109,47,0.43119266055045874,different-party
119,238,DD,DF,7,4,0.5714285714285714,different-party
119,244,DD,S,50,33,0.66,different-party
119,252,DD,DF,41,28,0.6829268292682927,different-party
119,257,DD,S,116,48,0.41379310344827586,different-party
119,260,DD,S,108,40,0.37037037037037035,different-party
119,262,DD,JF,0,0,,different-party
119,266,DD,S,103,36,0.34951456310679613,different-party
119,273,DD,S,128,55,0.4296875,different-party
119,278,DD,S,131,58,0.44274809160305345,different-party
119,286,DD,S,128,52,0.40625,different-party
119,667,DD,EL,105,38,0.3619047619047619,different-party
119,1146,DD,DD,55,55,1.0,same-party
119,1454,DD,KF,41,31,0.7560975609756098,different-party
119,1619,DD,S,117,48,0.41025641025641024,different-party
119,1845,DD,V,79,25,0.31645569620253167,different-party
119,11702,DD,KF,94,33,0.35106382978723405,different-party
119,15757,DD,IA,0,0,,different-party
119,15760,DD,S,33,19,0.5757575757575758,different-party
119,15762,DD,S,111,39,0.35135135135135137,different-party
119,15763,DD,DF,111,80,0.7207207207207207,different-party
119,15770,DD,S,49,31,0.6326530612244898,different-party
119,15774,DD,DD,43,43,1.0,same-party
119,15775,DD,ALT,76,21,0.27631578947368424,different-party
119,15776,DD,S,45,24,0.5333333333333333,different-party
119,15777,DD,EL,75,17,0.22666666666666666,different-party
119,15779,DD,LA,45,36,0.8,different-party
119,15787,DD,S,130,55,0.4230769230769231,different-party
119,15793,DD,KF,97,37,0.38144329896907214,different-party
119,16180,DD,S,63,36,0.5714285714285714,different-party
119,16351,DD,S,134,57,0.4253731343283582,different-party
119,16503,DD,S,23,10,0.43478260869565216,different-party
119,16582,DD,EL,131,48,0.366412213740458,different-party
119,16728,DD,SF,115,44,0.3826086956521739,different-party
119,17141,DD,KF,77,26,0.33766233766233766,different-party
119,17628,DD,SF,13,5,0.38461538461538464,different-party
119,17629,DD,DD,42,42,1.0,same-party
119,18688,DD,N,0,0,,different-party
119,18693,DD,EL,55,29,0.5272727272727272,different-party
119,18694,DD,EL,133,45,0.3383458646616541,different-party
119,18695,DD,V,128,55,0.4296875,different-party
119,18696,DD,V,58,35,0.603448275862069,different-party
119,18698,DD,V,42,24,0.5714285714285714,different-party
119,18699,DD,V,130,53,0.4076923076923077,different-party
119,18700,DD,V,54,31,0.5740740740740741,different-party
119,18701,DD,V,27,17,0.6296296296296297,different-party
119,18703,DD,LA,0,0,,different-party
119,18704,DD,SF,55,37,0.6727272727272727,different-party
119,18707,DD,SF,135,57,0.4222222222222222,different-party
119,18708,DD,SF,98,37,0.37755102040816324,different-party
119,18709,DD,SF,89,23,0.25842696629213485,different-party
119,18713,DD,KF,88,33,0.375,different-party
119,18715,DD,S,40,27,0.675,different-party
119,18716,DD,S,56,34,0.6071428571428571,different-party
119,18717,DD,S,109,42,0.3853211009174312,different-party
119,18718,DD,S,133,57,0.42857142857142855,different-party
119,18719,DD,S,92,31,0.33695652173913043,different-party
119,18720,DD,S,124,54,0.43548387096774194,different-party
119,18721,DD,DF,58,43,0.7413793103448276,different-party
119,18722,DD,UFG,0,0,,different-party
119,18723,DD,LA,43,31,0.7209302325581395,different-party
119,18724,DD,UFG,57,41,0.7192982456140351,different-party
119,18725,DD,RV,104,35,0.33653846153846156,different-party
119,18726,DD,RV,52,33,0.6346153846153846,different-party
119,18729,DD,RV,108,34,0.3148148148148148,different-party
119,18882,DD,S,19,9,0.47368421052631576,different-party
119,19000,DD,SF,61,39,0.639344262295082,different-party
119,19928,DD,S,119,49,0.4117647058823529,different-party
119,20349,DD,SP,72,21,0.2916666666666667,different-party
119,20350,DD,DF,19,11,0.5789473684210527,different-party
119,20351,DD,ALT,0,0,,different-party
119,20352,DD,ALT,101,35,0.3465346534653465,different-party
119,20353,DD,ALT,37,24,0.6486486486486487,different-party
119,20354,DD,UFG,6,3,0.5,different-party
119,20355,DD,DD,52,52,1.0,same-party
119,20356,DD,DF,122,92,0.7540983606557377,different-party
119,20357,DD,KF,59,42,0.711864406779661,different-party
119,20358,DD,SF,3,2,0.6666666666666666,different-party
119,20359,DD,SF,136,56,0.4117647058823529,different-party
119,20360,DD,SF,58,37,0.6379310344827587,different-party
119,20361,DD,S,15,7,0.4666666666666667,different-party
119,20362,DD,S,122,51,0.4180327868852459,different-party
119,20363,DD,S,134,57,0.4253731343283582,different-party
119,20364,DD,S,128,53,0.4140625,different-party
119,20365,DD,S,117,45,0.38461538461538464,different-party
119,20366,DD,S,23,10,0.43478260869565216,different-party
119,20367,DD,S,135,59,0.43703703703703706,different-party
119,20368,DD,S,119,49,0.4117647058823529,different-party
119,20369,DD,KF,119,56,0.47058823529411764,different-party
119,20370,DD,ALT,52,30,0.5769230769230769,different-party
119,20371,DD,V,114,44,0.38596491228070173,different-party
119,20372,DD,DD,38,38,1.0,same-party
119,20373,DD,DD,40,40,1.0,same-party
119,20374,DD,DD,123,123,1.0,same-party
119,20375,DD,DD,108,108,1.0,same-party
119,20376,DD,DD,137,137,1.0,same-party
119,20377,DD,M,54,30,0.5555555555555556,different-party
119,20378,DD,M,136,59,0.4338235294117647,different-party
119,20379,DD,M,0,0,,different-party
119,20380,DD,M,10,6,0.6,different-party
119,20381,DD,ALT,133,54,0.40601503759398494,different-party
119,20382,DD,M,17,7,0.4117647058823529,different-party
119,20383,DD,UFG,36,26,0.7222222222222222,different-party
119,20384,DD,M,85,24,0.2823529411764706,different-party
119,20385,DD,M,53,31,0.5849056603773585,different-party
119,20386,DD,M,85,29,0.3411764705882353,different-party
119,20388,DD,UFG,41,28,0.6829268292682927,different-party
119,20389,DD,M,124,50,0.4032258064516129,different-party
119,20390,DD,UFG,57,43,0.7543859649122807,different-party
119,20391,DD,LA,106,71,0.6698113207547169,different-party
119,20392,DD,LA,35,26,0.7428571428571429,different-party
119,20393,DD,LA,116,78,0.6724137931034483,different-party
119,20394,DD,LA,114,76,0.6666666666666666,different-party
119,20395,DD,LA,127,86,0.6771653543307087,different-party
119,20396,DD,LA,92,60,0.6521739130434783,different-party
119,20397,DD,LA,16,11,0.6875,different-party
119,20398,DD,LA,128,86,0.671875,different-party
119,20399,DD,LA,110,76,0.6909090909090909,different-party
119,20400,DD,LA,131,88,0.6717557251908397,different-party
119,20411,DD,EL,45,24,0.5333333333333333,different-party
119,20415,DD,M,133,56,0.42105263157894735,different-party
119,20496,DD,M,120,54,0.45,different-party
119,20781,DD,S,134,57,0.4253731343283582,different-party
119,20798,DD,SF,128,52,0.40625,different-party
119,20820,DD,LA,62,48,0.7741935483870968,different-party
119,20917,DD,KF,4,3,0.75,different-party
119,20925,DD,KF,127,60,0.47244094488188976,different-party
119,20930,DD,S,51,31,0.6078431372549019,different-party
119,20962,DD,SF,59,35,0.5932203389830508,different-party
119,20966,DD,KF,55,37,0.6727272727272727,different-party
119,21044,DD,S,137,59,0.4306569343065693,different-party
119,21083,DD,S,1,0,0.0,different-party
119,21143,DD,S,101,36,0.3564356435643564,different-party
119,21159,DD,M,117,50,0.42735042735042733,different-party
119,21168,DD,V,104,36,0.34615384615384615,different-party
119,21186,DD,S,1,0,0.0,different-party
119,21194,DD,KF,52,38,0.7307692307692307,different-party
119,21206,DD,N,0,0,,different-party
120,121,S,SF,86,51,0.5930232558139535,different-party
120,125,S,V,86,86,1.0,different-party
120,127,S,V,111,110,0.990990990990991,different-party
120,130,S,V,20,20,1.0,different-party
120,134,S,V,19,19,1.0,different-party
120,138,S,S,1,1,1.0,same-party
120,139,S,V,16,16,1.0,different-party
120,141,S,RV,12,10,0.8333333333333334,different-party
120,145,S,M,0,0,,different-party
120,152,S,S,111,111,1.0,same-party
120,154,S,S,12,12,1.0,same-party
120,162,S,DD,20,11,0.55,different-party
120,164,S,V,39,39,1.0,different-party
120,168,S,V,109,109,1.0,different-party
120,173,S,V,12,12,1.0,different-party
120,176,S,EL,91,42,0.46153846153846156,different-party
120,180,S,V,108,108,1.0,different-party
120,182,S,DD,71,16,0.22535211267605634,different-party
120,191,S,RV,93,80,0.8602150537634409,different-party
120,199,S,SF,95,59,0.6210526315789474,different-party
120,201,S,S,102,102,1.0,same-party
120,206,S,V,1,1,1.0,different-party
120,208,S,S,93,93,1.0,same-party
120,213,S,S,107,107,1.0,same-party
120,214,S,S,36,36,1.0,same-party
120,217,S,V,16,16,1.0,different-party
120,219,S,SF,13,7,0.5384615384615384,different-party
120,220,S,S,3,3,1.0,same-party
120,224,S,S,95,95,1.0,same-party
120,238,S,DF,7,4,0.5714285714285714,different-party
120,244,S,S,28,28,1.0,same-party
120,252,S,DF,24,10,0.4166666666666667,different-party
120,257,S,S,97,96,0.9896907216494846,same-party
120,260,S,S,88,88,1.0,same-party
120,262,S,JF,0,0,,different-party
120,266,S,S,95,95,1.0,same-party
120,273,S,S,109,109,1.0,same-party
120,278,S,S,112,112,1.0,same-party
120,286,S,S,107,107,1.0,same-party
120,667,S,EL,86,38,0.4418604651162791,different-party
120,1146,S,DD,39,24,0.6153846153846154,different-party
120,1454,S,KF,24,16,0.6666666666666666,different-party
120,1619,S,S,98,98,1.0,same-party
120,1845,S,V,85,85,1.0,different-party
120,11702,S,KF,92,88,0.9565217391304348,different-party
120,15757,S,IA,0,0,,different-party
120,15760,S,S,34,34,1.0,same-party
120,15762,S,S,94,94,1.0,same-party
120,15763,S,DF,109,37,0.3394495412844037,different-party
120,15770,S,S,27,27,1.0,same-party
120,15774,S,DD,26,9,0.34615384615384615,different-party
120,15775,S,ALT,79,40,0.5063291139240507,different-party
120,15776,S,S,40,40,1.0,same-party
120,15777,S,EL,69,30,0.43478260869565216,different-party
120,15779,S,LA,37,22,0.5945945945945946,different-party
120,15787,S,S,112,112,1.0,same-party
120,15793,S,KF,86,78,0.9069767441860465,different-party
120,16180,S,S,32,32,1.0,same-party
120,16351,S,S,115,115,1.0,same-party
120,16503,S,S,12,12,1.0,same-party
120,16582,S,EL,109,52,0.47706422018348627,different-party
120,16728,S,SF,92,52,0.5652173913043478,different-party
120,17141,S,KF,77,75,0.974025974025974,different-party
120,17628,S,SF,8,6,0.75,different-party
120,17629,S,DD,20,13,0.65,different-party
120,18688,S,N,0,0,,different-party
120,18693,S,EL,39,21,0.5384615384615384,different-party
120,18694,S,EL,114,54,0.47368421052631576,different-party
120,18695,S,V,103,103,1.0,different-party
120,18696,S,V,34,34,1.0,different-party
120,18698,S,V,17,17,1.0,different-party
120,18699,S,V,111,111,1.0,different-party
120,18700,S,V,29,29,1.0,different-party
120,18701,S,V,21,21,1.0,different-party
120,18703,S,LA,0,0,,different-party
120,18704,S,SF,38,26,0.6842105263157895,different-party
120,18707,S,SF,113,69,0.6106194690265486,different-party
120,18708,S,SF,84,51,0.6071428571428571,different-party
120,18709,S,SF,89,52,0.5842696629213483,different-party
120,18713,S,KF,94,84,0.8936170212765957,different-party
120,18715,S,S,26,26,1.0,same-party
120,18716,S,S,34,34,1.0,same-party
120,18717,S,S,110,110,1.0,same-party
120,18718,S,S,108,108,1.0,same-party
120,18719,S,S,89,89,1.0,same-party
120,18720,S,S,105,105,1.0,same-party
120,18721,S,DF,44,24,0.5454545454545454,different-party
120,18722,S,UFG,0,0,,different-party
120,18723,S,LA,20,14,0.7,different-party
120,18724,S,UFG,41,12,0.2926829268292683,different-party
120,18725,S,RV,104,90,0.8653846153846154,different-party
120,18726,S,RV,36,28,0.7777777777777778,different-party
120,18729,S,RV,106,88,0.8301886792452831,different-party
120,18882,S,S,17,17,1.0,same-party
120,19000,S,SF,39,25,0.6410256410256411,different-party
120,19928,S,S,99,99,1.0,same-party
120,20349,S,SP,72,72,1.0,different-party
120,20350,S,DF,14,8,0.5714285714285714,different-party
120,20351,S,ALT,0,0,,different-party
120,20352,S,ALT,96,44,0.4583333333333333,different-party
120,20353,S,ALT,17,12,0.7058823529411765,different-party
120,20354,S,UFG,4,0,0.0,different-party
120,20355,S,DD,33,20,0.6060606060606061,different-party
120,20356,S,DF,104,34,0.3269230769230769,different-party
120,20357,S,KF,37,30,0.8108108108108109,different-party
120,20358,S,SF,0,0,,different-party
120,20359,S,SF,109,65,0.5963302752293578,different-party
120,20360,S,SF,39,27,0.6923076923076923,different-party
120,20361,S,S,10,10,1.0,same-party
120,20362,S,S,108,108,1.0,same-party
120,20363,S,S,109,109,1.0,same-party
120,20364,S,S,105,105,1.0,same-party
120,20365,S,S,112,112,1.0,same-party
120,20366,S,S,18,18,1.0,same-party
120,20367,S,S,113,113,1.0,same-party
120,20368,S,S,102,102,1.0,same-party
120,20369,S,KF,103,95,0.9223300970873787,different-party
120,20370,S,ALT,33,25,0.7575757575757576,different-party
120,20371,S,V,112,112,1.0,different-party
120,20372,S,DD,29,20,0.6896551724137931,different-party
120,20373,S,DD,35,22,0.6285714285714286,different-party
120,20374,S,DD,98,34,0.3469387755102041,different-party
120,20375,S,DD,88,26,0.29545454545454547,different-party
120,20376,S,DD,115,43,0.3739130434782609,different-party
120,20377,S,M,39,39,1.0,different-party
120,20378,S,M,114,114,1.0,different-party
120,20379,S,M,0,0,,different-party
120,20380,S,M,5,5,1.0,different-party
120,20381,S,ALT,108,55,0.5092592592592593,different-party
120,20382,S,M,12,12,1.0,different-party
120,20383,S,UFG,22,18,0.8181818181818182,different-party
120,20384,S,M,82,82,1.0,different-party
120,20385,S,M,31,31,1.0,different-party
120,20386,S,M,85,85,1.0,different-party
120,20388,S,UFG,15,13,0.8666666666666667,different-party
120,20389,S,M,105,105,1.0,different-party
120,20390,S,UFG,35,18,0.5142857142857142,different-party
120,20391,S,LA,104,65,0.625,different-party
120,20392,S,LA,19,14,0.7368421052631579,different-party
120,20393,S,LA,95,59,0.6210526315789474,different-party
120,20394,S,LA,92,58,0.6304347826086957,different-party
120,20395,S,LA,108,67,0.6203703703703703,different-party
120,20396,S,LA,86,49,0.5697674418604651,different-party
120,20397,S,LA,19,11,0.5789473684210527,different-party
120,20398,S,LA,104,63,0.6057692307692307,different-party
120,20399,S,LA,99,60,0.6060606060606061,different-party
120,20400,S,LA,109,65,0.5963302752293578,different-party
120,20411,S,EL,23,7,0.30434782608695654,different-party
120,20415,S,M,111,111,1.0,different-party
120,20496,S,M,95,95,1.0,different-party
120,20781,S,S,107,107,1.0,same-party
120,20798,S,SF,109,69,0.6330275229357798,different-party
120,20820,S,LA,43,29,0.6744186046511628,different-party
120,20917,S,KF,4,2,0.5,different-party
120,20925,S,KF,111,100,0.9009009009009009,different-party
120,20930,S,S,34,34,1.0,same-party
120,20962,S,SF,40,28,0.7,different-party
120,20966,S,KF,30,18,0.6,different-party
120,21044,S,S,115,115,1.0,same-party
120,21083,S,S,1,1,1.0,same-party
120,21143,S,S,96,96,1.0,same-party
120,21159,S,M,103,103,1.0,different-party
120,21168,S,V,102,102,1.0,different-party
120,21186,S,S,1,1,1.0,same-party
120,21194,S,KF,24,14,0.5833333333333334,different-party
120,21206,S,N,0,0,,different-party
121,125,SF,V,81,47,0.5802469135802469,different-party
121,127,SF,V,88,53,0.6022727272727273,different-party
121,130,SF,V,0,0,,different-party
121,134,SF,V,0,0,,different-party
121,138,SF,S,1,1,1.0,different-party
121,139,SF,V,12,5,0.4166666666666667,different-party
121,141,SF,RV,9,7,0.7777777777777778,different-party
121,145,SF,M,0,0,,different-party
121,152,SF,S,100,64,0.64,different-party
121,154,SF,S,18,16,0.8888888888888888,different-party
121,162,SF,DD,25,15,0.6,different-party
121,164,SF,V,29,23,0.7931034482758621,different-party
121,168,SF,V,92,59,0.6413043478260869,different-party
121,173,SF,V,7,5,0.7142857142857143,different-party
121,176,SF,EL,81,60,0.7407407407407407,different-party
121,180,SF,V,97,61,0.6288659793814433,different-party
121,182,SF,DD,77,22,0.2857142857142857,different-party
121,191,SF,RV,73,46,0.6301369863013698,different-party
121,199,SF,SF,81,81,1.0,same-party
121,201,SF,S,85,50,0.5882352941176471,different-party
121,206,SF,V,1,1,1.0,different-party
121,208,SF,S,89,53,0.5955056179775281,different-party
121,213,SF,S,85,50,0.5882352941176471,different-party
121,214,SF,S,28,20,0.7142857142857143,different-party
121,217,SF,V,8,4,0.5,different-party
121,219,SF,SF,3,3,1.0,same-party
121,220,SF,S,14,12,0.8571428571428571,different-party
121,224,SF,S,88,53,0.6022727272727273,different-party
121,238,SF,DF,7,2,0.2857142857142857,different-party
121,244,SF,S,8,6,0.75,different-party
121,252,SF,DF,26,9,0.34615384615384615,different-party
121,257,SF,S,93,58,0.6236559139784946,different-party
121,260,SF,S,82,48,0.5853658536585366,different-party
121,262,SF,JF,0,0,,different-party
121,266,SF,S,100,63,0.63,different-party
121,273,SF,S,95,61,0.6421052631578947,different-party
121,278,SF,S,104,66,0.6346153846153846,different-party
121,286,SF,S,101,65,0.6435643564356436,different-party
121,667,SF,EL,88,67,0.7613636363636364,different-party
121,1146,SF,DD,25,15,0.6,different-party
121,1454,SF,KF,30,23,0.7666666666666667,different-party
121,1619,SF,S,97,62,0.6391752577319587,different-party
121,1845,SF,V,85,54,0.6352941176470588,different-party
121,11702,SF,KF,91,58,0.6373626373626373,different-party
121,15757,SF,IA,0,0,,different-party
121,15760,SF,S,29,23,0.7931034482758621,different-party
121,15762,SF,S,101,63,0.6237623762376238,different-party
121,15763,SF,DF,101,30,0.297029702970297,different-party
121,15770,SF,S,14,11,0.7857142857142857,different-party
121,15774,SF,DD,23,16,0.6956521739130435,different-party
121,15775,SF,ALT,67,48,0.7164179104477612,different-party
121,15776,SF,S,38,28,0.7368421052631579,different-party
121,15777,SF,EL,72,56,0.7777777777777778,different-party
121,15779,SF,LA,23,14,0.6086956521739131,different-party
121,15787,SF,S,85,50,0.5882352941176471,different-party
121,15793,SF,KF,75,46,0.6133333333333333,different-party
121,16180,SF,S,21,13,0.6190476190476191,different-party
121,16351,SF,S,101,64,0.6336633663366337,different-party
121,16503,SF,S,11,7,0.6363636363636364,different-party
121,16582,SF,EL,104,78,0.75,different-party
121,16728,SF,SF,76,76,1.0,same-party
121,17141,SF,KF,86,57,0.6627906976744186,different-party
121,17628,SF,SF,4,4,1.0,same-party
121,17629,SF,DD,15,8,0.5333333333333333,different-party
121,18688,SF,N,0,0,,different-party
121,18693,SF,EL,10,9,0.9,different-party
121,18694,SF,EL,100,73,0.73,different-party
121,18695,SF,V,95,61,0.6421052631578947,different-party
121,18696,SF,V,21,14,0.6666666666666666,different-party
121,18698,SF,V,25,20,0.8,different-party
121,18699,SF,V,97,61,0.6288659793814433,different-party
121,18700,SF,V,21,14,0.6666666666666666,different-party
121,18701,SF,V,8,7,0.875,different-party
121,18703,SF,LA,0,0,,different-party
121,18704,SF,SF,31,31,1.0,same-party
121,18707,SF,SF,102,102,1.0,same-party
121,18708,SF,SF,78,78,1.0,same-party
121,18709,SF,SF,74,74,1.0,same-party
121,18713,SF,KF,93,59,0.6344086021505376,different-party
121,18715,SF,S,22,18,0.8181818181818182,different-party
121,18716,SF,S,14,10,0.7142857142857143,different-party
121,18717,SF,S,99,64,0.6464646464646465,different-party
121,18718,SF,S,97,59,0.6082474226804123,different-party
121,18719,SF,S,95,59,0.6210526315789474,different-party
121,18720,SF,S,94,58,0.6170212765957447,different-party
121,18721,SF,DF,35,15,0.42857142857142855,different-party
121,18722,SF,UFG,0,0,,different-party
121,18723,SF,LA,14,8,0.5714285714285714,different-party
121,18724,SF,UFG,38,16,0.42105263157894735,different-party
121,18725,SF,RV,100,67,0.67,different-party
121,18726,SF,RV,28,21,0.75,different-party
121,18729,SF,RV,104,70,0.6730769230769231,different-party
121,18882,SF,S,10,7,0.7,different-party
121,19000,SF,SF,38,38,1.0,same-party
121,19928,SF,S,95,61,0.6421052631578947,different-party
121,20349,SF,SP,66,38,0.5757575757575758,different-party
121,20350,SF,DF,7,3,0.42857142857142855,different-party
121,20351,SF,ALT,0,0,,different-party
121,20352,SF,ALT,101,75,0.7425742574257426,different-party
121,20353,SF,ALT,7,6,0.8571428571428571,different-party
121,20354,SF,UFG,2,1,0.5,different-party
121,20355,SF,DD,29,18,0.6206896551724138,different-party
121,20356,SF,DF,90,26,0.28888888888888886,different-party
121,20357,SF,KF,11,8,0.7272727272727273,different-party
121,20358,SF,SF,0,0,,same-party
121,20359,SF,SF,103,103,1.0,same-party
121,20360,SF,SF,25,25,1.0,same-party
121,20361,SF,S,6,5,0.8333333333333334,different-party
121,20362,SF,S,101,66,0.6534653465346535,different-party
121,20363,SF,S,101,64,0.6336633663366337,different-party
121,20364,SF,S,104,66,0.6346153846153846,different-party
121,20365,SF,S,104,66,0.6346153846153846,different-party
121,20366,SF,S,11,7,0.6363636363636364,different-party
121,20367,SF,S,102,66,0.6470588235294118,different-party
121,20368,SF,S,80,48,0.6,different-party
121,20369,SF,KF,89,55,0.6179775280898876,different-party
121,20370,SF,ALT,25,20,0.8,different-party
121,20371,SF,V,104,66,0.6346153846153846,different-party
121,20372,SF,DD,10,7,0.7,different-party
121,20373,SF,DD,12,8,0.6666666666666666,different-party
121,20374,SF,DD,79,22,0.27848101265822783,different-party
121,20375,SF,DD,78,22,0.28205128205128205,different-party
121,20376,SF,DD,104,37,0.3557692307692308,different-party
121,20377,SF,M,38,28,0.7368421052631579,different-party
121,20378,SF,M,103,66,0.6407766990291263,different-party
121,20379,SF,M,0,0,,different-party
121,20380,SF,M,1,1,1.0,different-party
121,20381,SF,ALT,85,63,0.7411764705882353,different-party
121,20382,SF,M,8,5,0.625,different-party
121,20383,SF,UFG,10,5,0.5,different-party
121,20384,SF,M,83,48,0.5783132530120482,different-party
121,20385,SF,M,11,7,0.6363636363636364,different-party
121,20386,SF,M,81,49,0.6049382716049383,different-party
121,20388,SF,UFG,12,8,0.6666666666666666,different-party
121,20389,SF,M,101,64,0.6336633663366337,different-party
121,20390,SF,UFG,9,6,0.6666666666666666,different-party
121,20391,SF,LA,93,31,0.3333333333333333,different-party
121,20392,SF,LA,6,2,0.3333333333333333,different-party
121,20393,SF,LA,94,35,0.3723404255319149,different-party
121,20394,SF,LA,94,32,0.3404255319148936,different-party
121,20395,SF,LA,82,25,0.3048780487804878,different-party
121,20396,SF,LA,82,29,0.35365853658536583,different-party
121,20397,SF,LA,28,17,0.6071428571428571,different-party
121,20398,SF,LA,97,33,0.3402061855670103,different-party
121,20399,SF,LA,97,37,0.38144329896907214,different-party
121,20400,SF,LA,104,39,0.375,different-party
121,20411,SF,EL,25,16,0.64,different-party
121,20415,SF,M,100,63,0.63,different-party
121,20496,SF,M,87,56,0.6436781609195402,different-party
121,20781,SF,S,101,64,0.6336633663366337,different-party
121,20798,SF,SF,101,101,1.0,same-party
121,20820,SF,LA,31,16,0.5161290322580645,different-party
121,20917,SF,KF,4,3,0.75,different-party
121,20925,SF,KF,104,69,0.6634615384615384,different-party
121,20930,SF,S,37,28,0.7567567567567568,different-party
121,20962,SF,SF,26,26,1.0,same-party
121,20966,SF,KF,23,18,0.782608695652174,different-party
121,21044,SF,S,104,66,0.6346153846153846,different-party
121,21083,SF,S,1,0,0.0,different-party
121,21143,SF,S,88,55,0.625,different-party
121,21159,SF,M,97,61,0.6288659793814433,different-party
121,21168,SF,V,101,64,0.6336633663366337,different-party
121,21186,SF,S,1,0,0.0,different-party
121,21194,SF,KF,10,9,0.9,different-party
121,21206,SF,N,0,0,,different-party
125,127,V,V,91,91,1.0,same-party
125,130,V,V,12,12,1.0,same-party
125,134,V,V,11,11,1.0,same-party
125,138,V,S,0,0,,different-party
125,139,V,V,13,13,1.0,same-party
125,141,V,RV,9,7,0.7777777777777778,different-party
125,145,V,M,0,0,,different-party
125,152,V,S,90,90,1.0,different-party
125,154,V,S,5,5,1.0,different-party
125,162,V,DD,12,5,0.4166666666666667,different-party
125,164,V,V,19,19,1.0,same-party
125,168,V,V,81,81,1.0,same-party
125,173,V,V,9,9,1.0,same-party
125,176,V,EL,92,47,0.5108695652173914,different-party
125,180,V,V,92,92,1.0,same-party
125,182,V,DD,76,20,0.2631578947368421,different-party
125,191,V,RV,85,74,0.8705882352941177,different-party
125,199,V,SF,90,55,0.6111111111111112,different-party
125,201,V,S,90,90,1.0,different-party
125,206,V,V,0,0,,same-party
125,208,V,S,91,91,1.0,different-party
125,213,V,S,89,89,1.0,different-party
125,214,V,S,24,24,1.0,different-party
125,217,V,V,18,18,1.0,same-party
125,219,V,SF,3,3,1.0,different-party
125,220,V,S,6,6,1.0,different-party
125,224,V,S,83,83,1.0,different-party
125,238,V,DF,0,0,,different-party
125,244,V,S,19,19,1.0,different-party
125,252,V,DF,16,7,0.4375,different-party
125,257,V,S,81,81,1.0,different-party
125,260,V,S,76,76,1.0,different-party
125,262,V,JF,0,0,,different-party
125,266,V,S,80,80,1.0,different-party
125,273,V,S,85,85,1.0,different-party
125,278,V,S,92,92,1.0,different-party
125,286,V,S,92,92,1.0,different-party
125,667,V,EL,75,35,0.4666666666666667,different-party
125,1146,V,DD,21,12,0.5714285714285714,different-party
125,1454,V,KF,10,5,0.5,different-party
125,1619,V,S,78,78,1.0,different-party
125,1845,V,V,72,72,1.0,same-party
125,11702,V,KF,70,69,0.9857142857142858,different-party
125,15757,V,IA,0,0,,different-party
125,15760,V,S,16,16,1.0,different-party
125,15762,V,S,81,81,1.0,different-party
125,15763,V,DF,88,23,0.26136363636363635,different-party
125,15770,V,S,7,7,1.0,different-party
125,15774,V,DD,16,9,0.5625,different-party
125,15775,V,ALT,69,33,0.4782608695652174,different-party
125,15776,V,S,27,27,1.0,different-party
125,15777,V,EL,66,30,0.45454545454545453,different-party
125,15779,V,LA,27,15,0.5555555555555556,different-party
125,15787,V,S,89,89,1.0,different-party
125,15793,V,KF,87,81,0.9310344827586207,different-party
125,16180,V,S,26,26,1.0,different-party
125,16351,V,S,92,92,1.0,different-party
125,16503,V,S,5,5,1.0,different-party
125,16582,V,EL,94,47,0.5,different-party
125,16728,V,SF,89,54,0.6067415730337079,different-party
125,17141,V,KF,70,67,0.9571428571428572,different-party
125,17628,V,SF,0,0,,different-party
125,17629,V,DD,13,9,0.6923076923076923,different-party
125,18688,V,N,0,0,,different-party
125,18693,V,EL,14,10,0.7142857142857143,different-party
125,18694,V,EL,91,46,0.5054945054945055,different-party
125,18695,V,V,85,85,1.0,same-party
125,18696,V,V,16,16,1.0,same-party
125,18698,V,V,5,5,1.0,same-party
125,18699,V,V,88,88,1.0,same-party
125,18700,V,V,26,26,1.0,same-party
125,18701,V,V,14,14,1.0,same-party
125,18703,V,LA,0,0,,different-party
125,18704,V,SF,28,20,0.7142857142857143,different-party
125,18707,V,SF,94,58,0.6170212765957447,different-party
125,18708,V,SF,79,47,0.5949367088607594,different-party
125,18709,V,SF,77,46,0.5974025974025974,different-party
125,18713,V,KF,88,79,0.8977272727272727,different-party
125,18715,V,S,19,19,1.0,different-party
125,18716,V,S,19,19,1.0,different-party
125,18717,V,S,88,88,1.0,different-party
125,18718,V,S,91,91,1.0,different-party
125,18719,V,S,77,77,1.0,different-party
125,18720,V,S,89,89,1.0,different-party
125,18721,V,DF,25,11,0.44,different-party
125,18722,V,UFG,0,0,,different-party
125,18723,V,LA,9,6,0.6666666666666666,different-party
125,18724,V,UFG,27,12,0.4444444444444444,different-party
125,18725,V,RV,89,77,0.8651685393258427,different-party
125,18726,V,RV,16,13,0.8125,different-party
125,18729,V,RV,91,77,0.8461538461538461,different-party
125,18882,V,S,2,2,1.0,different-party
125,19000,V,SF,18,12,0.6666666666666666,different-party
125,19928,V,S,85,85,1.0,different-party
125,20349,V,SP,66,66,1.0,different-party
125,20350,V,DF,8,3,0.375,different-party
125,20351,V,ALT,0,0,,different-party
125,20352,V,ALT,79,38,0.4810126582278481,different-party
125,20353,V,ALT,17,12,0.7058823529411765,different-party
125,20354,V,UFG,1,0,0.0,different-party
125,20355,V,DD,9,6,0.6666666666666666,different-party
125,20356,V,DF,88,23,0.26136363636363635,different-party
125,20357,V,KF,16,13,0.8125,different-party
125,20358,V,SF,2,2,1.0,different-party
125,20359,V,SF,94,58,0.6170212765957447,different-party
125,20360,V,SF,19,15,0.7894736842105263,different-party
125,20361,V,S,0,0,,different-party
125,20362,V,S,89,89,1.0,different-party
125,20363,V,S,92,92,1.0,different-party
125,20364,V,S,94,94,1.0,different-party
125,20365,V,S,93,93,1.0,different-party
125,20366,V,S,5,5,1.0,different-party
125,20367,V,S,93,93,1.0,different-party
125,20368,V,S,85,85,1.0,different-party
125,20369,V,KF,77,74,0.961038961038961,different-party
125,20370,V,ALT,15,12,0.8,different-party
125,20371,V,V,91,91,1.0,same-party
125,20372,V,DD,22,13,0.5909090909090909,different-party
125,20373,V,DD,16,10,0.625,different-party
125,20374,V,DD,82,27,0.32926829268292684,different-party
125,20375,V,DD,89,30,0.33707865168539325,different-party
125,20376,V,DD,94,32,0.3404255319148936,different-party
125,20377,V,M,28,28,1.0,different-party
125,20378,V,M,93,93,1.0,different-party
125,20379,V,M,0,0,,different-party
125,20380,V,M,0,0,,different-party
125,20381,V,ALT,90,47,0.5222222222222223,different-party
125,20382,V,M,1,1,1.0,different-party
125,20383,V,UFG,3,1,0.3333333333333333,different-party
125,20384,V,M,79,79,1.0,different-party
125,20385,V,M,16,16,1.0,different-party
125,20386,V,M,78,78,1.0,different-party
125,20388,V,UFG,14,13,0.9285714285714286,different-party
125,20389,V,M,82,82,1.0,different-party
125,20390,V,UFG,22,11,0.5,different-party
125,20391,V,LA,82,48,0.5853658536585366,different-party
125,20392,V,LA,4,3,0.75,different-party
125,20393,V,LA,81,47,0.5802469135802469,different-party
125,20394,V,LA,72,43,0.5972222222222222,different-party
125,20395,V,LA,86,50,0.5813953488372093,different-party
125,20396,V,LA,91,52,0.5714285714285714,different-party
125,20397,V,LA,15,8,0.5333333333333333,different-party
125,20398,V,LA,88,52,0.5909090909090909,different-party
125,20399,V,LA,93,54,0.5806451612903226,different-party
125,20400,V,LA,94,55,0.5851063829787234,different-party
125,20411,V,EL,11,6,0.5454545454545454,different-party
125,20415,V,M,90,90,1.0,different-party
125,20496,V,M,84,84,1.0,different-party
125,20781,V,S,92,92,1.0,different-party
125,20798,V,SF,92,57,0.6195652173913043,different-party
125,20820,V,LA,22,13,0.5909090909090909,different-party
125,20917,V,KF,4,2,0.5,different-party
125,20925,V,KF,94,85,0.9042553191489362,different-party
125,20930,V,S,24,24,1.0,different-party
125,20962,V,SF,16,12,0.75,different-party
125,20966,V,KF,18,10,0.5555555555555556,different-party
125,21044,V,S,94,94,1.0,different-party
125,21083,V,S,1,1,1.0,different-party
125,21143,V,S,79,79,1.0,different-party
125,21159,V,M,92,92,1.0,different-party
125,21168,V,V,81,81,1.0,same-party
125,21186,V,S,1,1,1.0,different-party
125,21194,V,KF,23,16,0.6956521739130435,different-party
125,21206,V,N,0,0,,different-party
127,130,V,V,34,34,1.0,same-party
127,134,V,V,36,35,0.9722222222222222,same-party
127,138,V,S,1,1,1.0,different-party
127,139,V,V,48,47,0.9791666666666666,same-party
127,141,V,RV,15,13,0.8666666666666667,different-party
127,145,V,M,0,0,,different-party
127,152,V,S,125,125,1.0,different-party
127,154,V,S,9,9,1.0,different-party
127,162,V,DD,33,23,0.696969696969697,different-party
127,164,V,V,65,64,0.9846153846153847,same-party
127,168,V,V,136,135,0.9926470588235294,same-party
127,173,V,V,19,19,1.0,same-party
127,176,V,EL,97,47,0.4845360824742268,different-party
127,180,V,V,132,131,0.9924242424242424,same-party
127,182,V,DD,77,21,0.2727272727272727,different-party
127,191,V,RV,126,112,0.8888888888888888,different-party
127,199,V,SF,115,73,0.6347826086956522,different-party
127,201,V,S,139,138,0.9928057553956835,different-party
127,206,V,V,1,1,1.0,same-party
127,208,V,S,103,103,1.0,different-party
127,213,V,S,143,142,0.993006993006993,different-party
127,214,V,S,43,43,1.0,different-party
127,217,V,V,18,18,1.0,same-party
127,219,V,SF,27,16,0.5925925925925926,different-party
127,220,V,S,7,7,1.0,different-party
127,224,V,S,114,113,0.9912280701754386,different-party
127,238,V,DF,7,4,0.5714285714285714,different-party
127,244,V,S,52,51,0.9807692307692307,different-party
127,252,V,DF,50,28,0.56,different-party
127,257,V,S,127,125,0.984251968503937,different-party
127,260,V,S,117,116,0.9914529914529915,different-party
127,262,V,JF,0,0,,different-party
127,266,V,S,108,108,1.0,different-party
127,273,V,S,139,138,0.9928057553956835,different-party
127,278,V,S,145,145,1.0,different-party
127,286,V,S,140,139,0.9928571428571429,different-party
127,667,V,EL,107,58,0.5420560747663551,different-party
127,1146,V,DD,60,42,0.7,different-party
127,1454,V,KF,41,34,0.8292682926829268,different-party
127,1619,V,S,132,131,0.9924242424242424,different-party
127,1845,V,V,90,90,1.0,same-party
127,11702,V,KF,106,100,0.9433962264150944,different-party
127,15757,V,IA,0,0,,different-party
127,15760,V,S,47,47,1.0,different-party
127,15762,V,S,113,112,0.9911504424778761,different-party
127,15763,V,DF,116,44,0.3793103448275862,different-party
127,15770,V,S,54,53,0.9814814814814815,different-party
127,15774,V,DD,48,29,0.6041666666666666,different-party
127,15775,V,ALT,78,40,0.5128205128205128,different-party
127,15776,V,S,56,56,1.0,different-party
127,15777,V,EL,72,33,0.4583333333333333,different-party
127,15779,V,LA,56,38,0.6785714285714286,different-party
127,15787,V,S,144,143,0.9930555555555556,different-party
127,15793,V,KF,103,94,0.912621359223301,different-party
127,16180,V,S,67,66,0.9850746268656716,different-party
127,16351,V,S,145,144,0.993103448275862,different-party
127,16503,V,S,20,20,1.0,different-party
127,16582,V,EL,142,78,0.5492957746478874,different-party
127,16728,V,SF,120,78,0.65,different-party
127,17141,V,KF,76,74,0.9736842105263158,different-party
127,17628,V,SF,13,9,0.6923076923076923,different-party
127,17629,V,DD,48,37,0.7708333333333334,different-party
127,18688,V,N,0,0,,different-party
127,18693,V,EL,69,43,0.6231884057971014,different-party
127,18694,V,EL,144,78,0.5416666666666666,different-party
127,18695,V,V,133,132,0.9924812030075187,same-party
127,18696,V,V,70,69,0.9857142857142858,same-party
127,18698,V,V,48,47,0.9791666666666666,same-party
127,18699,V,V,141,140,0.9929078014184397,same-party
127,18700,V,V,56,55,0.9821428571428571,same-party
127,18701,V,V,24,24,1.0,same-party
127,18703,V,LA,0,0,,different-party
127,18704,V,SF,57,45,0.7894736842105263,different-party
127,18707,V,SF,137,91,0.6642335766423357,different-party
127,18708,V,SF,104,71,0.6826923076923077,different-party
127,18709,V,SF,97,58,0.5979381443298969,different-party
127,18713,V,KF,94,84,0.8936170212765957,different-party
127,18715,V,S,51,50,0.9803921568627451,different-party
127,18716,V,S,67,66,0.9850746268656716,different-party
127,18717,V,S,123,123,1.0,different-party
127,18718,V,S,144,143,0.9930555555555556,different-party
127,18719,V,S,95,95,1.0,different-party
127,18720,V,S,137,136,0.9927007299270073,different-party
127,18721,V,DF,69,43,0.6231884057971014,different-party
127,18722,V,UFG,0,0,,different-party
127,18723,V,LA,48,42,0.875,different-party
127,18724,V,UFG,69,30,0.43478260869565216,different-party
127,18725,V,RV,107,92,0.8598130841121495,different-party
127,18726,V,RV,67,57,0.8507462686567164,different-party
127,18729,V,RV,122,102,0.8360655737704918,different-party
127,18882,V,S,25,25,1.0,different-party
127,19000,V,SF,72,53,0.7361111111111112,different-party
127,19928,V,S,115,114,0.991304347826087,different-party
127,20349,V,SP,72,72,1.0,different-party
127,20350,V,DF,30,19,0.6333333333333333,different-party
127,20351,V,ALT,0,0,,different-party
127,20352,V,ALT,109,53,0.48623853211009177,different-party
127,20353,V,ALT,45,35,0.7777777777777778,different-party
127,20354,V,UFG,5,1,0.2,different-party
127,20355,V,DD,63,46,0.7301587301587301,different-party
127,20356,V,DF,125,50,0.4,different-party
127,20357,V,KF,70,63,0.9,different-party
127,20358,V,SF,0,0,,different-party
127,20359,V,SF,141,92,0.6524822695035462,different-party
127,20360,V,SF,69,52,0.7536231884057971,different-party
127,20361,V,S,15,15,1.0,different-party
127,20362,V,S,137,136,0.9927007299270073,different-party
127,20363,V,S,139,138,0.9928057553956835,different-party
127,20364,V,S,133,132,0.9924812030075187,different-party
127,20365,V,S,119,119,1.0,different-party
127,20366,V,S,25,25,1.0,different-party
127,20367,V,S,147,146,0.9931972789115646,different-party
127,20368,V,S,130,129,0.9923076923076923,different-party
127,20369,V,KF,125,116,0.928,different-party
127,20370,V,ALT,55,42,0.7636363636363637,different-party
127,20371,V,V,128,128,1.0,same-party
127,20372,V,DD,44,33,0.75,different-party
127,20373,V,DD,51,36,0.7058823529411765,different-party
127,20374,V,DD,132,63,0.4772727272727273,different-party
127,20375,V,DD,108,44,0.4074074074074074,different-party
127,20376,V,DD,139,63,0.45323741007194246,different-party
127,20377,V,M,65,64,0.9846153846153847,different-party
127,20378,V,M,148,147,0.9932432432432432,different-party
127,20379,V,M,0,0,,different-party
127,20380,V,M,10,10,1.0,different-party
127,20381,V,ALT,145,84,0.5793103448275863,different-party
127,20382,V,M,16,16,1.0,different-party
127,20383,V,UFG,42,37,0.8809523809523809,different-party
127,20384,V,M,84,84,1.0,different-party
127,20385,V,M,64,63,0.984375,different-party
127,20386,V,M,90,90,1.0,different-party
127,20388,V,UFG,46,42,0.9130434782608695,different-party
127,20389,V,M,135,134,0.9925925925925926,different-party
127,20390,V,UFG,69,49,0.7101449275362319,different-party
127,20391,V,LA,117,77,0.6581196581196581,different-party
127,20392,V,LA,41,34,0.8292682926829268,different-party
127,20393,V,LA,118,80,0.6779661016949152,different-party
127,20394,V,LA,123,87,0.7073170731707317,different-party
127,20395,V,LA,133,90,0.6766917293233082,different-party
127,20396,V,LA,91,53,0.5824175824175825,different-party
127,20397,V,LA,26,19,0.7307692307692307,different-party
127,20398,V,LA,134,91,0.6791044776119403,different-party
127,20399,V,LA,115,74,0.6434782608695652,different-party
127,20400,V,LA,142,96,0.676056338028169,different-party
127,20411,V,EL,53,31,0.5849056603773585,different-party
127,20415,V,M,145,144,0.993103448275862,different-party
127,20496,V,M,117,116,0.9914529914529915,different-party
127,20781,V,S,140,139,0.9928571428571429,different-party
127,20798,V,SF,139,95,0.6834532374100719,different-party
127,20820,V,LA,74,58,0.7837837837837838,different-party
127,20917,V,KF,3,2,0.6666666666666666,different-party
127,20925,V,KF,138,128,0.927536231884058,different-party
127,20930,V,S,62,61,0.9838709677419355,different-party
127,20962,V,SF,61,47,0.7704918032786885,different-party
127,20966,V,KF,66,54,0.8181818181818182,different-party
127,21044,V,S,148,147,0.9932432432432432,different-party
127,21083,V,S,0,0,,different-party
127,21143,V,S,105,105,1.0,different-party
127,21159,V,M,128,127,0.9921875,different-party
127,21168,V,V,106,106,1.0,same-party
127,21186,V,S,0,0,,different-party
127,21194,V,KF,57,48,0.8421052631578947,different-party
127,21206,V,N,0,0,,different-party
130,134,V,V,10,10,1.0,same-party
130,138,V,S,0,0,,different-party
130,139,V,V,20,20,1.0,same-party
130,141,V,RV,6,6,1.0,different-party
130,145,V,M,0,0,,different-party
130,152,V,S,37,37,1.0,different-party
130,154,V,S,3,3,1.0,different-party
130,162,V,DD,21,16,0.7619047619047619,different-party
130,164,V,V,29,29,1.0,same-party
130,168,V,V,34,34,1.0,same-party
130,173,V,V,10,10,1.0,same-party
130,176,V,EL,19,10,0.5263157894736842,different-party
130,180,V,V,25,25,1.0,same-party
130,182,V,DD,0,0,,different-party
130,191,V,RV,37,31,0.8378378378378378,different-party
130,199,V,SF,28,19,0.6785714285714286,different-party
130,201,V,S,37,37,1.0,different-party
130,206,V,V,0,0,,same-party
130,208,V,S,15,15,1.0,different-party
130,213,V,S,35,35,1.0,different-party
130,214,V,S,28,28,1.0,different-party
130,217,V,V,10,10,1.0,same-party
130,219,V,SF,24,13,0.5416666666666666,different-party
130,220,V,S,1,1,1.0,different-party
130,224,V,S,16,16,1.0,different-party
130,238,V,DF,0,0,,different-party
130,244,V,S,22,22,1.0,different-party
130,252,V,DF,19,10,0.5263157894736842,different-party
130,257,V,S,27,26,0.9629629629629629,different-party
130,260,V,S,15,15,1.0,different-party
130,262,V,JF,0,0,,different-party
130,266,V,S,27,27,1.0,different-party
130,273,V,S,37,37,1.0,different-party
130,278,V,S,34,34,1.0,different-party
130,286,V,S,31,31,1.0,different-party
130,667,V,EL,12,7,0.5833333333333334,different-party
130,1146,V,DD,25,19,0.76,different-party
130,1454,V,KF,6,6,1.0,different-party
130,1619,V,S,24,24,1.0,different-party
130,1845,V,V,18,18,1.0,same-party
130,11702,V,KF,27,24,0.8888888888888888,different-party
130,15757,V,IA,0,0,,different-party
130,15760,V,S,28,28,1.0,different-party
130,15762,V,S,5,5,1.0,different-party
130,15763,V,DF,25,17,0.68,different-party
130,15770,V,S,27,27,1.0,different-party
130,15774,V,DD,0,0,,different-party
130,15775,V,ALT,9,3,0.3333333333333333,different-party
130,15776,V,S,31,31,1.0,different-party
130,15777,V,EL,3,2,0.6666666666666666,different-party
130,15779,V,LA,31,24,0.7741935483870968,different-party
130,15787,V,S,34,34,1.0,different-party
130,15793,V,KF,31,27,0.8709677419354839,different-party
130,16180,V,S,30,30,1.0,different-party
130,16351,V,S,37,37,1.0,different-party
130,16503,V,S,13,13,1.0,different-party
130,16582,V,EL,31,18,0.5806451612903226,different-party
130,16728,V,SF,28,18,0.6428571428571429,different-party
130,17141,V,KF,6,6,1.0,different-party
130,17628,V,SF,9,5,0.5555555555555556,different-party
130,17629,V,DD,31,23,0.7419354838709677,different-party
130,18688,V,N,0,0,,different-party
130,18693,V,EL,34,17,0.5,different-party
130,18694,V,EL,37,19,0.5135135135135135,different-party
130,18695,V,V,37,37,1.0,same-party
130,18696,V,V,27,27,1.0,same-party
130,18698,V,V,21,21,1.0,same-party
130,18699,V,V,37,37,1.0,same-party
130,18700,V,V,18,18,1.0,same-party
130,18701,V,V,19,19,1.0,same-party
130,18703,V,LA,0,0,,different-party
130,18704,V,SF,19,12,0.631578947368421,different-party
130,18707,V,SF,28,17,0.6071428571428571,different-party
130,18708,V,SF,0,0,,different-party
130,18709,V,SF,24,15,0.625,different-party
130,18713,V,KF,10,9,0.9,different-party
130,18715,V,S,22,22,1.0,different-party
130,18716,V,S,31,31,1.0,different-party
130,18717,V,S,33,33,1.0,different-party
130,18718,V,S,37,37,1.0,different-party
130,18719,V,S,9,9,1.0,different-party
130,18720,V,S,33,33,1.0,different-party
130,18721,V,DF,27,19,0.7037037037037037,different-party
130,18722,V,UFG,0,0,,different-party
130,18723,V,LA,18,18,1.0,different-party
130,18724,V,UFG,23,14,0.6086956521739131,different-party
130,18725,V,RV,19,17,0.8947368421052632,different-party
130,18726,V,RV,28,23,0.8214285714285714,different-party
130,18729,V,RV,28,23,0.8214285714285714,different-party
130,18882,V,S,9,9,1.0,different-party
130,19000,V,SF,27,15,0.5555555555555556,different-party
130,19928,V,S,19,19,1.0,different-party
130,20349,V,SP,6,6,1.0,different-party
130,20350,V,DF,21,12,0.5714285714285714,different-party
130,20351,V,ALT,0,0,,different-party
130,20352,V,ALT,24,12,0.5,different-party
130,20353,V,ALT,19,14,0.7368421052631579,different-party
130,20354,V,UFG,2,0,0.0,different-party
130,20355,V,DD,27,22,0.8148148148148148,different-party
130,20356,V,DF,28,18,0.6428571428571429,different-party
130,20357,V,KF,37,33,0.8918918918918919,different-party
130,20358,V,SF,3,2,0.6666666666666666,different-party
130,20359,V,SF,37,23,0.6216216216216216,different-party
130,20360,V,SF,37,23,0.6216216216216216,different-party
130,20361,V,S,9,9,1.0,different-party
130,20362,V,S,25,25,1.0,different-party
130,20363,V,S,37,37,1.0,different-party
130,20364,V,S,28,28,1.0,different-party
130,20365,V,S,28,28,1.0,different-party
130,20366,V,S,12,12,1.0,different-party
130,20367,V,S,37,37,1.0,different-party
130,20368,V,S,28,28,1.0,different-party
130,20369,V,KF,25,21,0.84,different-party
130,20370,V,ALT,22,15,0.6818181818181818,different-party
130,20371,V,V,34,34,1.0,same-party
130,20372,V,DD,37,29,0.7837837837837838,different-party
130,20373,V,DD,37,29,0.7837837837837838,different-party
130,20374,V,DD,33,27,0.8181818181818182,different-party
130,20375,V,DD,10,7,0.7,different-party
130,20376,V,DD,28,20,0.7142857142857143,different-party
130,20377,V,M,22,22,1.0,different-party
130,20378,V,M,37,37,1.0,different-party
130,20379,V,M,0,0,,different-party
130,20380,V,M,9,9,1.0,different-party
130,20381,V,ALT,37,21,0.5675675675675675,different-party
130,20382,V,M,9,9,1.0,different-party
130,20383,V,UFG,6,6,1.0,different-party
130,20384,V,M,2,2,1.0,different-party
130,20385,V,M,31,31,1.0,different-party
130,20386,V,M,28,28,1.0,different-party
130,20388,V,UFG,17,17,1.0,different-party
130,20389,V,M,27,27,1.0,different-party
130,20390,V,UFG,37,27,0.7297297297297297,different-party
130,20391,V,LA,37,30,0.8108108108108109,different-party
130,20392,V,LA,9,6,0.6666666666666666,different-party
130,20393,V,LA,18,15,0.8333333333333334,different-party
130,20394,V,LA,24,21,0.875,different-party
130,20395,V,LA,25,19,0.76,different-party
130,20396,V,LA,10,6,0.6,different-party
130,20397,V,LA,11,11,1.0,different-party
130,20398,V,LA,35,28,0.8,different-party
130,20399,V,LA,37,30,0.8108108108108109,different-party
130,20400,V,LA,31,24,0.7741935483870968,different-party
130,20411,V,EL,24,10,0.4166666666666667,different-party
130,20415,V,M,37,37,1.0,different-party
130,20496,V,M,28,28,1.0,different-party
130,20781,V,S,37,37,1.0,different-party
130,20798,V,SF,31,21,0.6774193548387096,different-party
130,20820,V,LA,35,29,0.8285714285714286,different-party
130,20917,V,KF,0,0,,different-party
130,20925,V,KF,28,27,0.9642857142857143,different-party
130,20930,V,S,18,18,1.0,different-party
130,20962,V,SF,28,17,0.6071428571428571,different-party
130,20966,V,KF,21,18,0.8571428571428571,different-party
130,21044,V,S,37,37,1.0,different-party
130,21083,V,S,0,0,,different-party
130,21143,V,S,36,36,1.0,different-party
130,21159,V,M,21,21,1.0,different-party
130,21168,V,V,18,18,1.0,same-party
130,21186,V,S,0,0,,different-party
130,21194,V,KF,31,27,0.8709677419354839,different-party
130,21206,V,N,0,0,,different-party
134,138,V,S,0,0,,different-party
134,139,V,V,20,20,1.0,same-party
134,141,V,RV,0,0,,different-party
134,145,V,M,0,0,,different-party
134,152,V,S,16,16,1.0,different-party
134,154,V,S,6,6,1.0,different-party
134,162,V,DD,6,4,0.6666666666666666,different-party
134,164,V,V,36,36,1.0,same-party
134,168,V,V,36,36,1.0,same-party
134,173,V,V,6,6,1.0,same-party
134,176,V,EL,10,7,0.7,different-party
134,180,V,V,36,36,1.0,same-party
134,182,V,DD,0,0,,different-party
134,191,V,RV,30,28,0.9333333333333333,different-party
134,199,V,SF,16,14,0.875,different-party
134,201,V,S,30,30,1.0,different-party
134,206,V,V,0,0,,same-party
134,208,V,S,10,10,1.0,different-party
134,213,V,S,35,35,1.0,different-party
134,214,V,S,16,16,1.0,different-party
134,217,V,V,10,10,1.0,same-party
134,219,V,SF,0,0,,different-party
134,220,V,S,0,0,,different-party
134,224,V,S,36,36,1.0,different-party
134,238,V,DF,0,0,,different-party
134,244,V,S,36,36,1.0,different-party
134,252,V,DF,30,18,0.6,different-party
134,257,V,S,26,26,1.0,different-party
134,260,V,S,20,20,1.0,different-party
134,262,V,JF,0,0,,different-party
134,266,V,S,0,0,,different-party
134,273,V,S,36,36,1.0,different-party
134,278,V,S,33,33,1.0,different-party
134,286,V,S,36,36,1.0,different-party
134,667,V,EL,26,19,0.7307692307692307,different-party
134,1146,V,DD,36,25,0.6944444444444444,different-party
134,1454,V,KF,20,19,0.95,different-party
134,1619,V,S,26,26,1.0,different-party
134,1845,V,V,6,6,1.0,same-party
134,11702,V,KF,6,5,0.8333333333333334,different-party
134,15757,V,IA,0,0,,different-party
134,15760,V,S,16,16,1.0,different-party
134,15762,V,S,26,26,1.0,different-party
134,15763,V,DF,16,11,0.6875,different-party
134,15770,V,S,20,20,1.0,different-party
134,15774,V,DD,26,18,0.6923076923076923,different-party
134,15775,V,ALT,6,6,1.0,different-party
134,15776,V,S,16,16,1.0,different-party
134,15777,V,EL,0,0,,different-party
134,15779,V,LA,16,11,0.6875,different-party
134,15787,V,S,36,36,1.0,different-party
134,15793,V,KF,10,9,0.9,different-party
134,16180,V,S,30,30,1.0,different-party
134,16351,V,S,36,36,1.0,different-party
134,16503,V,S,0,0,,different-party
134,16582,V,EL,36,26,0.7222222222222222,different-party
134,16728,V,SF,30,26,0.8666666666666667,different-party
134,17141,V,KF,0,0,,different-party
134,17628,V,SF,0,0,,different-party
134,17629,V,DD,30,21,0.7,different-party
134,18688,V,N,0,0,,different-party
134,18693,V,EL,36,26,0.7222222222222222,different-party
134,18694,V,EL,36,26,0.7222222222222222,different-party
134,18695,V,V,30,30,1.0,same-party
134,18696,V,V,25,25,1.0,same-party
134,18698,V,V,20,20,1.0,same-party
134,18699,V,V,36,36,1.0,same-party
134,18700,V,V,30,30,1.0,same-party
134,18701,V,V,10,10,1.0,same-party
134,18703,V,LA,0,0,,different-party
134,18704,V,SF,36,32,0.8888888888888888,different-party
134,18707,V,SF,36,32,0.8888888888888888,different-party
134,18708,V,SF,26,24,0.9230769230769231,different-party
134,18709,V,SF,10,8,0.8,different-party
134,18713,V,KF,16,14,0.875,different-party
134,18715,V,S,36,36,1.0,different-party
134,18716,V,S,36,36,1.0,different-party
134,18717,V,S,16,16,1.0,different-party
134,18718,V,S,36,36,1.0,different-party
134,18719,V,S,6,6,1.0,different-party
134,18720,V,S,36,36,1.0,different-party
134,18721,V,DF,35,24,0.6857142857142857,different-party
134,18722,V,UFG,0,0,,different-party
134,18723,V,LA,20,18,0.9,different-party
134,18724,V,UFG,36,14,0.3888888888888889,different-party
134,18725,V,RV,16,14,0.875,different-party
134,18726,V,RV,36,33,0.9166666666666666,different-party
134,18729,V,RV,16,14,0.875,different-party
134,18882,V,S,6,6,1.0,different-party
134,19000,V,SF,26,24,0.9230769230769231,different-party
134,19928,V,S,30,30,1.0,different-party
134,20349,V,SP,0,0,,different-party
134,20350,V,DF,6,5,0.8333333333333334,different-party
134,20351,V,ALT,0,0,,different-party
134,20352,V,ALT,0,0,,different-party
134,20353,V,ALT,30,24,0.8,different-party
134,20354,V,UFG,2,0,0.0,different-party
134,20355,V,DD,26,18,0.6923076923076923,different-party
134,20356,V,DF,35,24,0.6857142857142857,different-party
134,20357,V,KF,36,33,0.9166666666666666,different-party
134,20358,V,SF,0,0,,different-party
134,20359,V,SF,30,26,0.8666666666666667,different-party
134,20360,V,SF,36,32,0.8888888888888888,different-party
134,20361,V,S,0,0,,different-party
134,20362,V,S,36,36,1.0,different-party
134,20363,V,S,30,30,1.0,different-party
134,20364,V,S,30,30,1.0,different-party
134,20365,V,S,16,16,1.0,different-party
134,20366,V,S,6,6,1.0,different-party
134,20367,V,S,36,36,1.0,different-party
134,20368,V,S,36,36,1.0,different-party
134,20369,V,KF,36,33,0.9166666666666666,different-party
134,20370,V,ALT,36,31,0.8611111111111112,different-party
134,20371,V,V,16,16,1.0,same-party
134,20372,V,DD,10,7,0.7,different-party
134,20373,V,DD,16,11,0.6875,different-party
134,20374,V,DD,30,21,0.7,different-party
134,20375,V,DD,30,21,0.7,different-party
134,20376,V,DD,36,25,0.6944444444444444,different-party
134,20377,V,M,34,34,1.0,different-party
134,20378,V,M,36,36,1.0,different-party
134,20379,V,M,0,0,,different-party
134,20380,V,M,0,0,,different-party
134,20381,V,ALT,36,30,0.8333333333333334,different-party
134,20382,V,M,0,0,,different-party
134,20383,V,UFG,26,24,0.9230769230769231,different-party
134,20384,V,M,0,0,,different-party
134,20385,V,M,36,36,1.0,different-party
134,20386,V,M,10,10,1.0,different-party
134,20388,V,UFG,20,18,0.9,different-party
134,20389,V,M,26,26,1.0,different-party
134,20390,V,UFG,36,24,0.6666666666666666,different-party
134,20391,V,LA,16,11,0.6875,different-party
134,20392,V,LA,26,23,0.8846153846153846,different-party
134,20393,V,LA,25,22,0.88,different-party
134,20394,V,LA,20,18,0.9,different-party
134,20395,V,LA,36,29,0.8055555555555556,different-party
134,20396,V,LA,10,6,0.6,different-party
134,20397,V,LA,6,5,0.8333333333333334,different-party
134,20398,V,LA,30,24,0.8,different-party
134,20399,V,LA,10,6,0.6,different-party
134,20400,V,LA,36,29,0.8055555555555556,different-party
134,20411,V,EL,20,15,0.75,different-party
134,20415,V,M,36,36,1.0,different-party
134,20496,V,M,30,30,1.0,different-party
134,20781,V,S,30,30,1.0,different-party
134,20798,V,SF,36,32,0.8888888888888888,different-party
134,20820,V,LA,36,29,0.8055555555555556,different-party
134,20917,V,KF,0,0,,different-party
134,20925,V,KF,35,32,0.9142857142857143,different-party
134,20930,V,S,26,26,1.0,different-party
134,20962,V,SF,36,32,0.8888888888888888,different-party
134,20966,V,KF,26,24,0.9230769230769231,different-party
134,21044,V,S,36,36,1.0,different-party
134,21083,V,S,0,0,,different-party
134,21143,V,S,10,10,1.0,different-party
134,21159,V,M,36,36,1.0,different-party
134,21168,V,V,6,6,1.0,same-party
134,21186,V,S,0,0,,different-party
134,21194,V,KF,30,28,0.9333333333333333,different-party
134,21206,V,N,0,0,,different-party
138,139,S,V,0,0,,different-party
138,141,S,RV,0,0,,different-party
138,145,S,M,0,0,,different-party
138,152,S,S,1,1,1.0,same-party
138,154,S,S,0,0,,same-party
138,162,S,DD,0,0,,different-party
138,164,S,V,1,1,1.0,different-party
138,168,S,V,1,1,1.0,different-party
138,173,S,V,0,0,,different-party
138,176,S,EL,0,0,,different-party
138,180,S,V,0,0,,different-party
138,182,S,DD,0,0,,different-party
138,191,S,RV,0,0,,different-party
138,199,S,SF,0,0,,different-party
138,201,S,S,1,1,1.0,same-party
138,206,S,V,1,1,1.0,different-party
138,208,S,S,1,1,1.0,same-party
138,213,S,S,1,1,1.0,same-party
138,214,S,S,0,0,,same-party
138,217,S,V,0,0,,different-party
138,219,S,SF,0,0,,different-party
138,220,S,S,0,0,,same-party
138,224,S,S,0,0,,same-party
138,238,S,DF,1,0,0.0,different-party
138,244,S,S,1,1,1.0,same-party
138,252,S,DF,1,0,0.0,different-party
138,257,S,S,0,0,,same-party
138,260,S,S,1,1,1.0,same-party
138,262,S,JF,0,0,,different-party
138,266,S,S,1,1,1.0,same-party
138,273,S,S,1,1,1.0,same-party
138,278,S,S,1,1,1.0,same-party
138,286,S,S,1,1,1.0,same-party
138,667,S,EL,0,0,,different-party
138,1146,S,DD,0,0,,different-party
138,1454,S,KF,1,0,0.0,different-party
138,1619,S,S,1,1,1.0,same-party
138,1845,S,V,0,0,,different-party
138,11702,S,KF,1,0,0.0,different-party
138,15757,S,IA,0,0,,different-party
138,15760,S,S,1,1,1.0,same-party
138,15762,S,S,1,1,1.0,same-party
138,15763,S,DF,1,0,0.0,different-party
138,15770,S,S,1,1,1.0,same-party
138,15774,S,DD,1,0,0.0,different-party
138,15775,S,ALT,0,0,,different-party
138,15776,S,S,1,1,1.0,same-party
138,15777,S,EL,1,1,1.0,different-party
138,15779,S,LA,1,0,0.0,different-party
138,15787,S,S,1,1,1.0,same-party
138,15793,S,KF,0,0,,different-party
138,16180,S,S,1,1,1.0,same-party
138,16351,S,S,1,1,1.0,same-party
138,16503,S,S,1,1,1.0,same-party
138,16582,S,EL,1,1,1.0,different-party
138,16728,S,SF,0,0,,different-party
138,17141,S,KF,0,0,,different-party
138,17628,S,SF,1,1,1.0,different-party
138,17629,S,DD,0,0,,different-party
138,18688,S,N,0,0,,different-party
138,18693,S,EL,1,1,1.0,different-party
138,18694,S,EL,1,1,1.0,different-party
138,18695,S,V,1,1,1.0,different-party
138,18696,S,V,1,1,1.0,different-party
138,18698,S,V,1,1,1.0,different-party
138,18699,S,V,1,1,1.0,different-party
138,18700,S,V,1,1,1.0,different-party
138,18701,S,V,1,1,1.0,different-party
138,18703,S,LA,0,0,,different-party
138,18704,S,SF,0,0,,different-party
138,18707,S,SF,0,0,,different-party
138,18708,S,SF,0,0,,different-party
138,18709,S,SF,1,1,1.0,different-party
138,18713,S,KF,0,0,,different-party
138,18715,S,S,0,0,,same-party
138,18716,S,S,1,1,1.0,same-party
138,18717,S,S,1,1,1.0,same-party
138,18718,S,S,1,1,1.0,same-party
138,18719,S,S,1,1,1.0,same-party
138,18720,S,S,0,0,,same-party
138,18721,S,DF,1,0,0.0,different-party
138,18722,S,UFG,0,0,,different-party
138,18723,S,LA,1,0,0.0,different-party
138,18724,S,UFG,1,0,0.0,different-party
138,18725,S,RV,1,0,0.0,different-party
138,18726,S,RV,1,0,0.0,different-party
138,18729,S,RV,1,0,0.0,different-party
138,18882,S,S,1,1,1.0,same-party
138,19000,S,SF,1,1,1.0,different-party
138,19928,S,S,1,1,1.0,same-party
138,20349,S,SP,0,0,,different-party
138,20350,S,DF,0,0,,different-party
138,20351,S,ALT,0,0,,different-party
138,20352,S,ALT,1,0,0.0,different-party
138,20353,S,ALT,0,0,,different-party
138,20354,S,UFG,0,0,,different-party
138,20355,S,DD,1,0,0.0,different-party
138,20356,S,DF,0,0,,different-party
138,20357,S,KF,1,1,1.0,different-party
138,20358,S,SF,0,0,,different-party
138,20359,S,SF,1,1,1.0,different-party
138,20360,S,SF,0,0,,different-party
138,20361,S,S,1,1,1.0,same-party
138,20362,S,S,1,1,1.0,same-party
138,20363,S,S,1,1,1.0,same-party
138,20364,S,S,1,1,1.0,same-party
138,20365,S,S,1,1,1.0,same-party
138,20366,S,S,1,1,1.0,same-party
138,20367,S,S,1,1,1.0,same-party
138,20368,S,S,1,1,1.0,same-party
138,20369,S,KF,1,0,0.0,different-party
138,20370,S,ALT,1,0,0.0,different-party
138,20371,S,V,1,1,1.0,different-party
138,20372,S,DD,0,0,,different-party
138,20373,S,DD,1,0,0.0,different-party
138,20374,S,DD,1,0,0.0,different-party
138,20375,S,DD,0,0,,different-party
138,20376,S,DD,1,0,0.0,different-party
138,20377,S,M,1,1,1.0,different-party
138,20378,S,M,1,1,1.0,different-party
138,20379,S,M,0,0,,different-party
138,20380,S,M,1,1,1.0,different-party
138,20381,S,ALT,1,0,0.0,different-party
138,20382,S,M,1,1,1.0,different-party
138,20383,S,UFG,1,0,0.0,different-party
138,20384,S,M,0,0,,different-party
138,20385,S,M,1,1,1.0,different-party
138,20386,S,M,0,0,,different-party
138,20388,S,UFG,0,0,,different-party
138,20389,S,M,1,1,1.0,different-party
138,20390,S,UFG,0,0,,different-party
138,20391,S,LA,1,0,0.0,different-party
138,20392,S,LA,0,0,,different-party
138,20393,S,LA,0,0,,different-party
138,20394,S,LA,1,0,0.0,different-party
138,20395,S,LA,1,0,0.0,different-party
138,20396,S,LA,0,0,,different-party
138,20397,S,LA,0,0,,different-party
138,20398,S,LA,1,0,0.0,different-party
138,20399,S,LA,0,0,,different-party
138,20400,S,LA,1,0,0.0,different-party
138,20411,S,EL,0,0,,different-party
138,20415,S,M,1,1,1.0,different-party
138,20496,S,M,0,0,,different-party
138,20781,S,S,1,1,1.0,same-party
138,20798,S,SF,1,1,1.0,different-party
138,20820,S,LA,1,0,0.0,different-party
138,20917,S,KF,0,0,,different-party
138,20925,S,KF,1,0,0.0,different-party
138,20930,S,S,0,0,,same-party
138,20962,S,SF,1,1,1.0,different-party
138,20966,S,KF,1,0,0.0,different-party
138,21044,S,S,1,1,1.0,same-party
138,21083,S,S,0,0,,same-party
138,21143,S,S,1,1,1.0,same-party
138,21159,S,M,0,0,,different-party
138,21168,S,V,1,1,1.0,different-party
138,21186,S,S,0,0,,same-party
138,21194,S,KF,0,0,,different-party
138,21206,S,N,0,0,,different-party
139,141,V,RV,10,7,0.7,different-party
139,145,V,M,1,1,1.0,different-party
139,152,V,S,32,32,1.0,different-party
139,154,V,S,3,3,1.0,different-party
139,162,V,DD,30,19,0.6333333333333333,different-party
139,164,V,V,36,36,1.0,same-party
139,168,V,V,41,41,1.0,same-party
139,173,V,V,14,14,1.0,same-party
139,176,V,EL,13,7,0.5384615384615384,different-party
139,180,V,V,40,40,1.0,same-party
139,182,V,DD,10,4,0.4,different-party
139,191,V,RV,42,34,0.8095238095238095,different-party
139,199,V,SF,27,15,0.5555555555555556,different-party
139,201,V,S,52,52,1.0,different-party
139,206,V,V,0,0,,same-party
139,208,V,S,17,17,1.0,different-party
139,213,V,S,51,51,1.0,different-party
139,214,V,S,23,23,1.0,different-party
139,217,V,V,8,8,1.0,same-party
139,219,V,SF,18,10,0.5555555555555556,different-party
139,220,V,S,7,7,1.0,different-party
139,224,V,S,30,30,1.0,different-party
139,238,V,DF,2,2,1.0,different-party
139,244,V,S,34,34,1.0,different-party
139,252,V,DF,29,19,0.6551724137931034,different-party
139,257,V,S,50,49,0.98,different-party
139,260,V,S,39,39,1.0,different-party
139,262,V,JF,1,1,1.0,different-party
139,266,V,S,32,32,1.0,different-party
139,273,V,S,44,44,1.0,different-party
139,278,V,S,47,47,1.0,different-party
139,286,V,S,50,50,1.0,different-party
139,667,V,EL,34,21,0.6176470588235294,different-party
139,1146,V,DD,40,24,0.6,different-party
139,1454,V,KF,31,25,0.8064516129032258,different-party
139,1619,V,S,47,47,1.0,different-party
139,1845,V,V,13,13,1.0,same-party
139,11702,V,KF,23,19,0.8260869565217391,different-party
139,15757,V,IA,0,0,,different-party
139,15760,V,S,21,21,1.0,different-party
139,15762,V,S,36,36,1.0,different-party
139,15763,V,DF,22,10,0.45454545454545453,different-party
139,15770,V,S,44,44,1.0,different-party
139,15774,V,DD,33,18,0.5454545454545454,different-party
139,15775,V,ALT,5,1,0.2,different-party
139,15776,V,S,32,32,1.0,different-party
139,15777,V,EL,6,2,0.3333333333333333,different-party
139,15779,V,LA,32,23,0.71875,different-party
139,15787,V,S,48,48,1.0,different-party
139,15793,V,KF,30,21,0.7,different-party
139,16180,V,S,52,52,1.0,different-party
139,16351,V,S,53,53,1.0,different-party
139,16503,V,S,16,16,1.0,different-party
139,16582,V,EL,53,29,0.5471698113207547,different-party
139,16728,V,SF,41,30,0.7317073170731707,different-party
139,17141,V,KF,1,0,0.0,different-party
139,17628,V,SF,9,5,0.5555555555555556,different-party
139,17629,V,DD,40,29,0.725,different-party
139,18688,V,N,0,0,,different-party
139,18693,V,EL,40,22,0.55,different-party
139,18694,V,EL,52,30,0.5769230769230769,different-party
139,18695,V,V,44,44,1.0,same-party
139,18696,V,V,51,51,1.0,same-party
139,18698,V,V,42,42,1.0,same-party
139,18699,V,V,53,53,1.0,same-party
139,18700,V,V,38,38,1.0,same-party
139,18701,V,V,4,4,1.0,same-party
139,18703,V,LA,1,0,0.0,different-party
139,18704,V,SF,34,25,0.7352941176470589,different-party
139,18707,V,SF,45,30,0.6666666666666666,different-party
139,18708,V,SF,29,23,0.7931034482758621,different-party
139,18709,V,SF,12,5,0.4166666666666667,different-party
139,18713,V,KF,10,4,0.4,different-party
139,18715,V,S,33,33,1.0,different-party
139,18716,V,S,43,43,1.0,different-party
139,18717,V,S,27,27,1.0,different-party
139,18718,V,S,53,53,1.0,different-party
139,18719,V,S,15,15,1.0,different-party
139,18720,V,S,48,48,1.0,different-party
139,18721,V,DF,44,25,0.5681818181818182,different-party
139,18722,V,UFG,0,0,,different-party
139,18723,V,LA,35,31,0.8857142857142857,different-party
139,18724,V,UFG,42,18,0.42857142857142855,different-party
139,18725,V,RV,14,11,0.7857142857142857,different-party
139,18726,V,RV,39,34,0.8717948717948718,different-party
139,18729,V,RV,30,22,0.7333333333333333,different-party
139,18882,V,S,11,11,1.0,different-party
139,19000,V,SF,53,35,0.660377358490566,different-party
139,19928,V,S,27,27,1.0,different-party
139,20349,V,SP,0,0,,different-party
139,20350,V,DF,21,12,0.5714285714285714,different-party
139,20351,V,ALT,1,0,0.0,different-party
139,20352,V,ALT,29,14,0.4827586206896552,different-party
139,20353,V,ALT,29,21,0.7241379310344828,different-party
139,20354,V,UFG,5,0,0.0,different-party
139,20355,V,DD,44,29,0.6590909090909091,different-party
139,20356,V,DF,41,22,0.5365853658536586,different-party
139,20357,V,KF,43,38,0.8837209302325582,different-party
139,20358,V,SF,3,2,0.6666666666666666,different-party
139,20359,V,SF,53,35,0.660377358490566,different-party
139,20360,V,SF,44,30,0.6818181818181818,different-party
139,20361,V,S,10,10,1.0,different-party
139,20362,V,S,38,38,1.0,different-party
139,20363,V,S,53,53,1.0,different-party
139,20364,V,S,44,44,1.0,different-party
139,20365,V,S,25,25,1.0,different-party
139,20366,V,S,16,16,1.0,different-party
139,20367,V,S,51,51,1.0,different-party
139,20368,V,S,35,35,1.0,different-party
139,20369,V,KF,31,27,0.8709677419354839,different-party
139,20370,V,ALT,34,22,0.6470588235294118,different-party
139,20371,V,V,30,30,1.0,same-party
139,20372,V,DD,27,17,0.6296296296296297,different-party
139,20373,V,DD,24,15,0.625,different-party
139,20374,V,DD,39,27,0.6923076923076923,different-party
139,20375,V,DD,30,18,0.6,different-party
139,20376,V,DD,45,25,0.5555555555555556,different-party
139,20377,V,M,41,41,1.0,different-party
139,20378,V,M,51,51,1.0,different-party
139,20379,V,M,0,0,,different-party
139,20380,V,M,9,9,1.0,different-party
139,20381,V,ALT,52,31,0.5961538461538461,different-party
139,20382,V,M,13,13,1.0,different-party
139,20383,V,UFG,23,22,0.9565217391304348,different-party
139,20384,V,M,13,13,1.0,different-party
139,20385,V,M,43,43,1.0,different-party
139,20386,V,M,12,12,1.0,different-party
139,20388,V,UFG,40,38,0.95,different-party
139,20389,V,M,53,53,1.0,different-party
139,20390,V,UFG,50,35,0.7,different-party
139,20391,V,LA,24,19,0.7916666666666666,different-party
139,20392,V,LA,32,26,0.8125,different-party
139,20393,V,LA,41,30,0.7317073170731707,different-party
139,20394,V,LA,39,34,0.8717948717948718,different-party
139,20395,V,LA,40,31,0.775,different-party
139,20396,V,LA,10,4,0.4,different-party
139,20397,V,LA,22,15,0.6818181818181818,different-party
139,20398,V,LA,50,39,0.78,different-party
139,20399,V,LA,31,21,0.6774193548387096,different-party
139,20400,V,LA,53,41,0.7735849056603774,different-party
139,20411,V,EL,47,28,0.5957446808510638,different-party
139,20415,V,M,52,52,1.0,different-party
139,20496,V,M,33,33,1.0,different-party
139,20781,V,S,52,52,1.0,different-party
139,20798,V,SF,53,35,0.660377358490566,different-party
139,20820,V,LA,50,40,0.8,different-party
139,20917,V,KF,1,0,0.0,different-party
139,20925,V,KF,43,35,0.813953488372093,different-party
139,20930,V,S,41,41,1.0,different-party
139,20962,V,SF,35,25,0.7142857142857143,different-party
139,20966,V,KF,53,42,0.7924528301886793,different-party
139,21044,V,S,53,53,1.0,different-party
139,21083,V,S,2,2,1.0,different-party
139,21143,V,S,24,24,1.0,different-party
139,21159,V,M,36,36,1.0,different-party
139,21168,V,V,25,25,1.0,same-party
139,21186,V,S,2,2,1.0,different-party
139,21194,V,KF,51,40,0.7843137254901961,different-party
139,21206,V,N,0,0,,different-party
141,145,RV,M,1,0,0.0,different-party
141,152,RV,S,16,13,0.8125,different-party
141,154,RV,S,0,0,,different-party
141,162,RV,DD,9,4,0.4444444444444444,different-party
141,164,RV,V,7,6,0.8571428571428571,different-party
141,168,RV,V,7,6,0.8571428571428571,different-party
141,173,RV,V,8,8,1.0,different-party
141,176,RV,EL,16,9,0.5625,different-party
141,180,RV,V,16,13,0.8125,different-party
141,182,RV,DD,10,5,0.5,different-party
141,191,RV,RV,7,7,1.0,same-party
141,199,RV,SF,10,8,0.8,different-party
141,201,RV,S,16,13,0.8125,different-party
141,206,RV,V,0,0,,different-party
141,208,RV,S,10,7,0.7,different-party
141,213,RV,S,16,13,0.8125,different-party
141,214,RV,S,16,13,0.8125,different-party
141,217,RV,V,8,6,0.75,different-party
141,219,RV,SF,7,3,0.42857142857142855,different-party
141,220,RV,S,6,4,0.6666666666666666,different-party
141,224,RV,S,15,13,0.8666666666666667,different-party
141,238,RV,DF,0,0,,different-party
141,244,RV,S,1,0,0.0,different-party
141,252,RV,DF,0,0,,different-party
141,257,RV,S,15,13,0.8666666666666667,different-party
141,260,RV,S,15,13,0.8666666666666667,different-party
141,262,RV,JF,1,0,0.0,different-party
141,266,RV,S,15,13,0.8666666666666667,different-party
141,273,RV,S,7,6,0.8571428571428571,different-party
141,278,RV,S,16,13,0.8125,different-party
141,286,RV,S,9,6,0.6666666666666666,different-party
141,667,RV,EL,1,1,1.0,different-party
141,1146,RV,DD,16,11,0.6875,different-party
141,1454,RV,KF,15,12,0.8,different-party
141,1619,RV,S,16,13,0.8125,different-party
141,1845,RV,V,7,6,0.8571428571428571,different-party
141,11702,RV,KF,7,7,1.0,different-party
141,15757,RV,IA,0,0,,different-party
141,15760,RV,S,1,0,0.0,different-party
141,15762,RV,S,12,9,0.75,different-party
141,15763,RV,DF,16,11,0.6875,different-party
141,15770,RV,S,7,6,0.8571428571428571,different-party
141,15774,RV,DD,10,5,0.5,different-party
141,15775,RV,ALT,7,3,0.42857142857142855,different-party
141,15776,RV,S,9,7,0.7777777777777778,different-party
141,15777,RV,EL,1,1,1.0,different-party
141,15779,RV,LA,9,4,0.4444444444444444,different-party
141,15787,RV,S,14,12,0.8571428571428571,different-party
141,15793,RV,KF,10,7,0.7,different-party
141,16180,RV,S,10,7,0.7,different-party
141,16351,RV,S,16,13,0.8125,different-party
141,16503,RV,S,0,0,,different-party
141,16582,RV,EL,10,8,0.8,different-party
141,16728,RV,SF,15,9,0.6,different-party
141,17141,RV,KF,6,6,1.0,different-party
141,17628,RV,SF,0,0,,different-party
141,17629,RV,DD,0,0,,different-party
141,18688,RV,N,0,0,,different-party
141,18693,RV,EL,6,1,0.16666666666666666,different-party
141,18694,RV,EL,15,8,0.5333333333333333,different-party
141,18695,RV,V,7,6,0.8571428571428571,different-party
141,18696,RV,V,16,13,0.8125,different-party
141,18698,RV,V,0,0,,different-party
141,18699,RV,V,16,13,0.8125,different-party
141,18700,RV,V,8,6,0.75,different-party
141,18701,RV,V,7,6,0.8571428571428571,different-party
141,18703,RV,LA,1,1,1.0,different-party
141,18704,RV,SF,16,10,0.625,different-party
141,18707,RV,SF,16,10,0.625,different-party
141,18708,RV,SF,9,7,0.7777777777777778,different-party
141,18709,RV,SF,6,2,0.3333333333333333,different-party
141,18713,RV,KF,10,7,0.7,different-party
141,18715,RV,S,1,0,0.0,different-party
141,18716,RV,S,0,0,,different-party
141,18717,RV,S,15,13,0.8666666666666667,different-party
141,18718,RV,S,16,13,0.8125,different-party
141,18719,RV,S,16,13,0.8125,different-party
141,18720,RV,S,16,13,0.8125,different-party
141,18721,RV,DF,16,11,0.6875,different-party
141,18722,RV,UFG,0,0,,different-party
141,18723,RV,LA,7,7,1.0,different-party
141,18724,RV,UFG,11,6,0.5454545454545454,different-party
141,18725,RV,RV,15,15,1.0,same-party
141,18726,RV,RV,0,0,,same-party
141,18729,RV,RV,10,10,1.0,same-party
141,18882,RV,S,0,0,,different-party
141,19000,RV,SF,16,10,0.625,different-party
141,19928,RV,S,7,6,0.8571428571428571,different-party
141,20349,RV,SP,6,6,1.0,different-party
141,20350,RV,DF,0,0,,different-party
141,20351,RV,ALT,1,1,1.0,different-party
141,20352,RV,ALT,15,7,0.4666666666666667,different-party
141,20353,RV,ALT,0,0,,different-party
141,20354,RV,UFG,0,0,,different-party
141,20355,RV,DD,7,7,1.0,different-party
141,20356,RV,DF,16,11,0.6875,different-party
141,20357,RV,KF,6,6,1.0,different-party
141,20358,RV,SF,0,0,,different-party
141,20359,RV,SF,16,10,0.625,different-party
141,20360,RV,SF,7,3,0.42857142857142855,different-party
141,20361,RV,S,0,0,,different-party
141,20362,RV,S,14,13,0.9285714285714286,different-party
141,20363,RV,S,16,13,0.8125,different-party
141,20364,RV,S,16,13,0.8125,different-party
141,20365,RV,S,16,13,0.8125,different-party
141,20366,RV,S,1,0,0.0,different-party
141,20367,RV,S,16,13,0.8125,different-party
141,20368,RV,S,7,6,0.8571428571428571,different-party
141,20369,RV,KF,6,6,1.0,different-party
141,20370,RV,ALT,0,0,,different-party
141,20371,RV,V,16,13,0.8125,different-party
141,20372,RV,DD,13,8,0.6153846153846154,different-party
141,20373,RV,DD,7,7,1.0,different-party
141,20374,RV,DD,7,7,1.0,different-party
141,20375,RV,DD,10,5,0.5,different-party
141,20376,RV,DD,16,11,0.6875,different-party
141,20377,RV,M,9,7,0.7777777777777778,different-party
141,20378,RV,M,15,13,0.8666666666666667,different-party
141,20379,RV,M,0,0,,different-party
141,20380,RV,M,0,0,,different-party
141,20381,RV,ALT,16,8,0.5,different-party
141,20382,RV,M,1,0,0.0,different-party
141,20383,RV,UFG,7,6,0.8571428571428571,different-party
141,20384,RV,M,12,9,0.75,different-party
141,20385,RV,M,0,0,,different-party
141,20386,RV,M,6,6,1.0,different-party
141,20388,RV,UFG,16,13,0.8125,different-party
141,20389,RV,M,16,13,0.8125,different-party
141,20390,RV,UFG,16,11,0.6875,different-party
141,20391,RV,LA,7,7,1.0,different-party
141,20392,RV,LA,1,1,1.0,different-party
141,20393,RV,LA,15,10,0.6666666666666666,different-party
141,20394,RV,LA,6,6,1.0,different-party
141,20395,RV,LA,15,10,0.6666666666666666,different-party
141,20396,RV,LA,9,4,0.4444444444444444,different-party
141,20397,RV,LA,10,5,0.5,different-party
141,20398,RV,LA,16,11,0.6875,different-party
141,20399,RV,LA,16,11,0.6875,different-party
141,20400,RV,LA,10,5,0.5,different-party
141,20411,RV,EL,15,8,0.5333333333333333,different-party
141,20415,RV,M,16,13,0.8125,different-party
141,20496,RV,M,7,6,0.8571428571428571,different-party
141,20781,RV,S,16,13,0.8125,different-party
141,20798,RV,SF,10,8,0.8,different-party
141,20820,RV,LA,16,11,0.6875,different-party
141,20917,RV,KF,0,0,,different-party
141,20925,RV,KF,16,13,0.8125,different-party
141,20930,RV,S,15,13,0.8666666666666667,different-party
141,20962,RV,SF,6,2,0.3333333333333333,different-party
141,20966,RV,KF,10,7,0.7,different-party
141,21044,RV,S,16,13,0.8125,different-party
141,21083,RV,S,1,0,0.0,different-party
141,21143,RV,S,7,6,0.8571428571428571,different-party
141,21159,RV,M,14,12,0.8571428571428571,different-party
141,21168,RV,V,16,13,0.8125,different-party
141,21186,RV,S,1,0,0.0,different-party
141,21194,RV,KF,10,7,0.7,different-party
141,21206,RV,N,0,0,,different-party
145,152,M,S,1,1,1.0,different-party
145,154,M,S,0,0,,different-party
145,162,M,DD,0,0,,different-party
145,164,M,V,1,1,1.0,different-party
145,168,M,V,1,1,1.0,different-party
145,173,M,V,0,0,,different-party
145,176,M,EL,1,0,0.0,different-party
145,180,M,V,1,1,1.0,different-party
145,182,M,DD,1,0,0.0,different-party
145,191,M,RV,1,0,0.0,different-party
145,199,M,SF,1,0,0.0,different-party
145,201,M,S,1,1,1.0,different-party
145,206,M,V,0,0,,different-party
145,208,M,S,1,1,1.0,different-party
145,213,M,S,1,1,1.0,different-party
145,214,M,S,1,1,1.0,different-party
145,217,M,V,0,0,,different-party
145,219,M,SF,1,0,0.0,different-party
145,220,M,S,0,0,,different-party
145,224,M,S,0,0,,different-party
145,238,M,DF,0,0,,different-party
145,244,M,S,1,1,1.0,different-party
145,252,M,DF,0,0,,different-party
145,257,M,S,0,0,,different-party
145,260,M,S,0,0,,different-party
145,262,M,JF,1,1,1.0,different-party
145,266,M,S,0,0,,different-party
145,273,M,S,1,1,1.0,different-party
145,278,M,S,1,1,1.0,different-party
145,286,M,S,1,1,1.0,different-party
145,667,M,EL,1,0,0.0,different-party
145,1146,M,DD,1,0,0.0,different-party
145,1454,M,KF,0,0,,different-party
145,1619,M,S,1,1,1.0,different-party
145,1845,M,V,1,1,1.0,different-party
145,11702,M,KF,1,0,0.0,different-party
145,15757,M,IA,0,0,,different-party
145,15760,M,S,1,1,1.0,different-party
145,15762,M,S,1,1,1.0,different-party
145,15763,M,DF,1,0,0.0,different-party
145,15770,M,S,1,1,1.0,different-party
145,15774,M,DD,1,0,0.0,different-party
145,15775,M,ALT,1,0,0.0,different-party
145,15776,M,S,0,0,,different-party
145,15777,M,EL,1,0,0.0,different-party
145,15779,M,LA,0,0,,different-party
145,15787,M,S,0,0,,different-party
145,15793,M,KF,1,0,0.0,different-party
145,16180,M,S,1,1,1.0,different-party
145,16351,M,S,1,1,1.0,different-party
145,16503,M,S,0,0,,different-party
145,16582,M,EL,1,0,0.0,different-party
145,16728,M,SF,0,0,,different-party
145,17141,M,KF,0,0,,different-party
145,17628,M,SF,0,0,,different-party
145,17629,M,DD,0,0,,different-party
145,18688,M,N,0,0,,different-party
145,18693,M,EL,0,0,,different-party
145,18694,M,EL,0,0,,different-party
145,18695,M,V,1,1,1.0,different-party
145,18696,M,V,1,1,1.0,different-party
145,18698,M,V,0,0,,different-party
145,18699,M,V,1,1,1.0,different-party
145,18700,M,V,0,0,,different-party
145,18701,M,V,1,1,1.0,different-party
145,18703,M,LA,1,0,0.0,different-party
145,18704,M,SF,1,0,0.0,different-party
145,18707,M,SF,1,0,0.0,different-party
145,18708,M,SF,0,0,,different-party
145,18709,M,SF,1,0,0.0,different-party
145,18713,M,KF,1,0,0.0,different-party
145,18715,M,S,1,1,1.0,different-party
145,18716,M,S,0,0,,different-party
145,18717,M,S,0,0,,different-party
145,18718,M,S,1,1,1.0,different-party
145,18719,M,S,1,1,1.0,different-party
145,18720,M,S,1,1,1.0,different-party
145,18721,M,DF,1,0,0.0,different-party
145,18722,M,UFG,0,0,,different-party
145,18723,M,LA,1,0,0.0,different-party
145,18724,M,UFG,0,0,,different-party
145,18725,M,RV,0,0,,different-party
145,18726,M,RV,0,0,,different-party
145,18729,M,RV,1,0,0.0,different-party
145,18882,M,S,0,0,,different-party
145,19000,M,SF,1,0,0.0,different-party
145,19928,M,S,1,1,1.0,different-party
145,20349,M,SP,0,0,,different-party
145,20350,M,DF,0,0,,different-party
145,20351,M,ALT,1,0,0.0,different-party
145,20352,M,ALT,0,0,,different-party
145,20353,M,ALT,0,0,,different-party
145,20354,M,UFG,0,0,,different-party
145,20355,M,DD,1,0,0.0,different-party
145,20356,M,DF,1,0,0.0,different-party
145,20357,M,KF,0,0,,different-party
145,20358,M,SF,0,0,,different-party
145,20359,M,SF,1,0,0.0,different-party
145,20360,M,SF,1,0,0.0,different-party
145,20361,M,S,0,0,,different-party
145,20362,M,S,1,1,1.0,different-party
145,20363,M,S,1,1,1.0,different-party
145,20364,M,S,1,1,1.0,different-party
145,20365,M,S,1,1,1.0,different-party
145,20366,M,S,1,1,1.0,different-party
145,20367,M,S,1,1,1.0,different-party
145,20368,M,S,1,1,1.0,different-party
145,20369,M,KF,0,0,,different-party
145,20370,M,ALT,0,0,,different-party
145,20371,M,V,1,1,1.0,different-party
145,20372,M,DD,0,0,,different-party
145,20373,M,DD,1,0,0.0,different-party
145,20374,M,DD,1,0,0.0,different-party
145,20375,M,DD,1,0,0.0,different-party
145,20376,M,DD,1,0,0.0,different-party
145,20377,M,M,0,0,,same-party
145,20378,M,M,0,0,,same-party
145,20379,M,M,0,0,,same-party
145,20380,M,M,0,0,,same-party
145,20381,M,ALT,1,0,0.0,different-party
145,20382,M,M,1,1,1.0,same-party
145,20383,M,UFG,1,1,1.0,different-party
145,20384,M,M,1,1,1.0,same-party
145,20385,M,M,0,0,,same-party
145,20386,M,M,0,0,,same-party
145,20388,M,UFG,1,1,1.0,different-party
145,20389,M,M,1,1,1.0,same-party
145,20390,M,UFG,1,0,0.0,different-party
145,20391,M,LA,1,0,0.0,different-party
145,20392,M,LA,1,0,0.0,different-party
145,20393,M,LA,0,0,,different-party
145,20394,M,LA,0,0,,different-party
145,20395,M,LA,0,0,,different-party
145,20396,M,LA,0,0,,different-party
145,20397,M,LA,1,0,0.0,different-party
145,20398,M,LA,1,0,0.0,different-party
145,20399,M,LA,1,0,0.0,different-party
145,20400,M,LA,1,0,0.0,different-party
145,20411,M,EL,0,0,,different-party
145,20415,M,M,1,1,1.0,same-party
145,20496,M,M,1,1,1.0,same-party
145,20781,M,S,1,1,1.0,different-party
145,20798,M,SF,1,0,0.0,different-party
145,20820,M,LA,1,0,0.0,different-party
145,20917,M,KF,0,0,,different-party
145,20925,M,KF,1,0,0.0,different-party
145,20930,M,S,0,0,,different-party
145,20962,M,SF,0,0,,different-party
145,20966,M,KF,1,0,0.0,different-party
145,21044,M,S,1,1,1.0,different-party
145,21083,M,S,1,1,1.0,different-party
145,21143,M,S,1,1,1.0,different-party
145,21159,M,M,0,0,,same-party
145,21168,M,V,1,1,1.0,different-party
145,21186,M,S,1,1,1.0,different-party
145,21194,M,KF,1,0,0.0,different-party
145,21206,M,N,0,0,,different-party
152,154,S,S,27,27,1.0,same-party
152,162,S,DD,51,34,0.6666666666666666,different-party
152,164,S,V,61,61,1.0,different-party
152,168,S,V,132,132,1.0,different-party
152,173,S,V,22,22,1.0,different-party
152,176,S,EL,98,46,0.46938775510204084,different-party
152,180,S,V,125,125,1.0,different-party
152,182,S,DD,75,19,0.25333333333333335,different-party
152,191,S,RV,107,92,0.8598130841121495,different-party
152,199,S,SF,113,71,0.6283185840707964,different-party
152,201,S,S,120,120,1.0,same-party
152,206,S,V,1,1,1.0,different-party
152,208,S,S,101,101,1.0,same-party
152,213,S,S,124,124,1.0,same-party
152,214,S,S,59,59,1.0,same-party
152,217,S,V,18,18,1.0,different-party
152,219,S,SF,28,16,0.5714285714285714,different-party
152,220,S,S,15,15,1.0,same-party
152,224,S,S,106,106,1.0,same-party
152,238,S,DF,7,4,0.5714285714285714,different-party
152,244,S,S,33,33,1.0,same-party
152,252,S,DF,42,21,0.5,different-party
152,257,S,S,125,124,0.992,same-party
152,260,S,S,97,97,1.0,same-party
152,262,S,JF,1,1,1.0,different-party
152,266,S,S,126,126,1.0,same-party
152,273,S,S,135,135,1.0,same-party
152,278,S,S,141,141,1.0,same-party
152,286,S,S,136,136,1.0,same-party
152,667,S,EL,103,51,0.49514563106796117,different-party
152,1146,S,DD,56,37,0.6607142857142857,different-party
152,1454,S,KF,36,29,0.8055555555555556,different-party
152,1619,S,S,125,125,1.0,same-party
152,1845,S,V,109,109,1.0,different-party
152,11702,S,KF,122,116,0.9508196721311475,different-party
152,15757,S,IA,0,0,,different-party
152,15760,S,S,60,60,1.0,same-party
152,15762,S,S,109,109,1.0,same-party
152,15763,S,DF,129,49,0.3798449612403101,different-party
152,15770,S,S,41,41,1.0,same-party
152,15774,S,DD,26,12,0.46153846153846156,different-party
152,15775,S,ALT,82,41,0.5,different-party
152,15776,S,S,71,71,1.0,same-party
152,15777,S,EL,73,32,0.4383561643835616,different-party
152,15779,S,LA,56,39,0.6964285714285714,different-party
152,15787,S,S,124,124,1.0,same-party
152,15793,S,KF,107,97,0.9065420560747663,different-party
152,16180,S,S,48,48,1.0,same-party
152,16351,S,S,144,144,1.0,same-party
152,16503,S,S,20,20,1.0,same-party
152,16582,S,EL,138,71,0.5144927536231884,different-party
152,16728,S,SF,103,61,0.5922330097087378,different-party
152,17141,S,KF,88,87,0.9886363636363636,different-party
152,17628,S,SF,13,9,0.6923076923076923,different-party
152,17629,S,DD,46,33,0.717391304347826,different-party
152,18688,S,N,0,0,,different-party
152,18693,S,EL,49,28,0.5714285714285714,different-party
152,18694,S,EL,142,73,0.5140845070422535,different-party
152,18695,S,V,129,129,1.0,different-party
152,18696,S,V,52,52,1.0,different-party
152,18698,S,V,43,43,1.0,different-party
152,18699,S,V,140,140,1.0,different-party
152,18700,S,V,36,36,1.0,different-party
152,18701,S,V,25,25,1.0,different-party
152,18703,S,LA,1,0,0.0,different-party
152,18704,S,SF,53,39,0.7358490566037735,different-party
152,18707,S,SF,133,85,0.6390977443609023,different-party
152,18708,S,SF,84,52,0.6190476190476191,different-party
152,18709,S,SF,98,58,0.5918367346938775,different-party
152,18713,S,KF,110,99,0.9,different-party
152,18715,S,S,47,47,1.0,same-party
152,18716,S,S,47,47,1.0,same-party
152,18717,S,S,138,138,1.0,same-party
152,18718,S,S,137,137,1.0,same-party
152,18719,S,S,108,108,1.0,same-party
152,18720,S,S,130,130,1.0,same-party
152,18721,S,DF,68,39,0.5735294117647058,different-party
152,18722,S,UFG,0,0,,different-party
152,18723,S,LA,29,24,0.8275862068965517,different-party
152,18724,S,UFG,63,27,0.42857142857142855,different-party
152,18725,S,RV,122,107,0.8770491803278688,different-party
152,18726,S,RV,59,50,0.847457627118644,different-party
152,18729,S,RV,135,115,0.8518518518518519,different-party
152,18882,S,S,22,22,1.0,same-party
152,19000,S,SF,68,47,0.6911764705882353,different-party
152,19928,S,S,111,111,1.0,same-party
152,20349,S,SP,72,72,1.0,different-party
152,20350,S,DF,30,18,0.6,different-party
152,20351,S,ALT,1,0,0.0,different-party
152,20352,S,ALT,124,64,0.5161290322580645,different-party
152,20353,S,ALT,22,16,0.7272727272727273,different-party
152,20354,S,UFG,3,0,0.0,different-party
152,20355,S,DD,59,40,0.6779661016949152,different-party
152,20356,S,DF,125,46,0.368,different-party
152,20357,S,KF,50,44,0.88,different-party
152,20358,S,SF,3,2,0.6666666666666666,different-party
152,20359,S,SF,138,87,0.6304347826086957,different-party
152,20360,S,SF,65,46,0.7076923076923077,different-party
152,20361,S,S,15,15,1.0,same-party
152,20362,S,S,130,130,1.0,same-party
152,20363,S,S,138,138,1.0,same-party
152,20364,S,S,129,129,1.0,same-party
152,20365,S,S,135,135,1.0,same-party
152,20366,S,S,26,26,1.0,same-party
152,20367,S,S,143,143,1.0,same-party
152,20368,S,S,111,111,1.0,same-party
152,20369,S,KF,117,109,0.9316239316239316,different-party
152,20370,S,ALT,50,35,0.7,different-party
152,20371,S,V,141,141,1.0,different-party
152,20372,S,DD,47,34,0.723404255319149,different-party
152,20373,S,DD,52,35,0.6730769230769231,different-party
152,20374,S,DD,110,46,0.41818181818181815,different-party
152,20375,S,DD,89,29,0.3258426966292135,different-party
152,20376,S,DD,135,57,0.4222222222222222,different-party
152,20377,S,M,62,62,1.0,different-party
152,20378,S,M,143,143,1.0,different-party
152,20379,S,M,0,0,,different-party
152,20380,S,M,10,10,1.0,different-party
152,20381,S,ALT,126,66,0.5238095238095238,different-party
152,20382,S,M,17,17,1.0,different-party
152,20383,S,UFG,20,17,0.85,different-party
152,20384,S,M,85,85,1.0,different-party
152,20385,S,M,44,44,1.0,different-party
152,20386,S,M,108,107,0.9907407407407407,different-party
152,20388,S,UFG,27,27,1.0,different-party
152,20389,S,M,134,134,1.0,different-party
152,20390,S,UFG,53,34,0.6415094339622641,different-party
152,20391,S,LA,133,88,0.6616541353383458,different-party
152,20392,S,LA,22,15,0.6818181818181818,different-party
152,20393,S,LA,114,73,0.6403508771929824,different-party
152,20394,S,LA,115,76,0.6608695652173913,different-party
152,20395,S,LA,113,71,0.6283185840707964,different-party
152,20396,S,LA,88,51,0.5795454545454546,different-party
152,20397,S,LA,45,32,0.7111111111111111,different-party
152,20398,S,LA,133,85,0.6390977443609023,different-party
152,20399,S,LA,131,85,0.648854961832061,different-party
152,20400,S,LA,138,88,0.6376811594202898,different-party
152,20411,S,EL,48,23,0.4791666666666667,different-party
152,20415,S,M,141,141,1.0,different-party
152,20496,S,M,113,113,1.0,different-party
152,20781,S,S,137,137,1.0,same-party
152,20798,S,SF,138,91,0.6594202898550725,different-party
152,20820,S,LA,73,52,0.7123287671232876,different-party
152,20917,S,KF,3,2,0.6666666666666666,different-party
152,20925,S,KF,135,125,0.9259259259259259,different-party
152,20930,S,S,57,57,1.0,same-party
152,20962,S,SF,56,41,0.7321428571428571,different-party
152,20966,S,KF,47,35,0.7446808510638298,different-party
152,21044,S,S,144,144,1.0,same-party
152,21083,S,S,1,1,1.0,same-party
152,21143,S,S,124,124,1.0,same-party
152,21159,S,M,120,120,1.0,different-party
152,21168,S,V,125,125,1.0,different-party
152,21186,S,S,1,1,1.0,same-party
152,21194,S,KF,41,31,0.7560975609756098,different-party
152,21206,S,N,0,0,,different-party
154,162,S,DD,24,15,0.625,different-party
154,164,S,V,27,27,1.0,different-party
154,168,S,V,24,24,1.0,different-party
154,173,S,V,9,9,1.0,different-party
154,176,S,EL,6,4,0.6666666666666666,different-party
154,180,S,V,24,24,1.0,different-party
154,182,S,DD,0,0,,different-party
154,191,S,RV,6,4,0.6666666666666666,different-party
154,199,S,SF,9,9,1.0,different-party
154,201,S,S,3,3,1.0,same-party
154,206,S,V,0,0,,different-party
154,208,S,S,3,3,1.0,same-party
154,213,S,S,9,9,1.0,same-party
154,214,S,S,24,24,1.0,same-party
154,217,S,V,0,0,,different-party
154,219,S,SF,3,3,1.0,different-party
154,220,S,S,8,8,1.0,same-party
154,224,S,S,21,21,1.0,same-party
154,238,S,DF,0,0,,different-party
154,244,S,S,12,12,1.0,same-party
154,252,S,DF,18,8,0.4444444444444444,different-party
154,257,S,S,27,27,1.0,same-party
154,260,S,S,0,0,,same-party
154,262,S,JF,0,0,,different-party
154,266,S,S,21,21,1.0,same-party
154,273,S,S,27,27,1.0,same-party
154,278,S,S,24,24,1.0,same-party
154,286,S,S,27,27,1.0,same-party
154,667,S,EL,27,17,0.6296296296296297,different-party
154,1146,S,DD,21,14,0.6666666666666666,different-party
154,1454,S,KF,15,15,1.0,different-party
154,1619,S,S,21,21,1.0,same-party
154,1845,S,V,27,27,1.0,different-party
154,11702,S,KF,24,23,0.9583333333333334,different-party
154,15757,S,IA,0,0,,different-party
154,15760,S,S,24,24,1.0,same-party
154,15762,S,S,24,24,1.0,same-party
154,15763,S,DF,21,12,0.5714285714285714,different-party
154,15770,S,S,9,9,1.0,same-party
154,15774,S,DD,9,7,0.7777777777777778,different-party
154,15775,S,ALT,9,7,0.7777777777777778,different-party
154,15776,S,S,27,27,1.0,same-party
154,15777,S,EL,3,2,0.6666666666666666,different-party
154,15779,S,LA,12,10,0.8333333333333334,different-party
154,15787,S,S,9,9,1.0,same-party
154,15793,S,KF,3,3,1.0,different-party
154,16180,S,S,4,4,1.0,same-party
154,16351,S,S,27,27,1.0,same-party
154,16503,S,S,3,3,1.0,same-party
154,16582,S,EL,27,17,0.6296296296296297,different-party
154,16728,S,SF,3,2,0.6666666666666666,different-party
154,17141,S,KF,18,17,0.9444444444444444,different-party
154,17628,S,SF,0,0,,different-party
154,17629,S,DD,18,11,0.6111111111111112,different-party
154,18688,S,N,0,0,,different-party
154,18693,S,EL,8,7,0.875,different-party
154,18694,S,EL,27,17,0.6296296296296297,different-party
154,18695,S,V,21,21,1.0,different-party
154,18696,S,V,11,11,1.0,different-party
154,18698,S,V,18,18,1.0,different-party
154,18699,S,V,24,24,1.0,different-party
154,18700,S,V,6,6,1.0,different-party
154,18701,S,V,3,3,1.0,different-party
154,18703,S,LA,0,0,,different-party
154,18704,S,SF,27,24,0.8888888888888888,different-party
154,18707,S,SF,27,24,0.8888888888888888,different-party
154,18708,S,SF,9,9,1.0,different-party
154,18709,S,SF,0,0,,different-party
154,18713,S,KF,24,22,0.9166666666666666,different-party
154,18715,S,S,27,27,1.0,same-party
154,18716,S,S,12,12,1.0,same-party
154,18717,S,S,24,24,1.0,same-party
154,18718,S,S,22,22,1.0,same-party
154,18719,S,S,24,24,1.0,same-party
154,18720,S,S,21,21,1.0,same-party
154,18721,S,DF,27,14,0.5185185185185185,different-party
154,18722,S,UFG,0,0,,different-party
154,18723,S,LA,6,5,0.8333333333333334,different-party
154,18724,S,UFG,26,10,0.38461538461538464,different-party
154,18725,S,RV,24,22,0.9166666666666666,different-party
154,18726,S,RV,24,22,0.9166666666666666,different-party
154,18729,S,RV,24,22,0.9166666666666666,different-party
154,18882,S,S,6,6,1.0,same-party
154,19000,S,SF,27,24,0.8888888888888888,different-party
154,19928,S,S,21,21,1.0,same-party
154,20349,S,SP,0,0,,different-party
154,20350,S,DF,12,7,0.5833333333333334,different-party
154,20351,S,ALT,0,0,,different-party
154,20352,S,ALT,18,13,0.7222222222222222,different-party
154,20353,S,ALT,3,2,0.6666666666666666,different-party
154,20354,S,UFG,0,0,,different-party
154,20355,S,DD,27,18,0.6666666666666666,different-party
154,20356,S,DF,24,13,0.5416666666666666,different-party
154,20357,S,KF,9,8,0.8888888888888888,different-party
154,20358,S,SF,3,2,0.6666666666666666,different-party
154,20359,S,SF,21,18,0.8571428571428571,different-party
154,20360,S,SF,27,24,0.8888888888888888,different-party
154,20361,S,S,0,0,,same-party
154,20362,S,S,24,24,1.0,same-party
154,20363,S,S,21,21,1.0,same-party
154,20364,S,S,21,21,1.0,same-party
154,20365,S,S,27,27,1.0,same-party
154,20366,S,S,9,9,1.0,same-party
154,20367,S,S,27,27,1.0,same-party
154,20368,S,S,12,12,1.0,same-party
154,20369,S,KF,24,22,0.9166666666666666,different-party
154,20370,S,ALT,24,18,0.75,different-party
154,20371,S,V,24,24,1.0,different-party
154,20372,S,DD,6,4,0.6666666666666666,different-party
154,20373,S,DD,10,6,0.6,different-party
154,20374,S,DD,3,3,1.0,different-party
154,20375,S,DD,3,3,1.0,different-party
154,20376,S,DD,27,18,0.6666666666666666,different-party
154,20377,S,M,27,27,1.0,different-party
154,20378,S,M,27,27,1.0,different-party
154,20379,S,M,0,0,,different-party
154,20380,S,M,0,0,,different-party
154,20381,S,ALT,9,7,0.7777777777777778,different-party
154,20382,S,M,0,0,,different-party
154,20383,S,UFG,6,5,0.8333333333333334,different-party
154,20384,S,M,3,3,1.0,different-party
154,20385,S,M,9,9,1.0,different-party
154,20386,S,M,18,17,0.9444444444444444,different-party
154,20388,S,UFG,3,3,1.0,different-party
154,20389,S,M,27,27,1.0,different-party
154,20390,S,UFG,9,5,0.5555555555555556,different-party
154,20391,S,LA,25,18,0.72,different-party
154,20392,S,LA,9,7,0.7777777777777778,different-party
154,20393,S,LA,24,18,0.75,different-party
154,20394,S,LA,18,12,0.6666666666666666,different-party
154,20395,S,LA,6,5,0.8333333333333334,different-party
154,20396,S,LA,3,2,0.6666666666666666,different-party
154,20397,S,LA,27,20,0.7407407407407407,different-party
154,20398,S,LA,18,13,0.7222222222222222,different-party
154,20399,S,LA,21,15,0.7142857142857143,different-party
154,20400,S,LA,27,20,0.7407407407407407,different-party
154,20411,S,EL,15,8,0.5333333333333333,different-party
154,20415,S,M,24,24,1.0,different-party
154,20496,S,M,21,21,1.0,different-party
154,20781,S,S,20,20,1.0,same-party
154,20798,S,SF,27,24,0.8888888888888888,different-party
154,20820,S,LA,24,18,0.75,different-party
154,20917,S,KF,3,2,0.6666666666666666,different-party
154,20925,S,KF,27,25,0.9259259259259259,different-party
154,20930,S,S,27,27,1.0,same-party
154,20962,S,SF,24,21,0.875,different-party
154,20966,S,KF,12,10,0.8333333333333334,different-party
154,21044,S,S,27,27,1.0,same-party
154,21083,S,S,0,0,,same-party
154,21143,S,S,18,18,1.0,same-party
154,21159,S,M,24,24,1.0,different-party
154,21168,S,V,27,27,1.0,different-party
154,21186,S,S,0,0,,same-party
154,21194,S,KF,3,3,1.0,different-party
154,21206,S,N,0,0,,different-party
162,164,DD,V,35,25,0.7142857142857143,different-party
162,168,DD,V,40,29,0.725,different-party
162,173,DD,V,21,13,0.6190476190476191,different-party
162,176,DD,EL,12,6,0.5,different-party
162,180,DD,V,40,24,0.6,different-party
162,182,DD,DD,9,9,1.0,same-party
162,191,DD,RV,22,16,0.7272727272727273,different-party
162,199,DD,SF,33,20,0.6060606060606061,different-party
162,201,DD,S,30,20,0.6666666666666666,different-party
162,206,DD,V,0,0,,different-party
162,208,DD,S,15,9,0.6,different-party
162,213,DD,S,35,23,0.6571428571428571,different-party
162,214,DD,S,43,25,0.5813953488372093,different-party
162,217,DD,V,8,3,0.375,different-party
162,219,DD,SF,18,10,0.5555555555555556,different-party
162,220,DD,S,15,9,0.6,different-party
162,224,DD,S,31,18,0.5806451612903226,different-party
162,238,DD,DF,0,0,,different-party
162,244,DD,S,19,11,0.5789473684210527,different-party
162,252,DD,DF,24,17,0.7083333333333334,different-party
162,257,DD,S,52,33,0.6346153846153846,different-party
162,260,DD,S,18,13,0.7222222222222222,different-party
162,262,DD,JF,0,0,,different-party
162,266,DD,S,46,30,0.6521739130434783,different-party
162,273,DD,S,43,30,0.6976744186046512,different-party
162,278,DD,S,49,33,0.673469387755102,different-party
162,286,DD,S,50,33,0.66,different-party
162,667,DD,EL,34,16,0.47058823529411764,different-party
162,1146,DD,DD,40,40,1.0,same-party
162,1454,DD,KF,24,17,0.7083333333333334,different-party
162,1619,DD,S,48,33,0.6875,different-party
162,1845,DD,V,34,24,0.7058823529411765,different-party
162,11702,DD,KF,42,31,0.7380952380952381,different-party
162,15757,DD,IA,0,0,,different-party
162,15760,DD,S,40,29,0.725,different-party
162,15762,DD,S,34,19,0.5588235294117647,different-party
162,15763,DD,DF,40,27,0.675,different-party
162,15770,DD,S,25,19,0.76,different-party
162,15774,DD,DD,16,16,1.0,same-party
162,15775,DD,ALT,10,6,0.6,different-party
162,15776,DD,S,52,34,0.6538461538461539,different-party
162,15777,DD,EL,3,2,0.6666666666666666,different-party
162,15779,DD,LA,37,32,0.8648648648648649,different-party
162,15787,DD,S,33,22,0.6666666666666666,different-party
162,15793,DD,KF,30,23,0.7666666666666667,different-party
162,16180,DD,S,30,19,0.6333333333333333,different-party
162,16351,DD,S,52,34,0.6538461538461539,different-party
162,16503,DD,S,14,8,0.5714285714285714,different-party
162,16582,DD,EL,52,24,0.46153846153846156,different-party
162,16728,DD,SF,22,15,0.6818181818181818,different-party
162,17141,DD,KF,16,11,0.6875,different-party
162,17628,DD,SF,9,4,0.4444444444444444,different-party
162,17629,DD,DD,36,36,1.0,same-party
162,18688,DD,N,0,0,,different-party
162,18693,DD,EL,25,14,0.56,different-party
162,18694,DD,EL,52,24,0.46153846153846156,different-party
162,18695,DD,V,37,26,0.7027027027027027,different-party
162,18696,DD,V,36,24,0.6666666666666666,different-party
162,18698,DD,V,36,26,0.7222222222222222,different-party
162,18699,DD,V,52,34,0.6538461538461539,different-party
162,18700,DD,V,16,9,0.5625,different-party
162,18701,DD,V,3,1,0.3333333333333333,different-party
162,18703,DD,LA,0,0,,different-party
162,18704,DD,SF,34,21,0.6176470588235294,different-party
162,18707,DD,SF,43,25,0.5813953488372093,different-party
162,18708,DD,SF,15,10,0.6666666666666666,different-party
162,18709,DD,SF,10,7,0.7,different-party
162,18713,DD,KF,30,22,0.7333333333333333,different-party
162,18715,DD,S,34,24,0.7058823529411765,different-party
162,18716,DD,S,28,20,0.7142857142857143,different-party
162,18717,DD,S,47,32,0.6808510638297872,different-party
162,18718,DD,S,49,31,0.6326530612244898,different-party
162,18719,DD,S,30,16,0.5333333333333333,different-party
162,18720,DD,S,48,32,0.6666666666666666,different-party
162,18721,DD,DF,43,31,0.7209302325581395,different-party
162,18722,DD,UFG,0,0,,different-party
162,18723,DD,LA,13,11,0.8461538461538461,different-party
162,18724,DD,UFG,42,30,0.7142857142857143,different-party
162,18725,DD,RV,33,21,0.6363636363636364,different-party
162,18726,DD,RV,39,28,0.717948717948718,different-party
162,18729,DD,RV,49,33,0.673469387755102,different-party
162,18882,DD,S,15,10,0.6666666666666666,different-party
162,19000,DD,SF,52,31,0.5961538461538461,different-party
162,19928,DD,S,19,11,0.5789473684210527,different-party
162,20349,DD,SP,0,0,,different-party
162,20350,DD,DF,28,18,0.6428571428571429,different-party
162,20351,DD,ALT,0,0,,different-party
162,20352,DD,ALT,43,24,0.5581395348837209,different-party
162,20353,DD,ALT,10,7,0.7,different-party
162,20354,DD,UFG,3,2,0.6666666666666666,different-party
162,20355,DD,DD,43,43,1.0,same-party
162,20356,DD,DF,42,29,0.6904761904761905,different-party
162,20357,DD,KF,28,22,0.7857142857142857,different-party
162,20358,DD,SF,3,2,0.6666666666666666,different-party
162,20359,DD,SF,46,27,0.5869565217391305,different-party
162,20360,DD,SF,43,25,0.5813953488372093,different-party
162,20361,DD,S,9,6,0.6666666666666666,different-party
162,20362,DD,S,37,26,0.7027027027027027,different-party
162,20363,DD,S,46,30,0.6521739130434783,different-party
162,20364,DD,S,37,24,0.6486486486486487,different-party
162,20365,DD,S,43,25,0.5813953488372093,different-party
162,20366,DD,S,19,11,0.5789473684210527,different-party
162,20367,DD,S,51,34,0.6666666666666666,different-party
162,20368,DD,S,19,14,0.7368421052631579,different-party
162,20369,DD,KF,30,21,0.7,different-party
162,20370,DD,ALT,33,15,0.45454545454545453,different-party
162,20371,DD,V,49,33,0.673469387755102,different-party
162,20372,DD,DD,28,28,1.0,same-party
162,20373,DD,DD,28,28,1.0,same-party
162,20374,DD,DD,17,17,1.0,same-party
162,20375,DD,DD,9,9,1.0,same-party
162,20376,DD,DD,43,43,1.0,same-party
162,20377,DD,M,43,28,0.6511627906976745,different-party
162,20378,DD,M,51,34,0.6666666666666666,different-party
162,20379,DD,M,0,0,,different-party
162,20380,DD,M,9,6,0.6666666666666666,different-party
162,20381,DD,ALT,36,22,0.6111111111111112,different-party
162,20382,DD,M,10,6,0.6,different-party
162,20383,DD,UFG,6,5,0.8333333333333334,different-party
162,20384,DD,M,10,4,0.4,different-party
162,20385,DD,M,28,20,0.7142857142857143,different-party
162,20386,DD,M,28,21,0.75,different-party
162,20388,DD,UFG,20,13,0.65,different-party
162,20389,DD,M,52,34,0.6538461538461539,different-party
162,20390,DD,UFG,36,28,0.7777777777777778,different-party
162,20391,DD,LA,43,38,0.8837209302325582,different-party
162,20392,DD,LA,15,14,0.9333333333333333,different-party
162,20393,DD,LA,43,36,0.8372093023255814,different-party
162,20394,DD,LA,33,31,0.9393939393939394,different-party
162,20395,DD,LA,24,20,0.8333333333333334,different-party
162,20396,DD,LA,10,8,0.8,different-party
162,20397,DD,LA,42,35,0.8333333333333334,different-party
162,20398,DD,LA,43,37,0.8604651162790697,different-party
162,20399,DD,LA,46,40,0.8695652173913043,different-party
162,20400,DD,LA,52,45,0.8653846153846154,different-party
162,20411,DD,EL,43,17,0.3953488372093023,different-party
162,20415,DD,M,51,34,0.6666666666666666,different-party
162,20496,DD,M,27,17,0.6296296296296297,different-party
162,20781,DD,S,45,30,0.6666666666666666,different-party
162,20798,DD,SF,52,31,0.5961538461538461,different-party
162,20820,DD,LA,49,42,0.8571428571428571,different-party
162,20917,DD,KF,1,1,1.0,different-party
162,20925,DD,KF,43,33,0.7674418604651163,different-party
162,20930,DD,S,43,28,0.6511627906976745,different-party
162,20962,DD,SF,34,19,0.5588235294117647,different-party
162,20966,DD,KF,37,29,0.7837837837837838,different-party
162,21044,DD,S,52,34,0.6538461538461539,different-party
162,21083,DD,S,1,0,0.0,different-party
162,21143,DD,S,36,25,0.6944444444444444,different-party
162,21159,DD,M,37,24,0.6486486486486487,different-party
162,21168,DD,V,43,25,0.5813953488372093,different-party
162,21186,DD,S,1,0,0.0,different-party
162,21194,DD,KF,31,24,0.7741935483870968,different-party
162,21206,DD,N,0,0,,different-party
164,168,V,V,79,79,1.0,same-party
164,173,V,V,17,17,1.0,same-party
164,176,V,EL,26,15,0.5769230769230769,different-party
164,180,V,V,66,66,1.0,same-party
164,182,V,DD,4,2,0.5,different-party
164,191,V,RV,57,50,0.8771929824561403,different-party
164,199,V,SF,33,26,0.7878787878787878,different-party
164,201,V,S,60,60,1.0,different-party
164,206,V,V,1,1,1.0,same-party
164,208,V,S,30,30,1.0,different-party
164,213,V,S,64,64,1.0,different-party
164,214,V,S,46,46,1.0,different-party
164,217,V,V,10,10,1.0,same-party
164,219,V,SF,20,12,0.6,different-party
164,220,V,S,9,9,1.0,different-party
164,224,V,S,61,61,1.0,different-party
164,238,V,DF,7,4,0.5714285714285714,different-party
164,244,V,S,49,49,1.0,different-party
164,252,V,DF,65,36,0.5538461538461539,different-party
164,257,V,S,64,64,1.0,different-party
164,260,V,S,42,42,1.0,different-party
164,262,V,JF,1,1,1.0,different-party
164,266,V,S,45,45,1.0,different-party
164,273,V,S,85,85,1.0,different-party
164,278,V,S,79,79,1.0,different-party
164,286,V,S,77,77,1.0,different-party
164,667,V,EL,53,34,0.6415094339622641,different-party
164,1146,V,DD,60,42,0.7,different-party
164,1454,V,KF,47,44,0.9361702127659575,different-party
164,1619,V,S,65,65,1.0,different-party
164,1845,V,V,44,44,1.0,same-party
164,11702,V,KF,51,47,0.9215686274509803,different-party
164,15757,V,IA,0,0,,different-party
164,15760,V,S,56,56,1.0,different-party
164,15762,V,S,58,58,1.0,different-party
164,15763,V,DF,50,30,0.6,different-party
164,15770,V,S,54,54,1.0,different-party
164,15774,V,DD,41,24,0.5853658536585366,different-party
164,15775,V,ALT,17,9,0.5294117647058824,different-party
164,15776,V,S,58,58,1.0,different-party
164,15777,V,EL,14,9,0.6428571428571429,different-party
164,15779,V,LA,43,32,0.7441860465116279,different-party
164,15787,V,S,63,63,1.0,different-party
164,15793,V,KF,24,22,0.9166666666666666,different-party
164,16180,V,S,55,55,1.0,different-party
164,16351,V,S,82,82,1.0,different-party
164,16503,V,S,16,16,1.0,different-party
164,16582,V,EL,79,49,0.620253164556962,different-party
164,16728,V,SF,49,36,0.7346938775510204,different-party
164,17141,V,KF,28,25,0.8928571428571429,different-party
164,17628,V,SF,5,5,1.0,different-party
164,17629,V,DD,58,42,0.7241379310344828,different-party
164,18688,V,N,0,0,,different-party
164,18693,V,EL,62,38,0.6129032258064516,different-party
164,18694,V,EL,81,49,0.6049382716049383,different-party
164,18695,V,V,79,79,1.0,same-party
164,18696,V,V,57,57,1.0,same-party
164,18698,V,V,58,58,1.0,same-party
164,18699,V,V,79,79,1.0,same-party
164,18700,V,V,51,51,1.0,same-party
164,18701,V,V,28,28,1.0,same-party
164,18703,V,LA,1,0,0.0,different-party
164,18704,V,SF,68,54,0.7941176470588235,different-party
164,18707,V,SF,74,58,0.7837837837837838,different-party
164,18708,V,SF,29,27,0.9310344827586207,different-party
164,18709,V,SF,33,20,0.6060606060606061,different-party
164,18713,V,KF,35,31,0.8857142857142857,different-party
164,18715,V,S,71,71,1.0,different-party
164,18716,V,S,63,63,1.0,different-party
164,18717,V,S,55,55,1.0,different-party
164,18718,V,S,79,79,1.0,different-party
164,18719,V,S,41,41,1.0,different-party
164,18720,V,S,71,71,1.0,different-party
164,18721,V,DF,80,49,0.6125,different-party
164,18722,V,UFG,0,0,,different-party
164,18723,V,LA,53,44,0.8301886792452831,different-party
164,18724,V,UFG,78,32,0.41025641025641024,different-party
164,18725,V,RV,50,44,0.88,different-party
164,18726,V,RV,74,67,0.9054054054054054,different-party
164,18729,V,RV,56,48,0.8571428571428571,different-party
164,18882,V,S,17,17,1.0,different-party
164,19000,V,SF,75,58,0.7733333333333333,different-party
164,19928,V,S,69,69,1.0,different-party
164,20349,V,SP,6,6,1.0,different-party
164,20350,V,DF,26,15,0.5769230769230769,different-party
164,20351,V,ALT,1,0,0.0,different-party
164,20352,V,ALT,42,24,0.5714285714285714,different-party
164,20353,V,ALT,46,34,0.7391304347826086,different-party
164,20354,V,UFG,4,0,0.0,different-party
164,20355,V,DD,75,51,0.68,different-party
164,20356,V,DF,61,38,0.6229508196721312,different-party
164,20357,V,KF,66,60,0.9090909090909091,different-party
164,20358,V,SF,3,2,0.6666666666666666,different-party
164,20359,V,SF,78,59,0.7564102564102564,different-party
164,20360,V,SF,81,62,0.7654320987654321,different-party
164,20361,V,S,7,7,1.0,different-party
164,20362,V,S,80,80,1.0,different-party
164,20363,V,S,76,76,1.0,different-party
164,20364,V,S,78,78,1.0,different-party
164,20365,V,S,56,56,1.0,different-party
164,20366,V,S,22,22,1.0,different-party
164,20367,V,S,83,83,1.0,different-party
164,20368,V,S,69,69,1.0,different-party
164,20369,V,KF,71,64,0.9014084507042254,different-party
164,20370,V,ALT,65,49,0.7538461538461538,different-party
164,20371,V,V,62,62,1.0,same-party
164,20372,V,DD,32,27,0.84375,different-party
164,20373,V,DD,48,32,0.6666666666666666,different-party
164,20374,V,DD,60,43,0.7166666666666667,different-party
164,20375,V,DD,34,24,0.7058823529411765,different-party
164,20376,V,DD,76,49,0.6447368421052632,different-party
164,20377,V,M,75,75,1.0,different-party
164,20378,V,M,83,83,1.0,different-party
164,20379,V,M,0,0,,different-party
164,20380,V,M,2,2,1.0,different-party
164,20381,V,ALT,66,44,0.6666666666666666,different-party
164,20382,V,M,10,10,1.0,different-party
164,20383,V,UFG,43,37,0.8604651162790697,different-party
164,20384,V,M,11,11,1.0,different-party
164,20385,V,M,60,60,1.0,different-party
164,20386,V,M,44,43,0.9772727272727273,different-party
164,20388,V,UFG,41,38,0.926829268292683,different-party
164,20389,V,M,72,72,1.0,different-party
164,20390,V,UFG,56,42,0.75,different-party
164,20391,V,LA,63,46,0.7301587301587301,different-party
164,20392,V,LA,34,28,0.8235294117647058,different-party
164,20393,V,LA,54,44,0.8148148148148148,different-party
164,20394,V,LA,64,52,0.8125,different-party
164,20395,V,LA,50,40,0.8,different-party
164,20396,V,LA,17,10,0.5882352941176471,different-party
164,20397,V,LA,37,28,0.7567567567567568,different-party
164,20398,V,LA,72,57,0.7916666666666666,different-party
164,20399,V,LA,52,39,0.75,different-party
164,20400,V,LA,79,60,0.759493670886076,different-party
164,20411,V,EL,52,29,0.5576923076923077,different-party
164,20415,V,M,81,81,1.0,different-party
164,20496,V,M,62,62,1.0,different-party
164,20781,V,S,76,76,1.0,different-party
164,20798,V,SF,76,62,0.8157894736842105,different-party
164,20820,V,LA,78,62,0.7948717948717948,different-party
164,20917,V,KF,4,2,0.5,different-party
164,20925,V,KF,83,75,0.9036144578313253,different-party
164,20930,V,S,66,66,1.0,different-party
164,20962,V,SF,72,57,0.7916666666666666,different-party
164,20966,V,KF,54,47,0.8703703703703703,different-party
164,21044,V,S,85,85,1.0,different-party
164,21083,V,S,2,2,1.0,different-party
164,21143,V,S,51,51,1.0,different-party
164,21159,V,M,69,69,1.0,different-party
164,21168,V,V,43,43,1.0,same-party
164,21186,V,S,2,2,1.0,different-party
164,21194,V,KF,45,41,0.9111111111111111,different-party
164,21206,V,N,0,0,,different-party
168,173,V,V,14,14,1.0,same-party
168,176,V,EL,86,39,0.45348837209302323,different-party
168,180,V,V,137,137,1.0,same-party
168,182,V,DD,66,15,0.22727272727272727,different-party
168,191,V,RV,125,109,0.872,different-party
168,199,V,SF,104,66,0.6346153846153846,different-party
168,201,V,S,128,128,1.0,different-party
168,206,V,V,1,1,1.0,same-party
168,208,V,S,93,93,1.0,different-party
168,213,V,S,132,132,1.0,different-party
168,214,V,S,48,48,1.0,different-party
168,217,V,V,10,10,1.0,same-party
168,219,V,SF,28,16,0.5714285714285714,different-party
168,220,V,S,9,9,1.0,different-party
168,224,V,S,118,118,1.0,different-party
168,238,V,DF,7,4,0.5714285714285714,different-party
168,244,V,S,51,51,1.0,different-party
168,252,V,DF,62,34,0.5483870967741935,different-party
168,257,V,S,134,133,0.9925373134328358,different-party
168,260,V,S,108,108,1.0,different-party
168,262,V,JF,1,1,1.0,different-party
168,266,V,S,115,115,1.0,different-party
168,273,V,S,153,153,1.0,different-party
168,278,V,S,150,150,1.0,different-party
168,286,V,S,145,145,1.0,different-party
168,667,V,EL,121,63,0.5206611570247934,different-party
168,1146,V,DD,68,47,0.6911764705882353,different-party
168,1454,V,KF,47,44,0.9361702127659575,different-party
168,1619,V,S,136,136,1.0,different-party
168,1845,V,V,107,107,1.0,same-party
168,11702,V,KF,119,113,0.9495798319327731,different-party
168,15757,V,IA,0,0,,different-party
168,15760,V,S,61,61,1.0,different-party
168,15762,V,S,118,118,1.0,different-party
168,15763,V,DF,121,46,0.38016528925619836,different-party
168,15770,V,S,59,59,1.0,different-party
168,15774,V,DD,38,22,0.5789473684210527,different-party
168,15775,V,ALT,80,40,0.5,different-party
168,15776,V,S,60,60,1.0,different-party
168,15777,V,EL,70,30,0.42857142857142855,different-party
168,15779,V,LA,45,32,0.7111111111111111,different-party
168,15787,V,S,137,137,1.0,different-party
168,15793,V,KF,95,90,0.9473684210526315,different-party
168,16180,V,S,57,57,1.0,different-party
168,16351,V,S,153,153,1.0,different-party
168,16503,V,S,18,18,1.0,different-party
168,16582,V,EL,147,78,0.5306122448979592,different-party
168,16728,V,SF,112,72,0.6428571428571429,different-party
168,17141,V,KF,89,87,0.9775280898876404,different-party
168,17628,V,SF,13,9,0.6923076923076923,different-party
168,17629,V,DD,63,46,0.7301587301587301,different-party
168,18688,V,N,0,0,,different-party
168,18693,V,EL,70,42,0.6,different-party
168,18694,V,EL,151,80,0.5298013245033113,different-party
168,18695,V,V,147,147,1.0,same-party
168,18696,V,V,59,59,1.0,same-party
168,18698,V,V,60,60,1.0,same-party
168,18699,V,V,149,149,1.0,same-party
168,18700,V,V,45,45,1.0,same-party
168,18701,V,V,22,22,1.0,same-party
168,18703,V,LA,1,0,0.0,different-party
168,18704,V,SF,62,50,0.8064516129032258,different-party
168,18707,V,SF,142,96,0.676056338028169,different-party
168,18708,V,SF,95,65,0.6842105263157895,different-party
168,18709,V,SF,99,58,0.5858585858585859,different-party
168,18713,V,KF,101,95,0.9405940594059405,different-party
168,18715,V,S,65,65,1.0,different-party
168,18716,V,S,65,65,1.0,different-party
168,18717,V,S,129,129,1.0,different-party
168,18718,V,S,146,146,1.0,different-party
168,18719,V,S,96,96,1.0,different-party
168,18720,V,S,142,142,1.0,different-party
168,18721,V,DF,77,48,0.6233766233766234,different-party
168,18722,V,UFG,0,0,,different-party
168,18723,V,LA,47,39,0.8297872340425532,different-party
168,18724,V,UFG,73,29,0.3972602739726027,different-party
168,18725,V,RV,110,98,0.8909090909090909,different-party
168,18726,V,RV,79,69,0.8734177215189873,different-party
168,18729,V,RV,127,108,0.8503937007874016,different-party
168,18882,V,S,22,22,1.0,different-party
168,19000,V,SF,77,58,0.7532467532467533,different-party
168,19928,V,S,129,129,1.0,different-party
168,20349,V,SP,72,72,1.0,different-party
168,20350,V,DF,28,17,0.6071428571428571,different-party
168,20351,V,ALT,1,0,0.0,different-party
168,20352,V,ALT,116,60,0.5172413793103449,different-party
168,20353,V,ALT,43,32,0.7441860465116279,different-party
168,20354,V,UFG,6,0,0.0,different-party
168,20355,V,DD,77,53,0.6883116883116883,different-party
168,20356,V,DF,132,55,0.4166666666666667,different-party
168,20357,V,KF,68,60,0.8823529411764706,different-party
168,20358,V,SF,0,0,,different-party
168,20359,V,SF,147,98,0.6666666666666666,different-party
168,20360,V,SF,83,62,0.7469879518072289,different-party
168,20361,V,S,15,15,1.0,different-party
168,20362,V,S,143,143,1.0,different-party
168,20363,V,S,147,147,1.0,different-party
168,20364,V,S,138,138,1.0,different-party
168,20365,V,S,124,124,1.0,different-party
168,20366,V,S,24,24,1.0,different-party
168,20367,V,S,151,151,1.0,different-party
168,20368,V,S,129,129,1.0,different-party
168,20369,V,KF,137,128,0.9343065693430657,different-party
168,20370,V,ALT,67,50,0.746268656716418,different-party
168,20371,V,V,133,133,1.0,same-party
168,20372,V,DD,37,31,0.8378378378378378,different-party
168,20373,V,DD,50,34,0.68,different-party
168,20374,V,DD,130,60,0.46153846153846156,different-party
168,20375,V,DD,100,39,0.39,different-party
168,20376,V,DD,144,66,0.4583333333333333,different-party
168,20377,V,M,69,69,1.0,different-party
168,20378,V,M,151,151,1.0,different-party
168,20379,V,M,0,0,,different-party
168,20380,V,M,10,10,1.0,different-party
168,20381,V,ALT,134,77,0.5746268656716418,different-party
168,20382,V,M,18,18,1.0,different-party
168,20383,V,UFG,40,36,0.9,different-party
168,20384,V,M,77,77,1.0,different-party
168,20385,V,M,62,62,1.0,different-party
168,20386,V,M,106,105,0.9905660377358491,different-party
168,20388,V,UFG,35,33,0.9428571428571428,different-party
168,20389,V,M,143,143,1.0,different-party
168,20390,V,UFG,61,44,0.7213114754098361,different-party
168,20391,V,LA,131,85,0.648854961832061,different-party
168,20392,V,LA,42,33,0.7857142857142857,different-party
168,20393,V,LA,122,83,0.680327868852459,different-party
168,20394,V,LA,135,94,0.6962962962962963,different-party
168,20395,V,LA,124,85,0.6854838709677419,different-party
168,20396,V,LA,80,47,0.5875,different-party
168,20397,V,LA,34,25,0.7352941176470589,different-party
168,20398,V,LA,141,96,0.6808510638297872,different-party
168,20399,V,LA,120,78,0.65,different-party
168,20400,V,LA,147,99,0.673469387755102,different-party
168,20411,V,EL,60,33,0.55,different-party
168,20415,V,M,149,149,1.0,different-party
168,20496,V,M,130,130,1.0,different-party
168,20781,V,S,145,145,1.0,different-party
168,20798,V,SF,147,102,0.6938775510204082,different-party
168,20820,V,LA,81,63,0.7777777777777778,different-party
168,20917,V,KF,4,2,0.5,different-party
168,20925,V,KF,143,136,0.951048951048951,different-party
168,20930,V,S,66,66,1.0,different-party
168,20962,V,SF,74,57,0.7702702702702703,different-party
168,20966,V,KF,56,47,0.8392857142857143,different-party
168,21044,V,S,153,153,1.0,different-party
168,21083,V,S,2,2,1.0,different-party
168,21143,V,S,122,122,1.0,different-party
168,21159,V,M,132,132,1.0,different-party
168,21168,V,V,114,114,1.0,same-party
168,21186,V,S,2,2,1.0,different-party
168,21194,V,KF,50,43,0.86,different-party
168,21206,V,N,0,0,,different-party
173,176,V,EL,11,7,0.6363636363636364,different-party
173,180,V,V,15,15,1.0,same-party
173,182,V,DD,6,3,0.5,different-party
173,191,V,RV,11,9,0.8181818181818182,different-party
173,199,V,SF,17,15,0.8823529411764706,different-party
173,201,V,S,16,16,1.0,different-party
173,206,V,V,0,0,,same-party
173,208,V,S,8,8,1.0,different-party
173,213,V,S,21,21,1.0,different-party
173,214,V,S,18,18,1.0,different-party
173,217,V,V,5,5,1.0,same-party
173,219,V,SF,7,6,0.8571428571428571,different-party
173,220,V,S,5,5,1.0,different-party
173,224,V,S,15,15,1.0,different-party
173,238,V,DF,0,0,,different-party
173,244,V,S,10,10,1.0,different-party
173,252,V,DF,5,3,0.6,different-party
173,257,V,S,23,23,1.0,different-party
173,260,V,S,13,13,1.0,different-party
173,262,V,JF,0,0,,different-party
173,266,V,S,17,17,1.0,different-party
173,273,V,S,17,17,1.0,different-party
173,278,V,S,20,20,1.0,different-party
173,286,V,S,19,19,1.0,different-party
173,667,V,EL,10,7,0.7,different-party
173,1146,V,DD,15,9,0.6,different-party
173,1454,V,KF,8,6,0.75,different-party
173,1619,V,S,19,19,1.0,different-party
173,1845,V,V,17,17,1.0,same-party
173,11702,V,KF,16,15,0.9375,different-party
173,15757,V,IA,0,0,,different-party
173,15760,V,S,12,12,1.0,different-party
173,15762,V,S,18,18,1.0,different-party
173,15763,V,DF,15,10,0.6666666666666666,different-party
173,15770,V,S,11,11,1.0,different-party
173,15774,V,DD,13,7,0.5384615384615384,different-party
173,15775,V,ALT,12,8,0.6666666666666666,different-party
173,15776,V,S,21,21,1.0,different-party
173,15777,V,EL,3,2,0.6666666666666666,different-party
173,15779,V,LA,21,16,0.7619047619047619,different-party
173,15787,V,S,19,19,1.0,different-party
173,15793,V,KF,14,12,0.8571428571428571,different-party
173,16180,V,S,14,14,1.0,different-party
173,16351,V,S,23,23,1.0,different-party
173,16503,V,S,5,5,1.0,different-party
173,16582,V,EL,21,14,0.6666666666666666,different-party
173,16728,V,SF,17,13,0.7647058823529411,different-party
173,17141,V,KF,3,2,0.6666666666666666,different-party
173,17628,V,SF,0,0,,different-party
173,17629,V,DD,8,6,0.75,different-party
173,18688,V,N,0,0,,different-party
173,18693,V,EL,14,9,0.6428571428571429,different-party
173,18694,V,EL,23,15,0.6521739130434783,different-party
173,18695,V,V,11,11,1.0,same-party
173,18696,V,V,22,22,1.0,same-party
173,18698,V,V,8,8,1.0,same-party
173,18699,V,V,23,23,1.0,same-party
173,18700,V,V,10,10,1.0,same-party
173,18701,V,V,5,5,1.0,same-party
173,18703,V,LA,0,0,,different-party
173,18704,V,SF,18,15,0.8333333333333334,different-party
173,18707,V,SF,18,15,0.8333333333333334,different-party
173,18708,V,SF,12,11,0.9166666666666666,different-party
173,18709,V,SF,7,5,0.7142857142857143,different-party
173,18713,V,KF,12,9,0.75,different-party
173,18715,V,S,15,15,1.0,different-party
173,18716,V,S,15,15,1.0,different-party
173,18717,V,S,18,18,1.0,different-party
173,18718,V,S,23,23,1.0,different-party
173,18719,V,S,17,17,1.0,different-party
173,18720,V,S,19,19,1.0,different-party
173,18721,V,DF,23,14,0.6086956521739131,different-party
173,18722,V,UFG,0,0,,different-party
173,18723,V,LA,11,10,0.9090909090909091,different-party
173,18724,V,UFG,22,11,0.5,different-party
173,18725,V,RV,17,15,0.8823529411764706,different-party
173,18726,V,RV,11,10,0.9090909090909091,different-party
173,18729,V,RV,18,16,0.8888888888888888,different-party
173,18882,V,S,6,6,1.0,different-party
173,19000,V,SF,23,19,0.8260869565217391,different-party
173,19928,V,S,6,6,1.0,different-party
173,20349,V,SP,2,2,1.0,different-party
173,20350,V,DF,15,9,0.6,different-party
173,20351,V,ALT,0,0,,different-party
173,20352,V,ALT,14,9,0.6428571428571429,different-party
173,20353,V,ALT,6,4,0.6666666666666666,different-party
173,20354,V,UFG,1,0,0.0,different-party
173,20355,V,DD,17,12,0.7058823529411765,different-party
173,20356,V,DF,17,11,0.6470588235294118,different-party
173,20357,V,KF,17,15,0.8823529411764706,different-party
173,20358,V,SF,3,2,0.6666666666666666,different-party
173,20359,V,SF,17,13,0.7647058823529411,different-party
173,20360,V,SF,17,14,0.8235294117647058,different-party
173,20361,V,S,0,0,,different-party
173,20362,V,S,19,19,1.0,different-party
173,20363,V,S,17,17,1.0,different-party
173,20364,V,S,17,17,1.0,different-party
173,20365,V,S,18,18,1.0,different-party
173,20366,V,S,10,10,1.0,different-party
173,20367,V,S,22,22,1.0,different-party
173,20368,V,S,17,17,1.0,different-party
173,20369,V,KF,8,7,0.875,different-party
173,20370,V,ALT,9,7,0.7777777777777778,different-party
173,20371,V,V,20,20,1.0,same-party
173,20372,V,DD,14,9,0.6428571428571429,different-party
173,20373,V,DD,17,12,0.7058823529411765,different-party
173,20374,V,DD,7,7,1.0,different-party
173,20375,V,DD,6,3,0.5,different-party
173,20376,V,DD,18,10,0.5555555555555556,different-party
173,20377,V,M,21,21,1.0,different-party
173,20378,V,M,22,22,1.0,different-party
173,20379,V,M,0,0,,different-party
173,20380,V,M,0,0,,different-party
173,20381,V,ALT,22,16,0.7272727272727273,different-party
173,20382,V,M,1,1,1.0,different-party
173,20383,V,UFG,8,7,0.875,different-party
173,20384,V,M,9,9,1.0,different-party
173,20385,V,M,15,15,1.0,different-party
173,20386,V,M,11,11,1.0,different-party
173,20388,V,UFG,15,15,1.0,different-party
173,20389,V,M,23,23,1.0,different-party
173,20390,V,UFG,22,15,0.6818181818181818,different-party
173,20391,V,LA,17,15,0.8823529411764706,different-party
173,20392,V,LA,6,5,0.8333333333333334,different-party
173,20393,V,LA,18,13,0.7222222222222222,different-party
173,20394,V,LA,7,7,1.0,different-party
173,20395,V,LA,14,10,0.7142857142857143,different-party
173,20396,V,LA,7,3,0.42857142857142855,different-party
173,20397,V,LA,20,15,0.75,different-party
173,20398,V,LA,16,13,0.8125,different-party
173,20399,V,LA,17,13,0.7647058823529411,different-party
173,20400,V,LA,21,16,0.7619047619047619,different-party
173,20411,V,EL,14,8,0.5714285714285714,different-party
173,20415,V,M,22,22,1.0,different-party
173,20496,V,M,5,5,1.0,different-party
173,20781,V,S,16,16,1.0,different-party
173,20798,V,SF,21,17,0.8095238095238095,different-party
173,20820,V,LA,22,18,0.8181818181818182,different-party
173,20917,V,KF,1,0,0.0,different-party
173,20925,V,KF,23,19,0.8260869565217391,different-party
173,20930,V,S,23,23,1.0,different-party
173,20962,V,SF,12,10,0.8333333333333334,different-party
173,20966,V,KF,21,17,0.8095238095238095,different-party
173,21044,V,S,23,23,1.0,different-party
173,21083,V,S,1,1,1.0,different-party
173,21143,V,S,10,10,1.0,different-party
173,21159,V,M,17,17,1.0,different-party
173,21168,V,V,18,18,1.0,same-party
173,21186,V,S,1,1,1.0,different-party
173,21194,V,KF,15,12,0.8,different-party
173,21206,V,N,0,0,,different-party
176,180,EL,V,98,47,0.47959183673469385,different-party
176,182,EL,DD,78,18,0.23076923076923078,different-party
176,191,EL,RV,92,51,0.5543478260869565,different-party
176,199,EL,SF,92,70,0.7608695652173914,different-party
176,201,EL,S,98,47,0.47959183673469385,different-party
176,206,EL,V,0,0,,different-party
176,208,EL,S,92,46,0.5,different-party
176,213,EL,S,97,46,0.4742268041237113,different-party
176,214,EL,S,32,18,0.5625,different-party
176,217,EL,V,18,11,0.6111111111111112,different-party
176,219,EL,SF,10,8,0.8,different-party
176,220,EL,S,6,2,0.3333333333333333,different-party
176,224,EL,S,88,41,0.4659090909090909,different-party
176,238,EL,DF,0,0,,different-party
176,244,EL,S,20,14,0.7,different-party
176,252,EL,DF,16,6,0.375,different-party
176,257,EL,S,86,38,0.4418604651162791,different-party
176,260,EL,S,81,35,0.43209876543209874,different-party
176,262,EL,JF,1,0,0.0,different-party
176,266,EL,S,86,38,0.4418604651162791,different-party
176,273,EL,S,92,44,0.4782608695652174,different-party
176,278,EL,S,98,47,0.47959183673469385,different-party
176,286,EL,S,94,47,0.5,different-party
176,667,EL,EL,76,75,0.9868421052631579,same-party
176,1146,EL,DD,26,10,0.38461538461538464,different-party
176,1454,EL,KF,15,5,0.3333333333333333,different-party
176,1619,EL,S,85,38,0.4470588235294118,different-party
176,1845,EL,V,79,34,0.43037974683544306,different-party
176,11702,EL,KF,79,35,0.4430379746835443,different-party
176,15757,EL,IA,0,0,,different-party
176,15760,EL,S,17,12,0.7058823529411765,different-party
176,15762,EL,S,84,40,0.47619047619047616,different-party
176,15763,EL,DF,95,29,0.30526315789473685,different-party
176,15770,EL,S,13,5,0.38461538461538464,different-party
176,15774,EL,DD,16,9,0.5625,different-party
176,15775,EL,ALT,76,54,0.7105263157894737,different-party
176,15776,EL,S,28,19,0.6785714285714286,different-party
176,15777,EL,EL,69,69,1.0,same-party
176,15779,EL,LA,28,11,0.39285714285714285,different-party
176,15787,EL,S,93,43,0.46236559139784944,different-party
176,15793,EL,KF,89,42,0.47191011235955055,different-party
176,16180,EL,S,27,18,0.6666666666666666,different-party
176,16351,EL,S,98,46,0.46938775510204084,different-party
176,16503,EL,S,6,5,0.8333333333333334,different-party
176,16582,EL,EL,95,94,0.9894736842105263,same-party
176,16728,EL,SF,94,73,0.776595744680851,different-party
176,17141,EL,KF,76,33,0.4342105263157895,different-party
176,17628,EL,SF,0,0,,different-party
176,17629,EL,DD,13,6,0.46153846153846156,different-party
176,18688,EL,N,0,0,,different-party
176,18693,EL,EL,18,17,0.9444444444444444,same-party
176,18694,EL,EL,96,96,1.0,same-party
176,18695,EL,V,92,44,0.4782608695652174,different-party
176,18696,EL,V,24,12,0.5,different-party
176,18698,EL,V,6,5,0.8333333333333334,different-party
176,18699,EL,V,94,44,0.46808510638297873,different-party
176,18700,EL,V,27,18,0.6666666666666666,different-party
176,18701,EL,V,23,13,0.5652173913043478,different-party
176,18703,EL,LA,1,1,1.0,different-party
176,18704,EL,SF,35,27,0.7714285714285715,different-party
176,18707,EL,SF,101,78,0.7722772277227723,different-party
176,18708,EL,SF,78,58,0.7435897435897436,different-party
176,18709,EL,SF,82,66,0.8048780487804879,different-party
176,18713,EL,KF,89,39,0.43820224719101125,different-party
176,18715,EL,S,20,14,0.7,different-party
176,18716,EL,S,19,14,0.7368421052631579,different-party
176,18717,EL,S,94,44,0.46808510638297873,different-party
176,18718,EL,S,98,47,0.47959183673469385,different-party
176,18719,EL,S,86,38,0.4418604651162791,different-party
176,18720,EL,S,95,45,0.47368421052631576,different-party
176,18721,EL,DF,31,10,0.3225806451612903,different-party
176,18722,EL,UFG,0,0,,different-party
176,18723,EL,LA,16,7,0.4375,different-party
176,18724,EL,UFG,29,12,0.41379310344827586,different-party
176,18725,EL,RV,97,55,0.5670103092783505,different-party
176,18726,EL,RV,16,13,0.8125,different-party
176,18729,EL,RV,92,55,0.5978260869565217,different-party
176,18882,EL,S,3,3,1.0,different-party
176,19000,EL,SF,25,18,0.72,different-party
176,19928,EL,S,92,44,0.4782608695652174,different-party
176,20349,EL,SP,72,30,0.4166666666666667,different-party
176,20350,EL,DF,9,4,0.4444444444444444,different-party
176,20351,EL,ALT,1,1,1.0,different-party
176,20352,EL,ALT,84,59,0.7023809523809523,different-party
176,20353,EL,ALT,16,14,0.875,different-party
176,20354,EL,UFG,0,0,,different-party
176,20355,EL,DD,16,8,0.5,different-party
176,20356,EL,DF,95,29,0.30526315789473685,different-party
176,20357,EL,KF,22,11,0.5,different-party
176,20358,EL,SF,3,3,1.0,different-party
176,20359,EL,SF,100,77,0.77,different-party
176,20360,EL,SF,26,22,0.8461538461538461,different-party
176,20361,EL,S,0,0,,different-party
176,20362,EL,S,96,47,0.4895833333333333,different-party
176,20363,EL,S,98,46,0.46938775510204084,different-party
176,20364,EL,S,101,49,0.48514851485148514,different-party
176,20365,EL,S,101,49,0.48514851485148514,different-party
176,20366,EL,S,7,5,0.7142857142857143,different-party
176,20367,EL,S,101,49,0.48514851485148514,different-party
176,20368,EL,S,92,44,0.4782608695652174,different-party
176,20369,EL,KF,83,35,0.42168674698795183,different-party
176,20370,EL,ALT,16,12,0.75,different-party
176,20371,EL,V,98,47,0.47959183673469385,different-party
176,20372,EL,DD,29,12,0.41379310344827586,different-party
176,20373,EL,DD,24,11,0.4583333333333333,different-party
176,20374,EL,DD,89,21,0.23595505617977527,different-party
176,20375,EL,DD,89,22,0.24719101123595505,different-party
176,20376,EL,DD,101,27,0.26732673267326734,different-party
176,20377,EL,M,28,19,0.6785714285714286,different-party
176,20378,EL,M,100,49,0.49,different-party
176,20379,EL,M,0,0,,different-party
176,20380,EL,M,0,0,,different-party
176,20381,EL,ALT,98,70,0.7142857142857143,different-party
176,20382,EL,M,1,0,0.0,different-party
176,20383,EL,UFG,10,2,0.2,different-party
176,20384,EL,M,81,37,0.4567901234567901,different-party
176,20385,EL,M,16,12,0.75,different-party
176,20386,EL,M,84,38,0.4523809523809524,different-party
176,20388,EL,UFG,22,10,0.45454545454545453,different-party
176,20389,EL,M,88,39,0.4431818181818182,different-party
176,20390,EL,UFG,29,10,0.3448275862068966,different-party
176,20391,EL,LA,90,21,0.23333333333333334,different-party
176,20392,EL,LA,4,2,0.5,different-party
176,20393,EL,LA,87,20,0.22988505747126436,different-party
176,20394,EL,LA,78,16,0.20512820512820512,different-party
176,20395,EL,LA,91,19,0.2087912087912088,different-party
176,20396,EL,LA,91,21,0.23076923076923078,different-party
176,20397,EL,LA,16,7,0.4375,different-party
176,20398,EL,LA,95,22,0.23157894736842105,different-party
176,20399,EL,LA,101,25,0.24752475247524752,different-party
176,20400,EL,LA,95,24,0.25263157894736843,different-party
176,20411,EL,EL,15,15,1.0,same-party
176,20415,EL,M,98,47,0.47959183673469385,different-party
176,20496,EL,M,92,44,0.4782608695652174,different-party
176,20781,EL,S,99,47,0.47474747474747475,different-party
176,20798,EL,SF,92,71,0.7717391304347826,different-party
176,20820,EL,LA,29,10,0.3448275862068966,different-party
176,20917,EL,KF,3,1,0.3333333333333333,different-party
176,20925,EL,KF,101,46,0.45544554455445546,different-party
176,20930,EL,S,30,17,0.5666666666666667,different-party
176,20962,EL,SF,22,19,0.8636363636363636,different-party
176,20966,EL,KF,19,10,0.5263157894736842,different-party
176,21044,EL,S,101,49,0.48514851485148514,different-party
176,21083,EL,S,1,0,0.0,different-party
176,21143,EL,S,86,39,0.45348837209302323,different-party
176,21159,EL,M,96,47,0.4895833333333333,different-party
176,21168,EL,V,88,39,0.4431818181818182,different-party
176,21186,EL,S,1,0,0.0,different-party
176,21194,EL,KF,23,13,0.5652173913043478,different-party
176,21206,EL,N,0,0,,different-party
180,182,V,DD,78,21,0.2692307692307692,different-party
180,191,V,RV,119,102,0.8571428571428571,different-party
180,199,V,SF,107,67,0.6261682242990654,different-party
180,201,V,S,124,124,1.0,different-party
180,206,V,V,0,0,,same-party
180,208,V,S,93,93,1.0,different-party
180,213,V,S,129,129,1.0,different-party
180,214,V,S,60,60,1.0,different-party
180,217,V,V,18,18,1.0,same-party
180,219,V,SF,19,10,0.5263157894736842,different-party
180,220,V,S,14,14,1.0,different-party
180,224,V,S,130,130,1.0,different-party
180,238,V,DF,0,0,,different-party
180,244,V,S,53,53,1.0,different-party
180,252,V,DF,51,28,0.5490196078431373,different-party
180,257,V,S,134,133,0.9925373134328358,different-party
180,260,V,S,101,101,1.0,different-party
180,262,V,JF,1,1,1.0,different-party
180,266,V,S,108,108,1.0,different-party
180,273,V,S,140,140,1.0,different-party
180,278,V,S,146,146,1.0,different-party
180,286,V,S,141,141,1.0,different-party
180,667,V,EL,124,65,0.5241935483870968,different-party
180,1146,V,DD,77,51,0.6623376623376623,different-party
180,1454,V,KF,50,44,0.88,different-party
180,1619,V,S,135,135,1.0,different-party
180,1845,V,V,98,98,1.0,same-party
180,11702,V,KF,106,100,0.9433962264150944,different-party
180,15757,V,IA,0,0,,different-party
180,15760,V,S,48,48,1.0,different-party
180,15762,V,S,123,123,1.0,different-party
180,15763,V,DF,126,47,0.373015873015873,different-party
180,15770,V,S,43,43,1.0,different-party
180,15774,V,DD,43,27,0.627906976744186,different-party
180,15775,V,ALT,80,40,0.5,different-party
180,15776,V,S,56,56,1.0,different-party
180,15777,V,EL,66,29,0.4393939393939394,different-party
180,15779,V,LA,41,25,0.6097560975609756,different-party
180,15787,V,S,129,129,1.0,different-party
180,15793,V,KF,95,85,0.8947368421052632,different-party
180,16180,V,S,54,54,1.0,different-party
180,16351,V,S,146,146,1.0,different-party
180,16503,V,S,13,13,1.0,different-party
180,16582,V,EL,143,77,0.5384615384615384,different-party
180,16728,V,SF,112,71,0.6339285714285714,different-party
180,17141,V,KF,92,89,0.967391304347826,different-party
180,17628,V,SF,9,5,0.5555555555555556,different-party
180,17629,V,DD,54,37,0.6851851851851852,different-party
180,18688,V,N,0,0,,different-party
180,18693,V,EL,54,34,0.6296296296296297,different-party
180,18694,V,EL,144,76,0.5277777777777778,different-party
180,18695,V,V,134,134,1.0,same-party
180,18696,V,V,55,55,1.0,same-party
180,18698,V,V,47,47,1.0,same-party
180,18699,V,V,142,142,1.0,same-party
180,18700,V,V,44,44,1.0,same-party
180,18701,V,V,20,20,1.0,same-party
180,18703,V,LA,1,0,0.0,different-party
180,18704,V,SF,74,57,0.7702702702702703,different-party
180,18707,V,SF,149,100,0.6711409395973155,different-party
180,18708,V,SF,104,70,0.6730769230769231,different-party
180,18709,V,SF,83,47,0.5662650602409639,different-party
180,18713,V,KF,110,99,0.9,different-party
180,18715,V,S,59,59,1.0,different-party
180,18716,V,S,52,52,1.0,different-party
180,18717,V,S,124,124,1.0,different-party
180,18718,V,S,143,143,1.0,different-party
180,18719,V,S,101,101,1.0,different-party
180,18720,V,S,146,146,1.0,different-party
180,18721,V,DF,70,41,0.5857142857142857,different-party
180,18722,V,UFG,0,0,,different-party
180,18723,V,LA,34,28,0.8235294117647058,different-party
180,18724,V,UFG,69,29,0.42028985507246375,different-party
180,18725,V,RV,115,102,0.8869565217391304,different-party
180,18726,V,RV,66,57,0.8636363636363636,different-party
180,18729,V,RV,123,103,0.8373983739837398,different-party
180,18882,V,S,18,18,1.0,different-party
180,19000,V,SF,73,54,0.7397260273972602,different-party
180,19928,V,S,125,125,1.0,different-party
180,20349,V,SP,72,72,1.0,different-party
180,20350,V,DF,22,13,0.5909090909090909,different-party
180,20351,V,ALT,1,0,0.0,different-party
180,20352,V,ALT,109,55,0.5045871559633027,different-party
180,20353,V,ALT,37,28,0.7567567567567568,different-party
180,20354,V,UFG,5,0,0.0,different-party
180,20355,V,DD,64,45,0.703125,different-party
180,20356,V,DF,141,58,0.41134751773049644,different-party
180,20357,V,KF,55,47,0.8545454545454545,different-party
180,20358,V,SF,0,0,,different-party
180,20359,V,SF,142,93,0.6549295774647887,different-party
180,20360,V,SF,74,57,0.7702702702702703,different-party
180,20361,V,S,9,9,1.0,different-party
180,20362,V,S,137,137,1.0,different-party
180,20363,V,S,140,140,1.0,different-party
180,20364,V,S,134,134,1.0,different-party
180,20365,V,S,129,129,1.0,different-party
180,20366,V,S,20,20,1.0,different-party
180,20367,V,S,148,148,1.0,different-party
180,20368,V,S,116,116,1.0,different-party
180,20369,V,KF,133,125,0.9398496240601504,different-party
180,20370,V,ALT,63,49,0.7777777777777778,different-party
180,20371,V,V,129,129,1.0,same-party
180,20372,V,DD,35,24,0.6857142857142857,different-party
180,20373,V,DD,37,26,0.7027027027027027,different-party
180,20374,V,DD,117,52,0.4444444444444444,different-party
180,20375,V,DD,109,43,0.3944954128440367,different-party
180,20376,V,DD,149,71,0.47651006711409394,different-party
180,20377,V,M,65,65,1.0,different-party
180,20378,V,M,147,147,1.0,different-party
180,20379,V,M,0,0,,different-party
180,20380,V,M,9,9,1.0,different-party
180,20381,V,ALT,130,74,0.5692307692307692,different-party
180,20382,V,M,11,11,1.0,different-party
180,20383,V,UFG,36,32,0.8888888888888888,different-party
180,20384,V,M,82,82,1.0,different-party
180,20385,V,M,49,49,1.0,different-party
180,20386,V,M,97,96,0.9896907216494846,different-party
180,20388,V,UFG,39,36,0.9230769230769231,different-party
180,20389,V,M,136,136,1.0,different-party
180,20390,V,UFG,61,39,0.639344262295082,different-party
180,20391,V,LA,118,74,0.6271186440677966,different-party
180,20392,V,LA,39,31,0.7948717948717948,different-party
180,20393,V,LA,134,89,0.664179104477612,different-party
180,20394,V,LA,122,83,0.680327868852459,different-party
180,20395,V,LA,126,85,0.6746031746031746,different-party
180,20396,V,LA,92,53,0.5760869565217391,different-party
180,20397,V,LA,35,21,0.6,different-party
180,20398,V,LA,134,87,0.6492537313432836,different-party
180,20399,V,LA,123,75,0.6097560975609756,different-party
180,20400,V,LA,143,92,0.6433566433566433,different-party
180,20411,V,EL,60,34,0.5666666666666667,different-party
180,20415,V,M,145,145,1.0,different-party
180,20496,V,M,133,133,1.0,different-party
180,20781,V,S,140,140,1.0,different-party
180,20798,V,SF,140,96,0.6857142857142857,different-party
180,20820,V,LA,74,54,0.7297297297297297,different-party
180,20917,V,KF,4,2,0.5,different-party
180,20925,V,KF,139,127,0.9136690647482014,different-party
180,20930,V,S,69,69,1.0,different-party
180,20962,V,SF,70,54,0.7714285714285715,different-party
180,20966,V,KF,52,38,0.7307692307692307,different-party
180,21044,V,S,149,149,1.0,different-party
180,21083,V,S,2,2,1.0,different-party
180,21143,V,S,108,108,1.0,different-party
180,21159,V,M,138,138,1.0,different-party
180,21168,V,V,116,116,1.0,same-party
180,21186,V,S,2,2,1.0,different-party
180,21194,V,KF,50,38,0.76,different-party
180,21206,V,N,0,0,,different-party
182,191,DD,RV,69,16,0.2318840579710145,different-party
182,199,DD,SF,78,23,0.2948717948717949,different-party
182,201,DD,S,78,21,0.2692307692307692,different-party
182,206,DD,V,0,0,,different-party
182,208,DD,S,78,21,0.2692307692307692,different-party
182,213,DD,S,78,21,0.2692307692307692,different-party
182,214,DD,S,13,6,0.46153846153846156,different-party
182,217,DD,V,8,3,0.375,different-party
182,219,DD,SF,1,1,1.0,different-party
182,220,DD,S,6,4,0.6666666666666666,different-party
182,224,DD,S,71,20,0.28169014084507044,different-party
182,238,DD,DF,0,0,,different-party
182,244,DD,S,4,2,0.5,different-party
182,252,DD,DF,3,1,0.3333333333333333,different-party
182,257,DD,S,73,19,0.2602739726027397,different-party
182,260,DD,S,74,19,0.25675675675675674,different-party
182,262,DD,JF,1,0,0.0,different-party
182,266,DD,S,73,19,0.2602739726027397,different-party
182,273,DD,S,69,17,0.2463768115942029,different-party
182,278,DD,S,78,21,0.2692307692307692,different-party
182,286,DD,S,77,20,0.2597402597402597,different-party
182,667,DD,EL,69,15,0.21739130434782608,different-party
182,1146,DD,DD,10,10,1.0,same-party
182,1454,DD,KF,9,7,0.7777777777777778,different-party
182,1619,DD,S,78,21,0.2692307692307692,different-party
182,1845,DD,V,66,15,0.22727272727272727,different-party
182,11702,DD,KF,69,19,0.2753623188405797,different-party
182,15757,DD,IA,0,0,,different-party
182,15760,DD,S,4,2,0.5,different-party
182,15762,DD,S,78,21,0.2692307692307692,different-party
182,15763,DD,DF,78,57,0.7307692307692307,different-party
182,15770,DD,S,1,0,0.0,different-party
182,15774,DD,DD,13,13,1.0,same-party
182,15775,DD,ALT,66,18,0.2727272727272727,different-party
182,15776,DD,S,12,6,0.5,different-party
182,15777,DD,EL,65,14,0.2153846153846154,different-party
182,15779,DD,LA,12,10,0.8333333333333334,different-party
182,15787,DD,S,73,18,0.2465753424657534,different-party
182,15793,DD,KF,75,23,0.30666666666666664,different-party
182,16180,DD,S,13,6,0.46153846153846156,different-party
182,16351,DD,S,75,19,0.25333333333333335,different-party
182,16503,DD,S,3,2,0.6666666666666666,different-party
182,16582,DD,EL,78,19,0.24358974358974358,different-party
182,16728,DD,SF,74,19,0.25675675675675674,different-party
182,17141,DD,KF,66,17,0.25757575757575757,different-party
182,17628,DD,SF,0,0,,different-party
182,17629,DD,DD,0,0,,same-party
182,18688,DD,N,0,0,,different-party
182,18693,DD,EL,0,0,,different-party
182,18694,DD,EL,73,15,0.2054794520547945,different-party
182,18695,DD,V,69,17,0.2463768115942029,different-party
182,18696,DD,V,13,6,0.46153846153846156,different-party
182,18698,DD,V,3,2,0.6666666666666666,different-party
182,18699,DD,V,74,18,0.24324324324324326,different-party
182,18700,DD,V,11,5,0.45454545454545453,different-party
182,18701,DD,V,4,2,0.5,different-party
182,18703,DD,LA,1,1,1.0,different-party
182,18704,DD,SF,13,10,0.7692307692307693,different-party
182,18707,DD,SF,78,23,0.2948717948717949,different-party
182,18708,DD,SF,74,19,0.25675675675675674,different-party
182,18709,DD,SF,66,14,0.21212121212121213,different-party
182,18713,DD,KF,75,24,0.32,different-party
182,18715,DD,S,4,2,0.5,different-party
182,18716,DD,S,3,2,0.6666666666666666,different-party
182,18717,DD,S,74,19,0.25675675675675674,different-party
182,18718,DD,S,77,21,0.2727272727272727,different-party
182,18719,DD,S,73,20,0.273972602739726,different-party
182,18720,DD,S,78,21,0.2692307692307692,different-party
182,18721,DD,DF,10,7,0.7,different-party
182,18722,DD,UFG,0,0,,different-party
182,18723,DD,LA,4,4,1.0,different-party
182,18724,DD,UFG,12,10,0.8333333333333334,different-party
182,18725,DD,RV,77,18,0.23376623376623376,different-party
182,18726,DD,RV,3,3,1.0,different-party
182,18729,DD,RV,78,19,0.24358974358974358,different-party
182,18882,DD,S,3,2,0.6666666666666666,different-party
182,19000,DD,SF,13,10,0.7692307692307693,different-party
182,19928,DD,S,69,17,0.2463768115942029,different-party
182,20349,DD,SP,65,15,0.23076923076923078,different-party
182,20350,DD,DF,3,1,0.3333333333333333,different-party
182,20351,DD,ALT,1,1,1.0,different-party
182,20352,DD,ALT,74,24,0.32432432432432434,different-party
182,20353,DD,ALT,3,3,1.0,different-party
182,20354,DD,UFG,0,0,,different-party
182,20355,DD,DD,4,4,1.0,same-party
182,20356,DD,DF,75,56,0.7466666666666667,different-party
182,20357,DD,KF,3,3,1.0,different-party
182,20358,DD,SF,0,0,,different-party
182,20359,DD,SF,77,22,0.2857142857142857,different-party
182,20360,DD,SF,4,4,1.0,different-party
182,20361,DD,S,0,0,,different-party
182,20362,DD,S,76,20,0.2631578947368421,different-party
182,20363,DD,S,75,19,0.25333333333333335,different-party
182,20364,DD,S,78,21,0.2692307692307692,different-party
182,20365,DD,S,78,21,0.2692307692307692,different-party
182,20366,DD,S,4,2,0.5,different-party
182,20367,DD,S,78,21,0.2692307692307692,different-party
182,20368,DD,S,69,17,0.2463768115942029,different-party
182,20369,DD,KF,63,17,0.2698412698412698,different-party
182,20370,DD,ALT,3,3,1.0,different-party
182,20371,DD,V,78,21,0.2692307692307692,different-party
182,20372,DD,DD,7,7,1.0,same-party
182,20373,DD,DD,4,4,1.0,same-party
182,20374,DD,DD,69,69,1.0,same-party
182,20375,DD,DD,75,75,1.0,same-party
182,20376,DD,DD,78,78,1.0,same-party
182,20377,DD,M,12,6,0.5,different-party
182,20378,DD,M,77,21,0.2727272727272727,different-party
182,20379,DD,M,0,0,,different-party
182,20380,DD,M,0,0,,different-party
182,20381,DD,ALT,78,28,0.358974358974359,different-party
182,20382,DD,M,1,0,0.0,different-party
182,20383,DD,UFG,4,2,0.5,different-party
182,20384,DD,M,75,19,0.25333333333333335,different-party
182,20385,DD,M,3,2,0.6666666666666666,different-party
182,20386,DD,M,64,15,0.234375,different-party
182,20388,DD,UFG,13,7,0.5384615384615384,different-party
182,20389,DD,M,75,19,0.25333333333333335,different-party
182,20390,DD,UFG,10,8,0.8,different-party
182,20391,DD,LA,69,42,0.6086956521739131,different-party
182,20392,DD,LA,1,1,1.0,different-party
182,20393,DD,LA,77,48,0.6233766233766234,different-party
182,20394,DD,LA,68,41,0.6029411764705882,different-party
182,20395,DD,LA,74,45,0.6081081081081081,different-party
182,20396,DD,LA,77,48,0.6233766233766234,different-party
182,20397,DD,LA,10,8,0.8,different-party
182,20398,DD,LA,75,46,0.6133333333333333,different-party
182,20399,DD,LA,78,49,0.6282051282051282,different-party
182,20400,DD,LA,78,49,0.6282051282051282,different-party
182,20411,DD,EL,9,4,0.4444444444444444,different-party
182,20415,DD,M,78,21,0.2692307692307692,different-party
182,20496,DD,M,69,17,0.2463768115942029,different-party
182,20781,DD,S,77,20,0.2597402597402597,different-party
182,20798,DD,SF,75,20,0.26666666666666666,different-party
182,20820,DD,LA,10,8,0.8,different-party
182,20917,DD,KF,0,0,,different-party
182,20925,DD,KF,78,26,0.3333333333333333,different-party
182,20930,DD,S,18,7,0.3888888888888889,different-party
182,20962,DD,SF,3,3,1.0,different-party
182,20966,DD,KF,13,11,0.8461538461538461,different-party
182,21044,DD,S,78,21,0.2692307692307692,different-party
182,21083,DD,S,1,0,0.0,different-party
182,21143,DD,S,66,15,0.22727272727272727,different-party
182,21159,DD,M,77,21,0.2727272727272727,different-party
182,21168,DD,V,75,19,0.25333333333333335,different-party
182,21186,DD,S,1,0,0.0,different-party
182,21194,DD,KF,10,8,0.8,different-party
182,21206,DD,N,0,0,,different-party
191,199,RV,SF,101,69,0.6831683168316832,different-party
191,201,RV,S,127,111,0.8740157480314961,different-party
191,206,RV,V,0,0,,different-party
191,208,RV,S,89,77,0.8651685393258427,different-party
191,213,RV,S,125,109,0.872,different-party
191,214,RV,S,33,24,0.7272727272727273,different-party
191,217,RV,V,10,9,0.9,different-party
191,219,RV,SF,28,19,0.6785714285714286,different-party
191,220,RV,S,1,1,1.0,different-party
191,224,RV,S,100,89,0.89,different-party
191,238,RV,DF,0,0,,different-party
191,244,RV,S,50,39,0.78,different-party
191,252,RV,DF,45,22,0.4888888888888889,different-party
191,257,RV,S,116,101,0.8706896551724138,different-party
191,260,RV,S,101,93,0.9207920792079208,different-party
191,262,RV,JF,1,0,0.0,different-party
191,266,RV,S,96,82,0.8541666666666666,different-party
191,273,RV,S,131,113,0.8625954198473282,different-party
191,278,RV,S,125,109,0.872,different-party
191,286,RV,S,124,107,0.8629032258064516,different-party
191,667,RV,EL,106,67,0.6320754716981132,different-party
191,1146,RV,DD,47,33,0.7021276595744681,different-party
191,1454,RV,KF,26,26,1.0,different-party
191,1619,RV,S,114,100,0.8771929824561403,different-party
191,1845,RV,V,89,78,0.8764044943820225,different-party
191,11702,RV,KF,97,84,0.865979381443299,different-party
191,15757,RV,IA,0,0,,different-party
191,15760,RV,S,36,27,0.75,different-party
191,15762,RV,S,96,84,0.875,different-party
191,15763,RV,DF,96,22,0.22916666666666666,different-party
191,15770,RV,S,52,43,0.8269230769230769,different-party
191,15774,RV,DD,28,22,0.7857142857142857,different-party
191,15775,RV,ALT,77,45,0.5844155844155844,different-party
191,15776,RV,S,38,29,0.7631578947368421,different-party
191,15777,RV,EL,69,36,0.5217391304347826,different-party
191,15779,RV,LA,38,25,0.6578947368421053,different-party
191,15787,RV,S,124,109,0.8790322580645161,different-party
191,15793,RV,KF,98,83,0.8469387755102041,different-party
191,16180,RV,S,56,46,0.8214285714285714,different-party
191,16351,RV,S,128,111,0.8671875,different-party
191,16503,RV,S,17,10,0.5882352941176471,different-party
191,16582,RV,EL,125,79,0.632,different-party
191,16728,RV,SF,115,80,0.6956521739130435,different-party
191,17141,RV,KF,77,68,0.8831168831168831,different-party
191,17628,RV,SF,9,8,0.8888888888888888,different-party
191,17629,RV,DD,51,36,0.7058823529411765,different-party
191,18688,RV,N,0,0,,different-party
191,18693,RV,EL,57,38,0.6666666666666666,different-party
191,18694,RV,EL,126,76,0.6031746031746031,different-party
191,18695,RV,V,131,113,0.8625954198473282,different-party
191,18696,RV,V,52,43,0.8269230769230769,different-party
191,18698,RV,V,44,37,0.8409090909090909,different-party
191,18699,RV,V,124,108,0.8709677419354839,different-party
191,18700,RV,V,44,39,0.8863636363636364,different-party
191,18701,RV,V,23,19,0.8260869565217391,different-party
191,18703,RV,LA,1,1,1.0,different-party
191,18704,RV,SF,47,40,0.851063829787234,different-party
191,18707,RV,SF,122,88,0.7213114754098361,different-party
191,18708,RV,SF,89,61,0.6853932584269663,different-party
191,18709,RV,SF,92,58,0.6304347826086957,different-party
191,18713,RV,KF,80,67,0.8375,different-party
191,18715,RV,S,50,43,0.86,different-party
191,18716,RV,S,58,48,0.8275862068965517,different-party
191,18717,RV,S,102,89,0.8725490196078431,different-party
191,18718,RV,S,128,111,0.8671875,different-party
191,18719,RV,S,77,66,0.8571428571428571,different-party
191,18720,RV,S,124,108,0.8709677419354839,different-party
191,18721,RV,DF,52,33,0.6346153846153846,different-party
191,18722,RV,UFG,0,0,,different-party
191,18723,RV,LA,46,42,0.9130434782608695,different-party
191,18724,RV,UFG,50,26,0.52,different-party
191,18725,RV,RV,88,87,0.9886363636363636,same-party
191,18726,RV,RV,54,54,1.0,same-party
191,18729,RV,RV,102,101,0.9901960784313726,same-party
191,18882,RV,S,12,7,0.5833333333333334,different-party
191,19000,RV,SF,55,45,0.8181818181818182,different-party
191,19928,RV,S,113,99,0.8761061946902655,different-party
191,20349,RV,SP,72,65,0.9027777777777778,different-party
191,20350,RV,DF,28,12,0.42857142857142855,different-party
191,20351,RV,ALT,1,1,1.0,different-party
191,20352,RV,ALT,94,58,0.6170212765957447,different-party
191,20353,RV,ALT,46,39,0.8478260869565217,different-party
191,20354,RV,UFG,5,3,0.6,different-party
191,20355,RV,DD,55,43,0.7818181818181819,different-party
191,20356,RV,DF,114,34,0.2982456140350877,different-party
191,20357,RV,KF,61,53,0.8688524590163934,different-party
191,20358,RV,SF,3,3,1.0,different-party
191,20359,RV,SF,130,93,0.7153846153846154,different-party
191,20360,RV,SF,65,54,0.8307692307692308,different-party
191,20361,RV,S,9,5,0.5555555555555556,different-party
191,20362,RV,S,118,106,0.8983050847457628,different-party
191,20363,RV,S,128,111,0.8671875,different-party
191,20364,RV,S,122,108,0.8852459016393442,different-party
191,20365,RV,S,102,85,0.8333333333333334,different-party
191,20366,RV,S,17,9,0.5294117647058824,different-party
191,20367,RV,S,130,113,0.8692307692307693,different-party
191,20368,RV,S,122,108,0.8852459016393442,different-party
191,20369,RV,KF,112,96,0.8571428571428571,different-party
191,20370,RV,ALT,45,40,0.8888888888888888,different-party
191,20371,RV,V,108,92,0.8518518518518519,different-party
191,20372,RV,DD,40,29,0.725,different-party
191,20373,RV,DD,43,33,0.7674418604651163,different-party
191,20374,RV,DD,126,57,0.4523809523809524,different-party
191,20375,RV,DD,100,36,0.36,different-party
191,20376,RV,DD,122,52,0.4262295081967213,different-party
191,20377,RV,M,47,41,0.8723404255319149,different-party
191,20378,RV,M,129,113,0.875968992248062,different-party
191,20379,RV,M,0,0,,different-party
191,20380,RV,M,9,5,0.5555555555555556,different-party
191,20381,RV,ALT,127,86,0.6771653543307087,different-party
191,20382,RV,M,11,5,0.45454545454545453,different-party
191,20383,RV,UFG,30,28,0.9333333333333333,different-party
191,20384,RV,M,73,63,0.863013698630137,different-party
191,20385,RV,M,55,46,0.8363636363636363,different-party
191,20386,RV,M,94,84,0.8936170212765957,different-party
191,20388,RV,UFG,41,36,0.8780487804878049,different-party
191,20389,RV,M,118,102,0.864406779661017,different-party
191,20390,RV,UFG,58,43,0.7413793103448276,different-party
191,20391,RV,LA,109,64,0.5871559633027523,different-party
191,20392,RV,LA,33,25,0.7575757575757576,different-party
191,20393,RV,LA,107,67,0.6261682242990654,different-party
191,20394,RV,LA,116,75,0.646551724137931,different-party
191,20395,RV,LA,111,68,0.6126126126126126,different-party
191,20396,RV,LA,83,43,0.5180722891566265,different-party
191,20397,RV,LA,16,13,0.8125,different-party
191,20398,RV,LA,122,78,0.639344262295082,different-party
191,20399,RV,LA,111,65,0.5855855855855856,different-party
191,20400,RV,LA,125,78,0.624,different-party
191,20411,RV,EL,45,30,0.6666666666666666,different-party
191,20415,RV,M,127,111,0.8740157480314961,different-party
191,20496,RV,M,121,104,0.859504132231405,different-party
191,20781,RV,S,128,111,0.8671875,different-party
191,20798,RV,SF,122,89,0.7295081967213115,different-party
191,20820,RV,LA,56,46,0.8214285714285714,different-party
191,20917,RV,KF,4,2,0.5,different-party
191,20925,RV,KF,121,109,0.9008264462809917,different-party
191,20930,RV,S,51,46,0.9019607843137255,different-party
191,20962,RV,SF,52,45,0.8653846153846154,different-party
191,20966,RV,KF,49,41,0.8367346938775511,different-party
191,21044,RV,S,131,113,0.8625954198473282,different-party
191,21083,RV,S,2,0,0.0,different-party
191,21143,RV,S,104,89,0.8557692307692307,different-party
191,21159,RV,M,114,102,0.8947368421052632,different-party
191,21168,RV,V,89,74,0.8314606741573034,different-party
191,21186,RV,S,2,0,0.0,different-party
191,21194,RV,KF,53,45,0.8490566037735849,different-party
191,21206,RV,N,0,0,,different-party
199,201,SF,S,107,64,0.5981308411214953,different-party
199,206,SF,V,0,0,,different-party
199,208,SF,S,97,59,0.6082474226804123,different-party
199,213,SF,S,111,69,0.6216216216216216,different-party
199,214,SF,S,38,26,0.6842105263157895,different-party
199,217,SF,V,18,12,0.6666666666666666,different-party
199,219,SF,SF,22,22,1.0,same-party
199,220,SF,S,7,4,0.5714285714285714,different-party
199,224,SF,S,88,54,0.6136363636363636,different-party
199,238,SF,DF,0,0,,different-party
199,244,SF,S,32,24,0.75,different-party
199,252,SF,DF,25,8,0.32,different-party
199,257,SF,S,101,63,0.6237623762376238,different-party
199,260,SF,S,84,49,0.5833333333333334,different-party
199,262,SF,JF,1,0,0.0,different-party
199,266,SF,S,95,56,0.5894736842105263,different-party
199,273,SF,S,107,68,0.6355140186915887,different-party
199,278,SF,S,116,73,0.6293103448275862,different-party
199,286,SF,S,115,72,0.6260869565217392,different-party
199,667,SF,EL,88,71,0.8068181818181818,different-party
199,1146,SF,DD,35,20,0.5714285714285714,different-party
199,1454,SF,KF,9,8,0.8888888888888888,different-party
199,1619,SF,S,103,62,0.6019417475728155,different-party
199,1845,SF,V,85,53,0.6235294117647059,different-party
199,11702,SF,KF,94,56,0.5957446808510638,different-party
199,15757,SF,IA,0,0,,different-party
199,15760,SF,S,41,30,0.7317073170731707,different-party
199,15762,SF,S,85,51,0.6,different-party
199,15763,SF,DF,104,35,0.33653846153846156,different-party
199,15770,SF,S,22,14,0.6363636363636364,different-party
199,15774,SF,DD,22,17,0.7727272727272727,different-party
199,15775,SF,ALT,73,54,0.7397260273972602,different-party
199,15776,SF,S,49,35,0.7142857142857143,different-party
199,15777,SF,EL,66,51,0.7727272727272727,different-party
199,15779,SF,LA,49,30,0.6122448979591837,different-party
199,15787,SF,S,111,70,0.6306306306306306,different-party
199,15793,SF,KF,104,63,0.6057692307692307,different-party
199,16180,SF,S,41,27,0.6585365853658537,different-party
199,16351,SF,S,113,71,0.6283185840707964,different-party
199,16503,SF,S,13,7,0.5384615384615384,different-party
199,16582,SF,EL,116,92,0.7931034482758621,different-party
199,16728,SF,SF,94,94,1.0,same-party
199,17141,SF,KF,70,43,0.6142857142857143,different-party
199,17628,SF,SF,9,9,1.0,same-party
199,17629,SF,DD,28,15,0.5357142857142857,different-party
199,18688,SF,N,0,0,,different-party
199,18693,SF,EL,36,32,0.8888888888888888,different-party
199,18694,SF,EL,111,87,0.7837837837837838,different-party
199,18695,SF,V,101,62,0.6138613861386139,different-party
199,18696,SF,V,39,26,0.6666666666666666,different-party
199,18698,SF,V,21,13,0.6190476190476191,different-party
199,18699,SF,V,109,68,0.6238532110091743,different-party
199,18700,SF,V,29,19,0.6551724137931034,different-party
199,18701,SF,V,14,10,0.7142857142857143,different-party
199,18703,SF,LA,1,1,1.0,different-party
199,18704,SF,SF,32,32,1.0,same-party
199,18707,SF,SF,107,107,1.0,same-party
199,18708,SF,SF,84,84,1.0,same-party
199,18709,SF,SF,86,86,1.0,same-party
199,18713,SF,KF,95,59,0.6210526315789474,different-party
199,18715,SF,S,32,25,0.78125,different-party
199,18716,SF,S,40,30,0.75,different-party
199,18717,SF,S,111,70,0.6306306306306306,different-party
199,18718,SF,S,113,70,0.6194690265486725,different-party
199,18719,SF,S,83,50,0.6024096385542169,different-party
199,18720,SF,S,112,69,0.6160714285714286,different-party
199,18721,SF,DF,37,21,0.5675675675675675,different-party
199,18722,SF,UFG,0,0,,different-party
199,18723,SF,LA,16,12,0.75,different-party
199,18724,SF,UFG,40,18,0.45,different-party
199,18725,SF,RV,94,65,0.6914893617021277,different-party
199,18726,SF,RV,40,33,0.825,different-party
199,18729,SF,RV,116,82,0.7068965517241379,different-party
199,18882,SF,S,18,13,0.7222222222222222,different-party
199,19000,SF,SF,40,40,1.0,same-party
199,19928,SF,S,83,51,0.6144578313253012,different-party
199,20349,SF,SP,66,38,0.5757575757575758,different-party
199,20350,SF,DF,30,14,0.4666666666666667,different-party
199,20351,SF,ALT,1,1,1.0,different-party
199,20352,SF,ALT,96,75,0.78125,different-party
199,20353,SF,ALT,25,24,0.96,different-party
199,20354,SF,UFG,2,1,0.5,different-party
199,20355,SF,DD,31,21,0.6774193548387096,different-party
199,20356,SF,DF,101,34,0.33663366336633666,different-party
199,20357,SF,KF,37,24,0.6486486486486487,different-party
199,20358,SF,SF,0,0,,same-party
199,20359,SF,SF,109,109,1.0,same-party
199,20360,SF,SF,41,41,1.0,same-party
199,20361,SF,S,9,5,0.5555555555555556,different-party
199,20362,SF,S,105,68,0.6476190476190476,different-party
199,20363,SF,S,107,65,0.6074766355140186,different-party
199,20364,SF,S,101,62,0.6138613861386139,different-party
199,20365,SF,S,107,67,0.6261682242990654,different-party
199,20366,SF,S,19,13,0.6842105263157895,different-party
199,20367,SF,S,116,73,0.6293103448275862,different-party
199,20368,SF,S,98,63,0.6428571428571429,different-party
199,20369,SF,KF,92,54,0.5869565217391305,different-party
199,20370,SF,ALT,28,27,0.9642857142857143,different-party
199,20371,SF,V,116,73,0.6293103448275862,different-party
199,20372,SF,DD,38,22,0.5789473684210527,different-party
199,20373,SF,DD,39,24,0.6153846153846154,different-party
199,20374,SF,DD,100,34,0.34,different-party
199,20375,SF,DD,89,28,0.3146067415730337,different-party
199,20376,SF,DD,107,39,0.3644859813084112,different-party
199,20377,SF,M,40,30,0.75,different-party
199,20378,SF,M,115,73,0.6347826086956522,different-party
199,20379,SF,M,0,0,,different-party
199,20380,SF,M,9,5,0.5555555555555556,different-party
199,20381,SF,ALT,113,93,0.8230088495575221,different-party
199,20382,SF,M,10,5,0.5,different-party
199,20383,SF,UFG,10,7,0.7,different-party
199,20384,SF,M,79,46,0.5822784810126582,different-party
199,20385,SF,M,37,27,0.7297297297297297,different-party
199,20386,SF,M,84,51,0.6071428571428571,different-party
199,20388,SF,UFG,21,13,0.6190476190476191,different-party
199,20389,SF,M,103,63,0.6116504854368932,different-party
199,20390,SF,UFG,44,23,0.5227272727272727,different-party
199,20391,SF,LA,105,40,0.38095238095238093,different-party
199,20392,SF,LA,19,12,0.631578947368421,different-party
199,20393,SF,LA,93,35,0.3763440860215054,different-party
199,20394,SF,LA,90,32,0.35555555555555557,different-party
199,20395,SF,LA,100,37,0.37,different-party
199,20396,SF,LA,91,32,0.3516483516483517,different-party
199,20397,SF,LA,27,19,0.7037037037037037,different-party
199,20398,SF,LA,102,37,0.3627450980392157,different-party
199,20399,SF,LA,110,43,0.39090909090909093,different-party
199,20400,SF,LA,116,48,0.41379310344827586,different-party
199,20411,SF,EL,27,21,0.7777777777777778,different-party
199,20415,SF,M,113,70,0.6194690265486725,different-party
199,20496,SF,M,92,56,0.6086956521739131,different-party
199,20781,SF,S,108,65,0.6018518518518519,different-party
199,20798,SF,SF,113,113,1.0,same-party
199,20820,SF,LA,42,26,0.6190476190476191,different-party
199,20917,SF,KF,3,2,0.6666666666666666,different-party
199,20925,SF,KF,107,70,0.6542056074766355,different-party
199,20930,SF,S,36,27,0.75,different-party
199,20962,SF,SF,28,28,1.0,same-party
199,20966,SF,KF,40,28,0.7,different-party
199,21044,SF,S,116,73,0.6293103448275862,different-party
199,21083,SF,S,1,0,0.0,different-party
199,21143,SF,S,94,56,0.5957446808510638,different-party
199,21159,SF,M,103,65,0.6310679611650486,different-party
199,21168,SF,V,94,57,0.6063829787234043,different-party
199,21186,SF,S,1,0,0.0,different-party
199,21194,SF,KF,38,25,0.6578947368421053,different-party
199,21206,SF,N,0,0,,different-party
201,206,S,V,1,1,1.0,different-party
201,208,S,S,101,101,1.0,same-party
201,213,S,S,141,141,1.0,same-party
201,214,S,S,41,41,1.0,same-party
201,217,S,V,18,18,1.0,different-party
201,219,S,SF,25,13,0.52,different-party
201,220,S,S,7,7,1.0,same-party
201,224,S,S,108,108,1.0,same-party
201,238,S,DF,7,4,0.5714285714285714,different-party
201,244,S,S,47,47,1.0,same-party
201,252,S,DF,47,28,0.5957446808510638,different-party
201,257,S,S,121,120,0.9917355371900827,same-party
201,260,S,S,117,117,1.0,same-party
201,262,S,JF,1,1,1.0,different-party
201,266,S,S,108,108,1.0,same-party
201,273,S,S,134,134,1.0,same-party
201,278,S,S,137,137,1.0,same-party
201,286,S,S,135,135,1.0,same-party
201,667,S,EL,102,52,0.5098039215686274,different-party
201,1146,S,DD,55,37,0.6727272727272727,different-party
201,1454,S,KF,41,33,0.8048780487804879,different-party
201,1619,S,S,127,127,1.0,same-party
201,1845,S,V,85,85,1.0,different-party
201,11702,S,KF,104,98,0.9423076923076923,different-party
201,15757,S,IA,0,0,,different-party
201,15760,S,S,39,39,1.0,same-party
201,15762,S,S,111,111,1.0,same-party
201,15763,S,DF,111,39,0.35135135135135137,different-party
201,15770,S,S,55,55,1.0,same-party
201,15774,S,DD,40,21,0.525,different-party
201,15775,S,ALT,76,35,0.4605263157894737,different-party
201,15776,S,S,50,50,1.0,same-party
201,15777,S,EL,76,35,0.4605263157894737,different-party
201,15779,S,LA,50,34,0.68,different-party
201,15787,S,S,135,135,1.0,same-party
201,15793,S,KF,107,97,0.9065420560747663,different-party
201,16180,S,S,70,70,1.0,same-party
201,16351,S,S,140,140,1.0,same-party
201,16503,S,S,23,23,1.0,same-party
201,16582,S,EL,137,72,0.5255474452554745,different-party
201,16728,S,SF,123,79,0.6422764227642277,different-party
201,17141,S,KF,73,72,0.9863013698630136,different-party
201,17628,S,SF,13,9,0.6923076923076923,different-party
201,17629,S,DD,51,37,0.7254901960784313,different-party
201,18688,S,N,0,0,,different-party
201,18693,S,EL,61,35,0.5737704918032787,different-party
201,18694,S,EL,138,72,0.5217391304347826,different-party
201,18695,S,V,134,134,1.0,different-party
201,18696,S,V,66,66,1.0,different-party
201,18698,S,V,51,51,1.0,different-party
201,18699,S,V,139,139,1.0,different-party
201,18700,S,V,56,56,1.0,different-party
201,18701,S,V,28,28,1.0,different-party
201,18703,S,LA,1,0,0.0,different-party
201,18704,S,SF,52,37,0.7115384615384616,different-party
201,18707,S,SF,132,83,0.6287878787878788,different-party
201,18708,S,SF,95,61,0.6421052631578947,different-party
201,18709,S,SF,98,58,0.5918367346938775,different-party
201,18713,S,KF,86,77,0.8953488372093024,different-party
201,18715,S,S,46,46,1.0,same-party
201,18716,S,S,61,61,1.0,same-party
201,18717,S,S,114,114,1.0,same-party
201,18718,S,S,141,141,1.0,same-party
201,18719,S,S,90,90,1.0,same-party
201,18720,S,S,132,132,1.0,same-party
201,18721,S,DF,64,39,0.609375,different-party
201,18722,S,UFG,0,0,,different-party
201,18723,S,LA,49,42,0.8571428571428571,different-party
201,18724,S,UFG,62,27,0.43548387096774194,different-party
201,18725,S,RV,104,89,0.8557692307692307,different-party
201,18726,S,RV,58,49,0.8448275862068966,different-party
201,18729,S,RV,114,95,0.8333333333333334,different-party
201,18882,S,S,19,19,1.0,same-party
201,19000,S,SF,67,45,0.6716417910447762,different-party
201,19928,S,S,116,116,1.0,same-party
201,20349,S,SP,72,72,1.0,different-party
201,20350,S,DF,24,14,0.5833333333333334,different-party
201,20351,S,ALT,1,0,0.0,different-party
201,20352,S,ALT,106,51,0.4811320754716981,different-party
201,20353,S,ALT,42,32,0.7619047619047619,different-party
201,20354,S,UFG,5,0,0.0,different-party
201,20355,S,DD,58,39,0.6724137931034483,different-party
201,20356,S,DF,123,47,0.3821138211382114,different-party
201,20357,S,KF,67,60,0.8955223880597015,different-party
201,20358,S,SF,3,2,0.6666666666666666,different-party
201,20359,S,SF,142,90,0.6338028169014085,different-party
201,20360,S,SF,64,44,0.6875,different-party
201,20361,S,S,15,15,1.0,same-party
201,20362,S,S,129,129,1.0,same-party
201,20363,S,S,140,140,1.0,same-party
201,20364,S,S,134,134,1.0,same-party
201,20365,S,S,114,114,1.0,same-party
201,20366,S,S,23,23,1.0,same-party
201,20367,S,S,142,142,1.0,same-party
201,20368,S,S,125,125,1.0,same-party
201,20369,S,KF,116,108,0.9310344827586207,different-party
201,20370,S,ALT,52,36,0.6923076923076923,different-party
201,20371,S,V,120,120,1.0,different-party
201,20372,S,DD,44,31,0.7045454545454546,different-party
201,20373,S,DD,48,32,0.6666666666666666,different-party
201,20374,S,DD,130,59,0.45384615384615384,different-party
201,20375,S,DD,106,40,0.37735849056603776,different-party
201,20376,S,DD,134,56,0.417910447761194,different-party
201,20377,S,M,59,59,1.0,different-party
201,20378,S,M,142,142,1.0,different-party
201,20379,S,M,0,0,,different-party
201,20380,S,M,10,10,1.0,different-party
201,20381,S,ALT,143,78,0.5454545454545454,different-party
201,20382,S,M,17,17,1.0,different-party
201,20383,S,UFG,37,32,0.8648648648648649,different-party
201,20384,S,M,82,82,1.0,different-party
201,20385,S,M,61,61,1.0,different-party
201,20386,S,M,93,93,1.0,different-party
201,20388,S,UFG,50,47,0.94,different-party
201,20389,S,M,130,130,1.0,different-party
201,20390,S,UFG,67,47,0.7014925373134329,different-party
201,20391,S,LA,114,75,0.6578947368421053,different-party
201,20392,S,LA,33,26,0.7878787878787878,different-party
201,20393,S,LA,115,77,0.6695652173913044,different-party
201,20394,S,LA,120,84,0.7,different-party
201,20395,S,LA,127,84,0.6614173228346457,different-party
201,20396,S,LA,88,51,0.5795454545454546,different-party
201,20397,S,LA,21,15,0.7142857142857143,different-party
201,20398,S,LA,138,93,0.6739130434782609,different-party
201,20399,S,LA,116,75,0.646551724137931,different-party
201,20400,S,LA,137,91,0.6642335766423357,different-party
201,20411,S,EL,53,30,0.5660377358490566,different-party
201,20415,S,M,143,143,1.0,different-party
201,20496,S,M,118,118,1.0,different-party
201,20781,S,S,142,142,1.0,same-party
201,20798,S,SF,134,87,0.6492537313432836,different-party
201,20820,S,LA,72,55,0.7638888888888888,different-party
201,20917,S,KF,0,0,,different-party
201,20925,S,KF,133,123,0.924812030075188,different-party
201,20930,S,S,56,56,1.0,same-party
201,20962,S,SF,58,42,0.7241379310344828,different-party
201,20966,S,KF,61,49,0.8032786885245902,different-party
201,21044,S,S,143,143,1.0,same-party
201,21083,S,S,1,1,1.0,same-party
201,21143,S,S,109,109,1.0,same-party
201,21159,S,M,119,119,1.0,different-party
201,21168,S,V,101,101,1.0,different-party
201,21186,S,S,1,1,1.0,same-party
201,21194,S,KF,61,50,0.819672131147541,different-party
201,21206,S,N,0,0,,different-party
206,208,V,S,1,1,1.0,different-party
206,213,V,S,1,1,1.0,different-party
206,214,V,S,0,0,,different-party
206,217,V,V,0,0,,same-party
206,219,V,SF,0,0,,different-party
206,220,V,S,0,0,,different-party
206,224,V,S,0,0,,different-party
206,238,V,DF,1,0,0.0,different-party
206,244,V,S,1,1,1.0,different-party
206,252,V,DF,1,0,0.0,different-party
206,257,V,S,0,0,,different-party
206,260,V,S,1,1,1.0,different-party
206,262,V,JF,0,0,,different-party
206,266,V,S,1,1,1.0,different-party
206,273,V,S,1,1,1.0,different-party
206,278,V,S,1,1,1.0,different-party
206,286,V,S,1,1,1.0,different-party
206,667,V,EL,0,0,,different-party
206,1146,V,DD,0,0,,different-party
206,1454,V,KF,1,0,0.0,different-party
206,1619,V,S,1,1,1.0,different-party
206,1845,V,V,0,0,,same-party
206,11702,V,KF,1,0,0.0,different-party
206,15757,V,IA,0,0,,different-party
206,15760,V,S,1,1,1.0,different-party
206,15762,V,S,1,1,1.0,different-party
206,15763,V,DF,1,0,0.0,different-party
206,15770,V,S,1,1,1.0,different-party
206,15774,V,DD,1,0,0.0,different-party
206,15775,V,ALT,0,0,,different-party
206,15776,V,S,1,1,1.0,different-party
206,15777,V,EL,1,1,1.0,different-party
206,15779,V,LA,1,0,0.0,different-party
206,15787,V,S,1,1,1.0,different-party
206,15793,V,KF,0,0,,different-party
206,16180,V,S,1,1,1.0,different-party
206,16351,V,S,1,1,1.0,different-party
206,16503,V,S,1,1,1.0,different-party
206,16582,V,EL,1,1,1.0,different-party
206,16728,V,SF,0,0,,different-party
206,17141,V,KF,0,0,,different-party
206,17628,V,SF,1,1,1.0,different-party
206,17629,V,DD,0,0,,different-party
206,18688,V,N,0,0,,different-party
206,18693,V,EL,1,1,1.0,different-party
206,18694,V,EL,1,1,1.0,different-party
206,18695,V,V,1,1,1.0,same-party
206,18696,V,V,1,1,1.0,same-party
206,18698,V,V,1,1,1.0,same-party
206,18699,V,V,1,1,1.0,same-party
206,18700,V,V,1,1,1.0,same-party
206,18701,V,V,1,1,1.0,same-party
206,18703,V,LA,0,0,,different-party
206,18704,V,SF,0,0,,different-party
206,18707,V,SF,0,0,,different-party
206,18708,V,SF,0,0,,different-party
206,18709,V,SF,1,1,1.0,different-party
206,18713,V,KF,0,0,,different-party
206,18715,V,S,0,0,,different-party
206,18716,V,S,1,1,1.0,different-party
206,18717,V,S,1,1,1.0,different-party
206,18718,V,S,1,1,1.0,different-party
206,18719,V,S,1,1,1.0,different-party
206,18720,V,S,0,0,,different-party
206,18721,V,DF,1,0,0.0,different-party
206,18722,V,UFG,0,0,,different-party
206,18723,V,LA,1,0,0.0,different-party
206,18724,V,UFG,1,0,0.0,different-party
206,18725,V,RV,1,0,0.0,different-party
206,18726,V,RV,1,0,0.0,different-party
206,18729,V,RV,1,0,0.0,different-party
206,18882,V,S,1,1,1.0,different-party
206,19000,V,SF,1,1,1.0,different-party
206,19928,V,S,1,1,1.0,different-party
206,20349,V,SP,0,0,,different-party
206,20350,V,DF,0,0,,different-party
206,20351,V,ALT,0,0,,different-party
206,20352,V,ALT,1,0,0.0,different-party
206,20353,V,ALT,0,0,,different-party
206,20354,V,UFG,0,0,,different-party
206,20355,V,DD,1,0,0.0,different-party
206,20356,V,DF,0,0,,different-party
206,20357,V,KF,1,1,1.0,different-party
206,20358,V,SF,0,0,,different-party
206,20359,V,SF,1,1,1.0,different-party
206,20360,V,SF,0,0,,different-party
206,20361,V,S,1,1,1.0,different-party
206,20362,V,S,1,1,1.0,different-party
206,20363,V,S,1,1,1.0,different-party
206,20364,V,S,1,1,1.0,different-party
206,20365,V,S,1,1,1.0,different-party
206,20366,V,S,1,1,1.0,different-party
206,20367,V,S,1,1,1.0,different-party
206,20368,V,S,1,1,1.0,different-party
206,20369,V,KF,1,0,0.0,different-party
206,20370,V,ALT,1,0,0.0,different-party
206,20371,V,V,1,1,1.0,same-party
206,20372,V,DD,0,0,,different-party
206,20373,V,DD,1,0,0.0,different-party
206,20374,V,DD,1,0,0.0,different-party
206,20375,V,DD,0,0,,different-party
206,20376,V,DD,1,0,0.0,different-party
206,20377,V,M,1,1,1.0,different-party
206,20378,V,M,1,1,1.0,different-party
206,20379,V,M,0,0,,different-party
206,20380,V,M,1,1,1.0,different-party
206,20381,V,ALT,1,0,0.0,different-party
206,20382,V,M,1,1,1.0,different-party
206,20383,V,UFG,1,0,0.0,different-party
206,20384,V,M,0,0,,different-party
206,20385,V,M,1,1,1.0,different-party
206,20386,V,M,0,0,,different-party
206,20388,V,UFG,0,0,,different-party
206,20389,V,M,1,1,1.0,different-party
206,20390,V,UFG,0,0,,different-party
206,20391,V,LA,1,0,0.0,different-party
206,20392,V,LA,0,0,,different-party
206,20393,V,LA,0,0,,different-party
206,20394,V,LA,1,0,0.0,different-party
206,20395,V,LA,1,0,0.0,different-party
206,20396,V,LA,0,0,,different-party
206,20397,V,LA,0,0,,different-party
206,20398,V,LA,1,0,0.0,different-party
206,20399,V,LA,0,0,,different-party
206,20400,V,LA,1,0,0.0,different-party
206,20411,V,EL,0,0,,different-party
206,20415,V,M,1,1,1.0,different-party
206,20496,V,M,0,0,,different-party
206,20781,V,S,1,1,1.0,different-party
206,20798,V,SF,1,1,1.0,different-party
206,20820,V,LA,1,0,0.0,different-party
206,20917,V,KF,0,0,,different-party
206,20925,V,KF,1,0,0.0,different-party
206,20930,V,S,0,0,,different-party
206,20962,V,SF,1,1,1.0,different-party
206,20966,V,KF,1,0,0.0,different-party
206,21044,V,S,1,1,1.0,different-party
206,21083,V,S,0,0,,different-party
206,21143,V,S,1,1,1.0,different-party
206,21159,V,M,0,0,,different-party
206,21168,V,V,1,1,1.0,same-party
206,21186,V,S,0,0,,different-party
206,21194,V,KF,0,0,,different-party
206,21206,V,N,0,0,,different-party
208,213,S,S,100,100,1.0,same-party
208,214,S,S,24,24,1.0,same-party
208,217,S,V,18,18,1.0,different-party
208,219,S,SF,9,6,0.6666666666666666,different-party
208,220,S,S,6,6,1.0,same-party
208,224,S,S,83,83,1.0,same-party
208,238,S,DF,7,4,0.5714285714285714,different-party
208,244,S,S,19,19,1.0,same-party
208,252,S,DF,26,13,0.5,different-party
208,257,S,S,83,83,1.0,same-party
208,260,S,S,87,87,1.0,same-party
208,262,S,JF,1,1,1.0,different-party
208,266,S,S,90,90,1.0,same-party
208,273,S,S,96,96,1.0,same-party
208,278,S,S,105,105,1.0,same-party
208,286,S,S,102,102,1.0,same-party
208,667,S,EL,74,33,0.44594594594594594,different-party
208,1146,S,DD,21,11,0.5238095238095238,different-party
208,1454,S,KF,15,8,0.5333333333333333,different-party
208,1619,S,S,88,88,1.0,same-party
208,1845,S,V,76,76,1.0,different-party
208,11702,S,KF,82,79,0.9634146341463414,different-party
208,15757,S,IA,0,0,,different-party
208,15760,S,S,30,30,1.0,same-party
208,15762,S,S,87,87,1.0,same-party
208,15763,S,DF,97,28,0.28865979381443296,different-party
208,15770,S,S,17,17,1.0,same-party
208,15774,S,DD,24,10,0.4166666666666667,different-party
208,15775,S,ALT,68,32,0.47058823529411764,different-party
208,15776,S,S,38,38,1.0,same-party
208,15777,S,EL,73,33,0.4520547945205479,different-party
208,15779,S,LA,38,23,0.6052631578947368,different-party
208,15787,S,S,100,100,1.0,same-party
208,15793,S,KF,91,84,0.9230769230769231,different-party
208,16180,S,S,37,37,1.0,same-party
208,16351,S,S,102,102,1.0,same-party
208,16503,S,S,11,11,1.0,same-party
208,16582,S,EL,105,51,0.4857142857142857,different-party
208,16728,S,SF,91,54,0.5934065934065934,different-party
208,17141,S,KF,71,68,0.9577464788732394,different-party
208,17628,S,SF,4,4,1.0,different-party
208,17629,S,DD,15,12,0.8,different-party
208,18688,S,N,0,0,,different-party
208,18693,S,EL,25,15,0.6,different-party
208,18694,S,EL,100,50,0.5,different-party
208,18695,S,V,96,96,1.0,different-party
208,18696,S,V,27,27,1.0,different-party
208,18698,S,V,15,15,1.0,different-party
208,18699,S,V,98,98,1.0,different-party
208,18700,S,V,34,34,1.0,different-party
208,18701,S,V,19,19,1.0,different-party
208,18703,S,LA,1,0,0.0,different-party
208,18704,S,SF,27,18,0.6666666666666666,different-party
208,18707,S,SF,98,59,0.6020408163265306,different-party
208,18708,S,SF,78,46,0.5897435897435898,different-party
208,18709,S,SF,90,54,0.6,different-party
208,18713,S,KF,89,79,0.8876404494382022,different-party
208,18715,S,S,23,23,1.0,same-party
208,18716,S,S,29,29,1.0,same-party
208,18717,S,S,98,98,1.0,same-party
208,18718,S,S,101,101,1.0,same-party
208,18719,S,S,84,84,1.0,same-party
208,18720,S,S,94,94,1.0,same-party
208,18721,S,DF,35,17,0.4857142857142857,different-party
208,18722,S,UFG,0,0,,different-party
208,18723,S,LA,20,13,0.65,different-party
208,18724,S,UFG,38,15,0.39473684210526316,different-party
208,18725,S,RV,95,81,0.8526315789473684,different-party
208,18726,S,RV,28,23,0.8214285714285714,different-party
208,18729,S,RV,105,88,0.8380952380952381,different-party
208,18882,S,S,10,10,1.0,same-party
208,19000,S,SF,29,18,0.6206896551724138,different-party
208,19928,S,S,91,91,1.0,same-party
208,20349,S,SP,66,66,1.0,different-party
208,20350,S,DF,12,6,0.5,different-party
208,20351,S,ALT,1,0,0.0,different-party
208,20352,S,ALT,91,44,0.4835164835164835,different-party
208,20353,S,ALT,22,15,0.6818181818181818,different-party
208,20354,S,UFG,2,0,0.0,different-party
208,20355,S,DD,20,11,0.55,different-party
208,20356,S,DF,86,22,0.2558139534883721,different-party
208,20357,S,KF,26,22,0.8461538461538461,different-party
208,20358,S,SF,0,0,,different-party
208,20359,S,SF,104,63,0.6057692307692307,different-party
208,20360,S,SF,26,17,0.6538461538461539,different-party
208,20361,S,S,6,6,1.0,same-party
208,20362,S,S,102,102,1.0,same-party
208,20363,S,S,102,102,1.0,same-party
208,20364,S,S,105,105,1.0,same-party
208,20365,S,S,100,100,1.0,same-party
208,20366,S,S,12,12,1.0,same-party
208,20367,S,S,103,103,1.0,same-party
208,20368,S,S,96,96,1.0,same-party
208,20369,S,KF,84,79,0.9404761904761905,different-party
208,20370,S,ALT,20,14,0.7,different-party
208,20371,S,V,105,105,1.0,different-party
208,20372,S,DD,25,17,0.68,different-party
208,20373,S,DD,28,16,0.5714285714285714,different-party
208,20374,S,DD,95,33,0.3473684210526316,different-party
208,20375,S,DD,89,29,0.3258426966292135,different-party
208,20376,S,DD,100,32,0.32,different-party
208,20377,S,M,38,38,1.0,different-party
208,20378,S,M,103,103,1.0,different-party
208,20379,S,M,0,0,,different-party
208,20380,S,M,1,1,1.0,different-party
208,20381,S,ALT,101,52,0.5148514851485149,different-party
208,20382,S,M,9,9,1.0,different-party
208,20383,S,UFG,11,7,0.6363636363636364,different-party
208,20384,S,M,84,84,1.0,different-party
208,20385,S,M,26,26,1.0,different-party
208,20386,S,M,81,81,1.0,different-party
208,20388,S,UFG,18,17,0.9444444444444444,different-party
208,20389,S,M,92,92,1.0,different-party
208,20390,S,UFG,25,14,0.56,different-party
208,20391,S,LA,94,56,0.5957446808510638,different-party
208,20392,S,LA,7,4,0.5714285714285714,different-party
208,20393,S,LA,79,45,0.569620253164557,different-party
208,20394,S,LA,84,52,0.6190476190476191,different-party
208,20395,S,LA,92,53,0.5760869565217391,different-party
208,20396,S,LA,92,53,0.5760869565217391,different-party
208,20397,S,LA,18,10,0.5555555555555556,different-party
208,20398,S,LA,98,58,0.5918367346938775,different-party
208,20399,S,LA,98,58,0.5918367346938775,different-party
208,20400,S,LA,105,62,0.5904761904761905,different-party
208,20411,S,EL,15,7,0.4666666666666667,different-party
208,20415,S,M,101,101,1.0,different-party
208,20496,S,M,83,83,1.0,different-party
208,20781,S,S,102,102,1.0,same-party
208,20798,S,SF,102,62,0.6078431372549019,different-party
208,20820,S,LA,32,19,0.59375,different-party
208,20917,S,KF,4,2,0.5,different-party
208,20925,S,KF,105,94,0.8952380952380953,different-party
208,20930,S,S,27,27,1.0,same-party
208,20962,S,SF,21,15,0.7142857142857143,different-party
208,20966,S,KF,29,19,0.6551724137931034,different-party
208,21044,S,S,105,105,1.0,same-party
208,21083,S,S,2,2,1.0,same-party
208,21143,S,S,88,88,1.0,same-party
208,21159,S,M,96,96,1.0,different-party
208,21168,S,V,87,87,1.0,different-party
208,21186,S,S,2,2,1.0,same-party
208,21194,S,KF,26,18,0.6923076923076923,different-party
208,21206,S,N,0,0,,different-party
213,214,S,S,46,46,1.0,same-party
213,217,S,V,17,17,1.0,different-party
213,219,S,SF,24,13,0.5416666666666666,different-party
213,220,S,S,6,6,1.0,same-party
213,224,S,S,113,113,1.0,same-party
213,238,S,DF,7,4,0.5714285714285714,different-party
213,244,S,S,52,52,1.0,same-party
213,252,S,DF,45,26,0.5777777777777777,different-party
213,257,S,S,126,125,0.9920634920634921,same-party
213,260,S,S,116,116,1.0,same-party
213,262,S,JF,1,1,1.0,different-party
213,266,S,S,107,107,1.0,same-party
213,273,S,S,138,138,1.0,same-party
213,278,S,S,141,141,1.0,same-party
213,286,S,S,139,139,1.0,same-party
213,667,S,EL,108,57,0.5277777777777778,different-party
213,1146,S,DD,60,40,0.6666666666666666,different-party
213,1454,S,KF,41,33,0.8048780487804879,different-party
213,1619,S,S,132,132,1.0,same-party
213,1845,S,V,90,90,1.0,different-party
213,11702,S,KF,109,102,0.9357798165137615,different-party
213,15757,S,IA,0,0,,different-party
213,15760,S,S,43,43,1.0,same-party
213,15762,S,S,117,117,1.0,same-party
213,15763,S,DF,116,43,0.3706896551724138,different-party
213,15770,S,S,54,54,1.0,same-party
213,15774,S,DD,46,25,0.5434782608695652,different-party
213,15775,S,ALT,82,41,0.5,different-party
213,15776,S,S,54,54,1.0,same-party
213,15777,S,EL,76,35,0.4605263157894737,different-party
213,15779,S,LA,54,37,0.6851851851851852,different-party
213,15787,S,S,139,139,1.0,same-party
213,15793,S,KF,105,95,0.9047619047619048,different-party
213,16180,S,S,69,69,1.0,same-party
213,16351,S,S,144,144,1.0,same-party
213,16503,S,S,22,22,1.0,same-party
213,16582,S,EL,141,76,0.5390070921985816,different-party
213,16728,S,SF,121,78,0.6446280991735537,different-party
213,17141,S,KF,73,72,0.9863013698630136,different-party
213,17628,S,SF,13,9,0.6923076923076923,different-party
213,17629,S,DD,49,35,0.7142857142857143,different-party
213,18688,S,N,0,0,,different-party
213,18693,S,EL,65,39,0.6,different-party
213,18694,S,EL,142,76,0.5352112676056338,different-party
213,18695,S,V,132,132,1.0,different-party
213,18696,S,V,71,71,1.0,different-party
213,18698,S,V,50,50,1.0,different-party
213,18699,S,V,143,143,1.0,different-party
213,18700,S,V,54,54,1.0,different-party
213,18701,S,V,27,27,1.0,different-party
213,18703,S,LA,1,0,0.0,different-party
213,18704,S,SF,57,42,0.7368421052631579,different-party
213,18707,S,SF,137,88,0.6423357664233577,different-party
213,18708,S,SF,101,67,0.6633663366336634,different-party
213,18709,S,SF,96,57,0.59375,different-party
213,18713,S,KF,91,81,0.8901098901098901,different-party
213,18715,S,S,50,50,1.0,same-party
213,18716,S,S,65,65,1.0,same-party
213,18717,S,S,118,118,1.0,same-party
213,18718,S,S,145,145,1.0,same-party
213,18719,S,S,96,96,1.0,same-party
213,18720,S,S,136,136,1.0,same-party
213,18721,S,DF,68,42,0.6176470588235294,different-party
213,18722,S,UFG,0,0,,different-party
213,18723,S,LA,48,41,0.8541666666666666,different-party
213,18724,S,UFG,66,27,0.4090909090909091,different-party
213,18725,S,RV,109,93,0.8532110091743119,different-party
213,18726,S,RV,62,52,0.8387096774193549,different-party
213,18729,S,RV,118,98,0.8305084745762712,different-party
213,18882,S,S,25,25,1.0,same-party
213,19000,S,SF,72,51,0.7083333333333334,different-party
213,19928,S,S,115,115,1.0,same-party
213,20349,S,SP,72,72,1.0,different-party
213,20350,S,DF,29,18,0.6206896551724138,different-party
213,20351,S,ALT,1,0,0.0,different-party
213,20352,S,ALT,105,51,0.4857142857142857,different-party
213,20353,S,ALT,40,31,0.775,different-party
213,20354,S,UFG,5,0,0.0,different-party
213,20355,S,DD,63,42,0.6666666666666666,different-party
213,20356,S,DF,128,51,0.3984375,different-party
213,20357,S,KF,71,63,0.8873239436619719,different-party
213,20358,S,SF,3,2,0.6666666666666666,different-party
213,20359,S,SF,140,89,0.6357142857142857,different-party
213,20360,S,SF,68,49,0.7205882352941176,different-party
213,20361,S,S,15,15,1.0,same-party
213,20362,S,S,133,133,1.0,same-party
213,20363,S,S,138,138,1.0,same-party
213,20364,S,S,132,132,1.0,same-party
213,20365,S,S,119,119,1.0,same-party
213,20366,S,S,29,29,1.0,same-party
213,20367,S,S,146,146,1.0,same-party
213,20368,S,S,129,129,1.0,same-party
213,20369,S,KF,121,112,0.9256198347107438,different-party
213,20370,S,ALT,57,41,0.7192982456140351,different-party
213,20371,S,V,124,124,1.0,different-party
213,20372,S,DD,42,29,0.6904761904761905,different-party
213,20373,S,DD,52,34,0.6538461538461539,different-party
213,20374,S,DD,128,57,0.4453125,different-party
213,20375,S,DD,105,39,0.37142857142857144,different-party
213,20376,S,DD,139,59,0.4244604316546763,different-party
213,20377,S,M,63,63,1.0,different-party
213,20378,S,M,146,146,1.0,different-party
213,20379,S,M,0,0,,different-party
213,20380,S,M,10,10,1.0,different-party
213,20381,S,ALT,147,83,0.564625850340136,different-party
213,20382,S,M,17,17,1.0,different-party
213,20383,S,UFG,43,37,0.8604651162790697,different-party
213,20384,S,M,82,82,1.0,different-party
213,20385,S,M,65,65,1.0,different-party
213,20386,S,M,91,91,1.0,different-party
213,20388,S,UFG,49,46,0.9387755102040817,different-party
213,20389,S,M,135,135,1.0,different-party
213,20390,S,UFG,71,48,0.676056338028169,different-party
213,20391,S,LA,118,78,0.6610169491525424,different-party
213,20392,S,LA,39,31,0.7948717948717948,different-party
213,20393,S,LA,121,82,0.6776859504132231,different-party
213,20394,S,LA,119,83,0.6974789915966386,different-party
213,20395,S,LA,132,88,0.6666666666666666,different-party
213,20396,S,LA,87,50,0.5747126436781609,different-party
213,20397,S,LA,26,19,0.7307692307692307,different-party
213,20398,S,LA,136,91,0.6691176470588235,different-party
213,20399,S,LA,114,73,0.6403508771929824,different-party
213,20400,S,LA,141,94,0.6666666666666666,different-party
213,20411,S,EL,52,30,0.5769230769230769,different-party
213,20415,S,M,147,147,1.0,different-party
213,20496,S,M,117,117,1.0,different-party
213,20781,S,S,140,140,1.0,same-party
213,20798,S,SF,138,92,0.6666666666666666,different-party
213,20820,S,LA,76,58,0.7631578947368421,different-party
213,20917,S,KF,0,0,,different-party
213,20925,S,KF,137,126,0.9197080291970803,different-party
213,20930,S,S,61,61,1.0,same-party
213,20962,S,SF,63,47,0.746031746031746,different-party
213,20966,S,KF,66,53,0.803030303030303,different-party
213,21044,S,S,147,147,1.0,same-party
213,21083,S,S,1,1,1.0,same-party
213,21143,S,S,107,107,1.0,same-party
213,21159,S,M,123,123,1.0,different-party
213,21168,S,V,107,107,1.0,different-party
213,21186,S,S,1,1,1.0,same-party
213,21194,S,KF,59,48,0.8135593220338984,different-party
213,21206,S,N,0,0,,different-party
214,217,S,V,18,18,1.0,different-party
214,219,S,SF,16,7,0.4375,different-party
214,220,S,S,14,14,1.0,same-party
214,224,S,S,50,50,1.0,same-party
214,238,S,DF,0,0,,different-party
214,244,S,S,33,33,1.0,same-party
214,252,S,DF,28,14,0.5,different-party
214,257,S,S,49,48,0.9795918367346939,same-party
214,260,S,S,15,15,1.0,same-party
214,262,S,JF,1,1,1.0,different-party
214,266,S,S,43,43,1.0,same-party
214,273,S,S,54,54,1.0,same-party
214,278,S,S,60,60,1.0,same-party
214,286,S,S,55,55,1.0,same-party
214,667,S,EL,38,22,0.5789473684210527,different-party
214,1146,S,DD,57,37,0.6491228070175439,different-party
214,1454,S,KF,30,25,0.8333333333333334,different-party
214,1619,S,S,49,49,1.0,same-party
214,1845,S,V,32,32,1.0,different-party
214,11702,S,KF,43,37,0.8604651162790697,different-party
214,15757,S,IA,0,0,,different-party
214,15760,S,S,45,45,1.0,same-party
214,15762,S,S,40,40,1.0,same-party
214,15763,S,DF,60,34,0.5666666666666667,different-party
214,15770,S,S,23,23,1.0,same-party
214,15774,S,DD,20,10,0.5,different-party
214,15775,S,ALT,17,9,0.5294117647058824,different-party
214,15776,S,S,56,56,1.0,same-party
214,15777,S,EL,7,5,0.7142857142857143,different-party
214,15779,S,LA,41,26,0.6341463414634146,different-party
214,15787,S,S,40,40,1.0,same-party
214,15793,S,KF,32,22,0.6875,different-party
214,16180,S,S,36,36,1.0,same-party
214,16351,S,S,60,60,1.0,same-party
214,16503,S,S,16,16,1.0,same-party
214,16582,S,EL,57,34,0.5964912280701754,different-party
214,16728,S,SF,29,17,0.5862068965517241,different-party
214,17141,S,KF,25,23,0.92,different-party
214,17628,S,SF,9,5,0.5555555555555556,different-party
214,17629,S,DD,37,24,0.6486486486486487,different-party
214,18688,S,N,0,0,,different-party
214,18693,S,EL,32,18,0.5625,different-party
214,18694,S,EL,59,33,0.559322033898305,different-party
214,18695,S,V,48,48,1.0,different-party
214,18696,S,V,37,37,1.0,different-party
214,18698,S,V,30,30,1.0,different-party
214,18699,S,V,60,60,1.0,different-party
214,18700,S,V,24,24,1.0,different-party
214,18701,S,V,23,23,1.0,different-party
214,18703,S,LA,1,0,0.0,different-party
214,18704,S,SF,54,38,0.7037037037037037,different-party
214,18707,S,SF,63,43,0.6825396825396826,different-party
214,18708,S,SF,15,11,0.7333333333333333,different-party
214,18709,S,SF,17,9,0.5294117647058824,different-party
214,18713,S,KF,41,33,0.8048780487804879,different-party
214,18715,S,S,39,39,1.0,same-party
214,18716,S,S,32,32,1.0,same-party
214,18717,S,S,55,55,1.0,same-party
214,18718,S,S,60,60,1.0,same-party
214,18719,S,S,40,40,1.0,same-party
214,18720,S,S,60,60,1.0,same-party
214,18721,S,DF,50,28,0.56,different-party
214,18722,S,UFG,0,0,,different-party
214,18723,S,LA,14,11,0.7857142857142857,different-party
214,18724,S,UFG,48,22,0.4583333333333333,different-party
214,18725,S,RV,52,46,0.8846153846153846,different-party
214,18726,S,RV,43,36,0.8372093023255814,different-party
214,18729,S,RV,54,43,0.7962962962962963,different-party
214,18882,S,S,18,18,1.0,same-party
214,19000,S,SF,53,35,0.660377358490566,different-party
214,19928,S,S,39,39,1.0,same-party
214,20349,S,SP,6,6,1.0,different-party
214,20350,S,DF,22,13,0.5909090909090909,different-party
214,20351,S,ALT,1,0,0.0,different-party
214,20352,S,ALT,40,21,0.525,different-party
214,20353,S,ALT,14,10,0.7142857142857143,different-party
214,20354,S,UFG,3,0,0.0,different-party
214,20355,S,DD,44,29,0.6590909090909091,different-party
214,20356,S,DF,59,33,0.559322033898305,different-party
214,20357,S,KF,38,31,0.8157894736842105,different-party
214,20358,S,SF,3,2,0.6666666666666666,different-party
214,20359,S,SF,56,36,0.6428571428571429,different-party
214,20360,S,SF,54,38,0.7037037037037037,different-party
214,20361,S,S,9,9,1.0,same-party
214,20362,S,S,48,48,1.0,same-party
214,20363,S,S,54,54,1.0,same-party
214,20364,S,S,48,48,1.0,same-party
214,20365,S,S,63,63,1.0,same-party
214,20366,S,S,23,23,1.0,same-party
214,20367,S,S,62,62,1.0,same-party
214,20368,S,S,30,30,1.0,same-party
214,20369,S,KF,49,43,0.8775510204081632,different-party
214,20370,S,ALT,46,34,0.7391304347826086,different-party
214,20371,S,V,60,60,1.0,different-party
214,20372,S,DD,35,22,0.6285714285714286,different-party
214,20373,S,DD,39,26,0.6666666666666666,different-party
214,20374,S,DD,28,20,0.7142857142857143,different-party
214,20375,S,DD,20,11,0.55,different-party
214,20376,S,DD,63,40,0.6349206349206349,different-party
214,20377,S,M,47,47,1.0,different-party
214,20378,S,M,61,61,1.0,different-party
214,20379,S,M,0,0,,different-party
214,20380,S,M,9,9,1.0,different-party
214,20381,S,ALT,47,27,0.574468085106383,different-party
214,20382,S,M,11,11,1.0,different-party
214,20383,S,UFG,16,13,0.8125,different-party
214,20384,S,M,13,13,1.0,different-party
214,20385,S,M,32,32,1.0,different-party
214,20386,S,M,35,34,0.9714285714285714,different-party
214,20388,S,UFG,22,21,0.9545454545454546,different-party
214,20389,S,M,50,50,1.0,different-party
214,20390,S,UFG,44,25,0.5681818181818182,different-party
214,20391,S,LA,54,38,0.7037037037037037,different-party
214,20392,S,LA,16,11,0.6875,different-party
214,20393,S,LA,52,36,0.6923076923076923,different-party
214,20394,S,LA,33,24,0.7272727272727273,different-party
214,20395,S,LA,40,28,0.7,different-party
214,20396,S,LA,23,12,0.5217391304347826,different-party
214,20397,S,LA,35,22,0.6285714285714286,different-party
214,20398,S,LA,51,33,0.6470588235294118,different-party
214,20399,S,LA,57,37,0.6491228070175439,different-party
214,20400,S,LA,57,36,0.631578947368421,different-party
214,20411,S,EL,40,19,0.475,different-party
214,20415,S,M,62,62,1.0,different-party
214,20496,S,M,47,47,1.0,different-party
214,20781,S,S,55,55,1.0,same-party
214,20798,S,SF,54,39,0.7222222222222222,different-party
214,20820,S,LA,57,39,0.6842105263157895,different-party
214,20917,S,KF,1,0,0.0,different-party
214,20925,S,KF,54,44,0.8148148148148148,different-party
214,20930,S,S,43,43,1.0,same-party
214,20962,S,SF,53,38,0.7169811320754716,different-party
214,20966,S,KF,32,20,0.625,different-party
214,21044,S,S,63,63,1.0,same-party
214,21083,S,S,2,2,1.0,same-party
214,21143,S,S,45,45,1.0,same-party
214,21159,S,M,49,49,1.0,different-party
214,21168,S,V,50,50,1.0,different-party
214,21186,S,S,2,2,1.0,same-party
214,21194,S,KF,33,22,0.6666666666666666,different-party
214,21206,S,N,0,0,,different-party
217,219,V,SF,0,0,,different-party
217,220,V,S,5,5,1.0,different-party
217,224,V,S,18,18,1.0,different-party
217,238,V,DF,0,0,,different-party
217,244,V,S,10,10,1.0,different-party
217,252,V,DF,10,5,0.5,different-party
217,257,V,S,8,8,1.0,different-party
217,260,V,S,8,8,1.0,different-party
217,262,V,JF,0,0,,different-party
217,266,V,S,8,8,1.0,different-party
217,273,V,S,10,10,1.0,different-party
217,278,V,S,18,18,1.0,different-party
217,286,V,S,18,18,1.0,different-party
217,667,V,EL,0,0,,different-party
217,1146,V,DD,18,10,0.5555555555555556,different-party
217,1454,V,KF,8,3,0.375,different-party
217,1619,V,S,8,8,1.0,different-party
217,1845,V,V,0,0,,same-party
217,11702,V,KF,0,0,,different-party
217,15757,V,IA,0,0,,different-party
217,15760,V,S,10,10,1.0,different-party
217,15762,V,S,8,8,1.0,different-party
217,15763,V,DF,18,9,0.5,different-party
217,15770,V,S,0,0,,different-party
217,15774,V,DD,8,3,0.375,different-party
217,15775,V,ALT,0,0,,different-party
217,15776,V,S,18,18,1.0,different-party
217,15777,V,EL,0,0,,different-party
217,15779,V,LA,18,9,0.5,different-party
217,15787,V,S,18,18,1.0,different-party
217,15793,V,KF,18,12,0.6666666666666666,different-party
217,16180,V,S,18,18,1.0,different-party
217,16351,V,S,18,18,1.0,different-party
217,16503,V,S,0,0,,different-party
217,16582,V,EL,18,11,0.6111111111111112,different-party
217,16728,V,SF,18,12,0.6666666666666666,different-party
217,17141,V,KF,0,0,,different-party
217,17628,V,SF,0,0,,different-party
217,17629,V,DD,10,7,0.7,different-party
217,18688,V,N,0,0,,different-party
217,18693,V,EL,10,7,0.7,different-party
217,18694,V,EL,18,11,0.6111111111111112,different-party
217,18695,V,V,10,10,1.0,same-party
217,18696,V,V,8,8,1.0,same-party
217,18698,V,V,0,0,,same-party
217,18699,V,V,18,18,1.0,same-party
217,18700,V,V,18,18,1.0,same-party
217,18701,V,V,10,10,1.0,same-party
217,18703,V,LA,0,0,,different-party
217,18704,V,SF,18,12,0.6666666666666666,different-party
217,18707,V,SF,18,12,0.6666666666666666,different-party
217,18708,V,SF,8,4,0.5,different-party
217,18709,V,SF,10,8,0.8,different-party
217,18713,V,KF,18,12,0.6666666666666666,different-party
217,18715,V,S,10,10,1.0,different-party
217,18716,V,S,10,10,1.0,different-party
217,18717,V,S,18,18,1.0,different-party
217,18718,V,S,18,18,1.0,different-party
217,18719,V,S,8,8,1.0,different-party
217,18720,V,S,18,18,1.0,different-party
217,18721,V,DF,17,9,0.5294117647058824,different-party
217,18722,V,UFG,0,0,,different-party
217,18723,V,LA,0,0,,different-party
217,18724,V,UFG,18,8,0.4444444444444444,different-party
217,18725,V,RV,18,15,0.8333333333333334,different-party
217,18726,V,RV,10,9,0.9,different-party
217,18729,V,RV,18,15,0.8333333333333334,different-party
217,18882,V,S,0,0,,different-party
217,19000,V,SF,8,4,0.5,different-party
217,19928,V,S,10,10,1.0,different-party
217,20349,V,SP,0,0,,different-party
217,20350,V,DF,0,0,,different-party
217,20351,V,ALT,0,0,,different-party
217,20352,V,ALT,8,3,0.375,different-party
217,20353,V,ALT,10,8,0.8,different-party
217,20354,V,UFG,0,0,,different-party
217,20355,V,DD,0,0,,different-party
217,20356,V,DF,18,9,0.5,different-party
217,20357,V,KF,10,9,0.9,different-party
217,20358,V,SF,0,0,,different-party
217,20359,V,SF,18,12,0.6666666666666666,different-party
217,20360,V,SF,10,8,0.8,different-party
217,20361,V,S,0,0,,different-party
217,20362,V,S,16,16,1.0,different-party
217,20363,V,S,18,18,1.0,different-party
217,20364,V,S,18,18,1.0,different-party
217,20365,V,S,18,18,1.0,different-party
217,20366,V,S,0,0,,different-party
217,20367,V,S,18,18,1.0,different-party
217,20368,V,S,10,10,1.0,different-party
217,20369,V,KF,10,9,0.9,different-party
217,20370,V,ALT,10,9,0.9,different-party
217,20371,V,V,18,18,1.0,same-party
217,20372,V,DD,16,8,0.5,different-party
217,20373,V,DD,10,7,0.7,different-party
217,20374,V,DD,10,7,0.7,different-party
217,20375,V,DD,18,10,0.5555555555555556,different-party
217,20376,V,DD,18,10,0.5555555555555556,different-party
217,20377,V,M,18,18,1.0,different-party
217,20378,V,M,18,18,1.0,different-party
217,20379,V,M,0,0,,different-party
217,20380,V,M,0,0,,different-party
217,20381,V,ALT,18,11,0.6111111111111112,different-party
217,20382,V,M,0,0,,different-party
217,20383,V,UFG,0,0,,different-party
217,20384,V,M,8,8,1.0,different-party
217,20385,V,M,10,10,1.0,different-party
217,20386,V,M,10,10,1.0,different-party
217,20388,V,UFG,8,8,1.0,different-party
217,20389,V,M,8,8,1.0,different-party
217,20390,V,UFG,18,8,0.4444444444444444,different-party
217,20391,V,LA,10,6,0.6,different-party
217,20392,V,LA,0,0,,different-party
217,20393,V,LA,8,3,0.375,different-party
217,20394,V,LA,0,0,,different-party
217,20395,V,LA,18,9,0.5,different-party
217,20396,V,LA,18,9,0.5,different-party
217,20397,V,LA,8,3,0.375,different-party
217,20398,V,LA,18,9,0.5,different-party
217,20399,V,LA,18,9,0.5,different-party
217,20400,V,LA,18,9,0.5,different-party
217,20411,V,EL,8,4,0.5,different-party
217,20415,V,M,18,18,1.0,different-party
217,20496,V,M,10,10,1.0,different-party
217,20781,V,S,18,18,1.0,different-party
217,20798,V,SF,18,12,0.6666666666666666,different-party
217,20820,V,LA,18,9,0.5,different-party
217,20917,V,KF,0,0,,different-party
217,20925,V,KF,18,12,0.6666666666666666,different-party
217,20930,V,S,8,8,1.0,different-party
217,20962,V,SF,10,8,0.8,different-party
217,20966,V,KF,8,3,0.375,different-party
217,21044,V,S,18,18,1.0,different-party
217,21083,V,S,0,0,,different-party
217,21143,V,S,10,10,1.0,different-party
217,21159,V,M,18,18,1.0,different-party
217,21168,V,V,8,8,1.0,same-party
217,21186,V,S,0,0,,different-party
217,21194,V,KF,18,12,0.6666666666666666,different-party
217,21206,V,N,0,0,,different-party
219,220,SF,S,1,0,0.0,different-party
219,224,SF,S,6,2,0.3333333333333333,different-party
219,238,SF,DF,0,0,,different-party
219,244,SF,S,13,8,0.6153846153846154,different-party
219,252,SF,DF,12,4,0.3333333333333333,different-party
219,257,SF,S,27,17,0.6296296296296297,different-party
219,260,SF,S,15,8,0.5333333333333333,different-party
219,262,SF,JF,1,0,0.0,different-party
219,266,SF,S,27,16,0.5925925925925926,different-party
219,273,SF,S,28,16,0.5714285714285714,different-party
219,278,SF,S,28,16,0.5714285714285714,different-party
219,286,SF,S,22,14,0.6363636363636364,different-party
219,667,SF,EL,13,12,0.9230769230769231,different-party
219,1146,SF,DD,16,7,0.4375,different-party
219,1454,SF,KF,6,2,0.3333333333333333,different-party
219,1619,SF,S,25,13,0.52,different-party
219,1845,SF,V,19,11,0.5789473684210527,different-party
219,11702,SF,KF,25,12,0.48,different-party
219,15757,SF,IA,0,0,,different-party
219,15760,SF,S,22,14,0.6363636363636364,different-party
219,15762,SF,S,3,2,0.6666666666666666,different-party
219,15763,SF,DF,16,6,0.375,different-party
219,15770,SF,S,28,16,0.5714285714285714,different-party
219,15774,SF,DD,4,4,1.0,different-party
219,15775,SF,ALT,7,5,0.7142857142857143,different-party
219,15776,SF,S,21,14,0.6666666666666666,different-party
219,15777,SF,EL,1,1,1.0,different-party
219,15779,SF,LA,21,12,0.5714285714285714,different-party
219,15787,SF,S,27,16,0.5925925925925926,different-party
219,15793,SF,KF,19,10,0.5263157894736842,different-party
219,16180,SF,S,19,12,0.631578947368421,different-party
219,16351,SF,S,28,16,0.5714285714285714,different-party
219,16503,SF,S,10,5,0.5,different-party
219,16582,SF,EL,22,19,0.8636363636363636,different-party
219,16728,SF,SF,15,15,1.0,same-party
219,17141,SF,KF,9,4,0.4444444444444444,different-party
219,17628,SF,SF,9,9,1.0,same-party
219,17629,SF,DD,18,10,0.5555555555555556,different-party
219,18688,SF,N,0,0,,different-party
219,18693,SF,EL,26,23,0.8846153846153846,different-party
219,18694,SF,EL,27,23,0.8518518518518519,different-party
219,18695,SF,V,28,16,0.5714285714285714,different-party
219,18696,SF,V,27,15,0.5555555555555556,different-party
219,18698,SF,V,18,11,0.6111111111111112,different-party
219,18699,SF,V,25,13,0.52,different-party
219,18700,SF,V,8,5,0.625,different-party
219,18701,SF,V,7,2,0.2857142857142857,different-party
219,18703,SF,LA,1,1,1.0,different-party
219,18704,SF,SF,10,10,1.0,same-party
219,18707,SF,SF,19,19,1.0,same-party
219,18708,SF,SF,3,3,1.0,same-party
219,18709,SF,SF,15,15,1.0,same-party
219,18713,SF,KF,4,3,0.75,different-party
219,18715,SF,S,13,9,0.6923076923076923,different-party
219,18716,SF,S,21,14,0.6666666666666666,different-party
219,18717,SF,S,26,15,0.5769230769230769,different-party
219,18718,SF,S,26,14,0.5384615384615384,different-party
219,18719,SF,S,10,5,0.5,different-party
219,18720,SF,S,24,12,0.5,different-party
219,18721,SF,DF,19,8,0.42105263157894735,different-party
219,18722,SF,UFG,0,0,,different-party
219,18723,SF,LA,19,11,0.5789473684210527,different-party
219,18724,SF,UFG,14,6,0.42857142857142855,different-party
219,18725,SF,RV,6,2,0.3333333333333333,different-party
219,18726,SF,RV,21,16,0.7619047619047619,different-party
219,18729,SF,RV,22,17,0.7727272727272727,different-party
219,18882,SF,S,9,5,0.5555555555555556,different-party
219,19000,SF,SF,28,28,1.0,same-party
219,19928,SF,S,10,5,0.5,different-party
219,20349,SF,SP,6,2,0.3333333333333333,different-party
219,20350,SF,DF,21,8,0.38095238095238093,different-party
219,20351,SF,ALT,1,1,1.0,different-party
219,20352,SF,ALT,27,25,0.9259259259259259,different-party
219,20353,SF,ALT,12,11,0.9166666666666666,different-party
219,20354,SF,UFG,2,1,0.5,different-party
219,20355,SF,DD,28,16,0.5714285714285714,different-party
219,20356,SF,DF,16,6,0.375,different-party
219,20357,SF,KF,24,11,0.4583333333333333,different-party
219,20358,SF,SF,0,0,,same-party
219,20359,SF,SF,28,28,1.0,same-party
219,20360,SF,SF,28,28,1.0,same-party
219,20361,SF,S,9,5,0.5555555555555556,different-party
219,20362,SF,S,19,11,0.5789473684210527,different-party
219,20363,SF,S,28,16,0.5714285714285714,different-party
219,20364,SF,S,19,11,0.5789473684210527,different-party
219,20365,SF,S,19,10,0.5263157894736842,different-party
219,20366,SF,S,10,5,0.5,different-party
219,20367,SF,S,28,16,0.5714285714285714,different-party
219,20368,SF,S,19,11,0.5789473684210527,different-party
219,20369,SF,KF,18,7,0.3888888888888889,different-party
219,20370,SF,ALT,9,9,1.0,different-party
219,20371,SF,V,28,16,0.5714285714285714,different-party
219,20372,SF,DD,27,15,0.5555555555555556,different-party
219,20373,SF,DD,26,14,0.5384615384615384,different-party
219,20374,SF,DD,27,15,0.5555555555555556,different-party
219,20375,SF,DD,4,4,1.0,different-party
219,20376,SF,DD,19,10,0.5263157894736842,different-party
219,20377,SF,M,12,9,0.75,different-party
219,20378,SF,M,27,16,0.5925925925925926,different-party
219,20379,SF,M,0,0,,different-party
219,20380,SF,M,9,5,0.5555555555555556,different-party
219,20381,SF,ALT,25,24,0.96,different-party
219,20382,SF,M,10,5,0.5,different-party
219,20383,SF,UFG,7,2,0.2857142857142857,different-party
219,20384,SF,M,6,5,0.8333333333333334,different-party
219,20385,SF,M,18,11,0.6111111111111112,different-party
219,20386,SF,M,15,8,0.5333333333333333,different-party
219,20388,SF,UFG,15,7,0.4666666666666667,different-party
219,20389,SF,M,28,16,0.5714285714285714,different-party
219,20390,SF,UFG,25,12,0.48,different-party
219,20391,SF,LA,26,13,0.5,different-party
219,20392,SF,LA,13,7,0.5384615384615384,different-party
219,20393,SF,LA,15,6,0.4,different-party
219,20394,SF,LA,27,14,0.5185185185185185,different-party
219,20395,SF,LA,15,7,0.4666666666666667,different-party
219,20396,SF,LA,3,2,0.6666666666666666,different-party
219,20397,SF,LA,12,8,0.6666666666666666,different-party
219,20398,SF,LA,23,12,0.5217391304347826,different-party
219,20399,SF,LA,28,15,0.5357142857142857,different-party
219,20400,SF,LA,22,13,0.5909090909090909,different-party
219,20411,SF,EL,24,21,0.875,different-party
219,20415,SF,M,25,13,0.52,different-party
219,20496,SF,M,19,10,0.5263157894736842,different-party
219,20781,SF,S,27,15,0.5555555555555556,different-party
219,20798,SF,SF,22,22,1.0,same-party
219,20820,SF,LA,23,13,0.5652173913043478,different-party
219,20917,SF,KF,3,2,0.6666666666666666,different-party
219,20925,SF,KF,19,11,0.5789473684210527,different-party
219,20930,SF,S,18,11,0.6111111111111112,different-party
219,20962,SF,SF,15,15,1.0,same-party
219,20966,SF,KF,22,12,0.5454545454545454,different-party
219,21044,SF,S,28,16,0.5714285714285714,different-party
219,21083,SF,S,1,0,0.0,different-party
219,21143,SF,S,24,12,0.5,different-party
219,21159,SF,M,14,8,0.5714285714285714,different-party
219,21168,SF,V,19,10,0.5263157894736842,different-party
219,21186,SF,S,1,0,0.0,different-party
219,21194,SF,KF,19,10,0.5263157894736842,different-party
219,21206,SF,N,0,0,,different-party
220,224,S,S,14,14,1.0,same-party
220,238,S,DF,0,0,,different-party
220,244,S,S,0,0,,same-party
220,252,S,DF,9,5,0.5555555555555556,different-party
220,257,S,S,15,15,1.0,same-party
220,260,S,S,7,7,1.0,same-party
220,262,S,JF,0,0,,different-party
220,266,S,S,15,15,1.0,same-party
220,273,S,S,9,9,1.0,same-party
220,278,S,S,15,15,1.0,same-party
220,286,S,S,14,14,1.0,same-party
220,667,S,EL,8,6,0.75,different-party
220,1146,S,DD,14,8,0.5714285714285714,different-party
220,1454,S,KF,14,12,0.8571428571428571,different-party
220,1619,S,S,15,15,1.0,same-party
220,1845,S,V,9,9,1.0,different-party
220,11702,S,KF,9,9,1.0,different-party
220,15757,S,IA,0,0,,different-party
220,15760,S,S,9,9,1.0,same-party
220,15762,S,S,14,14,1.0,same-party
220,15763,S,DF,14,7,0.5,different-party
220,15770,S,S,1,1,1.0,same-party
220,15774,S,DD,6,4,0.6666666666666666,different-party
220,15775,S,ALT,0,0,,different-party
220,15776,S,S,15,15,1.0,same-party
220,15777,S,EL,0,0,,different-party
220,15779,S,LA,7,5,0.7142857142857143,different-party
220,15787,S,S,6,6,1.0,same-party
220,15793,S,KF,7,5,0.7142857142857143,different-party
220,16180,S,S,6,6,1.0,same-party
220,16351,S,S,15,15,1.0,same-party
220,16503,S,S,1,1,1.0,same-party
220,16582,S,EL,15,8,0.5333333333333333,different-party
220,16728,S,SF,7,4,0.5714285714285714,different-party
220,17141,S,KF,8,8,1.0,different-party
220,17628,S,SF,0,0,,different-party
220,17629,S,DD,9,5,0.5555555555555556,different-party
220,18688,S,N,0,0,,different-party
220,18693,S,EL,1,0,0.0,different-party
220,18694,S,EL,15,8,0.5333333333333333,different-party
220,18695,S,V,9,9,1.0,different-party
220,18696,S,V,7,7,1.0,different-party
220,18698,S,V,9,9,1.0,different-party
220,18699,S,V,15,15,1.0,different-party
220,18700,S,V,6,6,1.0,different-party
220,18701,S,V,0,0,,different-party
220,18703,S,LA,0,0,,different-party
220,18704,S,SF,14,12,0.8571428571428571,different-party
220,18707,S,SF,14,12,0.8571428571428571,different-party
220,18708,S,SF,6,4,0.6666666666666666,different-party
220,18709,S,SF,1,0,0.0,different-party
220,18713,S,KF,14,12,0.8571428571428571,different-party
220,18715,S,S,9,9,1.0,same-party
220,18716,S,S,1,1,1.0,same-party
220,18717,S,S,15,15,1.0,same-party
220,18718,S,S,15,15,1.0,same-party
220,18719,S,S,14,14,1.0,same-party
220,18720,S,S,15,15,1.0,same-party
220,18721,S,DF,15,8,0.5333333333333333,different-party
220,18722,S,UFG,0,0,,different-party
220,18723,S,LA,1,1,1.0,different-party
220,18724,S,UFG,15,8,0.5333333333333333,different-party
220,18725,S,RV,14,12,0.8571428571428571,different-party
220,18726,S,RV,9,9,1.0,different-party
220,18729,S,RV,15,13,0.8666666666666667,different-party
220,18882,S,S,0,0,,same-party
220,19000,S,SF,15,12,0.8,different-party
220,19928,S,S,8,8,1.0,same-party
220,20349,S,SP,0,0,,different-party
220,20350,S,DF,1,1,1.0,different-party
220,20351,S,ALT,0,0,,different-party
220,20352,S,ALT,15,10,0.6666666666666666,different-party
220,20353,S,ALT,1,0,0.0,different-party
220,20354,S,UFG,0,0,,different-party
220,20355,S,DD,9,5,0.5555555555555556,different-party
220,20356,S,DF,14,7,0.5,different-party
220,20357,S,KF,1,1,1.0,different-party
220,20358,S,SF,0,0,,different-party
220,20359,S,SF,15,12,0.8,different-party
220,20360,S,SF,9,8,0.8888888888888888,different-party
220,20361,S,S,0,0,,same-party
220,20362,S,S,13,13,1.0,same-party
220,20363,S,S,15,15,1.0,same-party
220,20364,S,S,15,15,1.0,same-party
220,20365,S,S,14,14,1.0,same-party
220,20366,S,S,0,0,,same-party
220,20367,S,S,15,15,1.0,same-party
220,20368,S,S,1,1,1.0,same-party
220,20369,S,KF,8,8,1.0,different-party
220,20370,S,ALT,8,6,0.75,different-party
220,20371,S,V,15,15,1.0,different-party
220,20372,S,DD,5,3,0.6,different-party
220,20373,S,DD,1,1,1.0,different-party
220,20374,S,DD,1,1,1.0,different-party
220,20375,S,DD,6,4,0.6666666666666666,different-party
220,20376,S,DD,14,8,0.5714285714285714,different-party
220,20377,S,M,15,15,1.0,different-party
220,20378,S,M,15,15,1.0,different-party
220,20379,S,M,0,0,,different-party
220,20380,S,M,0,0,,different-party
220,20381,S,ALT,7,4,0.5714285714285714,different-party
220,20382,S,M,0,0,,different-party
220,20383,S,UFG,0,0,,different-party
220,20384,S,M,6,6,1.0,different-party
220,20385,S,M,1,1,1.0,different-party
220,20386,S,M,9,8,0.8888888888888888,different-party
220,20388,S,UFG,7,7,1.0,different-party
220,20389,S,M,15,15,1.0,different-party
220,20390,S,UFG,7,5,0.7142857142857143,different-party
220,20391,S,LA,9,5,0.5555555555555556,different-party
220,20392,S,LA,0,0,,different-party
220,20393,S,LA,14,8,0.5714285714285714,different-party
220,20394,S,LA,9,5,0.5555555555555556,different-party
220,20395,S,LA,6,4,0.6666666666666666,different-party
220,20396,S,LA,6,4,0.6666666666666666,different-party
220,20397,S,LA,15,9,0.6,different-party
220,20398,S,LA,15,9,0.6,different-party
220,20399,S,LA,15,9,0.6,different-party
220,20400,S,LA,15,9,0.6,different-party
220,20411,S,EL,15,8,0.5333333333333333,different-party
220,20415,S,M,15,15,1.0,different-party
220,20496,S,M,8,8,1.0,different-party
220,20781,S,S,15,15,1.0,same-party
220,20798,S,SF,15,12,0.8,different-party
220,20820,S,LA,15,9,0.6,different-party
220,20917,S,KF,0,0,,different-party
220,20925,S,KF,15,13,0.8666666666666667,different-party
220,20930,S,S,15,15,1.0,same-party
220,20962,S,SF,8,8,1.0,different-party
220,20966,S,KF,7,5,0.7142857142857143,different-party
220,21044,S,S,15,15,1.0,same-party
220,21083,S,S,0,0,,same-party
220,21143,S,S,9,9,1.0,same-party
220,21159,S,M,15,15,1.0,different-party
220,21168,S,V,14,14,1.0,different-party
220,21186,S,S,0,0,,same-party
220,21194,S,KF,7,5,0.7142857142857143,different-party
220,21206,S,N,0,0,,different-party
224,238,S,DF,0,0,,different-party
224,244,S,S,40,40,1.0,same-party
224,252,S,DF,48,27,0.5625,different-party
224,257,S,S,116,116,1.0,same-party
224,260,S,S,95,95,1.0,same-party
224,262,S,JF,0,0,,different-party
224,266,S,S,90,90,1.0,same-party
224,273,S,S,121,121,1.0,same-party
224,278,S,S,127,127,1.0,same-party
224,286,S,S,122,122,1.0,same-party
224,667,S,EL,105,54,0.5142857142857142,different-party
224,1146,S,DD,67,45,0.6716417910447762,different-party
224,1454,S,KF,50,44,0.88,different-party
224,1619,S,S,119,119,1.0,same-party
224,1845,S,V,88,88,1.0,different-party
224,11702,S,KF,90,88,0.9777777777777777,different-party
224,15757,S,IA,0,0,,different-party
224,15760,S,S,35,35,1.0,same-party
224,15762,S,S,116,116,1.0,same-party
224,15763,S,DF,110,41,0.37272727272727274,different-party
224,15770,S,S,30,30,1.0,same-party
224,15774,S,DD,39,24,0.6153846153846154,different-party
224,15775,S,ALT,73,35,0.4794520547945205,different-party
224,15776,S,S,44,44,1.0,same-party
224,15777,S,EL,62,28,0.45161290322580644,different-party
224,15779,S,LA,29,17,0.5862068965517241,different-party
224,15787,S,S,111,111,1.0,same-party
224,15793,S,KF,79,73,0.9240506329113924,different-party
224,16180,S,S,43,43,1.0,same-party
224,16351,S,S,127,127,1.0,same-party
224,16503,S,S,4,4,1.0,same-party
224,16582,S,EL,124,66,0.532258064516129,different-party
224,16728,S,SF,106,66,0.6226415094339622,different-party
224,17141,S,KF,83,81,0.9759036144578314,different-party
224,17628,S,SF,0,0,,different-party
224,17629,S,DD,45,31,0.6888888888888889,different-party
224,18688,S,N,0,0,,different-party
224,18693,S,EL,43,27,0.627906976744186,different-party
224,18694,S,EL,126,65,0.5158730158730159,different-party
224,18695,S,V,115,115,1.0,different-party
224,18696,S,V,43,43,1.0,different-party
224,18698,S,V,38,38,1.0,different-party
224,18699,S,V,126,126,1.0,different-party
224,18700,S,V,41,41,1.0,different-party
224,18701,S,V,19,19,1.0,different-party
224,18703,S,LA,0,0,,different-party
224,18704,S,SF,70,54,0.7714285714285715,different-party
224,18707,S,SF,130,87,0.6692307692307692,different-party
224,18708,S,SF,95,62,0.6526315789473685,different-party
224,18709,S,SF,76,42,0.5526315789473685,different-party
224,18713,S,KF,100,93,0.93,different-party
224,18715,S,S,55,55,1.0,same-party
224,18716,S,S,40,40,1.0,same-party
224,18717,S,S,106,106,1.0,same-party
224,18718,S,S,126,126,1.0,same-party
224,18719,S,S,96,96,1.0,same-party
224,18720,S,S,130,130,1.0,same-party
224,18721,S,DF,66,40,0.6060606060606061,different-party
224,18722,S,UFG,0,0,,different-party
224,18723,S,LA,30,26,0.8666666666666667,different-party
224,18724,S,UFG,66,28,0.42424242424242425,different-party
224,18725,S,RV,109,96,0.8807339449541285,different-party
224,18726,S,RV,54,50,0.9259259259259259,different-party
224,18729,S,RV,104,90,0.8653846153846154,different-party
224,18882,S,S,9,9,1.0,same-party
224,19000,S,SF,60,46,0.7666666666666667,different-party
224,19928,S,S,115,115,1.0,same-party
224,20349,S,SP,66,66,1.0,different-party
224,20350,S,DF,10,7,0.7,different-party
224,20351,S,ALT,0,0,,different-party
224,20352,S,ALT,91,43,0.4725274725274725,different-party
224,20353,S,ALT,34,26,0.7647058823529411,different-party
224,20354,S,UFG,3,0,0.0,different-party
224,20355,S,DD,51,36,0.7058823529411765,different-party
224,20356,S,DF,125,52,0.416,different-party
224,20357,S,KF,46,41,0.8913043478260869,different-party
224,20358,S,SF,0,0,,different-party
224,20359,S,SF,123,80,0.6504065040650406,different-party
224,20360,S,SF,61,49,0.8032786885245902,different-party
224,20361,S,S,0,0,,same-party
224,20362,S,S,127,127,1.0,same-party
224,20363,S,S,121,121,1.0,same-party
224,20364,S,S,124,124,1.0,same-party
224,20365,S,S,110,110,1.0,same-party
224,20366,S,S,10,10,1.0,same-party
224,20367,S,S,129,129,1.0,same-party
224,20368,S,S,106,106,1.0,same-party
224,20369,S,KF,120,116,0.9666666666666667,different-party
224,20370,S,ALT,54,44,0.8148148148148148,different-party
224,20371,S,V,110,110,1.0,different-party
224,20372,S,DD,23,15,0.6521739130434783,different-party
224,20373,S,DD,26,19,0.7307692307692307,different-party
224,20374,S,DD,99,43,0.43434343434343436,different-party
224,20375,S,DD,99,39,0.3939393939393939,different-party
224,20376,S,DD,130,61,0.46923076923076923,different-party
224,20377,S,M,62,62,1.0,different-party
224,20378,S,M,129,129,1.0,different-party
224,20379,S,M,0,0,,different-party
224,20380,S,M,0,0,,different-party
224,20381,S,ALT,114,64,0.5614035087719298,different-party
224,20382,S,M,1,1,1.0,different-party
224,20383,S,UFG,35,31,0.8857142857142857,different-party
224,20384,S,M,72,72,1.0,different-party
224,20385,S,M,40,40,1.0,different-party
224,20386,S,M,91,90,0.989010989010989,different-party
224,20388,S,UFG,38,35,0.9210526315789473,different-party
224,20389,S,M,117,117,1.0,different-party
224,20390,S,UFG,51,34,0.6666666666666666,different-party
224,20391,S,LA,101,65,0.6435643564356436,different-party
224,20392,S,LA,26,23,0.8846153846153846,different-party
224,20393,S,LA,119,80,0.6722689075630253,different-party
224,20394,S,LA,104,72,0.6923076923076923,different-party
224,20395,S,LA,111,75,0.6756756756756757,different-party
224,20396,S,LA,83,48,0.5783132530120482,different-party
224,20397,S,LA,31,19,0.6129032258064516,different-party
224,20398,S,LA,120,80,0.6666666666666666,different-party
224,20399,S,LA,104,64,0.6153846153846154,different-party
224,20400,S,LA,124,81,0.6532258064516129,different-party
224,20411,S,EL,51,29,0.5686274509803921,different-party
224,20415,S,M,129,129,1.0,different-party
224,20496,S,M,114,114,1.0,different-party
224,20781,S,S,122,122,1.0,same-party
224,20798,S,SF,121,83,0.6859504132231405,different-party
224,20820,S,LA,66,49,0.7424242424242424,different-party
224,20917,S,KF,1,0,0.0,different-party
224,20925,S,KF,129,119,0.9224806201550387,different-party
224,20930,S,S,60,60,1.0,same-party
224,20962,S,SF,61,49,0.8032786885245902,different-party
224,20966,S,KF,39,30,0.7692307692307693,different-party
224,21044,S,S,130,130,1.0,same-party
224,21083,S,S,1,1,1.0,same-party
224,21143,S,S,92,92,1.0,same-party
224,21159,S,M,129,129,1.0,different-party
224,21168,S,V,97,97,1.0,different-party
224,21186,S,S,1,1,1.0,same-party
224,21194,S,KF,40,32,0.8,different-party
224,21206,S,N,0,0,,different-party
238,244,DF,S,1,0,0.0,different-party
238,252,DF,DF,5,5,1.0,same-party
238,257,DF,S,0,0,,different-party
238,260,DF,S,7,4,0.5714285714285714,different-party
238,262,DF,JF,0,0,,different-party
238,266,DF,S,7,4,0.5714285714285714,different-party
238,273,DF,S,7,4,0.5714285714285714,different-party
238,278,DF,S,7,4,0.5714285714285714,different-party
238,286,DF,S,6,3,0.5,different-party
238,667,DF,EL,0,0,,different-party
238,1146,DF,DD,0,0,,different-party
238,1454,DF,KF,6,5,0.8333333333333334,different-party
238,1619,DF,S,4,2,0.5,different-party
238,1845,DF,V,0,0,,different-party
238,11702,DF,KF,7,5,0.7142857142857143,different-party
238,15757,DF,IA,0,0,,different-party
238,15760,DF,S,7,4,0.5714285714285714,different-party
238,15762,DF,S,7,4,0.5714285714285714,different-party
238,15763,DF,DF,7,7,1.0,same-party
238,15770,DF,S,7,4,0.5714285714285714,different-party
238,15774,DF,DD,7,4,0.5714285714285714,different-party
238,15775,DF,ALT,0,0,,different-party
238,15776,DF,S,7,4,0.5714285714285714,different-party
238,15777,DF,EL,7,1,0.14285714285714285,different-party
238,15779,DF,LA,7,7,1.0,different-party
238,15787,DF,S,7,4,0.5714285714285714,different-party
238,15793,DF,KF,0,0,,different-party
238,16180,DF,S,7,4,0.5714285714285714,different-party
238,16351,DF,S,7,4,0.5714285714285714,different-party
238,16503,DF,S,7,4,0.5714285714285714,different-party
238,16582,DF,EL,7,1,0.14285714285714285,different-party
238,16728,DF,SF,0,0,,different-party
238,17141,DF,KF,0,0,,different-party
238,17628,DF,SF,4,2,0.5,different-party
238,17629,DF,DD,0,0,,different-party
238,18688,DF,N,0,0,,different-party
238,18693,DF,EL,7,1,0.14285714285714285,different-party
238,18694,DF,EL,7,2,0.2857142857142857,different-party
238,18695,DF,V,7,4,0.5714285714285714,different-party
238,18696,DF,V,7,4,0.5714285714285714,different-party
238,18698,DF,V,7,4,0.5714285714285714,different-party
238,18699,DF,V,7,4,0.5714285714285714,different-party
238,18700,DF,V,7,4,0.5714285714285714,different-party
238,18701,DF,V,5,2,0.4,different-party
238,18703,DF,LA,0,0,,different-party
238,18704,DF,SF,0,0,,different-party
238,18707,DF,SF,5,1,0.2,different-party
238,18708,DF,SF,0,0,,different-party
238,18709,DF,SF,7,2,0.2857142857142857,different-party
238,18713,DF,KF,0,0,,different-party
238,18715,DF,S,0,0,,different-party
238,18716,DF,S,7,4,0.5714285714285714,different-party
238,18717,DF,S,6,3,0.5,different-party
238,18718,DF,S,6,4,0.6666666666666666,different-party
238,18719,DF,S,7,4,0.5714285714285714,different-party
238,18720,DF,S,0,0,,different-party
238,18721,DF,DF,7,7,1.0,same-party
238,18722,DF,UFG,0,0,,different-party
238,18723,DF,LA,7,7,1.0,different-party
238,18724,DF,UFG,7,3,0.42857142857142855,different-party
238,18725,DF,RV,7,6,0.8571428571428571,different-party
238,18726,DF,RV,7,6,0.8571428571428571,different-party
238,18729,DF,RV,7,6,0.8571428571428571,different-party
238,18882,DF,S,7,4,0.5714285714285714,different-party
238,19000,DF,SF,7,2,0.2857142857142857,different-party
238,19928,DF,S,7,4,0.5714285714285714,different-party
238,20349,DF,SP,0,0,,different-party
238,20350,DF,DF,0,0,,same-party
238,20351,DF,ALT,0,0,,different-party
238,20352,DF,ALT,7,2,0.2857142857142857,different-party
238,20353,DF,ALT,0,0,,different-party
238,20354,DF,UFG,1,0,0.0,different-party
238,20355,DF,DD,7,4,0.5714285714285714,different-party
238,20356,DF,DF,0,0,,same-party
238,20357,DF,KF,7,5,0.7142857142857143,different-party
238,20358,DF,SF,0,0,,different-party
238,20359,DF,SF,7,2,0.2857142857142857,different-party
238,20360,DF,SF,3,0,0.0,different-party
238,20361,DF,S,6,3,0.5,different-party
238,20362,DF,S,7,4,0.5714285714285714,different-party
238,20363,DF,S,7,4,0.5714285714285714,different-party
238,20364,DF,S,7,4,0.5714285714285714,different-party
238,20365,DF,S,7,4,0.5714285714285714,different-party
238,20366,DF,S,7,4,0.5714285714285714,different-party
238,20367,DF,S,6,3,0.5,different-party
238,20368,DF,S,7,4,0.5714285714285714,different-party
238,20369,DF,KF,7,5,0.7142857142857143,different-party
238,20370,DF,ALT,7,2,0.2857142857142857,different-party
238,20371,DF,V,7,4,0.5714285714285714,different-party
238,20372,DF,DD,0,0,,different-party
238,20373,DF,DD,7,4,0.5714285714285714,different-party
238,20374,DF,DD,7,4,0.5714285714285714,different-party
238,20375,DF,DD,0,0,,different-party
238,20376,DF,DD,7,4,0.5714285714285714,different-party
238,20377,DF,M,7,4,0.5714285714285714,different-party
238,20378,DF,M,7,4,0.5714285714285714,different-party
238,20379,DF,M,0,0,,different-party
238,20380,DF,M,1,0,0.0,different-party
238,20381,DF,ALT,7,2,0.2857142857142857,different-party
238,20382,DF,M,7,4,0.5714285714285714,different-party
238,20383,DF,UFG,7,6,0.8571428571428571,different-party
238,20384,DF,M,4,3,0.75,different-party
238,20385,DF,M,7,4,0.5714285714285714,different-party
238,20386,DF,M,0,0,,different-party
238,20388,DF,UFG,0,0,,different-party
238,20389,DF,M,7,4,0.5714285714285714,different-party
238,20390,DF,UFG,0,0,,different-party
238,20391,DF,LA,7,7,1.0,different-party
238,20392,DF,LA,3,3,1.0,different-party
238,20393,DF,LA,0,0,,different-party
238,20394,DF,LA,7,7,1.0,different-party
238,20395,DF,LA,7,7,1.0,different-party
238,20396,DF,LA,0,0,,different-party
238,20397,DF,LA,0,0,,different-party
238,20398,DF,LA,7,7,1.0,different-party
238,20399,DF,LA,0,0,,different-party
238,20400,DF,LA,7,7,1.0,different-party
238,20411,DF,EL,0,0,,different-party
238,20415,DF,M,7,4,0.5714285714285714,different-party
238,20496,DF,M,0,0,,different-party
238,20781,DF,S,7,4,0.5714285714285714,different-party
238,20798,DF,SF,7,2,0.2857142857142857,different-party
238,20820,DF,LA,7,7,1.0,different-party
238,20917,DF,KF,0,0,,different-party
238,20925,DF,KF,7,5,0.7142857142857143,different-party
238,20930,DF,S,0,0,,different-party
238,20962,DF,SF,7,2,0.2857142857142857,different-party
238,20966,DF,KF,7,5,0.7142857142857143,different-party
238,21044,DF,S,7,4,0.5714285714285714,different-party
238,21083,DF,S,0,0,,different-party
238,21143,DF,S,6,3,0.5,different-party
238,21159,DF,M,0,0,,different-party
238,21168,DF,V,7,4,0.5714285714285714,different-party
238,21186,DF,S,0,0,,different-party
238,21194,DF,KF,0,0,,different-party
238,21206,DF,N,0,0,,different-party
244,252,S,DF,37,21,0.5675675675675675,different-party
244,257,S,S,42,41,0.9761904761904762,same-party
244,260,S,S,21,21,1.0,same-party
244,262,S,JF,1,1,1.0,different-party
244,266,S,S,17,17,1.0,same-party
244,273,S,S,57,57,1.0,same-party
244,278,S,S,51,51,1.0,same-party
244,286,S,S,56,56,1.0,same-party
244,667,S,EL,46,30,0.6521739130434783,different-party
244,1146,S,DD,47,31,0.6595744680851063,different-party
244,1454,S,KF,21,19,0.9047619047619048,different-party
244,1619,S,S,40,40,1.0,same-party
244,1845,S,V,14,14,1.0,different-party
244,11702,S,KF,23,16,0.6956521739130435,different-party
244,15757,S,IA,0,0,,different-party
244,15760,S,S,34,34,1.0,same-party
244,15762,S,S,35,35,1.0,same-party
244,15763,S,DF,31,18,0.5806451612903226,different-party
244,15770,S,S,38,38,1.0,same-party
244,15774,S,DD,35,23,0.6571428571428571,different-party
244,15775,S,ALT,11,7,0.6363636363636364,different-party
244,15776,S,S,36,36,1.0,same-party
244,15777,S,EL,8,6,0.75,different-party
244,15779,S,LA,36,24,0.6666666666666666,different-party
244,15787,S,S,50,50,1.0,same-party
244,15793,S,KF,23,18,0.782608695652174,different-party
244,16180,S,S,49,49,1.0,same-party
244,16351,S,S,54,54,1.0,same-party
244,16503,S,S,17,17,1.0,same-party
244,16582,S,EL,57,38,0.6666666666666666,different-party
244,16728,S,SF,34,28,0.8235294117647058,different-party
244,17141,S,KF,7,4,0.5714285714285714,different-party
244,17628,S,SF,10,6,0.6,different-party
244,17629,S,DD,42,28,0.6666666666666666,different-party
244,18688,S,N,0,0,,different-party
244,18693,S,EL,49,34,0.6938775510204082,different-party
244,18694,S,EL,53,36,0.6792452830188679,different-party
244,18695,S,V,51,51,1.0,different-party
244,18696,S,V,44,44,1.0,different-party
244,18698,S,V,36,36,1.0,different-party
244,18699,S,V,51,51,1.0,different-party
244,18700,S,V,40,40,1.0,different-party
244,18701,S,V,18,18,1.0,different-party
244,18703,S,LA,1,0,0.0,different-party
244,18704,S,SF,47,39,0.8297872340425532,different-party
244,18707,S,SF,56,44,0.7857142857142857,different-party
244,18708,S,SF,29,27,0.9310344827586207,different-party
244,18709,S,SF,13,9,0.6923076923076923,different-party
244,18713,S,KF,20,16,0.8,different-party
244,18715,S,S,47,47,1.0,same-party
244,18716,S,S,56,56,1.0,same-party
244,18717,S,S,29,29,1.0,same-party
244,18718,S,S,55,55,1.0,same-party
244,18719,S,S,17,17,1.0,same-party
244,18720,S,S,50,50,1.0,same-party
244,18721,S,DF,44,26,0.5909090909090909,different-party
244,18722,S,UFG,0,0,,different-party
244,18723,S,LA,32,25,0.78125,different-party
244,18724,S,UFG,46,18,0.391304347826087,different-party
244,18725,S,RV,23,18,0.782608695652174,different-party
244,18726,S,RV,52,42,0.8076923076923077,different-party
244,18729,S,RV,34,23,0.6764705882352942,different-party
244,18882,S,S,19,19,1.0,same-party
244,19000,S,SF,47,37,0.7872340425531915,different-party
244,19928,S,S,42,42,1.0,same-party
244,20349,S,SP,0,0,,different-party
244,20350,S,DF,25,14,0.56,different-party
244,20351,S,ALT,1,0,0.0,different-party
244,20352,S,ALT,14,7,0.5,different-party
244,20353,S,ALT,37,28,0.7567567567567568,different-party
244,20354,S,UFG,5,0,0.0,different-party
244,20355,S,DD,47,30,0.6382978723404256,different-party
244,20356,S,DF,48,30,0.625,different-party
244,20357,S,KF,53,45,0.8490566037735849,different-party
244,20358,S,SF,3,2,0.6666666666666666,different-party
244,20359,S,SF,50,38,0.76,different-party
244,20360,S,SF,56,44,0.7857142857142857,different-party
244,20361,S,S,10,10,1.0,same-party
244,20362,S,S,44,44,1.0,same-party
244,20363,S,S,48,48,1.0,same-party
244,20364,S,S,42,42,1.0,same-party
244,20365,S,S,37,37,1.0,same-party
244,20366,S,S,24,24,1.0,same-party
244,20367,S,S,56,56,1.0,same-party
244,20368,S,S,48,48,1.0,same-party
244,20369,S,KF,52,43,0.8269230769230769,different-party
244,20370,S,ALT,52,39,0.75,different-party
244,20371,S,V,34,34,1.0,different-party
244,20372,S,DD,25,17,0.68,different-party
244,20373,S,DD,35,21,0.6,different-party
244,20374,S,DD,46,31,0.6739130434782609,different-party
244,20375,S,DD,34,24,0.7058823529411765,different-party
244,20376,S,DD,57,37,0.6491228070175439,different-party
244,20377,S,M,45,45,1.0,different-party
244,20378,S,M,55,55,1.0,different-party
244,20379,S,M,0,0,,different-party
244,20380,S,M,10,10,1.0,different-party
244,20381,S,ALT,53,38,0.7169811320754716,different-party
244,20382,S,M,12,12,1.0,different-party
244,20383,S,UFG,31,26,0.8387096774193549,different-party
244,20384,S,M,5,5,1.0,different-party
244,20385,S,M,53,53,1.0,different-party
244,20386,S,M,14,14,1.0,different-party
244,20388,S,UFG,27,24,0.8888888888888888,different-party
244,20389,S,M,44,44,1.0,different-party
244,20390,S,UFG,49,31,0.6326530612244898,different-party
244,20391,S,LA,35,22,0.6285714285714286,different-party
244,20392,S,LA,39,31,0.7948717948717948,different-party
244,20393,S,LA,41,33,0.8048780487804879,different-party
244,20394,S,LA,36,28,0.7777777777777778,different-party
244,20395,S,LA,46,36,0.782608695652174,different-party
244,20396,S,LA,17,10,0.5882352941176471,different-party
244,20397,S,LA,14,10,0.7142857142857143,different-party
244,20398,S,LA,42,31,0.7380952380952381,different-party
244,20399,S,LA,30,19,0.6333333333333333,different-party
244,20400,S,LA,57,42,0.7368421052631579,different-party
244,20411,S,EL,30,20,0.6666666666666666,different-party
244,20415,S,M,53,53,1.0,different-party
244,20496,S,M,49,49,1.0,different-party
244,20781,S,S,48,48,1.0,same-party
244,20798,S,SF,54,43,0.7962962962962963,different-party
244,20820,S,LA,48,37,0.7708333333333334,different-party
244,20917,S,KF,4,2,0.5,different-party
244,20925,S,KF,47,39,0.8297872340425532,different-party
244,20930,S,S,36,36,1.0,same-party
244,20962,S,SF,53,42,0.7924528301886793,different-party
244,20966,S,KF,47,37,0.7872340425531915,different-party
244,21044,S,S,57,57,1.0,same-party
244,21083,S,S,2,2,1.0,same-party
244,21143,S,S,25,25,1.0,same-party
244,21159,S,M,43,43,1.0,different-party
244,21168,S,V,24,24,1.0,different-party
244,21186,S,S,2,2,1.0,same-party
244,21194,S,KF,44,37,0.8409090909090909,different-party
244,21206,S,N,0,0,,different-party
252,257,DF,S,47,26,0.5531914893617021,different-party
252,260,DF,S,34,21,0.6176470588235294,different-party
252,262,DF,JF,0,0,,different-party
252,266,DF,S,32,16,0.5,different-party
252,273,DF,S,65,36,0.5538461538461539,different-party
252,278,DF,S,62,35,0.5645161290322581,different-party
252,286,DF,S,65,36,0.5538461538461539,different-party
252,667,DF,EL,41,19,0.4634146341463415,different-party
252,1146,DF,DD,45,35,0.7777777777777778,different-party
252,1454,DF,KF,39,22,0.5641025641025641,different-party
252,1619,DF,S,51,29,0.5686274509803921,different-party
252,1845,DF,V,27,13,0.48148148148148145,different-party
252,11702,DF,KF,32,17,0.53125,different-party
252,15757,DF,IA,0,0,,different-party
252,15760,DF,S,45,23,0.5111111111111111,different-party
252,15762,DF,S,43,25,0.5813953488372093,different-party
252,15763,DF,DF,33,32,0.9696969696969697,same-party
252,15770,DF,S,40,22,0.55,different-party
252,15774,DF,DD,31,20,0.6451612903225806,different-party
252,15775,DF,ALT,0,0,,different-party
252,15776,DF,S,45,23,0.5111111111111111,different-party
252,15777,DF,EL,8,3,0.375,different-party
252,15779,DF,LA,30,22,0.7333333333333333,different-party
252,15787,DF,S,47,27,0.574468085106383,different-party
252,15793,DF,KF,19,11,0.5789473684210527,different-party
252,16180,DF,S,47,27,0.574468085106383,different-party
252,16351,DF,S,62,34,0.5483870967741935,different-party
252,16503,DF,S,9,6,0.6666666666666666,different-party
252,16582,DF,EL,65,25,0.38461538461538464,different-party
252,16728,DF,SF,39,17,0.4358974358974359,different-party
252,17141,DF,KF,21,10,0.47619047619047616,different-party
252,17628,DF,SF,4,2,0.5,different-party
252,17629,DF,DD,54,40,0.7407407407407407,different-party
252,18688,DF,N,0,0,,different-party
252,18693,DF,EL,46,18,0.391304347826087,different-party
252,18694,DF,EL,62,25,0.4032258064516129,different-party
252,18695,DF,V,65,36,0.5538461538461539,different-party
252,18696,DF,V,38,23,0.6052631578947368,different-party
252,18698,DF,V,52,30,0.5769230769230769,different-party
252,18699,DF,V,59,33,0.559322033898305,different-party
252,18700,DF,V,46,26,0.5652173913043478,different-party
252,18701,DF,V,17,9,0.5294117647058824,different-party
252,18703,DF,LA,0,0,,different-party
252,18704,DF,SF,51,21,0.4117647058823529,different-party
252,18707,DF,SF,54,22,0.4074074074074074,different-party
252,18708,DF,SF,23,12,0.5217391304347826,different-party
252,18709,DF,SF,24,8,0.3333333333333333,different-party
252,18713,DF,KF,28,15,0.5357142857142857,different-party
252,18715,DF,S,60,33,0.55,different-party
252,18716,DF,S,50,29,0.58,different-party
252,18717,DF,S,40,20,0.5,different-party
252,18718,DF,S,60,35,0.5833333333333334,different-party
252,18719,DF,S,23,13,0.5652173913043478,different-party
252,18720,DF,S,56,32,0.5714285714285714,different-party
252,18721,DF,DF,61,59,0.9672131147540983,same-party
252,18722,DF,UFG,0,0,,different-party
252,18723,DF,LA,40,24,0.6,different-party
252,18724,DF,UFG,65,45,0.6923076923076923,different-party
252,18725,DF,RV,33,16,0.48484848484848486,different-party
252,18726,DF,RV,65,33,0.5076923076923077,different-party
252,18729,DF,RV,45,21,0.4666666666666667,different-party
252,18882,DF,S,8,5,0.625,different-party
252,19000,DF,SF,55,23,0.41818181818181815,different-party
252,19928,DF,S,56,31,0.5535714285714286,different-party
252,20349,DF,SP,0,0,,different-party
252,20350,DF,DF,15,14,0.9333333333333333,same-party
252,20351,DF,ALT,0,0,,different-party
252,20352,DF,ALT,32,8,0.25,different-party
252,20353,DF,ALT,45,16,0.35555555555555557,different-party
252,20354,DF,UFG,3,0,0.0,different-party
252,20355,DF,DD,55,37,0.6727272727272727,different-party
252,20356,DF,DF,44,42,0.9545454545454546,same-party
252,20357,DF,KF,47,27,0.574468085106383,different-party
252,20358,DF,SF,0,0,,different-party
252,20359,DF,SF,64,25,0.390625,different-party
252,20360,DF,SF,61,24,0.39344262295081966,different-party
252,20361,DF,S,4,2,0.5,different-party
252,20362,DF,S,65,36,0.5538461538461539,different-party
252,20363,DF,S,62,34,0.5483870967741935,different-party
252,20364,DF,S,65,36,0.5538461538461539,different-party
252,20365,DF,S,36,18,0.5,different-party
252,20366,DF,S,8,5,0.625,different-party
252,20367,DF,S,64,35,0.546875,different-party
252,20368,DF,S,50,29,0.58,different-party
252,20369,DF,KF,56,31,0.5535714285714286,different-party
252,20370,DF,ALT,53,19,0.3584905660377358,different-party
252,20371,DF,V,45,23,0.5111111111111111,different-party
252,20372,DF,DD,22,14,0.6363636363636364,different-party
252,20373,DF,DD,28,17,0.6071428571428571,different-party
252,20374,DF,DD,50,33,0.66,different-party
252,20375,DF,DD,33,24,0.7272727272727273,different-party
252,20376,DF,DD,56,40,0.7142857142857143,different-party
252,20377,DF,M,63,35,0.5555555555555556,different-party
252,20378,DF,M,65,36,0.5538461538461539,different-party
252,20379,DF,M,0,0,,different-party
252,20380,DF,M,1,0,0.0,different-party
252,20381,DF,ALT,47,18,0.3829787234042553,different-party
252,20382,DF,M,5,3,0.6,different-party
252,20383,DF,UFG,28,17,0.6071428571428571,different-party
252,20384,DF,M,5,3,0.6,different-party
252,20385,DF,M,47,28,0.5957446808510638,different-party
252,20386,DF,M,34,18,0.5294117647058824,different-party
252,20388,DF,UFG,31,18,0.5806451612903226,different-party
252,20389,DF,M,52,29,0.5576923076923077,different-party
252,20390,DF,UFG,39,22,0.5641025641025641,different-party
252,20391,DF,LA,43,32,0.7441860465116279,different-party
252,20392,DF,LA,24,14,0.5833333333333334,different-party
252,20393,DF,LA,37,22,0.5945945945945946,different-party
252,20394,DF,LA,55,35,0.6363636363636364,different-party
252,20395,DF,LA,35,25,0.7142857142857143,different-party
252,20396,DF,LA,16,12,0.75,different-party
252,20397,DF,LA,26,18,0.6923076923076923,different-party
252,20398,DF,LA,59,41,0.6949152542372882,different-party
252,20399,DF,LA,40,28,0.7,different-party
252,20400,DF,LA,65,44,0.676923076923077,different-party
252,20411,DF,EL,44,18,0.4090909090909091,different-party
252,20415,DF,M,62,35,0.5645161290322581,different-party
252,20496,DF,M,51,28,0.5490196078431373,different-party
252,20781,DF,S,63,35,0.5555555555555556,different-party
252,20798,DF,SF,62,25,0.4032258064516129,different-party
252,20820,DF,LA,59,41,0.6949152542372882,different-party
252,20917,DF,KF,3,2,0.6666666666666666,different-party
252,20925,DF,KF,64,36,0.5625,different-party
252,20930,DF,S,50,28,0.56,different-party
252,20962,DF,SF,53,22,0.41509433962264153,different-party
252,20966,DF,KF,40,24,0.6,different-party
252,21044,DF,S,65,36,0.5538461538461539,different-party
252,21083,DF,S,0,0,,different-party
252,21143,DF,S,37,19,0.5135135135135135,different-party
252,21159,DF,M,57,31,0.543859649122807,different-party
252,21168,DF,V,23,11,0.4782608695652174,different-party
252,21186,DF,S,0,0,,different-party
252,21194,DF,KF,39,23,0.5897435897435898,different-party
252,21206,DF,N,0,0,,different-party
257,260,S,S,109,109,1.0,same-party
257,262,S,JF,0,0,,different-party
257,266,S,S,119,118,0.9915966386554622,same-party
257,273,S,S,137,136,0.9927007299270073,same-party
257,278,S,S,140,139,0.9928571428571429,same-party
257,286,S,S,138,137,0.9927536231884058,same-party
257,667,S,EL,122,65,0.5327868852459017,different-party
257,1146,S,DD,66,43,0.6515151515151515,different-party
257,1454,S,KF,50,44,0.88,different-party
257,1619,S,S,139,138,0.9928057553956835,same-party
257,1845,S,V,108,108,1.0,different-party
257,11702,S,KF,113,109,0.9646017699115044,different-party
257,15757,S,IA,0,0,,different-party
257,15760,S,S,43,42,0.9767441860465116,same-party
257,15762,S,S,121,121,1.0,same-party
257,15763,S,DF,111,40,0.36036036036036034,different-party
257,15770,S,S,54,53,0.9814814814814815,same-party
257,15774,S,DD,39,25,0.6410256410256411,different-party
257,15775,S,ALT,81,40,0.49382716049382713,different-party
257,15776,S,S,55,54,0.9818181818181818,same-party
257,15777,S,EL,64,27,0.421875,different-party
257,15779,S,LA,40,28,0.7,different-party
257,15787,S,S,127,126,0.9921259842519685,same-party
257,15793,S,KF,95,87,0.9157894736842105,different-party
257,16180,S,S,51,50,0.9803921568627451,same-party
257,16351,S,S,146,145,0.9931506849315068,same-party
257,16503,S,S,14,13,0.9285714285714286,same-party
257,16582,S,EL,140,74,0.5285714285714286,different-party
257,16728,S,SF,113,70,0.6194690265486725,different-party
257,17141,S,KF,88,86,0.9772727272727273,different-party
257,17628,S,SF,9,6,0.6666666666666666,different-party
257,17629,S,DD,56,39,0.6964285714285714,different-party
257,18688,S,N,0,0,,different-party
257,18693,S,EL,53,32,0.6037735849056604,different-party
257,18694,S,EL,145,75,0.5172413793103449,different-party
257,18695,S,V,131,130,0.9923664122137404,different-party
257,18696,S,V,63,62,0.9841269841269841,different-party
257,18698,S,V,56,55,0.9821428571428571,different-party
257,18699,S,V,142,141,0.9929577464788732,different-party
257,18700,S,V,39,39,1.0,different-party
257,18701,S,V,9,9,1.0,different-party
257,18703,S,LA,0,0,,different-party
257,18704,S,SF,63,49,0.7777777777777778,different-party
257,18707,S,SF,137,92,0.6715328467153284,different-party
257,18708,S,SF,103,69,0.6699029126213593,different-party
257,18709,S,SF,80,44,0.55,different-party
257,18713,S,KF,98,89,0.9081632653061225,different-party
257,18715,S,S,57,57,1.0,same-party
257,18716,S,S,51,50,0.9803921568627451,same-party
257,18717,S,S,121,120,0.9917355371900827,same-party
257,18718,S,S,140,139,0.9928571428571429,same-party
257,18719,S,S,99,99,1.0,same-party
257,18720,S,S,139,138,0.9928057553956835,same-party
257,18721,S,DF,72,42,0.5833333333333334,different-party
257,18722,S,UFG,0,0,,different-party
257,18723,S,LA,42,38,0.9047619047619048,different-party
257,18724,S,UFG,67,29,0.43283582089552236,different-party
257,18725,S,RV,104,92,0.8846153846153846,different-party
257,18726,S,RV,62,55,0.8870967741935484,different-party
257,18729,S,RV,117,100,0.8547008547008547,different-party
257,18882,S,S,15,14,0.9333333333333333,same-party
257,19000,S,SF,81,61,0.7530864197530864,different-party
257,19928,S,S,113,113,1.0,same-party
257,20349,S,SP,71,71,1.0,different-party
257,20350,S,DF,31,19,0.6129032258064516,different-party
257,20351,S,ALT,0,0,,different-party
257,20352,S,ALT,117,61,0.5213675213675214,different-party
257,20353,S,ALT,33,24,0.7272727272727273,different-party
257,20354,S,UFG,5,0,0.0,different-party
257,20355,S,DD,72,52,0.7222222222222222,different-party
257,20356,S,DF,132,54,0.4090909090909091,different-party
257,20357,S,KF,54,48,0.8888888888888888,different-party
257,20358,S,SF,3,2,0.6666666666666666,different-party
257,20359,S,SF,140,92,0.6571428571428571,different-party
257,20360,S,SF,72,56,0.7777777777777778,different-party
257,20361,S,S,9,8,0.8888888888888888,same-party
257,20362,S,S,131,131,1.0,same-party
257,20363,S,S,140,139,0.9928571428571429,same-party
257,20364,S,S,131,131,1.0,same-party
257,20365,S,S,117,116,0.9914529914529915,same-party
257,20366,S,S,19,18,0.9473684210526315,same-party
257,20367,S,S,145,144,0.993103448275862,same-party
257,20368,S,S,113,113,1.0,same-party
257,20369,S,KF,119,113,0.9495798319327731,different-party
257,20370,S,ALT,53,40,0.7547169811320755,different-party
257,20371,S,V,123,122,0.991869918699187,different-party
257,20372,S,DD,37,26,0.7027027027027027,different-party
257,20373,S,DD,35,26,0.7428571428571429,different-party
257,20374,S,DD,111,51,0.4594594594594595,different-party
257,20375,S,DD,97,36,0.3711340206185567,different-party
257,20376,S,DD,137,62,0.45255474452554745,different-party
257,20377,S,M,64,64,1.0,different-party
257,20378,S,M,145,144,0.993103448275862,different-party
257,20379,S,M,0,0,,different-party
257,20380,S,M,9,8,0.8888888888888888,different-party
257,20381,S,ALT,127,71,0.5590551181102362,different-party
257,20382,S,M,10,9,0.9,different-party
257,20383,S,UFG,32,30,0.9375,different-party
257,20384,S,M,80,80,1.0,different-party
257,20385,S,M,48,47,0.9791666666666666,different-party
257,20386,S,M,98,97,0.9897959183673469,different-party
257,20388,S,UFG,46,44,0.9565217391304348,different-party
257,20389,S,M,146,145,0.9931506849315068,different-party
257,20390,S,UFG,62,45,0.7258064516129032,different-party
257,20391,S,LA,115,77,0.6695652173913044,different-party
257,20392,S,LA,38,30,0.7894736842105263,different-party
257,20393,S,LA,133,89,0.6691729323308271,different-party
257,20394,S,LA,127,89,0.7007874015748031,different-party
257,20395,S,LA,115,78,0.6782608695652174,different-party
257,20396,S,LA,78,45,0.5769230769230769,different-party
257,20397,S,LA,45,32,0.7111111111111111,different-party
257,20398,S,LA,134,92,0.6865671641791045,different-party
257,20399,S,LA,120,78,0.65,different-party
257,20400,S,LA,140,95,0.6785714285714286,different-party
257,20411,S,EL,69,39,0.5652173913043478,different-party
257,20415,S,M,142,141,0.9929577464788732,different-party
257,20496,S,M,121,120,0.9917355371900827,different-party
257,20781,S,S,138,137,0.9927536231884058,same-party
257,20798,S,SF,140,96,0.6857142857142857,different-party
257,20820,S,LA,75,60,0.8,different-party
257,20917,S,KF,4,2,0.5,different-party
257,20925,S,KF,136,127,0.9338235294117647,different-party
257,20930,S,S,78,78,1.0,same-party
257,20962,S,SF,60,47,0.7833333333333333,different-party
257,20966,S,KF,60,48,0.8,different-party
257,21044,S,S,146,145,0.9931506849315068,same-party
257,21083,S,S,1,1,1.0,same-party
257,21143,S,S,107,106,0.9906542056074766,same-party
257,21159,S,M,130,130,1.0,different-party
257,21168,S,V,117,116,0.9914529914529915,different-party
257,21186,S,S,1,1,1.0,same-party
257,21194,S,KF,51,41,0.803921568627451,different-party
257,21206,S,N,0,0,,different-party
260,262,S,JF,0,0,,different-party
260,266,S,S,96,96,1.0,same-party
260,273,S,S,108,108,1.0,same-party
260,278,S,S,114,114,1.0,same-party
260,286,S,S,109,109,1.0,same-party
260,667,S,EL,86,43,0.5,different-party
260,1146,S,DD,35,24,0.6857142857142857,different-party
260,1454,S,KF,41,33,0.8048780487804879,different-party
260,1619,S,S,114,114,1.0,same-party
260,1845,S,V,81,81,1.0,different-party
260,11702,S,KF,88,87,0.9886363636363636,different-party
260,15757,S,IA,0,0,,different-party
260,15760,S,S,16,16,1.0,same-party
260,15762,S,S,104,104,1.0,same-party
260,15763,S,DF,88,26,0.29545454545454547,different-party
260,15770,S,S,42,42,1.0,same-party
260,15774,S,DD,36,19,0.5277777777777778,different-party
260,15775,S,ALT,72,34,0.4722222222222222,different-party
260,15776,S,S,25,25,1.0,same-party
260,15777,S,EL,69,30,0.43478260869565216,different-party
260,15779,S,LA,25,17,0.68,different-party
260,15787,S,S,116,116,1.0,same-party
260,15793,S,KF,84,79,0.9404761904761905,different-party
260,16180,S,S,44,44,1.0,same-party
260,16351,S,S,117,117,1.0,same-party
260,16503,S,S,8,8,1.0,same-party
260,16582,S,EL,111,56,0.5045045045045045,different-party
260,16728,S,SF,110,69,0.6272727272727273,different-party
260,17141,S,KF,70,70,1.0,different-party
260,17628,S,SF,4,4,1.0,different-party
260,17629,S,DD,29,23,0.7931034482758621,different-party
260,18688,S,N,0,0,,different-party
260,18693,S,EL,42,23,0.5476190476190477,different-party
260,18694,S,EL,116,58,0.5,different-party
260,18695,S,V,108,108,1.0,different-party
260,18696,S,V,50,50,1.0,different-party
260,18698,S,V,36,36,1.0,different-party
260,18699,S,V,116,116,1.0,different-party
260,18700,S,V,40,40,1.0,different-party
260,18701,S,V,11,11,1.0,different-party
260,18703,S,LA,0,0,,different-party
260,18704,S,SF,35,25,0.7142857142857143,different-party
260,18707,S,SF,106,66,0.6226415094339622,different-party
260,18708,S,SF,95,61,0.6421052631578947,different-party
260,18709,S,SF,87,50,0.5747126436781609,different-party
260,18713,S,KF,75,68,0.9066666666666666,different-party
260,18715,S,S,29,29,1.0,same-party
260,18716,S,S,36,36,1.0,same-party
260,18717,S,S,95,95,1.0,same-party
260,18718,S,S,115,115,1.0,same-party
260,18719,S,S,83,83,1.0,same-party
260,18720,S,S,109,109,1.0,same-party
260,18721,S,DF,51,32,0.6274509803921569,different-party
260,18722,S,UFG,0,0,,different-party
260,18723,S,LA,42,37,0.8809523809523809,different-party
260,18724,S,UFG,47,19,0.40425531914893614,different-party
260,18725,S,RV,88,76,0.8636363636363636,different-party
260,18726,S,RV,36,33,0.9166666666666666,different-party
260,18729,S,RV,91,79,0.8681318681318682,different-party
260,18882,S,S,7,7,1.0,same-party
260,19000,S,SF,51,36,0.7058823529411765,different-party
260,19928,S,S,99,99,1.0,same-party
260,20349,S,SP,72,72,1.0,different-party
260,20350,S,DF,9,6,0.6666666666666666,different-party
260,20351,S,ALT,0,0,,different-party
260,20352,S,ALT,97,46,0.4742268041237113,different-party
260,20353,S,ALT,29,22,0.7586206896551724,different-party
260,20354,S,UFG,3,0,0.0,different-party
260,20355,S,DD,42,30,0.7142857142857143,different-party
260,20356,S,DF,100,35,0.35,different-party
260,20357,S,KF,42,40,0.9523809523809523,different-party
260,20358,S,SF,0,0,,different-party
260,20359,S,SF,117,74,0.6324786324786325,different-party
260,20360,S,SF,38,27,0.7105263157894737,different-party
260,20361,S,S,6,6,1.0,same-party
260,20362,S,S,115,115,1.0,same-party
260,20363,S,S,117,117,1.0,same-party
260,20364,S,S,117,117,1.0,same-party
260,20365,S,S,88,88,1.0,same-party
260,20366,S,S,7,7,1.0,same-party
260,20367,S,S,116,116,1.0,same-party
260,20368,S,S,108,108,1.0,same-party
260,20369,S,KF,94,91,0.9680851063829787,different-party
260,20370,S,ALT,27,19,0.7037037037037037,different-party
260,20371,S,V,97,97,1.0,different-party
260,20372,S,DD,22,17,0.7727272727272727,different-party
260,20373,S,DD,22,16,0.7272727272727273,different-party
260,20374,S,DD,108,45,0.4166666666666667,different-party
260,20375,S,DD,95,33,0.3473684210526316,different-party
260,20376,S,DD,108,40,0.37037037037037035,different-party
260,20377,S,M,43,43,1.0,different-party
260,20378,S,M,117,117,1.0,different-party
260,20379,S,M,0,0,,different-party
260,20380,S,M,1,1,1.0,different-party
260,20381,S,ALT,117,62,0.5299145299145299,different-party
260,20382,S,M,7,7,1.0,different-party
260,20383,S,UFG,33,30,0.9090909090909091,different-party
260,20384,S,M,81,81,1.0,different-party
260,20385,S,M,36,36,1.0,different-party
260,20386,S,M,80,80,1.0,different-party
260,20388,S,UFG,43,41,0.9534883720930233,different-party
260,20389,S,M,117,117,1.0,different-party
260,20390,S,UFG,44,35,0.7954545454545454,different-party
260,20391,S,LA,88,58,0.6590909090909091,different-party
260,20392,S,LA,23,20,0.8695652173913043,different-party
260,20393,S,LA,100,66,0.66,different-party
260,20394,S,LA,108,76,0.7037037037037037,different-party
260,20395,S,LA,108,71,0.6574074074074074,different-party
260,20396,S,LA,75,43,0.5733333333333334,different-party
260,20397,S,LA,17,12,0.7058823529411765,different-party
260,20398,S,LA,117,80,0.6837606837606838,different-party
260,20399,S,LA,90,58,0.6444444444444445,different-party
260,20400,S,LA,111,74,0.6666666666666666,different-party
260,20411,S,EL,44,25,0.5681818181818182,different-party
260,20415,S,M,117,117,1.0,different-party
260,20496,S,M,92,92,1.0,different-party
260,20781,S,S,117,117,1.0,same-party
260,20798,S,SF,111,72,0.6486486486486487,different-party
260,20820,S,LA,51,41,0.803921568627451,different-party
260,20917,S,KF,0,0,,different-party
260,20925,S,KF,116,109,0.9396551724137931,different-party
260,20930,S,S,50,50,1.0,same-party
260,20962,S,SF,33,25,0.7575757575757576,different-party
260,20966,S,KF,45,38,0.8444444444444444,different-party
260,21044,S,S,117,117,1.0,same-party
260,21083,S,S,0,0,,same-party
260,21143,S,S,86,86,1.0,same-party
260,21159,S,M,106,106,1.0,different-party
260,21168,S,V,88,88,1.0,different-party
260,21186,S,S,0,0,,same-party
260,21194,S,KF,38,32,0.8421052631578947,different-party
260,21206,S,N,0,0,,different-party
262,266,JF,S,0,0,,different-party
262,273,JF,S,1,1,1.0,different-party
262,278,JF,S,1,1,1.0,different-party
262,286,JF,S,1,1,1.0,different-party
262,667,JF,EL,1,0,0.0,different-party
262,1146,JF,DD,1,0,0.0,different-party
262,1454,JF,KF,0,0,,different-party
262,1619,JF,S,1,1,1.0,different-party
262,1845,JF,V,1,1,1.0,different-party
262,11702,JF,KF,1,0,0.0,different-party
262,15757,JF,IA,0,0,,different-party
262,15760,JF,S,1,1,1.0,different-party
262,15762,JF,S,1,1,1.0,different-party
262,15763,JF,DF,1,0,0.0,different-party
262,15770,JF,S,1,1,1.0,different-party
262,15774,JF,DD,1,0,0.0,different-party
262,15775,JF,ALT,1,0,0.0,different-party
262,15776,JF,S,0,0,,different-party
262,15777,JF,EL,1,0,0.0,different-party
262,15779,JF,LA,0,0,,different-party
262,15787,JF,S,0,0,,different-party
262,15793,JF,KF,1,0,0.0,different-party
262,16180,JF,S,1,1,1.0,different-party
262,16351,JF,S,1,1,1.0,different-party
262,16503,JF,S,0,0,,different-party
262,16582,JF,EL,1,0,0.0,different-party
262,16728,JF,SF,0,0,,different-party
262,17141,JF,KF,0,0,,different-party
262,17628,JF,SF,0,0,,different-party
262,17629,JF,DD,0,0,,different-party
262,18688,JF,N,0,0,,different-party
262,18693,JF,EL,0,0,,different-party
262,18694,JF,EL,0,0,,different-party
262,18695,JF,V,1,1,1.0,different-party
262,18696,JF,V,1,1,1.0,different-party
262,18698,JF,V,0,0,,different-party
262,18699,JF,V,1,1,1.0,different-party
262,18700,JF,V,0,0,,different-party
262,18701,JF,V,1,1,1.0,different-party
262,18703,JF,LA,1,0,0.0,different-party
262,18704,JF,SF,1,0,0.0,different-party
262,18707,JF,SF,1,0,0.0,different-party
262,18708,JF,SF,0,0,,different-party
262,18709,JF,SF,1,0,0.0,different-party
262,18713,JF,KF,1,0,0.0,different-party
262,18715,JF,S,1,1,1.0,different-party
262,18716,JF,S,0,0,,different-party
262,18717,JF,S,0,0,,different-party
262,18718,JF,S,1,1,1.0,different-party
262,18719,JF,S,1,1,1.0,different-party
262,18720,JF,S,1,1,1.0,different-party
262,18721,JF,DF,1,0,0.0,different-party
262,18722,JF,UFG,0,0,,different-party
262,18723,JF,LA,1,0,0.0,different-party
262,18724,JF,UFG,0,0,,different-party
262,18725,JF,RV,0,0,,different-party
262,18726,JF,RV,0,0,,different-party
262,18729,JF,RV,1,0,0.0,different-party
262,18882,JF,S,0,0,,different-party
262,19000,JF,SF,1,0,0.0,different-party
262,19928,JF,S,1,1,1.0,different-party
262,20349,JF,SP,0,0,,different-party
262,20350,JF,DF,0,0,,different-party
262,20351,JF,ALT,1,0,0.0,different-party
262,20352,JF,ALT,0,0,,different-party
262,20353,JF,ALT,0,0,,different-party
262,20354,JF,UFG,0,0,,different-party
262,20355,JF,DD,1,0,0.0,different-party
262,20356,JF,DF,1,0,0.0,different-party
262,20357,JF,KF,0,0,,different-party
262,20358,JF,SF,0,0,,different-party
262,20359,JF,SF,1,0,0.0,different-party
262,20360,JF,SF,1,0,0.0,different-party
262,20361,JF,S,0,0,,different-party
262,20362,JF,S,1,1,1.0,different-party
262,20363,JF,S,1,1,1.0,different-party
262,20364,JF,S,1,1,1.0,different-party
262,20365,JF,S,1,1,1.0,different-party
262,20366,JF,S,1,1,1.0,different-party
262,20367,JF,S,1,1,1.0,different-party
262,20368,JF,S,1,1,1.0,different-party
262,20369,JF,KF,0,0,,different-party
262,20370,JF,ALT,0,0,,different-party
262,20371,JF,V,1,1,1.0,different-party
262,20372,JF,DD,0,0,,different-party
262,20373,JF,DD,1,0,0.0,different-party
262,20374,JF,DD,1,0,0.0,different-party
262,20375,JF,DD,1,0,0.0,different-party
262,20376,JF,DD,1,0,0.0,different-party
262,20377,JF,M,0,0,,different-party
262,20378,JF,M,0,0,,different-party
262,20379,JF,M,0,0,,different-party
262,20380,JF,M,0,0,,different-party
262,20381,JF,ALT,1,0,0.0,different-party
262,20382,JF,M,1,1,1.0,different-party
262,20383,JF,UFG,1,1,1.0,different-party
262,20384,JF,M,1,1,1.0,different-party
262,20385,JF,M,0,0,,different-party
262,20386,JF,M,0,0,,different-party
262,20388,JF,UFG,1,1,1.0,different-party
262,20389,JF,M,1,1,1.0,different-party
262,20390,JF,UFG,1,0,0.0,different-party
262,20391,JF,LA,1,0,0.0,different-party
262,20392,JF,LA,1,0,0.0,different-party
262,20393,JF,LA,0,0,,different-party
262,20394,JF,LA,0,0,,different-party
262,20395,JF,LA,0,0,,different-party
262,20396,JF,LA,0,0,,different-party
262,20397,JF,LA,1,0,0.0,different-party
262,20398,JF,LA,1,0,0.0,different-party
262,20399,JF,LA,1,0,0.0,different-party
262,20400,JF,LA,1,0,0.0,different-party
262,20411,JF,EL,0,0,,different-party
262,20415,JF,M,1,1,1.0,different-party
262,20496,JF,M,1,1,1.0,different-party
262,20781,JF,S,1,1,1.0,different-party
262,20798,JF,SF,1,0,0.0,different-party
262,20820,JF,LA,1,0,0.0,different-party
262,20917,JF,KF,0,0,,different-party
262,20925,JF,KF,1,0,0.0,different-party
262,20930,JF,S,0,0,,different-party
262,20962,JF,SF,0,0,,different-party
262,20966,JF,KF,1,0,0.0,different-party
262,21044,JF,S,1,1,1.0,different-party
262,21083,JF,S,1,1,1.0,different-party
262,21143,JF,S,1,1,1.0,different-party
262,21159,JF,M,0,0,,different-party
262,21168,JF,V,1,1,1.0,different-party
262,21186,JF,S,1,1,1.0,different-party
262,21194,JF,KF,1,0,0.0,different-party
262,21206,JF,N,0,0,,different-party
266,273,S,S,118,118,1.0,same-party
266,278,S,S,124,124,1.0,same-party
266,286,S,S,118,118,1.0,same-party
266,667,S,EL,96,45,0.46875,different-party
266,1146,S,DD,40,26,0.65,different-party
266,1454,S,KF,36,29,0.8055555555555556,different-party
266,1619,S,S,117,117,1.0,same-party
266,1845,S,V,102,102,1.0,different-party
266,11702,S,KF,114,110,0.9649122807017544,different-party
266,15757,S,IA,0,0,,different-party
266,15760,S,S,44,44,1.0,same-party
266,15762,S,S,102,102,1.0,same-party
266,15763,S,DF,112,38,0.3392857142857143,different-party
266,15770,S,S,41,41,1.0,same-party
266,15774,S,DD,20,8,0.4,different-party
266,15775,S,ALT,75,34,0.4533333333333333,different-party
266,15776,S,S,56,56,1.0,same-party
266,15777,S,EL,71,31,0.43661971830985913,different-party
266,15779,S,LA,41,28,0.6829268292682927,different-party
266,15787,S,S,108,108,1.0,same-party
266,15793,S,KF,95,87,0.9157894736842105,different-party
266,16180,S,S,38,38,1.0,same-party
266,16351,S,S,127,127,1.0,same-party
266,16503,S,S,21,21,1.0,same-party
266,16582,S,EL,121,58,0.4793388429752066,different-party
266,16728,S,SF,93,52,0.5591397849462365,different-party
266,17141,S,KF,88,86,0.9772727272727273,different-party
266,17628,S,SF,13,9,0.6923076923076923,different-party
266,17629,S,DD,36,26,0.7222222222222222,different-party
266,18688,S,N,0,0,,different-party
266,18693,S,EL,34,16,0.47058823529411764,different-party
266,18694,S,EL,126,60,0.47619047619047616,different-party
266,18695,S,V,118,118,1.0,different-party
266,18696,S,V,45,45,1.0,different-party
266,18698,S,V,43,43,1.0,different-party
266,18699,S,V,123,123,1.0,different-party
266,18700,S,V,26,26,1.0,different-party
266,18701,S,V,14,14,1.0,different-party
266,18703,S,LA,0,0,,different-party
266,18704,S,SF,37,25,0.6756756756756757,different-party
266,18707,S,SF,116,70,0.603448275862069,different-party
266,18708,S,SF,77,45,0.5844155844155844,different-party
266,18709,S,SF,87,49,0.5632183908045977,different-party
266,18713,S,KF,92,84,0.9130434782608695,different-party
266,18715,S,S,31,31,1.0,same-party
266,18716,S,S,32,32,1.0,same-party
266,18717,S,S,121,121,1.0,same-party
266,18718,S,S,120,120,1.0,same-party
266,18719,S,S,100,100,1.0,same-party
266,18720,S,S,113,113,1.0,same-party
266,18721,S,DF,53,28,0.5283018867924528,different-party
266,18722,S,UFG,0,0,,different-party
266,18723,S,LA,29,24,0.8275862068965517,different-party
266,18724,S,UFG,48,20,0.4166666666666667,different-party
266,18725,S,RV,105,92,0.8761904761904762,different-party
266,18726,S,RV,43,36,0.8372093023255814,different-party
266,18729,S,RV,118,100,0.847457627118644,different-party
266,18882,S,S,16,16,1.0,same-party
266,19000,S,SF,62,41,0.6612903225806451,different-party
266,19928,S,S,100,100,1.0,same-party
266,20349,S,SP,71,71,1.0,different-party
266,20350,S,DF,25,13,0.52,different-party
266,20351,S,ALT,0,0,,different-party
266,20352,S,ALT,124,63,0.5080645161290323,different-party
266,20353,S,ALT,13,8,0.6153846153846154,different-party
266,20354,S,UFG,4,0,0.0,different-party
266,20355,S,DD,53,36,0.6792452830188679,different-party
266,20356,S,DF,107,35,0.32710280373831774,different-party
266,20357,S,KF,35,30,0.8571428571428571,different-party
266,20358,S,SF,3,2,0.6666666666666666,different-party
266,20359,S,SF,127,78,0.6141732283464567,different-party
266,20360,S,SF,49,32,0.6530612244897959,different-party
266,20361,S,S,15,15,1.0,same-party
266,20362,S,S,112,112,1.0,same-party
266,20363,S,S,127,127,1.0,same-party
266,20364,S,S,118,118,1.0,same-party
266,20365,S,S,118,118,1.0,same-party
266,20366,S,S,20,20,1.0,same-party
266,20367,S,S,125,125,1.0,same-party
266,20368,S,S,94,94,1.0,same-party
266,20369,S,KF,100,94,0.94,different-party
266,20370,S,ALT,34,20,0.5882352941176471,different-party
266,20371,S,V,124,124,1.0,different-party
266,20372,S,DD,37,27,0.7297297297297297,different-party
266,20373,S,DD,36,24,0.6666666666666666,different-party
266,20374,S,DD,98,39,0.3979591836734694,different-party
266,20375,S,DD,77,22,0.2857142857142857,different-party
266,20376,S,DD,118,46,0.3898305084745763,different-party
266,20377,S,M,47,47,1.0,different-party
266,20378,S,M,126,126,1.0,different-party
266,20379,S,M,0,0,,different-party
266,20380,S,M,10,10,1.0,different-party
266,20381,S,ALT,108,51,0.4722222222222222,different-party
266,20382,S,M,17,17,1.0,different-party
266,20383,S,UFG,13,11,0.8461538461538461,different-party
266,20384,S,M,84,84,1.0,different-party
266,20385,S,M,29,29,1.0,different-party
266,20386,S,M,98,97,0.9897959183673469,different-party
266,20388,S,UFG,26,26,1.0,different-party
266,20389,S,M,127,127,1.0,different-party
266,20390,S,UFG,36,26,0.7222222222222222,different-party
266,20391,S,LA,116,77,0.6637931034482759,different-party
266,20392,S,LA,15,10,0.6666666666666666,different-party
266,20393,S,LA,108,68,0.6296296296296297,different-party
266,20394,S,LA,114,76,0.6666666666666666,different-party
266,20395,S,LA,96,60,0.625,different-party
266,20396,S,LA,78,45,0.5769230769230769,different-party
266,20397,S,LA,39,27,0.6923076923076923,different-party
266,20398,S,LA,121,79,0.6528925619834711,different-party
266,20399,S,LA,120,79,0.6583333333333333,different-party
266,20400,S,LA,121,77,0.6363636363636364,different-party
266,20411,S,EL,49,23,0.46938775510204084,different-party
266,20415,S,M,123,123,1.0,different-party
266,20496,S,M,101,101,1.0,different-party
266,20781,S,S,125,125,1.0,same-party
266,20798,S,SF,121,76,0.628099173553719,different-party
266,20820,S,LA,56,41,0.7321428571428571,different-party
266,20917,S,KF,4,2,0.5,different-party
266,20925,S,KF,118,110,0.9322033898305084,different-party
266,20930,S,S,52,52,1.0,same-party
266,20962,S,SF,41,27,0.6585365853658537,different-party
266,20966,S,KF,41,30,0.7317073170731707,different-party
266,21044,S,S,127,127,1.0,same-party
266,21083,S,S,1,1,1.0,same-party
266,21143,S,S,113,113,1.0,same-party
266,21159,S,M,104,104,1.0,different-party
266,21168,S,V,118,118,1.0,different-party
266,21186,S,S,1,1,1.0,same-party
266,21194,S,KF,31,22,0.7096774193548387,different-party
266,21206,S,N,0,0,,different-party
273,278,S,S,153,153,1.0,same-party
273,286,S,S,151,151,1.0,same-party
273,667,S,EL,127,67,0.5275590551181102,different-party
273,1146,S,DD,68,47,0.6911764705882353,different-party
273,1454,S,KF,47,44,0.9361702127659575,different-party
273,1619,S,S,139,139,1.0,same-party
273,1845,S,V,110,110,1.0,different-party
273,11702,S,KF,125,118,0.944,different-party
273,15757,S,IA,0,0,,different-party
273,15760,S,S,64,64,1.0,same-party
273,15762,S,S,124,124,1.0,same-party
273,15763,S,DF,124,48,0.3870967741935484,different-party
273,15770,S,S,62,62,1.0,same-party
273,15774,S,DD,41,24,0.5853658536585366,different-party
273,15775,S,ALT,83,41,0.4939759036144578,different-party
273,15776,S,S,66,66,1.0,same-party
273,15777,S,EL,76,35,0.4605263157894737,different-party
273,15779,S,LA,51,37,0.7254901960784313,different-party
273,15787,S,S,137,137,1.0,same-party
273,15793,S,KF,98,93,0.9489795918367347,different-party
273,16180,S,S,63,63,1.0,same-party
273,16351,S,S,156,156,1.0,same-party
273,16503,S,S,24,24,1.0,same-party
273,16582,S,EL,153,82,0.5359477124183006,different-party
273,16728,S,SF,115,74,0.6434782608695652,different-party
273,17141,S,KF,92,89,0.967391304347826,different-party
273,17628,S,SF,13,9,0.6923076923076923,different-party
273,17629,S,DD,66,47,0.7121212121212122,different-party
273,18688,S,N,0,0,,different-party
273,18693,S,EL,70,42,0.6,different-party
273,18694,S,EL,154,82,0.5324675324675324,different-party
273,18695,S,V,153,153,1.0,different-party
273,18696,S,V,65,65,1.0,different-party
273,18698,S,V,66,66,1.0,different-party
273,18699,S,V,152,152,1.0,different-party
273,18700,S,V,51,51,1.0,different-party
273,18701,S,V,28,28,1.0,different-party
273,18703,S,LA,1,0,0.0,different-party
273,18704,S,SF,68,54,0.7941176470588235,different-party
273,18707,S,SF,148,100,0.6756756756756757,different-party
273,18708,S,SF,95,65,0.6842105263157895,different-party
273,18709,S,SF,99,58,0.5858585858585859,different-party
273,18713,S,KF,101,95,0.9405940594059405,different-party
273,18715,S,S,71,71,1.0,same-party
273,18716,S,S,71,71,1.0,same-party
273,18717,S,S,129,129,1.0,same-party
273,18718,S,S,152,152,1.0,same-party
273,18719,S,S,102,102,1.0,same-party
273,18720,S,S,145,145,1.0,same-party
273,18721,S,DF,80,49,0.6125,different-party
273,18722,S,UFG,0,0,,different-party
273,18723,S,LA,53,44,0.8301886792452831,different-party
273,18724,S,UFG,78,32,0.41025641025641024,different-party
273,18725,S,RV,116,102,0.8793103448275862,different-party
273,18726,S,RV,82,71,0.8658536585365854,different-party
273,18729,S,RV,130,110,0.8461538461538461,different-party
273,18882,S,S,25,25,1.0,same-party
273,19000,S,SF,83,62,0.7469879518072289,different-party
273,19928,S,S,135,135,1.0,same-party
273,20349,S,SP,72,72,1.0,different-party
273,20350,S,DF,34,20,0.5882352941176471,different-party
273,20351,S,ALT,1,0,0.0,different-party
273,20352,S,ALT,116,60,0.5172413793103449,different-party
273,20353,S,ALT,46,34,0.7391304347826086,different-party
273,20354,S,UFG,6,0,0.0,different-party
273,20355,S,DD,83,56,0.6746987951807228,different-party
273,20356,S,DF,135,56,0.4148148148148148,different-party
273,20357,S,KF,74,65,0.8783783783783784,different-party
273,20358,S,SF,3,2,0.6666666666666666,different-party
273,20359,S,SF,152,101,0.6644736842105263,different-party
273,20360,S,SF,89,66,0.7415730337078652,different-party
273,20361,S,S,15,15,1.0,same-party
273,20362,S,S,146,146,1.0,same-party
273,20363,S,S,150,150,1.0,same-party
273,20364,S,S,144,144,1.0,same-party
273,20365,S,S,130,130,1.0,same-party
273,20366,S,S,30,30,1.0,same-party
273,20367,S,S,157,157,1.0,same-party
273,20368,S,S,135,135,1.0,same-party
273,20369,S,KF,140,130,0.9285714285714286,different-party
273,20370,S,ALT,73,53,0.726027397260274,different-party
273,20371,S,V,136,136,1.0,different-party
273,20372,S,DD,40,32,0.8,different-party
273,20373,S,DD,56,37,0.6607142857142857,different-party
273,20374,S,DD,133,62,0.46616541353383456,different-party
273,20375,S,DD,100,39,0.39,different-party
273,20376,S,DD,150,69,0.46,different-party
273,20377,S,M,75,75,1.0,different-party
273,20378,S,M,157,157,1.0,different-party
273,20379,S,M,0,0,,different-party
273,20380,S,M,10,10,1.0,different-party
273,20381,S,ALT,140,80,0.5714285714285714,different-party
273,20382,S,M,18,18,1.0,different-party
273,20383,S,UFG,43,37,0.8604651162790697,different-party
273,20384,S,M,77,77,1.0,different-party
273,20385,S,M,68,68,1.0,different-party
273,20386,S,M,109,108,0.9908256880733946,different-party
273,20388,S,UFG,41,38,0.926829268292683,different-party
273,20389,S,M,146,146,1.0,different-party
273,20390,S,UFG,64,46,0.71875,different-party
273,20391,S,LA,137,90,0.656934306569343,different-party
273,20392,S,LA,42,33,0.7857142857142857,different-party
273,20393,S,LA,128,88,0.6875,different-party
273,20394,S,LA,138,96,0.6956521739130435,different-party
273,20395,S,LA,124,85,0.6854838709677419,different-party
273,20396,S,LA,83,49,0.5903614457831325,different-party
273,20397,S,LA,37,28,0.7567567567567568,different-party
273,20398,S,LA,144,99,0.6875,different-party
273,20399,S,LA,126,83,0.6587301587301587,different-party
273,20400,S,LA,153,104,0.6797385620915033,different-party
273,20411,S,EL,60,33,0.55,different-party
273,20415,S,M,155,155,1.0,different-party
273,20496,S,M,136,136,1.0,different-party
273,20781,S,S,150,150,1.0,same-party
273,20798,S,SF,150,104,0.6933333333333334,different-party
273,20820,S,LA,84,66,0.7857142857142857,different-party
273,20917,S,KF,4,2,0.5,different-party
273,20925,S,KF,149,141,0.9463087248322147,different-party
273,20930,S,S,72,72,1.0,same-party
273,20962,S,SF,80,61,0.7625,different-party
273,20966,S,KF,62,52,0.8387096774193549,different-party
273,21044,S,S,159,159,1.0,same-party
273,21083,S,S,2,2,1.0,same-party
273,21143,S,S,125,125,1.0,same-party
273,21159,S,M,135,135,1.0,different-party
273,21168,S,V,117,117,1.0,different-party
273,21186,S,S,2,2,1.0,same-party
273,21194,S,KF,53,46,0.8679245283018868,different-party
273,21206,S,N,0,0,,different-party
278,286,S,S,153,153,1.0,same-party
278,667,S,EL,121,65,0.5371900826446281,different-party
278,1146,S,DD,74,51,0.6891891891891891,different-party
278,1454,S,KF,53,46,0.8679245283018868,different-party
278,1619,S,S,145,145,1.0,same-party
278,1845,S,V,107,107,1.0,different-party
278,11702,S,KF,122,115,0.9426229508196722,different-party
278,15757,S,IA,0,0,,different-party
278,15760,S,S,64,64,1.0,same-party
278,15762,S,S,127,127,1.0,same-party
278,15763,S,DF,133,51,0.38345864661654133,different-party
278,15770,S,S,56,56,1.0,same-party
278,15774,S,DD,47,28,0.5957446808510638,different-party
278,15775,S,ALT,80,40,0.5,different-party
278,15776,S,S,72,72,1.0,same-party
278,15777,S,EL,73,33,0.4520547945205479,different-party
278,15779,S,LA,57,38,0.6666666666666666,different-party
278,15787,S,S,142,142,1.0,same-party
278,15793,S,KF,104,94,0.9038461538461539,different-party
278,16180,S,S,66,66,1.0,same-party
278,16351,S,S,159,159,1.0,same-party
278,16503,S,S,21,21,1.0,same-party
278,16582,S,EL,156,85,0.5448717948717948,different-party
278,16728,S,SF,118,75,0.635593220338983,different-party
278,17141,S,KF,92,89,0.967391304347826,different-party
278,17628,S,SF,13,9,0.6923076923076923,different-party
278,17629,S,DD,60,46,0.7666666666666667,different-party
278,18688,S,N,0,0,,different-party
278,18693,S,EL,67,42,0.6268656716417911,different-party
278,18694,S,EL,157,85,0.5414012738853503,different-party
278,18695,S,V,147,147,1.0,different-party
278,18696,S,V,68,68,1.0,different-party
278,18698,S,V,60,60,1.0,different-party
278,18699,S,V,155,155,1.0,different-party
278,18700,S,V,53,53,1.0,different-party
278,18701,S,V,25,25,1.0,different-party
278,18703,S,LA,1,0,0.0,different-party
278,18704,S,SF,71,55,0.7746478873239436,different-party
278,18707,S,SF,151,101,0.6688741721854304,different-party
278,18708,S,SF,101,68,0.6732673267326733,different-party
278,18709,S,SF,99,58,0.5858585858585859,different-party
278,18713,S,KF,110,99,0.9,different-party
278,18715,S,S,65,65,1.0,same-party
278,18716,S,S,65,65,1.0,same-party
278,18717,S,S,138,138,1.0,same-party
278,18718,S,S,155,155,1.0,same-party
278,18719,S,S,108,108,1.0,same-party
278,18720,S,S,151,151,1.0,same-party
278,18721,S,DF,83,50,0.6024096385542169,different-party
278,18722,S,UFG,0,0,,different-party
278,18723,S,LA,47,39,0.8297872340425532,different-party
278,18724,S,UFG,82,35,0.4268292682926829,different-party
278,18725,S,RV,122,107,0.8770491803278688,different-party
278,18726,S,RV,79,69,0.8734177215189873,different-party
278,18729,S,RV,139,117,0.841726618705036,different-party
278,18882,S,S,25,25,1.0,same-party
278,19000,S,SF,86,63,0.7325581395348837,different-party
278,19928,S,S,129,129,1.0,same-party
278,20349,S,SP,72,72,1.0,different-party
278,20350,S,DF,31,19,0.6129032258064516,different-party
278,20351,S,ALT,1,0,0.0,different-party
278,20352,S,ALT,125,64,0.512,different-party
278,20353,S,ALT,43,32,0.7441860465116279,different-party
278,20354,S,UFG,5,0,0.0,different-party
278,20355,S,DD,77,55,0.7142857142857143,different-party
278,20356,S,DF,138,57,0.41304347826086957,different-party
278,20357,S,KF,68,60,0.8823529411764706,different-party
278,20358,S,SF,0,0,,different-party
278,20359,S,SF,155,102,0.6580645161290323,different-party
278,20360,S,SF,83,62,0.7469879518072289,different-party
278,20361,S,S,15,15,1.0,same-party
278,20362,S,S,150,150,1.0,same-party
278,20363,S,S,153,153,1.0,same-party
278,20364,S,S,147,147,1.0,same-party
278,20365,S,S,136,136,1.0,same-party
278,20366,S,S,27,27,1.0,same-party
278,20367,S,S,160,160,1.0,same-party
278,20368,S,S,129,129,1.0,same-party
278,20369,S,KF,137,128,0.9343065693430657,different-party
278,20370,S,ALT,67,50,0.746268656716418,different-party
278,20371,S,V,145,145,1.0,different-party
278,20372,S,DD,44,33,0.75,different-party
278,20373,S,DD,53,36,0.6792452830188679,different-party
278,20374,S,DD,130,62,0.47692307692307695,different-party
278,20375,S,DD,106,43,0.4056603773584906,different-party
278,20376,S,DD,153,72,0.47058823529411764,different-party
278,20377,S,M,78,78,1.0,different-party
278,20378,S,M,160,160,1.0,different-party
278,20379,S,M,0,0,,different-party
278,20380,S,M,10,10,1.0,different-party
278,20381,S,ALT,143,81,0.5664335664335665,different-party
278,20382,S,M,18,18,1.0,different-party
278,20383,S,UFG,40,35,0.875,different-party
278,20384,S,M,86,86,1.0,different-party
278,20385,S,M,62,62,1.0,different-party
278,20386,S,M,106,105,0.9905660377358491,different-party
278,20388,S,UFG,44,43,0.9772727272727273,different-party
278,20389,S,M,149,149,1.0,different-party
278,20390,S,UFG,67,48,0.7164179104477612,different-party
278,20391,S,LA,134,87,0.6492537313432836,different-party
278,20392,S,LA,39,31,0.7948717948717948,different-party
278,20393,S,LA,131,87,0.6641221374045801,different-party
278,20394,S,LA,135,94,0.6962962962962963,different-party
278,20395,S,LA,130,87,0.6692307692307692,different-party
278,20396,S,LA,92,53,0.5760869565217391,different-party
278,20397,S,LA,43,29,0.6744186046511628,different-party
278,20398,S,LA,147,98,0.6666666666666666,different-party
278,20399,S,LA,132,84,0.6363636363636364,different-party
278,20400,S,LA,156,103,0.6602564102564102,different-party
278,20411,S,EL,66,37,0.5606060606060606,different-party
278,20415,S,M,158,158,1.0,different-party
278,20496,S,M,130,130,1.0,different-party
278,20781,S,S,153,153,1.0,same-party
278,20798,S,SF,153,105,0.6862745098039216,different-party
278,20820,S,LA,87,65,0.7471264367816092,different-party
278,20917,S,KF,4,2,0.5,different-party
278,20925,S,KF,152,140,0.9210526315789473,different-party
278,20930,S,S,75,75,1.0,same-party
278,20962,S,SF,74,57,0.7702702702702703,different-party
278,20966,S,KF,65,51,0.7846153846153846,different-party
278,21044,S,S,162,162,1.0,same-party
278,21083,S,S,2,2,1.0,same-party
278,21143,S,S,122,122,1.0,same-party
278,21159,S,M,141,141,1.0,different-party
278,21168,S,V,123,123,1.0,different-party
278,21186,S,S,2,2,1.0,same-party
278,21194,S,KF,56,45,0.8035714285714286,different-party
278,21206,S,N,0,0,,different-party
286,667,S,EL,126,67,0.5317460317460317,different-party
286,1146,S,DD,69,44,0.6376811594202898,different-party
286,1454,S,KF,48,40,0.8333333333333334,different-party
286,1619,S,S,141,141,1.0,same-party
286,1845,S,V,103,103,1.0,different-party
286,11702,S,KF,118,111,0.940677966101695,different-party
286,15757,S,IA,0,0,,different-party
286,15760,S,S,62,62,1.0,same-party
286,15762,S,S,128,128,1.0,same-party
286,15763,S,DF,124,44,0.3548387096774194,different-party
286,15770,S,S,54,54,1.0,same-party
286,15774,S,DD,47,27,0.574468085106383,different-party
286,15775,S,ALT,76,39,0.5131578947368421,different-party
286,15776,S,S,72,72,1.0,same-party
286,15777,S,EL,75,35,0.4666666666666667,different-party
286,15779,S,LA,57,39,0.6842105263157895,different-party
286,15787,S,S,137,137,1.0,same-party
286,15793,S,KF,106,96,0.9056603773584906,different-party
286,16180,S,S,69,69,1.0,same-party
286,16351,S,S,156,156,1.0,same-party
286,16503,S,S,22,22,1.0,same-party
286,16582,S,EL,159,86,0.5408805031446541,different-party
286,16728,S,SF,116,76,0.6551724137931034,different-party
286,17141,S,KF,85,83,0.9764705882352941,different-party
286,17628,S,SF,13,9,0.6923076923076923,different-party
286,17629,S,DD,66,47,0.7121212121212122,different-party
286,18688,S,N,0,0,,different-party
286,18693,S,EL,62,41,0.6612903225806451,different-party
286,18694,S,EL,154,85,0.551948051948052,different-party
286,18695,S,V,145,145,1.0,different-party
286,18696,S,V,66,66,1.0,different-party
286,18698,S,V,65,65,1.0,different-party
286,18699,S,V,152,152,1.0,different-party
286,18700,S,V,58,58,1.0,different-party
286,18701,S,V,22,22,1.0,different-party
286,18703,S,LA,1,0,0.0,different-party
286,18704,S,SF,69,56,0.8115942028985508,different-party
286,18707,S,SF,148,102,0.6891891891891891,different-party
286,18708,S,SF,103,69,0.6699029126213593,different-party
286,18709,S,SF,92,57,0.6195652173913043,different-party
286,18713,S,KF,109,98,0.8990825688073395,different-party
286,18715,S,S,70,70,1.0,same-party
286,18716,S,S,69,69,1.0,same-party
286,18717,S,S,130,130,1.0,same-party
286,18718,S,S,152,152,1.0,same-party
286,18719,S,S,103,103,1.0,same-party
286,18720,S,S,146,146,1.0,same-party
286,18721,S,DF,80,45,0.5625,different-party
286,18722,S,UFG,0,0,,different-party
286,18723,S,LA,45,37,0.8222222222222222,different-party
286,18724,S,UFG,82,33,0.4024390243902439,different-party
286,18725,S,RV,117,101,0.8632478632478633,different-party
286,18726,S,RV,81,70,0.8641975308641975,different-party
286,18729,S,RV,136,115,0.8455882352941176,different-party
286,18882,S,S,24,24,1.0,same-party
286,19000,S,SF,83,64,0.7710843373493976,different-party
286,19928,S,S,127,127,1.0,same-party
286,20349,S,SP,66,66,1.0,different-party
286,20350,S,DF,33,20,0.6060606060606061,different-party
286,20351,S,ALT,1,0,0.0,different-party
286,20352,S,ALT,116,62,0.5344827586206896,different-party
286,20353,S,ALT,45,34,0.7555555555555555,different-party
286,20354,S,UFG,5,0,0.0,different-party
286,20355,S,DD,75,50,0.6666666666666666,different-party
286,20356,S,DF,137,53,0.38686131386861317,different-party
286,20357,S,KF,66,58,0.8787878787878788,different-party
286,20358,S,SF,3,2,0.6666666666666666,different-party
286,20359,S,SF,152,103,0.6776315789473685,different-party
286,20360,S,SF,81,64,0.7901234567901234,different-party
286,20361,S,S,14,14,1.0,same-party
286,20362,S,S,145,145,1.0,same-party
286,20363,S,S,150,150,1.0,same-party
286,20364,S,S,144,144,1.0,same-party
286,20365,S,S,130,130,1.0,same-party
286,20366,S,S,28,28,1.0,same-party
286,20367,S,S,158,158,1.0,same-party
286,20368,S,S,127,127,1.0,same-party
286,20369,S,KF,133,123,0.924812030075188,different-party
286,20370,S,ALT,72,53,0.7361111111111112,different-party
286,20371,S,V,136,136,1.0,different-party
286,20372,S,DD,40,27,0.675,different-party
286,20373,S,DD,48,31,0.6458333333333334,different-party
286,20374,S,DD,126,56,0.4444444444444444,different-party
286,20375,S,DD,108,42,0.3888888888888889,different-party
286,20376,S,DD,150,66,0.44,different-party
286,20377,S,M,81,81,1.0,different-party
286,20378,S,M,158,158,1.0,different-party
286,20379,S,M,0,0,,different-party
286,20380,S,M,10,10,1.0,different-party
286,20381,S,ALT,141,82,0.5815602836879432,different-party
286,20382,S,M,16,16,1.0,different-party
286,20383,S,UFG,36,30,0.8333333333333334,different-party
286,20384,S,M,81,81,1.0,different-party
286,20385,S,M,66,66,1.0,different-party
286,20386,S,M,102,101,0.9901960784313726,different-party
286,20388,S,UFG,43,40,0.9302325581395349,different-party
286,20389,S,M,146,146,1.0,different-party
286,20390,S,UFG,66,43,0.6515151515151515,different-party
286,20391,S,LA,129,83,0.6434108527131783,different-party
286,20392,S,LA,41,32,0.7804878048780488,different-party
286,20393,S,LA,129,85,0.6589147286821705,different-party
286,20394,S,LA,131,89,0.6793893129770993,different-party
286,20395,S,LA,125,81,0.648,different-party
286,20396,S,LA,90,52,0.5777777777777777,different-party
286,20397,S,LA,44,31,0.7045454545454546,different-party
286,20398,S,LA,145,95,0.6551724137931034,different-party
286,20399,S,LA,127,80,0.6299212598425197,different-party
286,20400,S,LA,159,106,0.6666666666666666,different-party
286,20411,S,EL,61,36,0.5901639344262295,different-party
286,20415,S,M,156,156,1.0,different-party
286,20496,S,M,130,130,1.0,different-party
286,20781,S,S,151,151,1.0,same-party
286,20798,S,SF,156,108,0.6923076923076923,different-party
286,20820,S,LA,85,62,0.7294117647058823,different-party
286,20917,S,KF,3,2,0.6666666666666666,different-party
286,20925,S,KF,149,137,0.9194630872483222,different-party
286,20930,S,S,73,73,1.0,same-party
286,20962,S,SF,72,59,0.8194444444444444,different-party
286,20966,S,KF,68,54,0.7941176470588235,different-party
286,21044,S,S,159,159,1.0,same-party
286,21083,S,S,1,1,1.0,same-party
286,21143,S,S,117,117,1.0,same-party
286,21159,S,M,137,137,1.0,different-party
286,21168,S,V,117,117,1.0,different-party
286,21186,S,S,1,1,1.0,same-party
286,21194,S,KF,60,49,0.8166666666666667,different-party
286,21206,S,N,0,0,,different-party
667,1146,EL,DD,52,30,0.5769230769230769,different-party
667,1454,EL,KF,35,23,0.6571428571428571,different-party
667,1619,EL,S,120,63,0.525,different-party
667,1845,EL,V,95,46,0.4842105263157895,different-party
667,11702,EL,KF,103,52,0.5048543689320388,different-party
667,15757,EL,IA,0,0,,different-party
667,15760,EL,S,38,22,0.5789473684210527,different-party
667,15762,EL,S,115,60,0.5217391304347826,different-party
667,15763,EL,DF,101,35,0.3465346534653465,different-party
667,15770,EL,S,40,23,0.575,different-party
667,15774,EL,DD,34,27,0.7941176470588235,different-party
667,15775,EL,ALT,77,55,0.7142857142857143,different-party
667,15776,EL,S,40,24,0.6,different-party
667,15777,EL,EL,69,68,0.9855072463768116,same-party
667,15779,EL,LA,25,15,0.6,different-party
667,15787,EL,S,105,55,0.5238095238095238,different-party
667,15793,EL,KF,79,35,0.4430379746835443,different-party
667,16180,EL,S,38,24,0.631578947368421,different-party
667,16351,EL,S,124,65,0.5241935483870968,different-party
667,16503,EL,S,16,9,0.5625,different-party
667,16582,EL,EL,127,127,1.0,same-party
667,16728,EL,SF,90,71,0.7888888888888889,different-party
667,17141,EL,KF,86,42,0.4883720930232558,different-party
667,17628,EL,SF,9,9,1.0,different-party
667,17629,EL,DD,47,25,0.5319148936170213,different-party
667,18688,EL,N,0,0,,different-party
667,18693,EL,EL,38,37,0.9736842105263158,same-party
667,18694,EL,EL,122,122,1.0,same-party
667,18695,EL,V,121,62,0.512396694214876,different-party
667,18696,EL,V,43,28,0.6511627906976745,different-party
667,18698,EL,V,50,31,0.62,different-party
667,18699,EL,V,120,63,0.525,different-party
667,18700,EL,V,29,20,0.6896551724137931,different-party
667,18701,EL,V,7,4,0.5714285714285714,different-party
667,18703,EL,LA,1,1,1.0,different-party
667,18704,EL,SF,52,41,0.7884615384615384,different-party
667,18707,EL,SF,127,101,0.7952755905511811,different-party
667,18708,EL,SF,95,74,0.7789473684210526,different-party
667,18709,EL,SF,68,53,0.7794117647058824,different-party
667,18713,EL,KF,91,43,0.4725274725274725,different-party
667,18715,EL,S,52,33,0.6346153846153846,different-party
667,18716,EL,S,45,30,0.6666666666666666,different-party
667,18717,EL,S,99,49,0.494949494949495,different-party
667,18718,EL,S,121,65,0.5371900826446281,different-party
667,18719,EL,S,89,44,0.4943820224719101,different-party
667,18720,EL,S,121,63,0.5206611570247934,different-party
667,18721,EL,DF,49,26,0.5306122448979592,different-party
667,18722,EL,UFG,0,0,,different-party
667,18723,EL,LA,31,22,0.7096774193548387,different-party
667,18724,EL,UFG,50,22,0.44,different-party
667,18725,EL,RV,93,54,0.5806451612903226,different-party
667,18726,EL,RV,56,43,0.7678571428571429,different-party
667,18729,EL,RV,104,64,0.6153846153846154,different-party
667,18882,EL,S,18,12,0.6666666666666666,different-party
667,19000,EL,SF,61,50,0.819672131147541,different-party
667,19928,EL,S,112,57,0.5089285714285714,different-party
667,20349,EL,SP,66,29,0.4393939393939394,different-party
667,20350,EL,DF,25,11,0.44,different-party
667,20351,EL,ALT,1,1,1.0,different-party
667,20352,EL,ALT,94,68,0.723404255319149,different-party
667,20353,EL,ALT,27,25,0.9259259259259259,different-party
667,20354,EL,UFG,5,3,0.6,different-party
667,20355,EL,DD,61,37,0.6065573770491803,different-party
667,20356,EL,DF,119,46,0.3865546218487395,different-party
667,20357,EL,KF,42,30,0.7142857142857143,different-party
667,20358,EL,SF,3,3,1.0,different-party
667,20359,EL,SF,120,95,0.7916666666666666,different-party
667,20360,EL,SF,61,50,0.819672131147541,different-party
667,20361,EL,S,9,5,0.5555555555555556,different-party
667,20362,EL,S,114,60,0.5263157894736842,different-party
667,20363,EL,S,118,60,0.5084745762711864,different-party
667,20364,EL,S,112,57,0.5089285714285714,different-party
667,20365,EL,S,107,53,0.4953271028037383,different-party
667,20366,EL,S,23,14,0.6086956521739131,different-party
667,20367,EL,S,126,67,0.5317460317460317,different-party
667,20368,EL,S,103,54,0.5242718446601942,different-party
667,20369,EL,KF,117,61,0.5213675213675214,different-party
667,20370,EL,ALT,56,46,0.8214285714285714,different-party
667,20371,EL,V,104,51,0.49038461538461536,different-party
667,20372,EL,DD,15,8,0.5333333333333333,different-party
667,20373,EL,DD,24,17,0.7083333333333334,different-party
667,20374,EL,DD,101,35,0.3465346534653465,different-party
667,20375,EL,DD,90,29,0.32222222222222224,different-party
667,20376,EL,DD,127,48,0.3779527559055118,different-party
667,20377,EL,M,49,31,0.6326530612244898,different-party
667,20378,EL,M,125,67,0.536,different-party
667,20379,EL,M,0,0,,different-party
667,20380,EL,M,9,5,0.5555555555555556,different-party
667,20381,EL,ALT,108,84,0.7777777777777778,different-party
667,20382,EL,M,11,5,0.45454545454545453,different-party
667,20383,EL,UFG,30,21,0.7,different-party
667,20384,EL,M,71,31,0.43661971830985913,different-party
667,20385,EL,M,42,28,0.6666666666666666,different-party
667,20386,EL,M,84,37,0.44047619047619047,different-party
667,20388,EL,UFG,27,19,0.7037037037037037,different-party
667,20389,EL,M,124,65,0.5241935483870968,different-party
667,20390,EL,UFG,39,22,0.5641025641025641,different-party
667,20391,EL,LA,105,32,0.3047619047619048,different-party
667,20392,EL,LA,39,24,0.6153846153846154,different-party
667,20393,EL,LA,122,44,0.36065573770491804,different-party
667,20394,EL,LA,116,39,0.33620689655172414,different-party
667,20395,EL,LA,101,35,0.3465346534653465,different-party
667,20396,EL,LA,73,17,0.2328767123287671,different-party
667,20397,EL,LA,29,14,0.4827586206896552,different-party
667,20398,EL,LA,112,37,0.33035714285714285,different-party
667,20399,EL,LA,101,29,0.2871287128712871,different-party
667,20400,EL,LA,127,47,0.3700787401574803,different-party
667,20411,EL,EL,45,44,0.9777777777777777,same-party
667,20415,EL,M,123,65,0.5284552845528455,different-party
667,20496,EL,M,120,62,0.5166666666666667,different-party
667,20781,EL,S,118,60,0.5084745762711864,different-party
667,20798,EL,SF,124,98,0.7903225806451613,different-party
667,20820,EL,LA,52,30,0.5769230769230769,different-party
667,20917,EL,KF,4,2,0.5,different-party
667,20925,EL,KF,117,66,0.5641025641025641,different-party
667,20930,EL,S,57,37,0.6491228070175439,different-party
667,20962,EL,SF,57,47,0.8245614035087719,different-party
667,20966,EL,KF,46,32,0.6956521739130435,different-party
667,21044,EL,S,127,67,0.5275590551181102,different-party
667,21083,EL,S,2,0,0.0,different-party
667,21143,EL,S,95,44,0.4631578947368421,different-party
667,21159,EL,M,114,60,0.5263157894736842,different-party
667,21168,EL,V,104,51,0.49038461538461536,different-party
667,21186,EL,S,2,0,0.0,different-party
667,21194,EL,KF,34,22,0.6470588235294118,different-party
667,21206,EL,N,0,0,,different-party
1146,1454,DD,KF,50,38,0.76,different-party
1146,1619,DD,S,66,44,0.6666666666666666,different-party
1146,1845,DD,V,29,20,0.6896551724137931,different-party
1146,11702,DD,KF,37,28,0.7567567567567568,different-party
1146,15757,DD,IA,0,0,,different-party
1146,15760,DD,S,42,27,0.6428571428571429,different-party
1146,15762,DD,S,54,34,0.6296296296296297,different-party
1146,15763,DD,DF,57,41,0.7192982456140351,different-party
1146,15770,DD,S,40,29,0.725,different-party
1146,15774,DD,DD,37,37,1.0,same-party
1146,15775,DD,ALT,14,8,0.5714285714285714,different-party
1146,15776,DD,S,50,31,0.62,different-party
1146,15777,DD,EL,1,1,1.0,different-party
1146,15779,DD,LA,35,31,0.8857142857142857,different-party
1146,15787,DD,S,60,40,0.6666666666666666,different-party
1146,15793,DD,KF,29,22,0.7586206896551724,different-party
1146,16180,DD,S,50,31,0.62,different-party
1146,16351,DD,S,77,51,0.6623376623376623,different-party
1146,16503,DD,S,10,6,0.6,different-party
1146,16582,DD,EL,71,38,0.5352112676056338,different-party
1146,16728,DD,SF,46,29,0.6304347826086957,different-party
1146,17141,DD,KF,22,17,0.7727272727272727,different-party
1146,17628,DD,SF,9,4,0.4444444444444444,different-party
1146,17629,DD,DD,54,54,1.0,same-party
1146,18688,DD,N,0,0,,different-party
1146,18693,DD,EL,52,30,0.5769230769230769,different-party
1146,18694,DD,EL,76,38,0.5,different-party
1146,18695,DD,V,62,43,0.6935483870967742,different-party
1146,18696,DD,V,50,33,0.66,different-party
1146,18698,DD,V,44,30,0.6818181818181818,different-party
1146,18699,DD,V,77,51,0.6623376623376623,different-party
1146,18700,DD,V,38,24,0.631578947368421,different-party
1146,18701,DD,V,17,13,0.7647058823529411,different-party
1146,18703,DD,LA,1,1,1.0,different-party
1146,18704,DD,SF,68,42,0.6176470588235294,different-party
1146,18707,DD,SF,77,46,0.5974025974025974,different-party
1146,18708,DD,SF,35,25,0.7142857142857143,different-party
1146,18709,DD,SF,17,8,0.47058823529411764,different-party
1146,18713,DD,KF,41,31,0.7560975609756098,different-party
1146,18715,DD,S,53,35,0.660377358490566,different-party
1146,18716,DD,S,46,31,0.6739130434782609,different-party
1146,18717,DD,S,55,37,0.6727272727272727,different-party
1146,18718,DD,S,74,48,0.6486486486486487,different-party
1146,18719,DD,S,34,21,0.6176470588235294,different-party
1146,18720,DD,S,77,51,0.6623376623376623,different-party
1146,18721,DD,DF,67,51,0.7611940298507462,different-party
1146,18722,DD,UFG,0,0,,different-party
1146,18723,DD,LA,28,22,0.7857142857142857,different-party
1146,18724,DD,UFG,63,44,0.6984126984126984,different-party
1146,18725,DD,RV,46,31,0.6739130434782609,different-party
1146,18726,DD,RV,60,40,0.6666666666666666,different-party
1146,18729,DD,RV,51,31,0.6078431372549019,different-party
1146,18882,DD,S,15,10,0.6666666666666666,different-party
1146,19000,DD,SF,67,41,0.6119402985074627,different-party
1146,19928,DD,S,53,37,0.6981132075471698,different-party
1146,20349,DD,SP,6,6,1.0,different-party
1146,20350,DD,DF,16,9,0.5625,different-party
1146,20351,DD,ALT,1,1,1.0,different-party
1146,20352,DD,ALT,40,19,0.475,different-party
1146,20353,DD,ALT,31,19,0.6129032258064516,different-party
1146,20354,DD,UFG,5,3,0.6,different-party
1146,20355,DD,DD,58,58,1.0,same-party
1146,20356,DD,DF,75,55,0.7333333333333333,different-party
1146,20357,DD,KF,52,41,0.7884615384615384,different-party
1146,20358,DD,SF,0,0,,different-party
1146,20359,DD,SF,71,42,0.5915492957746479,different-party
1146,20360,DD,SF,68,40,0.5882352941176471,different-party
1146,20361,DD,S,9,6,0.6666666666666666,different-party
1146,20362,DD,S,65,44,0.676923076923077,different-party
1146,20363,DD,S,71,47,0.6619718309859155,different-party
1146,20364,DD,S,62,41,0.6612903225806451,different-party
1146,20365,DD,S,57,37,0.6491228070175439,different-party
1146,20366,DD,S,17,10,0.5882352941176471,different-party
1146,20367,DD,S,76,51,0.6710526315789473,different-party
1146,20368,DD,S,44,31,0.7045454545454546,different-party
1146,20369,DD,KF,66,50,0.7575757575757576,different-party
1146,20370,DD,ALT,60,33,0.55,different-party
1146,20371,DD,V,57,37,0.6491228070175439,different-party
1146,20372,DD,DD,32,32,1.0,same-party
1146,20373,DD,DD,33,33,1.0,same-party
1146,20374,DD,DD,45,45,1.0,same-party
1146,20375,DD,DD,40,40,1.0,same-party
1146,20376,DD,DD,77,77,1.0,same-party
1146,20377,DD,M,59,37,0.6271186440677966,different-party
1146,20378,DD,M,75,51,0.68,different-party
1146,20379,DD,M,0,0,,different-party
1146,20380,DD,M,9,6,0.6666666666666666,different-party
1146,20381,DD,ALT,61,35,0.5737704918032787,different-party
1146,20382,DD,M,11,6,0.5454545454545454,different-party
1146,20383,DD,UFG,33,26,0.7878787878787878,different-party
1146,20384,DD,M,13,6,0.46153846153846156,different-party
1146,20385,DD,M,46,31,0.6739130434782609,different-party
1146,20386,DD,M,32,24,0.75,different-party
1146,20388,DD,UFG,36,24,0.6666666666666666,different-party
1146,20389,DD,M,67,44,0.6567164179104478,different-party
1146,20390,DD,UFG,61,45,0.7377049180327869,different-party
1146,20391,DD,LA,48,44,0.9166666666666666,different-party
1146,20392,DD,LA,36,29,0.8055555555555556,different-party
1146,20393,DD,LA,65,54,0.8307692307692308,different-party
1146,20394,DD,LA,50,42,0.84,different-party
1146,20395,DD,LA,60,49,0.8166666666666667,different-party
1146,20396,DD,LA,20,17,0.85,different-party
1146,20397,DD,LA,32,27,0.84375,different-party
1146,20398,DD,LA,68,57,0.8382352941176471,different-party
1146,20399,DD,LA,51,46,0.9019607843137255,different-party
1146,20400,DD,LA,71,59,0.8309859154929577,different-party
1146,20411,DD,EL,60,28,0.4666666666666667,different-party
1146,20415,DD,M,76,51,0.6710526315789473,different-party
1146,20496,DD,M,61,43,0.7049180327868853,different-party
1146,20781,DD,S,70,47,0.6714285714285714,different-party
1146,20798,DD,SF,71,44,0.6197183098591549,different-party
1146,20820,DD,LA,74,62,0.8378378378378378,different-party
1146,20917,DD,KF,1,1,1.0,different-party
1146,20925,DD,KF,67,53,0.7910447761194029,different-party
1146,20930,DD,S,57,38,0.6666666666666666,different-party
1146,20962,DD,SF,67,39,0.582089552238806,different-party
1146,20966,DD,KF,46,35,0.7608695652173914,different-party
1146,21044,DD,S,77,51,0.6623376623376623,different-party
1146,21083,DD,S,2,0,0.0,different-party
1146,21143,DD,S,42,29,0.6904761904761905,different-party
1146,21159,DD,M,66,44,0.6666666666666666,different-party
1146,21168,DD,V,47,30,0.6382978723404256,different-party
1146,21186,DD,S,2,0,0.0,different-party
1146,21194,DD,KF,50,38,0.76,different-party
1146,21206,DD,N,0,0,,different-party
1454,1619,KF,S,53,46,0.8679245283018868,different-party
1454,1845,KF,V,21,21,1.0,different-party
1454,11702,KF,KF,27,26,0.9629629629629629,same-party
1454,15757,KF,IA,0,0,,different-party
1454,15760,KF,S,21,19,0.9047619047619048,different-party
1454,15762,KF,S,52,44,0.8461538461538461,different-party
1454,15763,KF,DF,36,25,0.6944444444444444,different-party
1454,15770,KF,S,35,32,0.9142857142857143,different-party
1454,15774,KF,DD,35,25,0.7142857142857143,different-party
1454,15775,KF,ALT,6,2,0.3333333333333333,different-party
1454,15776,KF,S,30,23,0.7666666666666667,different-party
1454,15777,KF,EL,6,1,0.16666666666666666,different-party
1454,15779,KF,LA,15,12,0.8,different-party
1454,15787,KF,S,40,32,0.8,different-party
1454,15793,KF,KF,9,9,1.0,same-party
1454,16180,KF,S,35,27,0.7714285714285715,different-party
1454,16351,KF,S,56,48,0.8571428571428571,different-party
1454,16503,KF,S,6,4,0.6666666666666666,different-party
1454,16582,KF,EL,50,28,0.56,different-party
1454,16728,KF,SF,35,29,0.8285714285714286,different-party
1454,17141,KF,KF,21,21,1.0,same-party
1454,17628,KF,SF,3,2,0.6666666666666666,different-party
1454,17629,KF,DD,35,25,0.7142857142857143,different-party
1454,18688,KF,N,0,0,,different-party
1454,18693,KF,EL,32,17,0.53125,different-party
1454,18694,KF,EL,56,30,0.5357142857142857,different-party
1454,18695,KF,V,47,44,0.9361702127659575,different-party
1454,18696,KF,V,40,32,0.8,different-party
1454,18698,KF,V,41,38,0.926829268292683,different-party
1454,18699,KF,V,56,48,0.8571428571428571,different-party
1454,18700,KF,V,34,26,0.7647058823529411,different-party
1454,18701,KF,V,10,8,0.8,different-party
1454,18703,KF,LA,0,0,,different-party
1454,18704,KF,SF,50,42,0.84,different-party
1454,18707,KF,SF,55,44,0.8,different-party
1454,18708,KF,SF,29,27,0.9310344827586207,different-party
1454,18709,KF,SF,11,3,0.2727272727272727,different-party
1454,18713,KF,KF,24,24,1.0,same-party
1454,18715,KF,S,35,34,0.9714285714285714,different-party
1454,18716,KF,S,26,23,0.8846153846153846,different-party
1454,18717,KF,S,35,28,0.8,different-party
1454,18718,KF,S,52,45,0.8653846153846154,different-party
1454,18719,KF,S,33,26,0.7878787878787878,different-party
1454,18720,KF,S,50,44,0.88,different-party
1454,18721,KF,DF,56,37,0.6607142857142857,different-party
1454,18722,KF,UFG,0,0,,different-party
1454,18723,KF,LA,32,30,0.9375,different-party
1454,18724,KF,UFG,52,25,0.4807692307692308,different-party
1454,18725,KF,RV,36,33,0.9166666666666666,different-party
1454,18726,KF,RV,41,41,1.0,different-party
1454,18729,KF,RV,30,27,0.9,different-party
1454,18882,KF,S,6,4,0.6666666666666666,different-party
1454,19000,KF,SF,56,44,0.7857142857142857,different-party
1454,19928,KF,S,47,44,0.9361702127659575,different-party
1454,20349,KF,SP,6,6,1.0,different-party
1454,20350,KF,DF,0,0,,different-party
1454,20351,KF,ALT,0,0,,different-party
1454,20352,KF,ALT,36,23,0.6388888888888888,different-party
1454,20353,KF,ALT,20,17,0.85,different-party
1454,20354,KF,UFG,3,1,0.3333333333333333,different-party
1454,20355,KF,DD,47,34,0.723404255319149,different-party
1454,20356,KF,DF,49,32,0.6530612244897959,different-party
1454,20357,KF,KF,32,31,0.96875,same-party
1454,20358,KF,SF,0,0,,different-party
1454,20359,KF,SF,56,44,0.7857142857142857,different-party
1454,20360,KF,SF,44,34,0.7727272727272727,different-party
1454,20361,KF,S,5,3,0.6,different-party
1454,20362,KF,S,54,48,0.8888888888888888,different-party
1454,20363,KF,S,56,48,0.8571428571428571,different-party
1454,20364,KF,S,56,48,0.8571428571428571,different-party
1454,20365,KF,S,36,29,0.8055555555555556,different-party
1454,20366,KF,S,6,4,0.6666666666666666,different-party
1454,20367,KF,S,55,47,0.8545454545454545,different-party
1454,20368,KF,S,32,29,0.90625,different-party
1454,20369,KF,KF,47,46,0.9787234042553191,same-party
1454,20370,KF,ALT,41,30,0.7317073170731707,different-party
1454,20371,KF,V,36,29,0.8055555555555556,different-party
1454,20372,KF,DD,13,11,0.8461538461538461,different-party
1454,20373,KF,DD,12,9,0.75,different-party
1454,20374,KF,DD,32,24,0.75,different-party
1454,20375,KF,DD,29,22,0.7586206896551724,different-party
1454,20376,KF,DD,56,41,0.7321428571428571,different-party
1454,20377,KF,M,48,40,0.8333333333333334,different-party
1454,20378,KF,M,56,48,0.8571428571428571,different-party
1454,20379,KF,M,0,0,,different-party
1454,20380,KF,M,1,0,0.0,different-party
1454,20381,KF,ALT,41,29,0.7073170731707317,different-party
1454,20382,KF,M,6,4,0.6666666666666666,different-party
1454,20383,KF,UFG,32,32,1.0,different-party
1454,20384,KF,M,14,8,0.5714285714285714,different-party
1454,20385,KF,M,26,23,0.8846153846153846,different-party
1454,20386,KF,M,21,20,0.9523809523809523,different-party
1454,20388,KF,UFG,35,27,0.7714285714285715,different-party
1454,20389,KF,M,56,48,0.8571428571428571,different-party
1454,20390,KF,UFG,35,30,0.8571428571428571,different-party
1454,20391,KF,LA,27,21,0.7777777777777778,different-party
1454,20392,KF,LA,23,22,0.9565217391304348,different-party
1454,20393,KF,LA,49,41,0.8367346938775511,different-party
1454,20394,KF,LA,47,40,0.851063829787234,different-party
1454,20395,KF,LA,41,37,0.9024390243902439,different-party
1454,20396,KF,LA,9,7,0.7777777777777778,different-party
1454,20397,KF,LA,24,17,0.7083333333333334,different-party
1454,20398,KF,LA,56,47,0.8392857142857143,different-party
1454,20399,KF,LA,30,23,0.7666666666666667,different-party
1454,20400,KF,LA,50,41,0.82,different-party
1454,20411,KF,EL,50,29,0.58,different-party
1454,20415,KF,M,56,48,0.8571428571428571,different-party
1454,20496,KF,M,41,40,0.975609756097561,different-party
1454,20781,KF,S,56,48,0.8571428571428571,different-party
1454,20798,KF,SF,50,42,0.84,different-party
1454,20820,KF,LA,56,47,0.8392857142857143,different-party
1454,20917,KF,KF,0,0,,same-party
1454,20925,KF,KF,55,54,0.9818181818181818,same-party
1454,20930,KF,S,50,44,0.88,different-party
1454,20962,KF,SF,47,36,0.7659574468085106,different-party
1454,20966,KF,KF,35,34,0.9714285714285714,same-party
1454,21044,KF,S,56,48,0.8571428571428571,different-party
1454,21083,KF,S,0,0,,different-party
1454,21143,KF,S,27,25,0.9259259259259259,different-party
1454,21159,KF,M,49,43,0.8775510204081632,different-party
1454,21168,KF,V,36,29,0.8055555555555556,different-party
1454,21186,KF,S,0,0,,different-party
1454,21194,KF,KF,29,29,1.0,same-party
1454,21206,KF,N,0,0,,different-party
1619,1845,S,V,103,103,1.0,different-party
1619,11702,S,KF,119,112,0.9411764705882353,different-party
1619,15757,S,IA,0,0,,different-party
1619,15760,S,S,47,47,1.0,same-party
1619,15762,S,S,126,126,1.0,same-party
1619,15763,S,DF,119,43,0.36134453781512604,different-party
1619,15770,S,S,52,52,1.0,same-party
1619,15774,S,DD,43,25,0.5813953488372093,different-party
1619,15775,S,ALT,79,40,0.5063291139240507,different-party
1619,15776,S,S,55,55,1.0,same-party
1619,15777,S,EL,70,32,0.45714285714285713,different-party
1619,15779,S,LA,40,28,0.7,different-party
1619,15787,S,S,128,128,1.0,same-party
1619,15793,S,KF,94,85,0.9042553191489362,different-party
1619,16180,S,S,54,54,1.0,same-party
1619,16351,S,S,145,145,1.0,same-party
1619,16503,S,S,17,17,1.0,same-party
1619,16582,S,EL,142,75,0.528169014084507,different-party
1619,16728,S,SF,110,69,0.6272727272727273,different-party
1619,17141,S,KF,88,87,0.9886363636363636,different-party
1619,17628,S,SF,13,9,0.6923076923076923,different-party
1619,17629,S,DD,53,39,0.7358490566037735,different-party
1619,18688,S,N,0,0,,different-party
1619,18693,S,EL,54,32,0.5925925925925926,different-party
1619,18694,S,EL,143,74,0.5174825174825175,different-party
1619,18695,S,V,133,133,1.0,different-party
1619,18696,S,V,66,66,1.0,different-party
1619,18698,S,V,60,60,1.0,different-party
1619,18699,S,V,144,144,1.0,different-party
1619,18700,S,V,40,40,1.0,different-party
1619,18701,S,V,14,14,1.0,different-party
1619,18703,S,LA,1,0,0.0,different-party
1619,18704,S,SF,60,46,0.7666666666666667,different-party
1619,18707,S,SF,137,91,0.6642335766423357,different-party
1619,18708,S,SF,101,67,0.6633663366336634,different-party
1619,18709,S,SF,85,49,0.5764705882352941,different-party
1619,18713,S,KF,97,88,0.9072164948453608,different-party
1619,18715,S,S,54,54,1.0,same-party
1619,18716,S,S,51,51,1.0,same-party
1619,18717,S,S,123,123,1.0,same-party
1619,18718,S,S,144,144,1.0,same-party
1619,18719,S,S,102,102,1.0,same-party
1619,18720,S,S,143,143,1.0,same-party
1619,18721,S,DF,70,42,0.6,different-party
1619,18722,S,UFG,0,0,,different-party
1619,18723,S,LA,43,37,0.8604651162790697,different-party
1619,18724,S,UFG,68,29,0.4264705882352941,different-party
1619,18725,S,RV,109,96,0.8807339449541285,different-party
1619,18726,S,RV,66,58,0.8787878787878788,different-party
1619,18729,S,RV,122,104,0.8524590163934426,different-party
1619,18882,S,S,22,22,1.0,same-party
1619,19000,S,SF,82,61,0.7439024390243902,different-party
1619,19928,S,S,115,115,1.0,same-party
1619,20349,S,SP,72,72,1.0,different-party
1619,20350,S,DF,27,18,0.6666666666666666,different-party
1619,20351,S,ALT,1,0,0.0,different-party
1619,20352,S,ALT,118,61,0.5169491525423728,different-party
1619,20353,S,ALT,32,24,0.75,different-party
1619,20354,S,UFG,5,0,0.0,different-party
1619,20355,S,DD,73,52,0.7123287671232876,different-party
1619,20356,S,DF,131,52,0.3969465648854962,different-party
1619,20357,S,KF,57,51,0.8947368421052632,different-party
1619,20358,S,SF,0,0,,different-party
1619,20359,S,SF,141,92,0.6524822695035462,different-party
1619,20360,S,SF,69,52,0.7536231884057971,different-party
1619,20361,S,S,13,13,1.0,same-party
1619,20362,S,S,137,137,1.0,same-party
1619,20363,S,S,139,139,1.0,same-party
1619,20364,S,S,133,133,1.0,same-party
1619,20365,S,S,119,119,1.0,same-party
1619,20366,S,S,23,23,1.0,same-party
1619,20367,S,S,148,148,1.0,same-party
1619,20368,S,S,115,115,1.0,same-party
1619,20369,S,KF,124,117,0.9435483870967742,different-party
1619,20370,S,ALT,57,42,0.7368421052631579,different-party
1619,20371,S,V,128,128,1.0,different-party
1619,20372,S,DD,31,23,0.7419354838709677,different-party
1619,20373,S,DD,38,28,0.7368421052631579,different-party
1619,20374,S,DD,117,52,0.4444444444444444,different-party
1619,20375,S,DD,96,33,0.34375,different-party
1619,20376,S,DD,139,62,0.4460431654676259,different-party
1619,20377,S,M,64,64,1.0,different-party
1619,20378,S,M,147,147,1.0,different-party
1619,20379,S,M,0,0,,different-party
1619,20380,S,M,10,10,1.0,different-party
1619,20381,S,ALT,133,74,0.556390977443609,different-party
1619,20382,S,M,14,14,1.0,different-party
1619,20383,S,UFG,40,35,0.875,different-party
1619,20384,S,M,79,79,1.0,different-party
1619,20385,S,M,51,51,1.0,different-party
1619,20386,S,M,95,94,0.9894736842105263,different-party
1619,20388,S,UFG,47,44,0.9361702127659575,different-party
1619,20389,S,M,145,145,1.0,different-party
1619,20390,S,UFG,60,43,0.7166666666666667,different-party
1619,20391,S,LA,119,79,0.6638655462184874,different-party
1619,20392,S,LA,36,29,0.8055555555555556,different-party
1619,20393,S,LA,133,89,0.6691729323308271,different-party
1619,20394,S,LA,132,92,0.696969696969697,different-party
1619,20395,S,LA,120,81,0.675,different-party
1619,20396,S,LA,78,45,0.5769230769230769,different-party
1619,20397,S,LA,39,27,0.6923076923076923,different-party
1619,20398,S,LA,137,92,0.6715328467153284,different-party
1619,20399,S,LA,118,76,0.6440677966101694,different-party
1619,20400,S,LA,142,95,0.6690140845070423,different-party
1619,20411,S,EL,68,38,0.5588235294117647,different-party
1619,20415,S,M,148,148,1.0,different-party
1619,20496,S,M,120,120,1.0,different-party
1619,20781,S,S,141,141,1.0,same-party
1619,20798,S,SF,139,95,0.6834532374100719,different-party
1619,20820,S,LA,77,59,0.7662337662337663,different-party
1619,20917,S,KF,0,0,,different-party
1619,20925,S,KF,138,128,0.927536231884058,different-party
1619,20930,S,S,74,74,1.0,same-party
1619,20962,S,SF,63,50,0.7936507936507936,different-party
1619,20966,S,KF,61,48,0.7868852459016393,different-party
1619,21044,S,S,148,148,1.0,same-party
1619,21083,S,S,1,1,1.0,same-party
1619,21143,S,S,108,108,1.0,same-party
1619,21159,S,M,130,130,1.0,different-party
1619,21168,S,V,116,116,1.0,different-party
1619,21186,S,S,1,1,1.0,same-party
1619,21194,S,KF,48,38,0.7916666666666666,different-party
1619,21206,S,N,0,0,,different-party
1845,11702,V,KF,106,104,0.9811320754716981,different-party
1845,15757,V,IA,0,0,,different-party
1845,15760,V,S,35,35,1.0,different-party
1845,15762,V,S,94,94,1.0,different-party
1845,15763,V,DF,95,31,0.3263157894736842,different-party
1845,15770,V,S,26,26,1.0,different-party
1845,15774,V,DD,11,7,0.6363636363636364,different-party
1845,15775,V,ALT,83,41,0.4939759036144578,different-party
1845,15776,V,S,37,37,1.0,different-party
1845,15777,V,EL,66,28,0.42424242424242425,different-party
1845,15779,V,LA,22,19,0.8636363636363636,different-party
1845,15787,V,S,91,91,1.0,different-party
1845,15793,V,KF,79,78,0.9873417721518988,different-party
1845,16180,V,S,14,14,1.0,different-party
1845,16351,V,S,110,110,1.0,different-party
1845,16503,V,S,5,5,1.0,different-party
1845,16582,V,EL,104,50,0.4807692307692308,different-party
1845,16728,V,SF,85,48,0.5647058823529412,different-party
1845,17141,V,KF,89,87,0.9775280898876404,different-party
1845,17628,V,SF,0,0,,different-party
1845,17629,V,DD,27,20,0.7407407407407407,different-party
1845,18688,V,N,0,0,,different-party
1845,18693,V,EL,24,12,0.5,different-party
1845,18694,V,EL,108,51,0.4722222222222222,different-party
1845,18695,V,V,104,104,1.0,same-party
1845,18696,V,V,27,27,1.0,same-party
1845,18698,V,V,27,27,1.0,same-party
1845,18699,V,V,106,106,1.0,same-party
1845,18700,V,V,11,11,1.0,same-party
1845,18701,V,V,10,10,1.0,same-party
1845,18703,V,LA,1,0,0.0,different-party
1845,18704,V,SF,35,26,0.7428571428571429,different-party
1845,18707,V,SF,101,64,0.6336633663366337,different-party
1845,18708,V,SF,75,47,0.6266666666666667,different-party
1845,18709,V,SF,82,45,0.5487804878048781,different-party
1845,18713,V,KF,91,86,0.945054945054945,different-party
1845,18715,V,S,38,38,1.0,different-party
1845,18716,V,S,22,22,1.0,different-party
1845,18717,V,S,104,104,1.0,different-party
1845,18718,V,S,104,104,1.0,different-party
1845,18719,V,S,92,92,1.0,different-party
1845,18720,V,S,103,103,1.0,different-party
1845,18721,V,DF,44,26,0.5909090909090909,different-party
1845,18722,V,UFG,0,0,,different-party
1845,18723,V,LA,23,20,0.8695652173913043,different-party
1845,18724,V,UFG,38,18,0.47368421052631576,different-party
1845,18725,V,RV,96,86,0.8958333333333334,different-party
1845,18726,V,RV,33,31,0.9393939393939394,different-party
1845,18729,V,RV,101,89,0.8811881188118812,different-party
1845,18882,V,S,6,6,1.0,different-party
1845,19000,V,SF,44,32,0.7272727272727273,different-party
1845,19928,V,S,95,95,1.0,different-party
1845,20349,V,SP,72,72,1.0,different-party
1845,20350,V,DF,22,13,0.5909090909090909,different-party
1845,20351,V,ALT,1,0,0.0,different-party
1845,20352,V,ALT,100,52,0.52,different-party
1845,20353,V,ALT,13,8,0.6153846153846154,different-party
1845,20354,V,UFG,1,0,0.0,different-party
1845,20355,V,DD,44,33,0.75,different-party
1845,20356,V,DF,97,32,0.32989690721649484,different-party
1845,20357,V,KF,25,23,0.92,different-party
1845,20358,V,SF,3,2,0.6666666666666666,different-party
1845,20359,V,SF,104,64,0.6153846153846154,different-party
1845,20360,V,SF,44,32,0.7272727272727273,different-party
1845,20361,V,S,0,0,,different-party
1845,20362,V,S,106,106,1.0,different-party
1845,20363,V,S,104,104,1.0,different-party
1845,20364,V,S,104,104,1.0,different-party
1845,20365,V,S,101,101,1.0,different-party
1845,20366,V,S,11,11,1.0,different-party
1845,20367,V,S,109,109,1.0,different-party
1845,20368,V,S,95,95,1.0,different-party
1845,20369,V,KF,91,89,0.978021978021978,different-party
1845,20370,V,ALT,24,18,0.75,different-party
1845,20371,V,V,107,107,1.0,same-party
1845,20372,V,DD,21,19,0.9047619047619048,different-party
1845,20373,V,DD,27,21,0.7777777777777778,different-party
1845,20374,V,DD,85,33,0.38823529411764707,different-party
1845,20375,V,DD,70,18,0.2571428571428571,different-party
1845,20376,V,DD,101,39,0.38613861386138615,different-party
1845,20377,V,M,37,37,1.0,different-party
1845,20378,V,M,108,108,1.0,different-party
1845,20379,V,M,0,0,,different-party
1845,20380,V,M,0,0,,different-party
1845,20381,V,ALT,91,46,0.5054945054945055,different-party
1845,20382,V,M,2,2,1.0,different-party
1845,20383,V,UFG,13,12,0.9230769230769231,different-party
1845,20384,V,M,73,73,1.0,different-party
1845,20385,V,M,19,19,1.0,different-party
1845,20386,V,M,99,98,0.98989898989899,different-party
1845,20388,V,UFG,18,18,1.0,different-party
1845,20389,V,M,110,110,1.0,different-party
1845,20390,V,UFG,25,20,0.8,different-party
1845,20391,V,LA,108,72,0.6666666666666666,different-party
1845,20392,V,LA,10,7,0.7,different-party
1845,20393,V,LA,97,63,0.6494845360824743,different-party
1845,20394,V,LA,99,66,0.6666666666666666,different-party
1845,20395,V,LA,78,50,0.6410256410256411,different-party
1845,20396,V,LA,70,41,0.5857142857142857,different-party
1845,20397,V,LA,37,28,0.7567567567567568,different-party
1845,20398,V,LA,100,67,0.67,different-party
1845,20399,V,LA,104,69,0.6634615384615384,different-party
1845,20400,V,LA,104,68,0.6538461538461539,different-party
1845,20411,V,EL,31,13,0.41935483870967744,different-party
1845,20415,V,M,106,106,1.0,different-party
1845,20496,V,M,94,94,1.0,different-party
1845,20781,V,S,102,102,1.0,different-party
1845,20798,V,SF,104,68,0.6538461538461539,different-party
1845,20820,V,LA,40,33,0.825,different-party
1845,20917,V,KF,4,2,0.5,different-party
1845,20925,V,KF,110,106,0.9636363636363636,different-party
1845,20930,V,S,49,49,1.0,different-party
1845,20962,V,SF,31,23,0.7419354838709677,different-party
1845,20966,V,KF,23,19,0.8260869565217391,different-party
1845,21044,V,S,110,110,1.0,different-party
1845,21083,V,S,2,2,1.0,different-party
1845,21143,V,S,100,100,1.0,different-party
1845,21159,V,M,102,102,1.0,different-party
1845,21168,V,V,101,101,1.0,same-party
1845,21186,V,S,2,2,1.0,different-party
1845,21194,V,KF,14,12,0.8571428571428571,different-party
1845,21206,V,N,0,0,,different-party
11702,15757,KF,IA,0,0,,different-party
11702,15760,KF,S,50,43,0.86,different-party
11702,15762,KF,S,103,99,0.9611650485436893,different-party
11702,15763,KF,DF,113,44,0.3893805309734513,different-party
11702,15770,KF,S,38,33,0.868421052631579,different-party
11702,15774,KF,DD,17,11,0.6470588235294118,different-party
11702,15775,KF,ALT,82,41,0.5,different-party
11702,15776,KF,S,52,46,0.8846153846153846,different-party
11702,15777,KF,EL,76,34,0.4473684210526316,different-party
11702,15779,KF,LA,37,30,0.8108108108108109,different-party
11702,15787,KF,S,103,98,0.9514563106796117,different-party
11702,15793,KF,KF,88,88,1.0,same-party
11702,16180,KF,S,31,25,0.8064516129032258,different-party
11702,16351,KF,S,122,116,0.9508196721311475,different-party
11702,16503,KF,S,23,18,0.782608695652174,different-party
11702,16582,KF,EL,119,59,0.4957983193277311,different-party
11702,16728,KF,SF,84,48,0.5714285714285714,different-party
11702,17141,KF,KF,88,88,1.0,same-party
11702,17628,KF,SF,13,6,0.46153846153846156,different-party
11702,17629,KF,DD,36,26,0.7222222222222222,different-party
11702,18688,KF,N,0,0,,different-party
11702,18693,KF,EL,37,17,0.4594594594594595,different-party
11702,18694,KF,EL,120,57,0.475,different-party
11702,18695,KF,V,119,113,0.9495798319327731,different-party
11702,18696,KF,V,44,37,0.8409090909090909,different-party
11702,18698,KF,V,46,41,0.8913043478260869,different-party
11702,18699,KF,V,121,115,0.9504132231404959,different-party
11702,18700,KF,V,18,16,0.8888888888888888,different-party
11702,18701,KF,V,18,15,0.8333333333333334,different-party
11702,18703,KF,LA,1,1,1.0,different-party
11702,18704,KF,SF,34,26,0.7647058823529411,different-party
11702,18707,KF,SF,114,70,0.6140350877192983,different-party
11702,18708,KF,SF,72,43,0.5972222222222222,different-party
11702,18709,KF,SF,88,50,0.5681818181818182,different-party
11702,18713,KF,KF,88,86,0.9772727272727273,same-party
11702,18715,KF,S,37,34,0.918918918918919,different-party
11702,18716,KF,S,37,31,0.8378378378378378,different-party
11702,18717,KF,S,116,111,0.9568965517241379,different-party
11702,18718,KF,S,120,113,0.9416666666666667,different-party
11702,18719,KF,S,99,95,0.9595959595959596,different-party
11702,18720,KF,S,114,108,0.9473684210526315,different-party
11702,18721,KF,DF,47,30,0.6382978723404256,different-party
11702,18722,KF,UFG,0,0,,different-party
11702,18723,KF,LA,29,27,0.9310344827586207,different-party
11702,18724,KF,UFG,44,21,0.4772727272727273,different-party
11702,18725,KF,RV,106,96,0.9056603773584906,different-party
11702,18726,KF,RV,49,43,0.8775510204081632,different-party
11702,18729,KF,RV,116,102,0.8793103448275862,different-party
11702,18882,KF,S,25,19,0.76,different-party
11702,19000,KF,SF,59,39,0.6610169491525424,different-party
11702,19928,KF,S,101,98,0.9702970297029703,different-party
11702,20349,KF,SP,72,72,1.0,different-party
11702,20350,KF,DF,30,19,0.6333333333333333,different-party
11702,20351,KF,ALT,1,1,1.0,different-party
11702,20352,KF,ALT,112,57,0.5089285714285714,different-party
11702,20353,KF,ALT,12,9,0.75,different-party
11702,20354,KF,UFG,3,1,0.3333333333333333,different-party
11702,20355,KF,DD,59,43,0.7288135593220338,different-party
11702,20356,KF,DF,106,39,0.36792452830188677,different-party
11702,20357,KF,KF,43,41,0.9534883720930233,same-party
11702,20358,KF,SF,3,2,0.6666666666666666,different-party
11702,20359,KF,SF,118,71,0.6016949152542372,different-party
11702,20360,KF,SF,55,36,0.6545454545454545,different-party
11702,20361,KF,S,15,11,0.7333333333333333,different-party
11702,20362,KF,S,113,109,0.9646017699115044,different-party
11702,20363,KF,S,116,111,0.9568965517241379,different-party
11702,20364,KF,S,110,107,0.9727272727272728,different-party
11702,20365,KF,S,116,109,0.9396551724137931,different-party
11702,20366,KF,S,29,22,0.7586206896551724,different-party
11702,20367,KF,S,124,117,0.9435483870967742,different-party
11702,20368,KF,S,101,97,0.9603960396039604,different-party
11702,20369,KF,KF,107,105,0.9813084112149533,same-party
11702,20370,KF,ALT,43,27,0.627906976744186,different-party
11702,20371,KF,V,122,115,0.9426229508196722,different-party
11702,20372,KF,DD,27,22,0.8148148148148148,different-party
11702,20373,KF,DD,44,33,0.75,different-party
11702,20374,KF,DD,100,41,0.41,different-party
11702,20375,KF,DD,67,16,0.23880597014925373,different-party
11702,20376,KF,DD,116,49,0.4224137931034483,different-party
11702,20377,KF,M,43,40,0.9302325581395349,different-party
11702,20378,KF,M,124,118,0.9516129032258065,different-party
11702,20379,KF,M,0,0,,different-party
11702,20380,KF,M,10,6,0.6,different-party
11702,20381,KF,ALT,110,56,0.509090909090909,different-party
11702,20382,KF,M,17,12,0.7058823529411765,different-party
11702,20383,KF,UFG,23,18,0.782608695652174,different-party
11702,20384,KF,M,73,72,0.9863013698630136,different-party
11702,20385,KF,M,37,31,0.8378378378378378,different-party
11702,20386,KF,M,98,97,0.9897959183673469,different-party
11702,20388,KF,UFG,21,20,0.9523809523809523,different-party
11702,20389,KF,M,122,116,0.9508196721311475,different-party
11702,20390,KF,UFG,34,28,0.8235294117647058,different-party
11702,20391,KF,LA,125,86,0.688,different-party
11702,20392,KF,LA,19,13,0.6842105263157895,different-party
11702,20393,KF,LA,108,71,0.6574074074074074,different-party
11702,20394,KF,LA,115,78,0.6782608695652174,different-party
11702,20395,KF,LA,94,60,0.6382978723404256,different-party
11702,20396,KF,LA,69,42,0.6086956521739131,different-party
11702,20397,KF,LA,33,26,0.7878787878787878,different-party
11702,20398,KF,LA,114,77,0.6754385964912281,different-party
11702,20399,KF,LA,112,77,0.6875,different-party
11702,20400,KF,LA,119,80,0.6722689075630253,different-party
11702,20411,KF,EL,39,16,0.41025641025641024,different-party
11702,20415,KF,M,125,118,0.944,different-party
11702,20496,KF,M,103,98,0.9514563106796117,different-party
11702,20781,KF,S,118,112,0.9491525423728814,different-party
11702,20798,KF,SF,116,72,0.6206896551724138,different-party
11702,20820,KF,LA,54,43,0.7962962962962963,different-party
11702,20917,KF,KF,0,0,,same-party
11702,20925,KF,KF,116,116,1.0,same-party
11702,20930,KF,S,48,46,0.9583333333333334,different-party
11702,20962,KF,SF,49,32,0.6530612244897959,different-party
11702,20966,KF,KF,38,38,1.0,same-party
11702,21044,KF,S,125,118,0.944,different-party
11702,21083,KF,S,1,0,0.0,different-party
11702,21143,KF,S,114,109,0.956140350877193,different-party
11702,21159,KF,M,101,99,0.9801980198019802,different-party
11702,21168,KF,V,113,107,0.9469026548672567,different-party
11702,21186,KF,S,1,0,0.0,different-party
11702,21194,KF,KF,22,22,1.0,same-party
11702,21206,KF,N,0,0,,different-party
15757,15760,IA,S,0,0,,different-party
15757,15762,IA,S,0,0,,different-party
15757,15763,IA,DF,0,0,,different-party
15757,15770,IA,S,0,0,,different-party
15757,15774,IA,DD,0,0,,different-party
15757,15775,IA,ALT,0,0,,different-party
15757,15776,IA,S,0,0,,different-party
15757,15777,IA,EL,0,0,,different-party
15757,15779,IA,LA,0,0,,different-party
15757,15787,IA,S,0,0,,different-party
15757,15793,IA,KF,0,0,,different-party
15757,16180,IA,S,0,0,,different-party
15757,16351,IA,S,0,0,,different-party
15757,16503,IA,S,0,0,,different-party
15757,16582,IA,EL,0,0,,different-party
15757,16728,IA,SF,0,0,,different-party
15757,17141,IA,KF,0,0,,different-party
15757,17628,IA,SF,0,0,,different-party
15757,17629,IA,DD,0,0,,different-party
15757,18688,IA,N,0,0,,different-party
15757,18693,IA,EL,0,0,,different-party
15757,18694,IA,EL,0,0,,different-party
15757,18695,IA,V,0,0,,different-party
15757,18696,IA,V,0,0,,different-party
15757,18698,IA,V,0,0,,different-party
15757,18699,IA,V,0,0,,different-party
15757,18700,IA,V,0,0,,different-party
15757,18701,IA,V,0,0,,different-party
15757,18703,IA,LA,0,0,,different-party
15757,18704,IA,SF,0,0,,different-party
15757,18707,IA,SF,0,0,,different-party
15757,18708,IA,SF,0,0,,different-party
15757,18709,IA,SF,0,0,,different-party
15757,18713,IA,KF,0,0,,different-party
15757,18715,IA,S,0,0,,different-party
15757,18716,IA,S,0,0,,different-party
15757,18717,IA,S,0,0,,different-party
15757,18718,IA,S,0,0,,different-party
15757,18719,IA,S,0,0,,different-party
15757,18720,IA,S,0,0,,different-party
15757,18721,IA,DF,0,0,,different-party
15757,18722,IA,UFG,0,0,,different-party
15757,18723,IA,LA,0,0,,different-party
15757,18724,IA,UFG,0,0,,different-party
15757,18725,IA,RV,0,0,,different-party
15757,18726,IA,RV,0,0,,different-party
15757,18729,IA,RV,0,0,,different-party
15757,18882,IA,S,0,0,,different-party
15757,19000,IA,SF,0,0,,different-party
15757,19928,IA,S,0,0,,different-party
15757,20349,IA,SP,0,0,,different-party
15757,20350,IA,DF,0,0,,different-party
15757,20351,IA,ALT,0,0,,different-party
15757,20352,IA,ALT,0,0,,different-party
15757,20353,IA,ALT,0,0,,different-party
15757,20354,IA,UFG,0,0,,different-party
15757,20355,IA,DD,0,0,,different-party
15757,20356,IA,DF,0,0,,different-party
15757,20357,IA,KF,0,0,,different-party
15757,20358,IA,SF,0,0,,different-party
15757,20359,IA,SF,0,0,,different-party
15757,20360,IA,SF,0,0,,different-party
15757,20361,IA,S,0,0,,different-party
15757,20362,IA,S,0,0,,different-party
15757,20363,IA,S,0,0,,different-party
15757,20364,IA,S,0,0,,different-party
15757,20365,IA,S,0,0,,different-party
15757,20366,IA,S,0,0,,different-party
15757,20367,IA,S,0,0,,different-party
15757,20368,IA,S,0,0,,different-party
15757,20369,IA,KF,0,0,,different-party
15757,20370,IA,ALT,0,0,,different-party
15757,20371,IA,V,0,0,,different-party
15757,20372,IA,DD,0,0,,different-party
15757,20373,IA,DD,0,0,,different-party
15757,20374,IA,DD,0,0,,different-party
15757,20375,IA,DD,0,0,,different-party
15757,20376,IA,DD,0,0,,different-party
15757,20377,IA,M,0,0,,different-party
15757,20378,IA,M,0,0,,different-party
15757,20379,IA,M,0,0,,different-party
15757,20380,IA,M,0,0,,different-party
15757,20381,IA,ALT,0,0,,different-party
15757,20382,IA,M,0,0,,different-party
15757,20383,IA,UFG,0,0,,different-party
15757,20384,IA,M,0,0,,different-party
15757,20385,IA,M,0,0,,different-party
15757,20386,IA,M,0,0,,different-party
15757,20388,IA,UFG,0,0,,different-party
15757,20389,IA,M,0,0,,different-party
15757,20390,IA,UFG,0,0,,different-party
15757,20391,IA,LA,0,0,,different-party
15757,20392,IA,LA,0,0,,different-party
15757,20393,IA,LA,0,0,,different-party
15757,20394,IA,LA,0,0,,different-party
15757,20395,IA,LA,0,0,,different-party
15757,20396,IA,LA,0,0,,different-party
15757,20397,IA,LA,0,0,,different-party
15757,20398,IA,LA,0,0,,different-party
15757,20399,IA,LA,0,0,,different-party
15757,20400,IA,LA,0,0,,different-party
15757,20411,IA,EL,0,0,,different-party
15757,20415,IA,M,0,0,,different-party
15757,20496,IA,M,0,0,,different-party
15757,20781,IA,S,0,0,,different-party
15757,20798,IA,SF,0,0,,different-party
15757,20820,IA,LA,0,0,,different-party
15757,20917,IA,KF,0,0,,different-party
15757,20925,IA,KF,0,0,,different-party
15757,20930,IA,S,0,0,,different-party
15757,20962,IA,SF,0,0,,different-party
15757,20966,IA,KF,0,0,,different-party
15757,21044,IA,S,0,0,,different-party
15757,21083,IA,S,0,0,,different-party
15757,21143,IA,S,0,0,,different-party
15757,21159,IA,M,0,0,,different-party
15757,21168,IA,V,0,0,,different-party
15757,21186,IA,S,0,0,,different-party
15757,21194,IA,KF,0,0,,different-party
15757,21206,IA,N,0,0,,different-party
15760,15762,S,S,33,33,1.0,same-party
15760,15763,S,DF,52,29,0.5576923076923077,different-party
15760,15770,S,S,33,33,1.0,same-party
15760,15774,S,DD,21,10,0.47619047619047616,different-party
15760,15775,S,ALT,8,6,0.75,different-party
15760,15776,S,S,63,63,1.0,same-party
15760,15777,S,EL,11,7,0.6363636363636364,different-party
15760,15779,S,LA,48,34,0.7083333333333334,different-party
15760,15787,S,S,45,45,1.0,same-party
15760,15793,S,KF,29,24,0.8275862068965517,different-party
15760,16180,S,S,40,40,1.0,same-party
15760,16351,S,S,61,61,1.0,same-party
15760,16503,S,S,21,21,1.0,same-party
15760,16582,S,EL,64,37,0.578125,different-party
15760,16728,S,SF,20,14,0.7,different-party
15760,17141,S,KF,22,19,0.8636363636363636,different-party
15760,17628,S,SF,13,9,0.6923076923076923,different-party
15760,17629,S,DD,43,32,0.7441860465116279,different-party
15760,18688,S,N,0,0,,different-party
15760,18693,S,EL,44,27,0.6136363636363636,different-party
15760,18694,S,EL,60,36,0.6,different-party
15760,18695,S,V,58,58,1.0,different-party
15760,18696,S,V,37,37,1.0,different-party
15760,18698,S,V,43,43,1.0,different-party
15760,18699,S,V,58,58,1.0,different-party
15760,18700,S,V,28,28,1.0,different-party
15760,18701,S,V,19,19,1.0,different-party
15760,18703,S,LA,1,0,0.0,different-party
15760,18704,S,SF,39,32,0.8205128205128205,different-party
15760,18707,S,SF,53,40,0.7547169811320755,different-party
15760,18708,S,SF,9,9,1.0,different-party
15760,18709,S,SF,28,19,0.6785714285714286,different-party
15760,18713,S,KF,35,31,0.8857142857142857,different-party
15760,18715,S,S,48,48,1.0,same-party
15760,18716,S,S,48,48,1.0,same-party
15760,18717,S,S,57,57,1.0,same-party
15760,18718,S,S,58,58,1.0,same-party
15760,18719,S,S,32,32,1.0,same-party
15760,18720,S,S,53,53,1.0,same-party
15760,18721,S,DF,51,29,0.5686274509803921,different-party
15760,18722,S,UFG,0,0,,different-party
15760,18723,S,LA,24,17,0.7083333333333334,different-party
15760,18724,S,UFG,54,22,0.4074074074074074,different-party
15760,18725,S,RV,41,36,0.8780487804878049,different-party
15760,18726,S,RV,62,52,0.8387096774193549,different-party
15760,18729,S,RV,64,52,0.8125,different-party
15760,18882,S,S,25,25,1.0,same-party
15760,19000,S,SF,54,40,0.7407407407407407,different-party
15760,19928,S,S,40,40,1.0,same-party
15760,20349,S,SP,0,0,,different-party
15760,20350,S,DF,31,19,0.6129032258064516,different-party
15760,20351,S,ALT,1,0,0.0,different-party
15760,20352,S,ALT,44,27,0.6136363636363636,different-party
15760,20353,S,ALT,26,18,0.6923076923076923,different-party
15760,20354,S,UFG,4,0,0.0,different-party
15760,20355,S,DD,54,35,0.6481481481481481,different-party
15760,20356,S,DF,41,23,0.5609756097560976,different-party
15760,20357,S,KF,45,37,0.8222222222222222,different-party
15760,20358,S,SF,0,0,,different-party
15760,20359,S,SF,57,41,0.7192982456140351,different-party
15760,20360,S,SF,60,44,0.7333333333333333,different-party
15760,20361,S,S,15,15,1.0,same-party
15760,20362,S,S,54,54,1.0,same-party
15760,20363,S,S,55,55,1.0,same-party
15760,20364,S,S,49,49,1.0,same-party
15760,20365,S,S,55,55,1.0,same-party
15760,20366,S,S,27,27,1.0,same-party
15760,20367,S,S,62,62,1.0,same-party
15760,20368,S,S,40,40,1.0,same-party
15760,20369,S,KF,53,44,0.8301886792452831,different-party
15760,20370,S,ALT,50,36,0.72,different-party
15760,20371,S,V,64,64,1.0,different-party
15760,20372,S,DD,31,25,0.8064516129032258,different-party
15760,20373,S,DD,47,30,0.6382978723404256,different-party
15760,20374,S,DD,41,27,0.6585365853658537,different-party
15760,20375,S,DD,14,10,0.7142857142857143,different-party
15760,20376,S,DD,55,33,0.6,different-party
15760,20377,S,M,54,54,1.0,different-party
15760,20378,S,M,62,62,1.0,different-party
15760,20379,S,M,0,0,,different-party
15760,20380,S,M,10,10,1.0,different-party
15760,20381,S,ALT,45,30,0.6666666666666666,different-party
15760,20382,S,M,18,18,1.0,different-party
15760,20383,S,UFG,17,12,0.7058823529411765,different-party
15760,20384,S,M,9,9,1.0,different-party
15760,20385,S,M,45,45,1.0,different-party
15760,20386,S,M,35,34,0.9714285714285714,different-party
15760,20388,S,UFG,12,11,0.9166666666666666,different-party
15760,20389,S,M,51,51,1.0,different-party
15760,20390,S,UFG,35,22,0.6285714285714286,different-party
15760,20391,S,LA,62,42,0.6774193548387096,different-party
15760,20392,S,LA,22,15,0.6818181818181818,different-party
15760,20393,S,LA,34,23,0.6764705882352942,different-party
15760,20394,S,LA,46,33,0.717391304347826,different-party
15760,20395,S,LA,32,22,0.6875,different-party
15760,20396,S,LA,17,10,0.5882352941176471,different-party
15760,20397,S,LA,34,25,0.7352941176470589,different-party
15760,20398,S,LA,49,33,0.673469387755102,different-party
15760,20399,S,LA,51,35,0.6862745098039216,different-party
15760,20400,S,LA,64,44,0.6875,different-party
15760,20411,S,EL,34,17,0.5,different-party
15760,20415,S,M,60,60,1.0,different-party
15760,20496,S,M,41,41,1.0,different-party
15760,20781,S,S,55,55,1.0,same-party
15760,20798,S,SF,61,46,0.7540983606557377,different-party
15760,20820,S,LA,55,39,0.7090909090909091,different-party
15760,20917,S,KF,4,2,0.5,different-party
15760,20925,S,KF,55,48,0.8727272727272727,different-party
15760,20930,S,S,37,37,1.0,same-party
15760,20962,S,SF,51,39,0.7647058823529411,different-party
15760,20966,S,KF,39,30,0.7692307692307693,different-party
15760,21044,S,S,64,64,1.0,same-party
15760,21083,S,S,2,2,1.0,same-party
15760,21143,S,S,50,50,1.0,same-party
15760,21159,S,M,44,44,1.0,different-party
15760,21168,S,V,42,42,1.0,different-party
15760,21186,S,S,2,2,1.0,same-party
15760,21194,S,KF,30,24,0.8,different-party
15760,21206,S,N,0,0,,different-party
15762,15763,S,DF,110,36,0.32727272727272727,different-party
15762,15770,S,S,37,37,1.0,same-party
15762,15774,S,DD,47,25,0.5319148936170213,different-party
15762,15775,S,ALT,79,40,0.5063291139240507,different-party
15762,15776,S,S,44,44,1.0,same-party
15762,15777,S,EL,76,35,0.4605263157894737,different-party
15762,15779,S,LA,29,18,0.6206896551724138,different-party
15762,15787,S,S,110,110,1.0,same-party
15762,15793,S,KF,79,73,0.9240506329113924,different-party
15762,16180,S,S,44,44,1.0,same-party
15762,16351,S,S,130,130,1.0,same-party
15762,16503,S,S,14,14,1.0,same-party
15762,16582,S,EL,131,69,0.5267175572519084,different-party
15762,16728,S,SF,101,65,0.6435643564356436,different-party
15762,17141,S,KF,85,83,0.9764705882352941,different-party
15762,17628,S,SF,4,4,1.0,different-party
15762,17629,S,DD,38,25,0.6578947368421053,different-party
15762,18688,S,N,0,0,,different-party
15762,18693,S,EL,36,24,0.6666666666666666,different-party
15762,18694,S,EL,128,69,0.5390625,different-party
15762,18695,S,V,118,118,1.0,different-party
15762,18696,S,V,50,50,1.0,different-party
15762,18698,S,V,48,48,1.0,different-party
15762,18699,S,V,129,129,1.0,different-party
15762,18700,S,V,41,41,1.0,different-party
15762,18701,S,V,14,14,1.0,different-party
15762,18703,S,LA,1,0,0.0,different-party
15762,18704,S,SF,60,48,0.8,different-party
15762,18707,S,SF,131,89,0.6793893129770993,different-party
15762,18708,S,SF,101,67,0.6633663366336634,different-party
15762,18709,S,SF,76,44,0.5789473684210527,different-party
15762,18713,S,KF,97,88,0.9072164948453608,different-party
15762,18715,S,S,49,49,1.0,same-party
15762,18716,S,S,40,40,1.0,same-party
15762,18717,S,S,104,104,1.0,same-party
15762,18718,S,S,128,128,1.0,same-party
15762,18719,S,S,104,104,1.0,same-party
15762,18720,S,S,123,123,1.0,same-party
15762,18721,S,DF,64,35,0.546875,different-party
15762,18722,S,UFG,0,0,,different-party
15762,18723,S,LA,37,29,0.7837837837837838,different-party
15762,18724,S,UFG,65,24,0.36923076923076925,different-party
15762,18725,S,RV,111,96,0.8648648648648649,different-party
15762,18726,S,RV,51,46,0.9019607843137255,different-party
15762,18729,S,RV,108,92,0.8518518518518519,different-party
15762,18882,S,S,16,16,1.0,same-party
15762,19000,S,SF,67,53,0.7910447761194029,different-party
15762,19928,S,S,118,118,1.0,same-party
15762,20349,S,SP,68,68,1.0,different-party
15762,20350,S,DF,13,8,0.6153846153846154,different-party
15762,20351,S,ALT,1,0,0.0,different-party
15762,20352,S,ALT,100,51,0.51,different-party
15762,20353,S,ALT,24,18,0.75,different-party
15762,20354,S,UFG,4,0,0.0,different-party
15762,20355,S,DD,58,34,0.5862068965517241,different-party
15762,20356,S,DF,121,44,0.36363636363636365,different-party
15762,20357,S,KF,42,37,0.8809523809523809,different-party
15762,20358,S,SF,3,2,0.6666666666666666,different-party
15762,20359,S,SF,126,84,0.6666666666666666,different-party
15762,20360,S,SF,54,44,0.8148148148148148,different-party
15762,20361,S,S,6,6,1.0,same-party
15762,20362,S,S,127,127,1.0,same-party
15762,20363,S,S,124,124,1.0,same-party
15762,20364,S,S,127,127,1.0,same-party
15762,20365,S,S,113,113,1.0,same-party
15762,20366,S,S,21,21,1.0,same-party
15762,20367,S,S,131,131,1.0,same-party
15762,20368,S,S,109,109,1.0,same-party
15762,20369,S,KF,114,109,0.956140350877193,different-party
15762,20370,S,ALT,54,39,0.7222222222222222,different-party
15762,20371,S,V,110,110,1.0,different-party
15762,20372,S,DD,12,5,0.4166666666666667,different-party
15762,20373,S,DD,23,10,0.43478260869565216,different-party
15762,20374,S,DD,99,34,0.3434343434343434,different-party
15762,20375,S,DD,96,33,0.34375,different-party
15762,20376,S,DD,133,53,0.39849624060150374,different-party
15762,20377,S,M,62,62,1.0,different-party
15762,20378,S,M,131,131,1.0,different-party
15762,20379,S,M,0,0,,different-party
15762,20380,S,M,1,1,1.0,different-party
15762,20381,S,ALT,117,65,0.5555555555555556,different-party
15762,20382,S,M,9,9,1.0,different-party
15762,20383,S,UFG,39,33,0.8461538461538461,different-party
15762,20384,S,M,83,83,1.0,different-party
15762,20385,S,M,40,40,1.0,different-party
15762,20386,S,M,86,85,0.9883720930232558,different-party
15762,20388,S,UFG,38,35,0.9210526315789473,different-party
15762,20389,S,M,130,130,1.0,different-party
15762,20390,S,UFG,41,27,0.6585365853658537,different-party
15762,20391,S,LA,104,65,0.625,different-party
15762,20392,S,LA,30,25,0.8333333333333334,different-party
15762,20393,S,LA,124,82,0.6612903225806451,different-party
15762,20394,S,LA,113,75,0.6637168141592921,different-party
15762,20395,S,LA,110,72,0.6545454545454545,different-party
15762,20396,S,LA,79,45,0.569620253164557,different-party
15762,20397,S,LA,35,22,0.6285714285714286,different-party
15762,20398,S,LA,123,80,0.6504065040650406,different-party
15762,20399,S,LA,100,60,0.6,different-party
15762,20400,S,LA,131,85,0.648854961832061,different-party
15762,20411,S,EL,47,29,0.6170212765957447,different-party
15762,20415,S,M,132,132,1.0,different-party
15762,20496,S,M,110,110,1.0,different-party
15762,20781,S,S,125,125,1.0,same-party
15762,20798,S,SF,128,87,0.6796875,different-party
15762,20820,S,LA,63,46,0.7301587301587301,different-party
15762,20917,S,KF,1,0,0.0,different-party
15762,20925,S,KF,132,121,0.9166666666666666,different-party
15762,20930,S,S,65,65,1.0,same-party
15762,20962,S,SF,57,48,0.8421052631578947,different-party
15762,20966,S,KF,50,39,0.78,different-party
15762,21044,S,S,133,133,1.0,same-party
15762,21083,S,S,2,2,1.0,same-party
15762,21143,S,S,94,94,1.0,same-party
15762,21159,S,M,122,122,1.0,different-party
15762,21168,S,V,110,110,1.0,different-party
15762,21186,S,S,2,2,1.0,same-party
15762,21194,S,KF,34,26,0.7647058823529411,different-party
15762,21206,S,N,0,0,,different-party
15763,15770,DF,S,27,15,0.5555555555555556,different-party
15763,15774,DF,DD,27,16,0.5925925925925926,different-party
15763,15775,DF,ALT,80,26,0.325,different-party
15763,15776,DF,S,60,32,0.5333333333333333,different-party
15763,15777,DF,EL,73,22,0.3013698630136986,different-party
15763,15779,DF,LA,45,32,0.7111111111111111,different-party
15763,15787,DF,S,113,42,0.37168141592920356,different-party
15763,15793,DF,KF,95,33,0.3473684210526316,different-party
15763,16180,DF,S,40,20,0.5,different-party
15763,16351,DF,S,130,49,0.3769230769230769,different-party
15763,16503,DF,S,20,11,0.55,different-party
15763,16582,DF,EL,127,43,0.33858267716535434,different-party
15763,16728,DF,SF,92,28,0.30434782608695654,different-party
15763,17141,DF,KF,89,27,0.30337078651685395,different-party
15763,17628,DF,SF,13,5,0.38461538461538464,different-party
15763,17629,DF,DD,34,24,0.7058823529411765,different-party
15763,18688,DF,N,0,0,,different-party
15763,18693,DF,EL,39,15,0.38461538461538464,different-party
15763,18694,DF,EL,128,42,0.328125,different-party
15763,18695,DF,V,118,43,0.3644067796610169,different-party
15763,18696,DF,V,41,25,0.6097560975609756,different-party
15763,18698,DF,V,34,18,0.5294117647058824,different-party
15763,18699,DF,V,129,48,0.37209302325581395,different-party
15763,18700,DF,V,28,15,0.5357142857142857,different-party
15763,18701,DF,V,25,16,0.64,different-party
15763,18703,DF,LA,1,1,1.0,different-party
15763,18704,DF,SF,51,25,0.49019607843137253,different-party
15763,18707,DF,SF,131,44,0.33587786259541985,different-party
15763,18708,DF,SF,81,26,0.32098765432098764,different-party
15763,18709,DF,SF,90,24,0.26666666666666666,different-party
15763,18713,DF,KF,107,39,0.3644859813084112,different-party
15763,18715,DF,S,36,20,0.5555555555555556,different-party
15763,18716,DF,S,36,22,0.6111111111111112,different-party
15763,18717,DF,S,127,48,0.3779527559055118,different-party
15763,18718,DF,S,128,51,0.3984375,different-party
15763,18719,DF,S,105,39,0.37142857142857144,different-party
15763,18720,DF,S,126,47,0.373015873015873,different-party
15763,18721,DF,DF,54,54,1.0,same-party
15763,18722,DF,UFG,0,0,,different-party
15763,18723,DF,LA,18,16,0.8888888888888888,different-party
15763,18724,DF,UFG,53,38,0.7169811320754716,different-party
15763,18725,DF,RV,122,38,0.3114754098360656,different-party
15763,18726,DF,RV,50,25,0.5,different-party
15763,18729,DF,RV,127,36,0.28346456692913385,different-party
15763,18882,DF,S,25,16,0.64,different-party
15763,19000,DF,SF,57,26,0.45614035087719296,different-party
15763,19928,DF,S,109,38,0.3486238532110092,different-party
15763,20349,DF,SP,72,19,0.2638888888888889,different-party
15763,20350,DF,DF,19,19,1.0,same-party
15763,20351,DF,ALT,1,1,1.0,different-party
15763,20352,DF,ALT,113,34,0.3008849557522124,different-party
15763,20353,DF,ALT,14,6,0.42857142857142855,different-party
15763,20354,DF,UFG,4,2,0.5,different-party
15763,20355,DF,DD,48,33,0.6875,different-party
15763,20356,DF,DF,122,122,1.0,same-party
15763,20357,DF,KF,42,29,0.6904761904761905,different-party
15763,20358,DF,SF,0,0,,different-party
15763,20359,DF,SF,126,39,0.30952380952380953,different-party
15763,20360,DF,SF,54,22,0.4074074074074074,different-party
15763,20361,DF,S,15,8,0.5333333333333333,different-party
15763,20362,DF,S,121,46,0.38016528925619836,different-party
15763,20363,DF,S,124,44,0.3548387096774194,different-party
15763,20364,DF,S,118,41,0.3474576271186441,different-party
15763,20365,DF,S,133,51,0.38345864661654133,different-party
15763,20366,DF,S,27,16,0.5925925925925926,different-party
15763,20367,DF,S,131,50,0.3816793893129771,different-party
15763,20368,DF,S,100,36,0.36,different-party
15763,20369,DF,KF,117,47,0.4017094017094017,different-party
15763,20370,DF,ALT,50,19,0.38,different-party
15763,20371,DF,V,133,51,0.38345864661654133,different-party
15763,20372,DF,DD,32,22,0.6875,different-party
15763,20373,DF,DD,43,28,0.6511627906976745,different-party
15763,20374,DF,DD,101,73,0.7227722772277227,different-party
15763,20375,DF,DD,86,64,0.7441860465116279,different-party
15763,20376,DF,DD,133,96,0.7218045112781954,different-party
15763,20377,DF,M,51,27,0.5294117647058824,different-party
15763,20378,DF,M,131,51,0.3893129770992366,different-party
15763,20379,DF,M,0,0,,different-party
15763,20380,DF,M,10,5,0.5,different-party
15763,20381,DF,ALT,117,41,0.3504273504273504,different-party
15763,20382,DF,M,18,9,0.5,different-party
15763,20383,DF,UFG,23,17,0.7391304347826086,different-party
15763,20384,DF,M,83,21,0.25301204819277107,different-party
15763,20385,DF,M,36,22,0.6111111111111112,different-party
15763,20386,DF,M,97,33,0.3402061855670103,different-party
15763,20388,DF,UFG,19,10,0.5263157894736842,different-party
15763,20389,DF,M,120,43,0.35833333333333334,different-party
15763,20390,DF,UFG,41,25,0.6097560975609756,different-party
15763,20391,DF,LA,124,75,0.6048387096774194,different-party
15763,20392,DF,LA,19,13,0.6842105263157895,different-party
15763,20393,DF,LA,115,65,0.5652173913043478,different-party
15763,20394,DF,LA,106,61,0.5754716981132075,different-party
15763,20395,DF,LA,113,67,0.5929203539823009,different-party
15763,20396,DF,LA,89,47,0.5280898876404494,different-party
15763,20397,DF,LA,32,23,0.71875,different-party
15763,20398,DF,LA,121,73,0.6033057851239669,different-party
15763,20399,DF,LA,120,70,0.5833333333333334,different-party
15763,20400,DF,LA,127,75,0.5905511811023622,different-party
15763,20411,DF,EL,40,14,0.35,different-party
15763,20415,DF,M,132,51,0.38636363636363635,different-party
15763,20496,DF,M,110,39,0.35454545454545455,different-party
15763,20781,DF,S,125,45,0.36,different-party
15763,20798,DF,SF,124,42,0.3387096774193548,different-party
15763,20820,DF,LA,61,47,0.7704918032786885,different-party
15763,20917,DF,KF,1,1,1.0,different-party
15763,20925,DF,KF,124,50,0.4032258064516129,different-party
15763,20930,DF,S,46,24,0.5217391304347826,different-party
15763,20962,DF,SF,57,23,0.40350877192982454,different-party
15763,20966,DF,KF,36,26,0.7222222222222222,different-party
15763,21044,DF,S,133,51,0.38345864661654133,different-party
15763,21083,DF,S,2,0,0.0,different-party
15763,21143,DF,S,114,40,0.3508771929824561,different-party
15763,21159,DF,M,115,41,0.3565217391304348,different-party
15763,21168,DF,V,120,43,0.35833333333333334,different-party
15763,21186,DF,S,2,0,0.0,different-party
15763,21194,DF,KF,30,21,0.7,different-party
15763,21206,DF,N,0,0,,different-party
15770,15774,S,DD,32,18,0.5625,different-party
15770,15775,S,ALT,11,3,0.2727272727272727,different-party
15770,15776,S,S,35,35,1.0,same-party
15770,15777,S,EL,11,6,0.5454545454545454,different-party
15770,15779,S,LA,32,24,0.75,different-party
15770,15787,S,S,55,55,1.0,same-party
15770,15793,S,KF,22,18,0.8181818181818182,different-party
15770,16180,S,S,50,50,1.0,same-party
15770,16351,S,S,62,62,1.0,same-party
15770,16503,S,S,21,21,1.0,same-party
15770,16582,S,EL,56,31,0.5535714285714286,different-party
15770,16728,S,SF,39,28,0.717948717948718,different-party
15770,17141,S,KF,13,11,0.8461538461538461,different-party
15770,17628,S,SF,13,9,0.6923076923076923,different-party
15770,17629,S,DD,44,33,0.75,different-party
15770,18688,S,N,0,0,,different-party
15770,18693,S,EL,54,30,0.5555555555555556,different-party
15770,18694,S,EL,61,33,0.5409836065573771,different-party
15770,18695,S,V,62,62,1.0,different-party
15770,18696,S,V,56,56,1.0,different-party
15770,18698,S,V,51,51,1.0,different-party
15770,18699,S,V,59,59,1.0,different-party
15770,18700,S,V,38,38,1.0,different-party
15770,18701,S,V,15,15,1.0,different-party
15770,18703,S,LA,1,0,0.0,different-party
15770,18704,S,SF,37,28,0.7567567567567568,different-party
15770,18707,S,SF,51,36,0.7058823529411765,different-party
15770,18708,S,SF,23,21,0.9130434782608695,different-party
15770,18709,S,SF,23,12,0.5217391304347826,different-party
15770,18713,S,KF,7,5,0.7142857142857143,different-party
15770,18715,S,S,40,40,1.0,same-party
15770,18716,S,S,52,52,1.0,same-party
15770,18717,S,S,35,35,1.0,same-party
15770,18718,S,S,56,56,1.0,same-party
15770,18719,S,S,20,20,1.0,same-party
15770,18720,S,S,48,48,1.0,same-party
15770,18721,S,DF,53,31,0.5849056603773585,different-party
15770,18722,S,UFG,0,0,,different-party
15770,18723,S,LA,50,42,0.84,different-party
15770,18724,S,UFG,47,17,0.3617021276595745,different-party
15770,18725,S,RV,19,16,0.8421052631578947,different-party
15770,18726,S,RV,51,43,0.8431372549019608,different-party
15770,18729,S,RV,33,24,0.7272727272727273,different-party
15770,18882,S,S,16,16,1.0,same-party
15770,19000,S,SF,62,44,0.7096774193548387,different-party
15770,19928,S,S,44,44,1.0,same-party
15770,20349,S,SP,6,6,1.0,different-party
15770,20350,S,DF,25,13,0.52,different-party
15770,20351,S,ALT,1,0,0.0,different-party
15770,20352,S,ALT,38,20,0.5263157894736842,different-party
15770,20353,S,ALT,33,24,0.7272727272727273,different-party
15770,20354,S,UFG,6,0,0.0,different-party
15770,20355,S,DD,62,43,0.6935483870967742,different-party
15770,20356,S,DF,41,25,0.6097560975609756,different-party
15770,20357,S,KF,55,49,0.8909090909090909,different-party
15770,20358,S,SF,3,2,0.6666666666666666,different-party
15770,20359,S,SF,62,44,0.7096774193548387,different-party
15770,20360,S,SF,58,40,0.6896551724137931,different-party
15770,20361,S,S,15,15,1.0,same-party
15770,20362,S,S,49,49,1.0,same-party
15770,20363,S,S,62,62,1.0,same-party
15770,20364,S,S,53,53,1.0,same-party
15770,20365,S,S,33,33,1.0,same-party
15770,20366,S,S,21,21,1.0,same-party
15770,20367,S,S,60,60,1.0,same-party
15770,20368,S,S,50,50,1.0,same-party
15770,20369,S,KF,48,41,0.8541666666666666,different-party
15770,20370,S,ALT,42,28,0.6666666666666666,different-party
15770,20371,S,V,39,39,1.0,different-party
15770,20372,S,DD,30,25,0.8333333333333334,different-party
15770,20373,S,DD,37,24,0.6486486486486487,different-party
15770,20374,S,DD,54,38,0.7037037037037037,different-party
15770,20375,S,DD,24,17,0.7083333333333334,different-party
15770,20376,S,DD,53,34,0.6415094339622641,different-party
15770,20377,S,M,44,44,1.0,different-party
15770,20378,S,M,60,60,1.0,different-party
15770,20379,S,M,0,0,,different-party
15770,20380,S,M,10,10,1.0,different-party
15770,20381,S,ALT,55,32,0.5818181818181818,different-party
15770,20382,S,M,18,18,1.0,different-party
15770,20383,S,UFG,34,31,0.9117647058823529,different-party
15770,20384,S,M,11,11,1.0,different-party
15770,20385,S,M,49,49,1.0,different-party
15770,20386,S,M,22,22,1.0,different-party
15770,20388,S,UFG,38,36,0.9473684210526315,different-party
15770,20389,S,M,62,62,1.0,different-party
15770,20390,S,UFG,48,38,0.7916666666666666,different-party
15770,20391,S,LA,40,30,0.75,different-party
15770,20392,S,LA,36,28,0.7777777777777778,different-party
15770,20393,S,LA,41,34,0.8292682926829268,different-party
15770,20394,S,LA,57,47,0.8245614035087719,different-party
15770,20395,S,LA,42,35,0.8333333333333334,different-party
15770,20396,S,LA,4,2,0.5,different-party
15770,20397,S,LA,19,15,0.7894736842105263,different-party
15770,20398,S,LA,56,46,0.8214285714285714,different-party
15770,20399,S,LA,35,28,0.8,different-party
15770,20400,S,LA,56,44,0.7857142857142857,different-party
15770,20411,S,EL,48,25,0.5208333333333334,different-party
15770,20415,S,M,58,58,1.0,different-party
15770,20496,S,M,45,45,1.0,different-party
15770,20781,S,S,60,60,1.0,same-party
15770,20798,S,SF,56,42,0.75,different-party
15770,20820,S,LA,56,47,0.8392857142857143,different-party
15770,20917,S,KF,4,2,0.5,different-party
15770,20925,S,KF,52,47,0.9038461538461539,different-party
15770,20930,S,S,45,45,1.0,same-party
15770,20962,S,SF,49,35,0.7142857142857143,different-party
15770,20966,S,KF,53,45,0.8490566037735849,different-party
15770,21044,S,S,62,62,1.0,same-party
15770,21083,S,S,2,2,1.0,same-party
15770,21143,S,S,37,37,1.0,same-party
15770,21159,S,M,38,38,1.0,different-party
15770,21168,S,V,33,33,1.0,different-party
15770,21186,S,S,2,2,1.0,same-party
15770,21194,S,KF,43,37,0.8604651162790697,different-party
15770,21206,S,N,0,0,,different-party
15774,15775,DD,ALT,8,6,0.75,different-party
15774,15776,DD,S,29,14,0.4827586206896552,different-party
15774,15777,DD,EL,11,5,0.45454545454545453,different-party
15774,15779,DD,LA,29,22,0.7586206896551724,different-party
15774,15787,DD,S,45,25,0.5555555555555556,different-party
15774,15793,DD,KF,10,8,0.8,different-party
15774,16180,DD,S,42,22,0.5238095238095238,different-party
15774,16351,DD,S,47,26,0.5531914893617021,different-party
15774,16503,DD,S,11,3,0.2727272727272727,different-party
15774,16582,DD,EL,50,33,0.66,different-party
15774,16728,DD,SF,30,22,0.7333333333333333,different-party
15774,17141,DD,KF,7,6,0.8571428571428571,different-party
15774,17628,DD,SF,4,1,0.25,different-party
15774,17629,DD,DD,20,20,1.0,same-party
15774,18688,DD,N,0,0,,different-party
15774,18693,DD,EL,36,25,0.6944444444444444,different-party
15774,18694,DD,EL,46,28,0.6086956521739131,different-party
15774,18695,DD,V,35,20,0.5714285714285714,different-party
15774,18696,DD,V,47,26,0.5531914893617021,different-party
15774,18698,DD,V,30,17,0.5666666666666667,different-party
15774,18699,DD,V,44,23,0.5227272727272727,different-party
15774,18700,DD,V,41,23,0.5609756097560976,different-party
15774,18701,DD,V,9,3,0.3333333333333333,different-party
15774,18703,DD,LA,1,1,1.0,different-party
15774,18704,DD,SF,43,33,0.7674418604651163,different-party
15774,18707,DD,SF,48,36,0.75,different-party
15774,18708,DD,SF,38,28,0.7368421052631579,different-party
15774,18709,DD,SF,9,5,0.5555555555555556,different-party
15774,18713,DD,KF,19,15,0.7894736842105263,different-party
15774,18715,DD,S,34,23,0.6764705882352942,different-party
15774,18716,DD,S,40,24,0.6,different-party
15774,18717,DD,S,24,12,0.5,different-party
15774,18718,DD,S,47,26,0.5531914893617021,different-party
15774,18719,DD,S,29,14,0.4827586206896552,different-party
15774,18720,DD,S,40,24,0.6,different-party
15774,18721,DD,DF,47,31,0.6595744680851063,different-party
15774,18722,DD,UFG,0,0,,different-party
15774,18723,DD,LA,35,25,0.7142857142857143,different-party
15774,18724,DD,UFG,49,33,0.673469387755102,different-party
15774,18725,DD,RV,25,15,0.6,different-party
15774,18726,DD,RV,39,28,0.717948717948718,different-party
15774,18729,DD,RV,30,19,0.6333333333333333,different-party
15774,18882,DD,S,16,7,0.4375,different-party
15774,19000,DD,SF,50,36,0.72,different-party
15774,19928,DD,S,35,20,0.5714285714285714,different-party
15774,20349,DD,SP,0,0,,different-party
15774,20350,DD,DF,13,6,0.46153846153846156,different-party
15774,20351,DD,ALT,1,1,1.0,different-party
15774,20352,DD,ALT,20,13,0.65,different-party
15774,20353,DD,ALT,27,19,0.7037037037037037,different-party
15774,20354,DD,UFG,4,2,0.5,different-party
15774,20355,DD,DD,41,41,1.0,same-party
15774,20356,DD,DF,35,25,0.7142857142857143,different-party
15774,20357,DD,KF,37,26,0.7027027027027027,different-party
15774,20358,DD,SF,0,0,,different-party
15774,20359,DD,SF,43,31,0.7209302325581395,different-party
15774,20360,DD,SF,37,29,0.7837837837837838,different-party
15774,20361,DD,S,6,1,0.16666666666666666,different-party
15774,20362,DD,S,47,27,0.574468085106383,different-party
15774,20363,DD,S,41,22,0.5365853658536586,different-party
15774,20364,DD,S,44,24,0.5454545454545454,different-party
15774,20365,DD,S,30,14,0.4666666666666667,different-party
15774,20366,DD,S,18,7,0.3888888888888889,different-party
15774,20367,DD,S,48,28,0.5833333333333334,different-party
15774,20368,DD,S,41,24,0.5853658536585366,different-party
15774,20369,DD,KF,39,27,0.6923076923076923,different-party
15774,20370,DD,ALT,36,23,0.6388888888888888,different-party
15774,20371,DD,V,30,14,0.4666666666666667,different-party
15774,20372,DD,DD,10,10,1.0,same-party
15774,20373,DD,DD,19,19,1.0,same-party
15774,20374,DD,DD,34,34,1.0,same-party
15774,20375,DD,DD,33,33,1.0,same-party
15774,20376,DD,DD,50,50,1.0,same-party
15774,20377,DD,M,47,26,0.5531914893617021,different-party
15774,20378,DD,M,48,28,0.5833333333333334,different-party
15774,20379,DD,M,0,0,,different-party
15774,20380,DD,M,1,0,0.0,different-party
15774,20381,DD,ALT,46,31,0.6739130434782609,different-party
15774,20382,DD,M,9,1,0.1111111111111111,different-party
15774,20383,DD,UFG,37,25,0.6756756756756757,different-party
15774,20384,DD,M,18,7,0.3888888888888889,different-party
15774,20385,DD,M,37,21,0.5675675675675675,different-party
15774,20386,DD,M,1,0,0.0,different-party
15774,20388,DD,UFG,33,21,0.6363636363636364,different-party
15774,20389,DD,M,47,26,0.5531914893617021,different-party
15774,20390,DD,UFG,36,25,0.6944444444444444,different-party
15774,20391,DD,LA,19,14,0.7368421052631579,different-party
15774,20392,DD,LA,33,23,0.696969696969697,different-party
15774,20393,DD,LA,38,29,0.7631578947368421,different-party
15774,20394,DD,LA,33,23,0.696969696969697,different-party
15774,20395,DD,LA,42,30,0.7142857142857143,different-party
15774,20396,DD,LA,16,13,0.8125,different-party
15774,20397,DD,LA,20,16,0.8,different-party
15774,20398,DD,LA,37,26,0.7027027027027027,different-party
15774,20399,DD,LA,17,14,0.8235294117647058,different-party
15774,20400,DD,LA,50,37,0.74,different-party
15774,20411,DD,EL,30,19,0.6333333333333333,different-party
15774,20415,DD,M,46,25,0.5434782608695652,different-party
15774,20496,DD,M,27,19,0.7037037037037037,different-party
15774,20781,DD,S,41,22,0.5365853658536586,different-party
15774,20798,DD,SF,47,33,0.7021276595744681,different-party
15774,20820,DD,LA,43,31,0.7209302325581395,different-party
15774,20917,DD,KF,4,3,0.75,different-party
15774,20925,DD,KF,49,36,0.7346938775510204,different-party
15774,20930,DD,S,42,27,0.6428571428571429,different-party
15774,20962,DD,SF,37,26,0.7027027027027027,different-party
15774,20966,DD,KF,50,36,0.72,different-party
15774,21044,DD,S,50,28,0.56,different-party
15774,21083,DD,S,2,0,0.0,different-party
15774,21143,DD,S,8,1,0.125,different-party
15774,21159,DD,M,42,27,0.6428571428571429,different-party
15774,21168,DD,V,27,12,0.4444444444444444,different-party
15774,21186,DD,S,2,0,0.0,different-party
15774,21194,DD,KF,31,24,0.7741935483870968,different-party
15774,21206,DD,N,0,0,,different-party
15775,15776,ALT,S,10,7,0.7,different-party
15775,15777,ALT,EL,66,46,0.696969696969697,different-party
15775,15779,ALT,LA,10,7,0.7,different-party
15775,15787,ALT,S,79,40,0.5063291139240507,different-party
15775,15793,ALT,KF,70,34,0.4857142857142857,different-party
15775,16180,ALT,S,5,1,0.2,different-party
15775,16351,ALT,S,83,41,0.4939759036144578,different-party
15775,16503,ALT,S,4,1,0.25,different-party
15775,16582,ALT,EL,77,55,0.7142857142857143,different-party
15775,16728,ALT,SF,76,54,0.7105263157894737,different-party
15775,17141,ALT,KF,71,34,0.4788732394366197,different-party
15775,17628,ALT,SF,0,0,,different-party
15775,17629,ALT,DD,3,1,0.3333333333333333,different-party
15775,18688,ALT,N,0,0,,different-party
15775,18693,ALT,EL,13,11,0.8461538461538461,different-party
15775,18694,ALT,EL,81,58,0.7160493827160493,different-party
15775,18695,ALT,V,77,35,0.45454545454545453,different-party
15775,18696,ALT,V,16,9,0.5625,different-party
15775,18698,ALT,V,3,1,0.3333333333333333,different-party
15775,18699,ALT,V,82,41,0.5,different-party
15775,18700,ALT,V,3,1,0.3333333333333333,different-party
15775,18701,ALT,V,10,3,0.3,different-party
15775,18703,ALT,LA,1,1,1.0,different-party
15775,18704,ALT,SF,17,14,0.8235294117647058,different-party
15775,18707,ALT,SF,83,61,0.7349397590361446,different-party
15775,18708,ALT,SF,72,53,0.7361111111111112,different-party
15775,18709,ALT,SF,73,53,0.726027397260274,different-party
15775,18713,ALT,KF,73,36,0.4931506849315068,different-party
15775,18715,ALT,S,11,7,0.6363636363636364,different-party
15775,18716,ALT,S,10,7,0.7,different-party
15775,18717,ALT,S,78,40,0.5128205128205128,different-party
15775,18718,ALT,S,82,40,0.4878048780487805,different-party
15775,18719,ALT,S,77,37,0.4805194805194805,different-party
15775,18720,ALT,S,80,40,0.5,different-party
15775,18721,ALT,DF,17,10,0.5882352941176471,different-party
15775,18722,ALT,UFG,0,0,,different-party
15775,18723,ALT,LA,11,5,0.45454545454545453,different-party
15775,18724,ALT,UFG,11,5,0.45454545454545453,different-party
15775,18725,ALT,RV,81,48,0.5925925925925926,different-party
15775,18726,ALT,RV,6,5,0.8333333333333334,different-party
15775,18729,ALT,RV,74,46,0.6216216216216216,different-party
15775,18882,ALT,S,6,6,1.0,different-party
15775,19000,ALT,SF,17,14,0.8235294117647058,different-party
15775,19928,ALT,S,77,35,0.45454545454545453,different-party
15775,20349,ALT,SP,72,34,0.4722222222222222,different-party
15775,20350,ALT,DF,10,7,0.7,different-party
15775,20351,ALT,ALT,1,1,1.0,same-party
15775,20352,ALT,ALT,73,72,0.9863013698630136,same-party
15775,20353,ALT,ALT,1,1,1.0,same-party
15775,20354,ALT,UFG,1,1,1.0,different-party
15775,20355,ALT,DD,17,9,0.5294117647058824,different-party
15775,20356,ALT,DF,82,26,0.3170731707317073,different-party
15775,20357,ALT,KF,16,9,0.5625,different-party
15775,20358,ALT,SF,3,2,0.6666666666666666,different-party
15775,20359,ALT,SF,77,55,0.7142857142857143,different-party
15775,20360,ALT,SF,17,14,0.8235294117647058,different-party
15775,20361,ALT,S,0,0,,different-party
15775,20362,ALT,S,79,40,0.5063291139240507,different-party
15775,20363,ALT,S,77,35,0.45454545454545453,different-party
15775,20364,ALT,S,77,35,0.45454545454545453,different-party
15775,20365,ALT,S,83,41,0.4939759036144578,different-party
15775,20366,ALT,S,11,7,0.6363636363636364,different-party
15775,20367,ALT,S,82,41,0.5,different-party
15775,20368,ALT,S,83,41,0.4939759036144578,different-party
15775,20369,ALT,KF,73,35,0.4794520547945205,different-party
15775,20370,ALT,ALT,9,9,1.0,same-party
15775,20371,ALT,V,80,40,0.5,different-party
15775,20372,ALT,DD,9,3,0.3333333333333333,different-party
15775,20373,ALT,DD,17,9,0.5294117647058824,different-party
15775,20374,ALT,DD,73,20,0.273972602739726,different-party
15775,20375,ALT,DD,67,18,0.26865671641791045,different-party
15775,20376,ALT,DD,83,26,0.3132530120481928,different-party
15775,20377,ALT,M,10,7,0.7,different-party
15775,20378,ALT,M,81,41,0.5061728395061729,different-party
15775,20379,ALT,M,0,0,,different-party
15775,20380,ALT,M,0,0,,different-party
15775,20381,ALT,ALT,82,81,0.9878048780487805,same-party
15775,20382,ALT,M,2,0,0.0,different-party
15775,20383,ALT,UFG,13,7,0.5384615384615384,different-party
15775,20384,ALT,M,70,33,0.4714285714285714,different-party
15775,20385,ALT,M,10,7,0.7,different-party
15775,20386,ALT,M,75,34,0.4533333333333333,different-party
15775,20388,ALT,UFG,10,3,0.3,different-party
15775,20389,ALT,M,83,41,0.4939759036144578,different-party
15775,20390,ALT,UFG,16,6,0.375,different-party
15775,20391,ALT,LA,83,25,0.30120481927710846,different-party
15775,20392,ALT,LA,7,6,0.8571428571428571,different-party
15775,20393,ALT,LA,82,24,0.2926829268292683,different-party
15775,20394,ALT,LA,72,17,0.2361111111111111,different-party
15775,20395,ALT,LA,78,22,0.28205128205128205,different-party
15775,20396,ALT,LA,67,16,0.23880597014925373,different-party
15775,20397,ALT,LA,11,8,0.7272727272727273,different-party
15775,20398,ALT,LA,76,19,0.25,different-party
15775,20399,ALT,LA,77,20,0.2597402597402597,different-party
15775,20400,ALT,LA,77,23,0.2987012987012987,different-party
15775,20411,ALT,EL,7,6,0.8571428571428571,different-party
15775,20415,ALT,M,82,41,0.5,different-party
15775,20496,ALT,M,76,35,0.4605263157894737,different-party
15775,20781,ALT,S,76,35,0.4605263157894737,different-party
15775,20798,ALT,SF,77,57,0.7402597402597403,different-party
15775,20820,ALT,LA,16,9,0.5625,different-party
15775,20917,ALT,KF,1,1,1.0,different-party
15775,20925,ALT,KF,83,42,0.5060240963855421,different-party
15775,20930,ALT,S,22,14,0.6363636363636364,different-party
15775,20962,ALT,SF,16,13,0.8125,different-party
15775,20966,ALT,KF,11,8,0.7272727272727273,different-party
15775,21044,ALT,S,83,41,0.4939759036144578,different-party
15775,21083,ALT,S,2,0,0.0,different-party
15775,21143,ALT,S,77,35,0.45454545454545453,different-party
15775,21159,ALT,M,78,39,0.5,different-party
15775,21168,ALT,V,83,41,0.4939759036144578,different-party
15775,21186,ALT,S,2,0,0.0,different-party
15775,21194,ALT,KF,5,3,0.6,different-party
15775,21206,ALT,N,0,0,,different-party
15776,15777,S,EL,13,9,0.6923076923076923,different-party
15776,15779,S,LA,60,41,0.6833333333333333,different-party
15776,15787,S,S,53,53,1.0,same-party
15776,15793,S,KF,40,31,0.775,different-party
15776,16180,S,S,51,51,1.0,same-party
15776,16351,S,S,72,72,1.0,same-party
15776,16503,S,S,24,24,1.0,same-party
15776,16582,S,EL,75,44,0.5866666666666667,different-party
15776,16728,S,SF,32,21,0.65625,different-party
15776,17141,S,KF,22,19,0.8636363636363636,different-party
15776,17628,S,SF,13,9,0.6923076923076923,different-party
15776,17629,S,DD,46,33,0.717391304347826,different-party
15776,18688,S,N,0,0,,different-party
15776,18693,S,EL,44,27,0.6136363636363636,different-party
15776,18694,S,EL,72,43,0.5972222222222222,different-party
15776,18695,S,V,60,60,1.0,different-party
15776,18696,S,V,48,48,1.0,different-party
15776,18698,S,V,46,46,1.0,different-party
15776,18699,S,V,69,69,1.0,different-party
15776,18700,S,V,39,39,1.0,different-party
15776,18701,S,V,21,21,1.0,different-party
15776,18703,S,LA,0,0,,different-party
15776,18704,S,SF,50,39,0.78,different-party
15776,18707,S,SF,64,47,0.734375,different-party
15776,18708,S,SF,18,14,0.7777777777777778,different-party
15776,18709,S,SF,27,19,0.7037037037037037,different-party
15776,18713,S,KF,43,35,0.813953488372093,different-party
15776,18715,S,S,50,50,1.0,same-party
15776,18716,S,S,51,51,1.0,same-party
15776,18717,S,S,66,66,1.0,same-party
15776,18718,S,S,69,69,1.0,same-party
15776,18719,S,S,43,43,1.0,same-party
15776,18720,S,S,61,61,1.0,same-party
15776,18721,S,DF,62,33,0.532258064516129,different-party
15776,18722,S,UFG,0,0,,different-party
15776,18723,S,LA,26,20,0.7692307692307693,different-party
15776,18724,S,UFG,65,27,0.4153846153846154,different-party
15776,18725,S,RV,53,45,0.8490566037735849,different-party
15776,18726,S,RV,62,52,0.8387096774193549,different-party
15776,18729,S,RV,72,59,0.8194444444444444,different-party
15776,18882,S,S,25,25,1.0,same-party
15776,19000,S,SF,65,47,0.7230769230769231,different-party
15776,19928,S,S,42,42,1.0,same-party
15776,20349,S,SP,0,0,,different-party
15776,20350,S,DF,34,20,0.5882352941176471,different-party
15776,20351,S,ALT,0,0,,different-party
15776,20352,S,ALT,53,31,0.5849056603773585,different-party
15776,20353,S,ALT,26,18,0.6923076923076923,different-party
15776,20354,S,UFG,4,0,0.0,different-party
15776,20355,S,DD,56,36,0.6428571428571429,different-party
15776,20356,S,DF,52,27,0.5192307692307693,different-party
15776,20357,S,KF,48,40,0.8333333333333334,different-party
15776,20358,S,SF,3,2,0.6666666666666666,different-party
15776,20359,S,SF,68,48,0.7058823529411765,different-party
15776,20360,S,SF,62,46,0.7419354838709677,different-party
15776,20361,S,S,15,15,1.0,same-party
15776,20362,S,S,60,60,1.0,same-party
15776,20363,S,S,66,66,1.0,same-party
15776,20364,S,S,60,60,1.0,same-party
15776,20365,S,S,66,66,1.0,same-party
15776,20366,S,S,29,29,1.0,same-party
15776,20367,S,S,73,73,1.0,same-party
15776,20368,S,S,42,42,1.0,same-party
15776,20369,S,KF,53,44,0.8301886792452831,different-party
15776,20370,S,ALT,53,37,0.6981132075471698,different-party
15776,20371,S,V,72,72,1.0,different-party
15776,20372,S,DD,41,28,0.6829268292682927,different-party
15776,20373,S,DD,49,31,0.6326530612244898,different-party
15776,20374,S,DD,40,27,0.675,different-party
15776,20375,S,DD,22,14,0.6363636363636364,different-party
15776,20376,S,DD,66,38,0.5757575757575758,different-party
15776,20377,S,M,66,66,1.0,different-party
15776,20378,S,M,74,74,1.0,different-party
15776,20379,S,M,0,0,,different-party
15776,20380,S,M,10,10,1.0,different-party
15776,20381,S,ALT,56,35,0.625,different-party
15776,20382,S,M,17,17,1.0,different-party
15776,20383,S,UFG,16,11,0.6875,different-party
15776,20384,S,M,17,17,1.0,different-party
15776,20385,S,M,48,48,1.0,different-party
15776,20386,S,M,38,37,0.9736842105263158,different-party
15776,20388,S,UFG,23,22,0.9565217391304348,different-party
15776,20389,S,M,62,62,1.0,different-party
15776,20390,S,UFG,46,28,0.6086956521739131,different-party
15776,20391,S,LA,64,45,0.703125,different-party
15776,20392,S,LA,21,15,0.7142857142857143,different-party
15776,20393,S,LA,46,30,0.6521739130434783,different-party
15776,20394,S,LA,46,33,0.717391304347826,different-party
15776,20395,S,LA,41,26,0.6341463414634146,different-party
15776,20396,S,LA,26,14,0.5384615384615384,different-party
15776,20397,S,LA,45,32,0.7111111111111111,different-party
15776,20398,S,LA,60,40,0.6666666666666666,different-party
15776,20399,S,LA,62,42,0.6774193548387096,different-party
15776,20400,S,LA,75,51,0.68,different-party
15776,20411,S,EL,43,22,0.5116279069767442,different-party
15776,20415,S,M,71,71,1.0,different-party
15776,20496,S,M,43,43,1.0,different-party
15776,20781,S,S,66,66,1.0,same-party
15776,20798,S,SF,72,53,0.7361111111111112,different-party
15776,20820,S,LA,66,46,0.696969696969697,different-party
15776,20917,S,KF,4,2,0.5,different-party
15776,20925,S,KF,66,55,0.8333333333333334,different-party
15776,20930,S,S,49,49,1.0,same-party
15776,20962,S,SF,54,41,0.7592592592592593,different-party
15776,20966,S,KF,50,37,0.74,different-party
15776,21044,S,S,75,75,1.0,same-party
15776,21083,S,S,1,1,1.0,same-party
15776,21143,S,S,52,52,1.0,same-party
15776,21159,S,M,53,53,1.0,different-party
15776,21168,S,V,53,53,1.0,different-party
15776,21186,S,S,1,1,1.0,same-party
15776,21194,S,KF,41,31,0.7560975609756098,different-party
15776,21206,S,N,0,0,,different-party
15777,15779,EL,LA,13,5,0.38461538461538464,different-party
15777,15787,EL,S,69,30,0.43478260869565216,different-party
15777,15793,EL,KF,66,29,0.4393939393939394,different-party
15777,16180,EL,S,14,9,0.6428571428571429,different-party
15777,16351,EL,S,73,32,0.4383561643835616,different-party
15777,16503,EL,S,13,9,0.6923076923076923,different-party
15777,16582,EL,EL,76,75,0.9868421052631579,same-party
15777,16728,EL,SF,65,51,0.7846153846153846,different-party
15777,17141,EL,KF,63,28,0.4444444444444444,different-party
15777,17628,EL,SF,4,3,0.75,different-party
15777,17629,EL,DD,3,2,0.6666666666666666,different-party
15777,18688,EL,N,0,0,,different-party
15777,18693,EL,EL,7,7,1.0,same-party
15777,18694,EL,EL,71,70,0.9859154929577465,same-party
15777,18695,EL,V,76,35,0.4605263157894737,different-party
15777,18696,EL,V,14,9,0.6428571428571429,different-party
15777,18698,EL,V,13,9,0.6923076923076923,different-party
15777,18699,EL,V,72,32,0.4444444444444444,different-party
15777,18700,EL,V,13,9,0.6923076923076923,different-party
15777,18701,EL,V,12,9,0.75,different-party
15777,18703,EL,LA,1,1,1.0,different-party
15777,18704,EL,SF,7,6,0.8571428571428571,different-party
15777,18707,EL,SF,74,58,0.7837837837837838,different-party
15777,18708,EL,SF,62,48,0.7741935483870968,different-party
15777,18709,EL,SF,70,55,0.7857142857142857,different-party
15777,18713,EL,KF,63,27,0.42857142857142855,different-party
15777,18715,EL,S,7,5,0.7142857142857143,different-party
15777,18716,EL,S,13,9,0.6923076923076923,different-party
15777,18717,EL,S,68,30,0.4411764705882353,different-party
15777,18718,EL,S,74,33,0.44594594594594594,different-party
15777,18719,EL,S,74,34,0.4594594594594595,different-party
15777,18720,EL,S,66,29,0.4393939393939394,different-party
15777,18721,EL,DF,11,4,0.36363636363636365,different-party
15777,18722,EL,UFG,0,0,,different-party
15777,18723,EL,LA,14,6,0.42857142857142855,different-party
15777,18724,EL,UFG,12,5,0.4166666666666667,different-party
15777,18725,EL,RV,75,38,0.5066666666666667,different-party
15777,18726,EL,RV,10,4,0.4,different-party
15777,18729,EL,RV,73,36,0.4931506849315068,different-party
15777,18882,EL,S,10,7,0.7,different-party
15777,19000,EL,SF,14,12,0.8571428571428571,different-party
15777,19928,EL,S,76,35,0.4605263157894737,different-party
15777,20349,EL,SP,62,26,0.41935483870967744,different-party
15777,20350,EL,DF,6,4,0.6666666666666666,different-party
15777,20351,EL,ALT,1,1,1.0,different-party
15777,20352,EL,ALT,69,49,0.7101449275362319,different-party
15777,20353,EL,ALT,3,2,0.6666666666666666,different-party
15777,20354,EL,UFG,1,1,1.0,different-party
15777,20355,EL,DD,14,7,0.5,different-party
15777,20356,EL,DF,66,21,0.3181818181818182,different-party
15777,20357,EL,KF,13,7,0.5384615384615384,different-party
15777,20358,EL,SF,3,3,1.0,different-party
15777,20359,EL,SF,75,59,0.7866666666666666,different-party
15777,20360,EL,SF,10,9,0.9,different-party
15777,20361,EL,S,6,4,0.6666666666666666,different-party
15777,20362,EL,S,73,33,0.4520547945205479,different-party
15777,20363,EL,S,73,32,0.4383561643835616,different-party
15777,20364,EL,S,76,35,0.4605263157894737,different-party
15777,20365,EL,S,76,35,0.4605263157894737,different-party
15777,20366,EL,S,14,9,0.6428571428571429,different-party
15777,20367,EL,S,75,35,0.4666666666666667,different-party
15777,20368,EL,S,76,35,0.4605263157894737,different-party
15777,20369,EL,KF,70,29,0.4142857142857143,different-party
15777,20370,EL,ALT,13,10,0.7692307692307693,different-party
15777,20371,EL,V,73,33,0.4520547945205479,different-party
15777,20372,EL,DD,3,2,0.6666666666666666,different-party
15777,20373,EL,DD,14,7,0.5,different-party
15777,20374,EL,DD,73,16,0.2191780821917808,different-party
15777,20375,EL,DD,63,12,0.19047619047619047,different-party
15777,20376,EL,DD,76,18,0.23684210526315788,different-party
15777,20377,EL,M,13,9,0.6923076923076923,different-party
15777,20378,EL,M,75,35,0.4666666666666667,different-party
15777,20379,EL,M,0,0,,different-party
15777,20380,EL,M,1,1,1.0,different-party
15777,20381,EL,ALT,76,54,0.7105263157894737,different-party
15777,20382,EL,M,8,4,0.5,different-party
15777,20383,EL,UFG,11,3,0.2727272727272727,different-party
15777,20384,EL,M,67,28,0.417910447761194,different-party
15777,20385,EL,M,13,9,0.6923076923076923,different-party
15777,20386,EL,M,64,27,0.421875,different-party
15777,20388,EL,UFG,7,4,0.5714285714285714,different-party
15777,20389,EL,M,73,32,0.4383561643835616,different-party
15777,20390,EL,UFG,4,2,0.5,different-party
15777,20391,EL,LA,76,17,0.2236842105263158,different-party
15777,20392,EL,LA,4,1,0.25,different-party
15777,20393,EL,LA,68,15,0.22058823529411764,different-party
15777,20394,EL,LA,72,14,0.19444444444444445,different-party
15777,20395,EL,LA,69,12,0.17391304347826086,different-party
15777,20396,EL,LA,65,13,0.2,different-party
15777,20397,EL,LA,4,3,0.75,different-party
15777,20398,EL,LA,73,15,0.2054794520547945,different-party
15777,20399,EL,LA,69,16,0.2318840579710145,different-party
15777,20400,EL,LA,76,17,0.2236842105263158,different-party
15777,20411,EL,EL,0,0,,same-party
15777,20415,EL,M,76,35,0.4605263157894737,different-party
15777,20496,EL,M,69,31,0.4492753623188406,different-party
15777,20781,EL,S,75,34,0.4533333333333333,different-party
15777,20798,EL,SF,73,58,0.7945205479452054,different-party
15777,20820,EL,LA,11,4,0.36363636363636365,different-party
15777,20917,EL,KF,0,0,,different-party
15777,20925,EL,KF,76,34,0.4473684210526316,different-party
15777,20930,EL,S,9,6,0.6666666666666666,different-party
15777,20962,EL,SF,13,11,0.8461538461538461,different-party
15777,20966,EL,KF,14,8,0.5714285714285714,different-party
15777,21044,EL,S,76,35,0.4605263157894737,different-party
15777,21083,EL,S,1,0,0.0,different-party
15777,21143,EL,S,72,31,0.4305555555555556,different-party
15777,21159,EL,M,65,29,0.4461538461538462,different-party
15777,21168,EL,V,73,32,0.4383561643835616,different-party
15777,21186,EL,S,1,0,0.0,different-party
15777,21194,EL,KF,4,3,0.75,different-party
15777,21206,EL,N,0,0,,different-party
15779,15787,LA,S,53,35,0.660377358490566,different-party
15779,15793,LA,KF,40,32,0.8,different-party
15779,16180,LA,S,51,33,0.6470588235294118,different-party
15779,16351,LA,S,57,39,0.6842105263157895,different-party
15779,16503,LA,S,24,16,0.6666666666666666,different-party
15779,16582,LA,EL,60,26,0.43333333333333335,different-party
15779,16728,LA,SF,32,19,0.59375,different-party
15779,17141,LA,KF,7,7,1.0,different-party
15779,17628,LA,SF,13,6,0.46153846153846156,different-party
15779,17629,LA,DD,31,28,0.9032258064516129,different-party
15779,18688,LA,N,0,0,,different-party
15779,18693,LA,EL,44,19,0.4318181818181818,different-party
15779,18694,LA,EL,57,24,0.42105263157894735,different-party
15779,18695,LA,V,45,32,0.7111111111111111,different-party
15779,18696,LA,V,48,34,0.7083333333333334,different-party
15779,18698,LA,V,31,24,0.7741935483870968,different-party
15779,18699,LA,V,54,37,0.6851851851851852,different-party
15779,18700,LA,V,39,25,0.6410256410256411,different-party
15779,18701,LA,V,21,13,0.6190476190476191,different-party
15779,18703,LA,LA,0,0,,same-party
15779,18704,LA,SF,35,23,0.6571428571428571,different-party
15779,18707,LA,SF,49,28,0.5714285714285714,different-party
15779,18708,LA,SF,18,13,0.7222222222222222,different-party
15779,18709,LA,SF,27,13,0.48148148148148145,different-party
15779,18713,LA,KF,28,21,0.75,different-party
15779,18715,LA,S,35,27,0.7714285714285715,different-party
15779,18716,LA,S,51,37,0.7254901960784313,different-party
15779,18717,LA,S,51,34,0.6666666666666666,different-party
15779,18718,LA,S,57,39,0.6842105263157895,different-party
15779,18719,LA,S,31,20,0.6451612903225806,different-party
15779,18720,LA,S,46,31,0.6739130434782609,different-party
15779,18721,LA,DF,47,35,0.7446808510638298,different-party
15779,18722,LA,UFG,0,0,,different-party
15779,18723,LA,LA,26,26,1.0,same-party
15779,18724,LA,UFG,50,35,0.7,different-party
15779,18725,LA,RV,38,24,0.631578947368421,different-party
15779,18726,LA,RV,47,32,0.6808510638297872,different-party
15779,18729,LA,RV,57,37,0.6491228070175439,different-party
15779,18882,LA,S,25,17,0.68,different-party
15779,19000,LA,SF,50,31,0.62,different-party
15779,19928,LA,S,27,17,0.6296296296296297,different-party
15779,20349,LA,SP,0,0,,different-party
15779,20350,LA,DF,34,20,0.5882352941176471,different-party
15779,20351,LA,ALT,0,0,,different-party
15779,20352,LA,ALT,38,21,0.5526315789473685,different-party
15779,20353,LA,ALT,26,15,0.5769230769230769,different-party
15779,20354,LA,UFG,4,2,0.5,different-party
15779,20355,LA,DD,41,34,0.8292682926829268,different-party
15779,20356,LA,DF,37,24,0.6486486486486487,different-party
15779,20357,LA,KF,48,38,0.7916666666666666,different-party
15779,20358,LA,SF,3,2,0.6666666666666666,different-party
15779,20359,LA,SF,53,29,0.5471698113207547,different-party
15779,20360,LA,SF,47,27,0.574468085106383,different-party
15779,20361,LA,S,15,9,0.6,different-party
15779,20362,LA,S,45,31,0.6888888888888889,different-party
15779,20363,LA,S,51,34,0.6666666666666666,different-party
15779,20364,LA,S,45,30,0.6666666666666666,different-party
15779,20365,LA,S,51,32,0.6274509803921569,different-party
15779,20366,LA,S,29,20,0.6896551724137931,different-party
15779,20367,LA,S,58,40,0.6896551724137931,different-party
15779,20368,LA,S,42,31,0.7380952380952381,different-party
15779,20369,LA,KF,38,28,0.7368421052631579,different-party
15779,20370,LA,ALT,38,20,0.5263157894736842,different-party
15779,20371,LA,V,57,38,0.6666666666666666,different-party
15779,20372,LA,DD,41,36,0.8780487804878049,different-party
15779,20373,LA,DD,49,41,0.8367346938775511,different-party
15779,20374,LA,DD,40,35,0.875,different-party
15779,20375,LA,DD,22,18,0.8181818181818182,different-party
15779,20376,LA,DD,51,41,0.803921568627451,different-party
15779,20377,LA,M,51,35,0.6862745098039216,different-party
15779,20378,LA,M,59,41,0.6949152542372882,different-party
15779,20379,LA,M,0,0,,different-party
15779,20380,LA,M,10,6,0.6,different-party
15779,20381,LA,ALT,56,32,0.5714285714285714,different-party
15779,20382,LA,M,17,10,0.5882352941176471,different-party
15779,20383,LA,UFG,16,14,0.875,different-party
15779,20384,LA,M,17,9,0.5294117647058824,different-party
15779,20385,LA,M,48,35,0.7291666666666666,different-party
15779,20386,LA,M,23,18,0.782608695652174,different-party
15779,20388,LA,UFG,23,18,0.782608695652174,different-party
15779,20389,LA,M,47,33,0.7021276595744681,different-party
15779,20390,LA,UFG,46,36,0.782608695652174,different-party
15779,20391,LA,LA,49,49,1.0,same-party
15779,20392,LA,LA,21,21,1.0,same-party
15779,20393,LA,LA,31,31,1.0,same-party
15779,20394,LA,LA,31,31,1.0,same-party
15779,20395,LA,LA,41,40,0.975609756097561,same-party
15779,20396,LA,LA,26,26,1.0,same-party
15779,20397,LA,LA,30,30,1.0,same-party
15779,20398,LA,LA,45,45,1.0,same-party
15779,20399,LA,LA,47,47,1.0,same-party
15779,20400,LA,LA,60,60,1.0,same-party
15779,20411,LA,EL,28,12,0.42857142857142855,different-party
15779,20415,LA,M,56,39,0.6964285714285714,different-party
15779,20496,LA,M,28,19,0.6785714285714286,different-party
15779,20781,LA,S,51,35,0.6862745098039216,different-party
15779,20798,LA,SF,57,32,0.5614035087719298,different-party
15779,20820,LA,LA,51,51,1.0,same-party
15779,20917,LA,KF,4,4,1.0,different-party
15779,20925,LA,KF,51,42,0.8235294117647058,different-party
15779,20930,LA,S,34,25,0.7352941176470589,different-party
15779,20962,LA,SF,39,21,0.5384615384615384,different-party
15779,20966,LA,KF,50,41,0.82,different-party
15779,21044,LA,S,60,41,0.6833333333333333,different-party
15779,21083,LA,S,1,0,0.0,different-party
15779,21143,LA,S,37,26,0.7027027027027027,different-party
15779,21159,LA,M,38,25,0.6578947368421053,different-party
15779,21168,LA,V,38,24,0.631578947368421,different-party
15779,21186,LA,S,1,0,0.0,different-party
15779,21194,LA,KF,41,33,0.8048780487804879,different-party
15779,21206,LA,N,0,0,,different-party
15787,15793,S,KF,102,93,0.9117647058823529,different-party
15787,16180,S,S,64,64,1.0,same-party
15787,16351,S,S,145,145,1.0,same-party
15787,16503,S,S,18,18,1.0,same-party
15787,16582,S,EL,139,74,0.5323741007194245,different-party
15787,16728,S,SF,120,76,0.6333333333333333,different-party
15787,17141,S,KF,74,72,0.972972972972973,different-party
15787,17628,S,SF,13,9,0.6923076923076923,different-party
15787,17629,S,DD,48,36,0.75,different-party
15787,18688,S,N,0,0,,different-party
15787,18693,S,EL,70,42,0.6,different-party
15787,18694,S,EL,144,76,0.5277777777777778,different-party
15787,18695,S,V,131,131,1.0,different-party
15787,18696,S,V,66,66,1.0,different-party
15787,18698,S,V,45,45,1.0,different-party
15787,18699,S,V,141,141,1.0,different-party
15787,18700,S,V,53,53,1.0,different-party
15787,18701,S,V,21,21,1.0,different-party
15787,18703,S,LA,0,0,,different-party
15787,18704,S,SF,54,41,0.7592592592592593,different-party
15787,18707,S,SF,134,87,0.6492537313432836,different-party
15787,18708,S,SF,103,69,0.6699029126213593,different-party
15787,18709,S,SF,98,58,0.5918367346938775,different-party
15787,18713,S,KF,93,83,0.8924731182795699,different-party
15787,18715,S,S,49,49,1.0,same-party
15787,18716,S,S,65,65,1.0,same-party
15787,18717,S,S,122,122,1.0,same-party
15787,18718,S,S,141,141,1.0,same-party
15787,18719,S,S,91,91,1.0,same-party
15787,18720,S,S,134,134,1.0,same-party
15787,18721,S,DF,69,44,0.6376811594202898,different-party
15787,18722,S,UFG,0,0,,different-party
15787,18723,S,LA,46,39,0.8478260869565217,different-party
15787,18724,S,UFG,66,26,0.3939393939393939,different-party
15787,18725,S,RV,103,89,0.8640776699029126,different-party
15787,18726,S,RV,64,54,0.84375,different-party
15787,18729,S,RV,119,99,0.8319327731092437,different-party
15787,18882,S,S,22,22,1.0,same-party
15787,19000,S,SF,69,49,0.7101449275362319,different-party
15787,19928,S,S,113,113,1.0,same-party
15787,20349,S,SP,72,72,1.0,different-party
15787,20350,S,DF,28,17,0.6071428571428571,different-party
15787,20351,S,ALT,0,0,,different-party
15787,20352,S,ALT,109,52,0.47706422018348627,different-party
15787,20353,S,ALT,43,32,0.7441860465116279,different-party
15787,20354,S,UFG,6,0,0.0,different-party
15787,20355,S,DD,61,43,0.7049180327868853,different-party
15787,20356,S,DF,124,51,0.4112903225806452,different-party
15787,20357,S,KF,68,60,0.8823529411764706,different-party
15787,20358,S,SF,0,0,,different-party
15787,20359,S,SF,139,89,0.6402877697841727,different-party
15787,20360,S,SF,67,49,0.7313432835820896,different-party
15787,20361,S,S,15,15,1.0,same-party
15787,20362,S,S,133,133,1.0,same-party
15787,20363,S,S,139,139,1.0,same-party
15787,20364,S,S,130,130,1.0,same-party
15787,20365,S,S,116,116,1.0,same-party
15787,20366,S,S,23,23,1.0,same-party
15787,20367,S,S,143,143,1.0,same-party
15787,20368,S,S,128,128,1.0,same-party
15787,20369,S,KF,122,113,0.9262295081967213,different-party
15787,20370,S,ALT,52,39,0.75,different-party
15787,20371,S,V,125,125,1.0,different-party
15787,20372,S,DD,43,32,0.7441860465116279,different-party
15787,20373,S,DD,49,34,0.6938775510204082,different-party
15787,20374,S,DD,129,60,0.46511627906976744,different-party
15787,20375,S,DD,107,42,0.3925233644859813,different-party
15787,20376,S,DD,136,59,0.4338235294117647,different-party
15787,20377,S,M,62,62,1.0,different-party
15787,20378,S,M,144,144,1.0,different-party
15787,20379,S,M,0,0,,different-party
15787,20380,S,M,10,10,1.0,different-party
15787,20381,S,ALT,141,80,0.5673758865248227,different-party
15787,20382,S,M,17,17,1.0,different-party
15787,20383,S,UFG,39,35,0.8974358974358975,different-party
15787,20384,S,M,84,84,1.0,different-party
15787,20385,S,M,62,62,1.0,different-party
15787,20386,S,M,91,91,1.0,different-party
15787,20388,S,UFG,42,40,0.9523809523809523,different-party
15787,20389,S,M,135,135,1.0,different-party
15787,20390,S,UFG,68,47,0.6911764705882353,different-party
15787,20391,S,LA,115,75,0.6521739130434783,different-party
15787,20392,S,LA,41,33,0.8048780487804879,different-party
15787,20393,S,LA,115,76,0.6608695652173913,different-party
15787,20394,S,LA,120,84,0.7,different-party
15787,20395,S,LA,132,88,0.6666666666666666,different-party
15787,20396,S,LA,88,50,0.5681818181818182,different-party
15787,20397,S,LA,26,18,0.6923076923076923,different-party
15787,20398,S,LA,133,89,0.6691729323308271,different-party
15787,20399,S,LA,112,71,0.6339285714285714,different-party
15787,20400,S,LA,139,92,0.6618705035971223,different-party
15787,20411,S,EL,53,29,0.5471698113207547,different-party
15787,20415,S,M,141,141,1.0,different-party
15787,20496,S,M,114,114,1.0,different-party
15787,20781,S,S,137,137,1.0,same-party
15787,20798,S,SF,139,93,0.6690647482014388,different-party
15787,20820,S,LA,73,56,0.7671232876712328,different-party
15787,20917,S,KF,4,2,0.5,different-party
15787,20925,S,KF,135,124,0.9185185185185185,different-party
15787,20930,S,S,59,59,1.0,same-party
15787,20962,S,SF,59,44,0.7457627118644068,different-party
15787,20966,S,KF,63,50,0.7936507936507936,different-party
15787,21044,S,S,145,145,1.0,same-party
15787,21083,S,S,1,1,1.0,same-party
15787,21143,S,S,106,106,1.0,same-party
15787,21159,S,M,125,125,1.0,different-party
15787,21168,S,V,106,106,1.0,different-party
15787,21186,S,S,1,1,1.0,same-party
15787,21194,S,KF,57,46,0.8070175438596491,different-party
15787,21206,S,N,0,0,,different-party
15793,16180,KF,S,40,30,0.75,different-party
15793,16351,KF,S,107,97,0.9065420560747663,different-party
15793,16503,KF,S,13,10,0.7692307692307693,different-party
15793,16582,KF,EL,107,49,0.45794392523364486,different-party
15793,16728,KF,SF,97,61,0.6288659793814433,different-party
15793,17141,KF,KF,64,64,1.0,same-party
15793,17628,KF,SF,9,3,0.3333333333333333,different-party
15793,17629,KF,DD,31,24,0.7741935483870968,different-party
15793,18688,KF,N,0,0,,different-party
15793,18693,KF,EL,28,13,0.4642857142857143,different-party
15793,18694,KF,EL,105,48,0.45714285714285713,different-party
15793,18695,KF,V,98,93,0.9489795918367347,different-party
15793,18696,KF,V,31,22,0.7096774193548387,different-party
15793,18698,KF,V,21,18,0.8571428571428571,different-party
15793,18699,KF,V,106,96,0.9056603773584906,different-party
15793,18700,KF,V,26,20,0.7692307692307693,different-party
15793,18701,KF,V,14,12,0.8571428571428571,different-party
15793,18703,KF,LA,1,1,1.0,different-party
15793,18704,KF,SF,23,18,0.782608695652174,different-party
15793,18707,KF,SF,98,59,0.6020408163265306,different-party
15793,18708,KF,SF,75,46,0.6133333333333333,different-party
15793,18709,KF,SF,86,52,0.6046511627906976,different-party
15793,18713,KF,KF,86,84,0.9767441860465116,same-party
15793,18715,KF,S,23,21,0.9130434782608695,different-party
15793,18716,KF,S,31,27,0.8709677419354839,different-party
15793,18717,KF,S,102,93,0.9117647058823529,different-party
15793,18718,KF,S,106,96,0.9056603773584906,different-party
15793,18719,KF,S,74,68,0.918918918918919,different-party
15793,18720,KF,S,103,93,0.9029126213592233,different-party
15793,18721,KF,DF,31,20,0.6451612903225806,different-party
15793,18722,KF,UFG,0,0,,different-party
15793,18723,KF,LA,13,13,1.0,different-party
15793,18724,KF,UFG,30,19,0.6333333333333333,different-party
15793,18725,KF,RV,88,74,0.8409090909090909,different-party
15793,18726,KF,RV,28,21,0.75,different-party
15793,18729,KF,RV,104,86,0.8269230769230769,different-party
15793,18882,KF,S,9,6,0.6666666666666666,different-party
15793,19000,KF,SF,31,20,0.6451612903225806,different-party
15793,19928,KF,S,80,78,0.975,different-party
15793,20349,KF,SP,66,66,1.0,different-party
15793,20350,KF,DF,21,14,0.6666666666666666,different-party
15793,20351,KF,ALT,1,1,1.0,different-party
15793,20352,KF,ALT,93,50,0.5376344086021505,different-party
15793,20353,KF,ALT,19,13,0.6842105263157895,different-party
15793,20354,KF,UFG,2,1,0.5,different-party
15793,20355,KF,DD,22,17,0.7727272727272727,different-party
15793,20356,KF,DF,98,34,0.3469387755102041,different-party
15793,20357,KF,KF,31,31,1.0,same-party
15793,20358,KF,SF,3,2,0.6666666666666666,different-party
15793,20359,KF,SF,107,65,0.6074766355140186,different-party
15793,20360,KF,SF,32,19,0.59375,different-party
15793,20361,KF,S,9,6,0.6666666666666666,different-party
15793,20362,KF,S,93,88,0.946236559139785,different-party
15793,20363,KF,S,107,97,0.9065420560747663,different-party
15793,20364,KF,S,98,91,0.9285714285714286,different-party
15793,20365,KF,S,98,88,0.8979591836734694,different-party
15793,20366,KF,S,13,9,0.6923076923076923,different-party
15793,20367,KF,S,107,97,0.9065420560747663,different-party
15793,20368,KF,S,89,87,0.9775280898876404,different-party
15793,20369,KF,KF,80,80,1.0,same-party
15793,20370,KF,ALT,22,12,0.5454545454545454,different-party
15793,20371,KF,V,104,94,0.9038461538461539,different-party
15793,20372,KF,DD,38,29,0.7631578947368421,different-party
15793,20373,KF,DD,32,25,0.78125,different-party
15793,20374,KF,DD,94,38,0.40425531914893614,different-party
15793,20375,KF,DD,86,31,0.36046511627906974,different-party
15793,20376,KF,DD,98,38,0.3877551020408163,different-party
15793,20377,KF,M,31,25,0.8064516129032258,different-party
15793,20378,KF,M,106,97,0.9150943396226415,different-party
15793,20379,KF,M,0,0,,different-party
15793,20380,KF,M,9,6,0.6666666666666666,different-party
15793,20381,KF,ALT,107,59,0.5514018691588785,different-party
15793,20382,KF,M,10,6,0.6,different-party
15793,20383,KF,UFG,1,0,0.0,different-party
15793,20384,KF,M,76,70,0.9210526315789473,different-party
15793,20385,KF,M,31,27,0.8709677419354839,different-party
15793,20386,KF,M,87,86,0.9885057471264368,different-party
15793,20388,KF,UFG,21,15,0.7142857142857143,different-party
15793,20389,KF,M,97,88,0.9072164948453608,different-party
15793,20390,KF,UFG,41,32,0.7804878048780488,different-party
15793,20391,KF,LA,98,65,0.6632653061224489,different-party
15793,20392,KF,LA,10,7,0.7,different-party
15793,20393,KF,LA,87,55,0.632183908045977,different-party
15793,20394,KF,LA,84,54,0.6428571428571429,different-party
15793,20395,KF,LA,94,59,0.6276595744680851,different-party
15793,20396,KF,LA,85,53,0.6235294117647059,different-party
15793,20397,KF,LA,21,19,0.9047619047619048,different-party
15793,20398,KF,LA,105,70,0.6666666666666666,different-party
15793,20399,KF,LA,107,72,0.6728971962616822,different-party
15793,20400,KF,LA,107,72,0.6728971962616822,different-party
15793,20411,KF,EL,27,11,0.4074074074074074,different-party
15793,20415,KF,M,107,97,0.9065420560747663,different-party
15793,20496,KF,M,89,84,0.9438202247191011,different-party
15793,20781,KF,S,107,97,0.9065420560747663,different-party
15793,20798,KF,SF,107,65,0.6074766355140186,different-party
15793,20820,KF,LA,39,32,0.8205128205128205,different-party
15793,20917,KF,KF,0,0,,same-party
15793,20925,KF,KF,98,98,1.0,same-party
15793,20930,KF,S,27,22,0.8148148148148148,different-party
15793,20962,KF,SF,22,12,0.5454545454545454,different-party
15793,20966,KF,KF,31,31,1.0,same-party
15793,21044,KF,S,107,97,0.9065420560747663,different-party
15793,21083,KF,S,1,0,0.0,different-party
15793,21143,KF,S,97,92,0.9484536082474226,different-party
15793,21159,KF,M,91,85,0.9340659340659341,different-party
15793,21168,KF,V,88,79,0.8977272727272727,different-party
15793,21186,KF,S,1,0,0.0,different-party
15793,21194,KF,KF,41,41,1.0,same-party
15793,21206,KF,N,0,0,,different-party
16180,16351,S,S,69,69,1.0,same-party
16180,16503,S,S,23,23,1.0,same-party
16180,16582,S,EL,72,44,0.6111111111111112,different-party
16180,16728,S,SF,51,39,0.7647058823529411,different-party
16180,17141,S,KF,5,2,0.4,different-party
16180,17628,S,SF,13,9,0.6923076923076923,different-party
16180,17629,S,DD,50,36,0.72,different-party
16180,18688,S,N,0,0,,different-party
16180,18693,S,EL,55,34,0.6181818181818182,different-party
16180,18694,S,EL,68,43,0.6323529411764706,different-party
16180,18695,S,V,63,63,1.0,different-party
16180,18696,S,V,60,60,1.0,different-party
16180,18698,S,V,50,50,1.0,different-party
16180,18699,S,V,68,68,1.0,different-party
16180,18700,S,V,56,56,1.0,different-party
16180,18701,S,V,22,22,1.0,different-party
16180,18703,S,LA,1,0,0.0,different-party
16180,18704,S,SF,48,36,0.75,different-party
16180,18707,S,SF,62,44,0.7096774193548387,different-party
16180,18708,S,SF,30,24,0.8,different-party
16180,18709,S,SF,27,19,0.7037037037037037,different-party
16180,18713,S,KF,21,13,0.6190476190476191,different-party
16180,18715,S,S,47,47,1.0,same-party
16180,18716,S,S,62,62,1.0,same-party
16180,18717,S,S,42,42,1.0,same-party
16180,18718,S,S,71,71,1.0,same-party
16180,18719,S,S,24,24,1.0,same-party
16180,18720,S,S,60,60,1.0,same-party
16180,18721,S,DF,59,32,0.5423728813559322,different-party
16180,18722,S,UFG,0,0,,different-party
16180,18723,S,LA,44,35,0.7954545454545454,different-party
16180,18724,S,UFG,61,24,0.39344262295081966,different-party
16180,18725,S,RV,32,25,0.78125,different-party
16180,18726,S,RV,58,49,0.8448275862068966,different-party
16180,18729,S,RV,49,37,0.7551020408163265,different-party
16180,18882,S,S,19,19,1.0,same-party
16180,19000,S,SF,62,44,0.7096774193548387,different-party
16180,19928,S,S,46,46,1.0,same-party
16180,20349,S,SP,0,0,,different-party
16180,20350,S,DF,25,13,0.52,different-party
16180,20351,S,ALT,1,0,0.0,different-party
16180,20352,S,ALT,35,19,0.5428571428571428,different-party
16180,20353,S,ALT,43,33,0.7674418604651163,different-party
16180,20354,S,UFG,6,0,0.0,different-party
16180,20355,S,DD,53,33,0.6226415094339622,different-party
16180,20356,S,DF,51,28,0.5490196078431373,different-party
16180,20357,S,KF,61,53,0.8688524590163934,different-party
16180,20358,S,SF,3,2,0.6666666666666666,different-party
16180,20359,S,SF,71,51,0.7183098591549296,different-party
16180,20360,S,SF,59,43,0.7288135593220338,different-party
16180,20361,S,S,15,15,1.0,same-party
16180,20362,S,S,57,57,1.0,same-party
16180,20363,S,S,69,69,1.0,same-party
16180,20364,S,S,63,63,1.0,same-party
16180,20365,S,S,44,44,1.0,same-party
16180,20366,S,S,24,24,1.0,same-party
16180,20367,S,S,70,70,1.0,same-party
16180,20368,S,S,54,54,1.0,same-party
16180,20369,S,KF,50,41,0.82,different-party
16180,20370,S,ALT,52,36,0.6923076923076923,different-party
16180,20371,S,V,49,49,1.0,different-party
16180,20372,S,DD,38,25,0.6578947368421053,different-party
16180,20373,S,DD,43,26,0.6046511627906976,different-party
16180,20374,S,DD,58,38,0.6551724137931034,different-party
16180,20375,S,DD,41,26,0.6341463414634146,different-party
16180,20376,S,DD,64,36,0.5625,different-party
16180,20377,S,M,60,60,1.0,different-party
16180,20378,S,M,70,70,1.0,different-party
16180,20379,S,M,0,0,,different-party
16180,20380,S,M,10,10,1.0,different-party
16180,20381,S,ALT,70,45,0.6428571428571429,different-party
16180,20382,S,M,18,18,1.0,different-party
16180,20383,S,UFG,31,26,0.8387096774193549,different-party
16180,20384,S,M,16,16,1.0,different-party
16180,20385,S,M,61,61,1.0,different-party
16180,20386,S,M,22,22,1.0,different-party
16180,20388,S,UFG,43,40,0.9302325581395349,different-party
16180,20389,S,M,59,59,1.0,different-party
16180,20390,S,UFG,60,40,0.6666666666666666,different-party
16180,20391,S,LA,43,29,0.6744186046511628,different-party
16180,20392,S,LA,34,26,0.7647058823529411,different-party
16180,20393,S,LA,44,32,0.7272727272727273,different-party
16180,20394,S,LA,48,38,0.7916666666666666,different-party
16180,20395,S,LA,55,39,0.7090909090909091,different-party
16180,20396,S,LA,24,12,0.5,different-party
16180,20397,S,LA,22,14,0.6363636363636364,different-party
16180,20398,S,LA,65,47,0.7230769230769231,different-party
16180,20399,S,LA,45,29,0.6444444444444445,different-party
16180,20400,S,LA,72,51,0.7083333333333334,different-party
16180,20411,S,EL,47,29,0.6170212765957447,different-party
16180,20415,S,M,70,70,1.0,different-party
16180,20496,S,M,47,47,1.0,different-party
16180,20781,S,S,69,69,1.0,same-party
16180,20798,S,SF,69,50,0.7246376811594203,different-party
16180,20820,S,LA,65,48,0.7384615384615385,different-party
16180,20917,S,KF,2,0,0.0,different-party
16180,20925,S,KF,62,50,0.8064516129032258,different-party
16180,20930,S,S,45,45,1.0,same-party
16180,20962,S,SF,53,40,0.7547169811320755,different-party
16180,20966,S,KF,62,48,0.7741935483870968,different-party
16180,21044,S,S,72,72,1.0,same-party
16180,21083,S,S,2,2,1.0,same-party
16180,21143,S,S,37,37,1.0,same-party
16180,21159,S,M,49,49,1.0,different-party
16180,21168,S,V,31,31,1.0,different-party
16180,21186,S,S,2,2,1.0,same-party
16180,21194,S,KF,61,49,0.8032786885245902,different-party
16180,21206,S,N,0,0,,different-party
16351,16503,S,S,21,21,1.0,same-party
16351,16582,S,EL,159,85,0.5345911949685535,different-party
16351,16728,S,SF,124,79,0.6370967741935484,different-party
16351,17141,S,KF,89,87,0.9775280898876404,different-party
16351,17628,S,SF,13,9,0.6923076923076923,different-party
16351,17629,S,DD,66,47,0.7121212121212122,different-party
16351,18688,S,N,0,0,,different-party
16351,18693,S,EL,70,42,0.6,different-party
16351,18694,S,EL,163,87,0.5337423312883436,different-party
16351,18695,S,V,150,150,1.0,different-party
16351,18696,S,V,71,71,1.0,different-party
16351,18698,S,V,63,63,1.0,different-party
16351,18699,S,V,161,161,1.0,different-party
16351,18700,S,V,56,56,1.0,different-party
16351,18701,S,V,25,25,1.0,different-party
16351,18703,S,LA,1,0,0.0,different-party
16351,18704,S,SF,74,57,0.7702702702702703,different-party
16351,18707,S,SF,154,103,0.6688311688311688,different-party
16351,18708,S,SF,104,70,0.6730769230769231,different-party
16351,18709,S,SF,99,58,0.5858585858585859,different-party
16351,18713,S,KF,110,99,0.9,different-party
16351,18715,S,S,68,68,1.0,same-party
16351,18716,S,S,68,68,1.0,same-party
16351,18717,S,S,138,138,1.0,same-party
16351,18718,S,S,158,158,1.0,same-party
16351,18719,S,S,108,108,1.0,same-party
16351,18720,S,S,151,151,1.0,same-party
16351,18721,S,DF,89,52,0.5842696629213483,different-party
16351,18722,S,UFG,0,0,,different-party
16351,18723,S,LA,50,42,0.84,different-party
16351,18724,S,UFG,84,34,0.40476190476190477,different-party
16351,18725,S,RV,122,107,0.8770491803278688,different-party
16351,18726,S,RV,79,69,0.8734177215189873,different-party
16351,18729,S,RV,136,115,0.8455882352941176,different-party
16351,18882,S,S,22,22,1.0,same-party
16351,19000,S,SF,89,65,0.7303370786516854,different-party
16351,19928,S,S,132,132,1.0,same-party
16351,20349,S,SP,72,72,1.0,different-party
16351,20350,S,DF,31,18,0.5806451612903226,different-party
16351,20351,S,ALT,1,0,0.0,different-party
16351,20352,S,ALT,125,64,0.512,different-party
16351,20353,S,ALT,43,32,0.7441860465116279,different-party
16351,20354,S,UFG,6,0,0.0,different-party
16351,20355,S,DD,80,54,0.675,different-party
16351,20356,S,DF,144,59,0.4097222222222222,different-party
16351,20357,S,KF,71,63,0.8873239436619719,different-party
16351,20358,S,SF,3,2,0.6666666666666666,different-party
16351,20359,S,SF,159,105,0.660377358490566,different-party
16351,20360,S,SF,86,64,0.7441860465116279,different-party
16351,20361,S,S,15,15,1.0,same-party
16351,20362,S,S,150,150,1.0,same-party
16351,20363,S,S,159,159,1.0,same-party
16351,20364,S,S,150,150,1.0,same-party
16351,20365,S,S,136,136,1.0,same-party
16351,20366,S,S,27,27,1.0,same-party
16351,20367,S,S,163,163,1.0,same-party
16351,20368,S,S,132,132,1.0,same-party
16351,20369,S,KF,137,128,0.9343065693430657,different-party
16351,20370,S,ALT,70,51,0.7285714285714285,different-party
16351,20371,S,V,142,142,1.0,different-party
16351,20372,S,DD,47,34,0.723404255319149,different-party
16351,20373,S,DD,53,35,0.660377358490566,different-party
16351,20374,S,DD,130,60,0.46153846153846156,different-party
16351,20375,S,DD,109,43,0.3944954128440367,different-party
16351,20376,S,DD,156,71,0.4551282051282051,different-party
16351,20377,S,M,81,81,1.0,different-party
16351,20378,S,M,163,163,1.0,different-party
16351,20379,S,M,0,0,,different-party
16351,20380,S,M,10,10,1.0,different-party
16351,20381,S,ALT,146,82,0.5616438356164384,different-party
16351,20382,S,M,18,18,1.0,different-party
16351,20383,S,UFG,40,36,0.9,different-party
16351,20384,S,M,86,86,1.0,different-party
16351,20385,S,M,65,65,1.0,different-party
16351,20386,S,M,109,108,0.9908256880733946,different-party
16351,20388,S,UFG,47,45,0.9574468085106383,different-party
16351,20389,S,M,155,155,1.0,different-party
16351,20390,S,UFG,73,50,0.684931506849315,different-party
16351,20391,S,LA,134,88,0.6567164179104478,different-party
16351,20392,S,LA,42,33,0.7857142857142857,different-party
16351,20393,S,LA,134,90,0.6716417910447762,different-party
16351,20394,S,LA,135,94,0.6962962962962963,different-party
16351,20395,S,LA,133,89,0.6691729323308271,different-party
16351,20396,S,LA,89,51,0.5730337078651685,different-party
16351,20397,S,LA,46,32,0.6956521739130435,different-party
16351,20398,S,LA,153,103,0.673202614379085,different-party
16351,20399,S,LA,132,85,0.6439393939393939,different-party
16351,20400,S,LA,159,106,0.6666666666666666,different-party
16351,20411,S,EL,69,38,0.5507246376811594,different-party
16351,20415,S,M,161,161,1.0,different-party
16351,20496,S,M,133,133,1.0,different-party
16351,20781,S,S,157,157,1.0,same-party
16351,20798,S,SF,159,109,0.6855345911949685,different-party
16351,20820,S,LA,93,70,0.7526881720430108,different-party
16351,20917,S,KF,4,2,0.5,different-party
16351,20925,S,KF,155,143,0.9225806451612903,different-party
16351,20930,S,S,78,78,1.0,same-party
16351,20962,S,SF,77,59,0.7662337662337663,different-party
16351,20966,S,KF,68,54,0.7941176470588235,different-party
16351,21044,S,S,165,165,1.0,same-party
16351,21083,S,S,2,2,1.0,same-party
16351,21143,S,S,125,125,1.0,same-party
16351,21159,S,M,141,141,1.0,different-party
16351,21168,S,V,126,126,1.0,different-party
16351,21186,S,S,2,2,1.0,same-party
16351,21194,S,KF,62,50,0.8064516129032258,different-party
16351,21206,S,N,0,0,,different-party
16503,16582,S,EL,24,13,0.5416666666666666,different-party
16503,16728,S,SF,5,2,0.4,different-party
16503,17141,S,KF,4,2,0.5,different-party
16503,17628,S,SF,13,9,0.6923076923076923,different-party
16503,17629,S,DD,13,8,0.6153846153846154,different-party
16503,18688,S,N,0,0,,different-party
16503,18693,S,EL,18,9,0.5,different-party
16503,18694,S,EL,21,12,0.5714285714285714,different-party
16503,18695,S,V,24,24,1.0,different-party
16503,18696,S,V,23,23,1.0,different-party
16503,18698,S,V,23,23,1.0,different-party
16503,18699,S,V,21,21,1.0,different-party
16503,18700,S,V,14,14,1.0,different-party
16503,18701,S,V,11,11,1.0,different-party
16503,18703,S,LA,0,0,,different-party
16503,18704,S,SF,7,4,0.5714285714285714,different-party
16503,18707,S,SF,21,12,0.5714285714285714,different-party
16503,18708,S,SF,0,0,,different-party
16503,18709,S,SF,9,5,0.5555555555555556,different-party
16503,18713,S,KF,0,0,,different-party
16503,18715,S,S,8,8,1.0,same-party
16503,18716,S,S,24,24,1.0,same-party
16503,18717,S,S,16,16,1.0,same-party
16503,18718,S,S,23,23,1.0,same-party
16503,18719,S,S,13,13,1.0,same-party
16503,18720,S,S,14,14,1.0,same-party
16503,18721,S,DF,12,6,0.5,different-party
16503,18722,S,UFG,0,0,,different-party
16503,18723,S,LA,15,10,0.6666666666666666,different-party
16503,18724,S,UFG,14,4,0.2857142857142857,different-party
16503,18725,S,RV,13,9,0.6923076923076923,different-party
16503,18726,S,RV,20,13,0.65,different-party
16503,18729,S,RV,21,13,0.6190476190476191,different-party
16503,18882,S,S,19,19,1.0,same-party
16503,19000,S,SF,24,14,0.5833333333333334,different-party
16503,19928,S,S,14,14,1.0,same-party
16503,20349,S,SP,0,0,,different-party
16503,20350,S,DF,17,9,0.5294117647058824,different-party
16503,20351,S,ALT,0,0,,different-party
16503,20352,S,ALT,18,8,0.4444444444444444,different-party
16503,20353,S,ALT,5,2,0.4,different-party
16503,20354,S,UFG,4,0,0.0,different-party
16503,20355,S,DD,24,11,0.4583333333333333,different-party
16503,20356,S,DF,12,6,0.5,different-party
16503,20357,S,KF,24,18,0.75,different-party
16503,20358,S,SF,3,2,0.6666666666666666,different-party
16503,20359,S,SF,23,13,0.5652173913043478,different-party
16503,20360,S,SF,20,10,0.5,different-party
16503,20361,S,S,15,15,1.0,same-party
16503,20362,S,S,11,11,1.0,same-party
16503,20363,S,S,21,21,1.0,same-party
16503,20364,S,S,15,15,1.0,same-party
16503,20365,S,S,23,23,1.0,same-party
16503,20366,S,S,23,23,1.0,same-party
16503,20367,S,S,22,22,1.0,same-party
16503,20368,S,S,15,15,1.0,same-party
16503,20369,S,KF,19,13,0.6842105263157895,different-party
16503,20370,S,ALT,22,11,0.5,different-party
16503,20371,S,V,21,21,1.0,different-party
16503,20372,S,DD,13,8,0.6153846153846154,different-party
16503,20373,S,DD,24,11,0.4583333333333333,different-party
16503,20374,S,DD,19,9,0.47368421052631576,different-party
16503,20375,S,DD,0,0,,different-party
16503,20376,S,DD,23,10,0.43478260869565216,different-party
16503,20377,S,M,15,15,1.0,different-party
16503,20378,S,M,23,23,1.0,different-party
16503,20379,S,M,0,0,,different-party
16503,20380,S,M,10,10,1.0,different-party
16503,20381,S,ALT,23,11,0.4782608695652174,different-party
16503,20382,S,M,17,17,1.0,different-party
16503,20383,S,UFG,10,6,0.6,different-party
16503,20384,S,M,5,5,1.0,different-party
16503,20385,S,M,24,24,1.0,different-party
16503,20386,S,M,5,5,1.0,different-party
16503,20388,S,UFG,7,6,0.8571428571428571,different-party
16503,20389,S,M,21,21,1.0,different-party
16503,20390,S,UFG,13,8,0.6153846153846154,different-party
16503,20391,S,LA,24,16,0.6666666666666666,different-party
16503,20392,S,LA,12,8,0.6666666666666666,different-party
16503,20393,S,LA,16,11,0.6875,different-party
16503,20394,S,LA,20,13,0.65,different-party
16503,20395,S,LA,16,11,0.6875,different-party
16503,20396,S,LA,4,2,0.5,different-party
16503,20397,S,LA,5,4,0.8,different-party
16503,20398,S,LA,18,12,0.6666666666666666,different-party
16503,20399,S,LA,17,12,0.7058823529411765,different-party
16503,20400,S,LA,24,16,0.6666666666666666,different-party
16503,20411,S,EL,11,5,0.45454545454545453,different-party
16503,20415,S,M,23,23,1.0,different-party
16503,20496,S,M,15,15,1.0,different-party
16503,20781,S,S,22,22,1.0,same-party
16503,20798,S,SF,21,12,0.5714285714285714,different-party
16503,20820,S,LA,18,13,0.7222222222222222,different-party
16503,20917,S,KF,1,0,0.0,different-party
16503,20925,S,KF,15,12,0.8,different-party
16503,20930,S,S,8,8,1.0,same-party
16503,20962,S,SF,23,14,0.6086956521739131,different-party
16503,20966,S,KF,24,18,0.75,different-party
16503,21044,S,S,24,24,1.0,same-party
16503,21083,S,S,1,1,1.0,same-party
16503,21143,S,S,20,20,1.0,same-party
16503,21159,S,M,5,5,1.0,different-party
16503,21168,S,V,20,20,1.0,different-party
16503,21186,S,S,1,1,1.0,same-party
16503,21194,S,KF,14,10,0.7142857142857143,different-party
16503,21206,S,N,0,0,,different-party
16582,16728,EL,SF,118,92,0.7796610169491526,different-party
16582,17141,EL,KF,86,42,0.4883720930232558,different-party
16582,17628,EL,SF,13,12,0.9230769230769231,different-party
16582,17629,EL,DD,66,33,0.5,different-party
16582,18688,EL,N,0,0,,different-party
16582,18693,EL,EL,64,63,0.984375,same-party
16582,18694,EL,EL,157,156,0.9936305732484076,same-party
16582,18695,EL,V,147,77,0.5238095238095238,different-party
16582,18696,EL,V,68,41,0.6029411764705882,different-party
16582,18698,EL,V,66,39,0.5909090909090909,different-party
16582,18699,EL,V,155,83,0.535483870967742,different-party
16582,18700,EL,V,59,37,0.6271186440677966,different-party
16582,18701,EL,V,22,15,0.6818181818181818,different-party
16582,18703,EL,LA,1,1,1.0,different-party
16582,18704,EL,SF,71,55,0.7746478873239436,different-party
16582,18707,EL,SF,151,119,0.7880794701986755,different-party
16582,18708,EL,SF,104,79,0.7596153846153846,different-party
16582,18709,EL,SF,94,75,0.7978723404255319,different-party
16582,18713,EL,KF,110,53,0.4818181818181818,different-party
16582,18715,EL,S,71,44,0.6197183098591549,different-party
16582,18716,EL,S,71,45,0.6338028169014085,different-party
16582,18717,EL,S,132,68,0.5151515151515151,different-party
16582,18718,EL,S,155,84,0.5419354838709678,different-party
16582,18719,EL,S,105,53,0.5047619047619047,different-party
16582,18720,EL,S,148,78,0.527027027027027,different-party
16582,18721,EL,DF,83,35,0.42168674698795183,different-party
16582,18722,EL,UFG,0,0,,different-party
16582,18723,EL,LA,47,27,0.574468085106383,different-party
16582,18724,EL,UFG,85,33,0.38823529411764707,different-party
16582,18725,EL,RV,119,71,0.5966386554621849,different-party
16582,18726,EL,RV,82,57,0.6951219512195121,different-party
16582,18729,EL,RV,139,85,0.6115107913669064,different-party
16582,18882,EL,S,25,16,0.64,different-party
16582,19000,EL,SF,86,68,0.7906976744186046,different-party
16582,19928,EL,S,129,68,0.5271317829457365,different-party
16582,20349,EL,SP,66,29,0.4393939393939394,different-party
16582,20350,EL,DF,34,13,0.38235294117647056,different-party
16582,20351,EL,ALT,1,1,1.0,different-party
16582,20352,EL,ALT,119,85,0.7142857142857143,different-party
16582,20353,EL,ALT,46,41,0.8913043478260869,different-party
16582,20354,EL,UFG,6,4,0.6666666666666666,different-party
16582,20355,EL,DD,77,43,0.5584415584415584,different-party
16582,20356,EL,DF,138,53,0.38405797101449274,different-party
16582,20357,EL,KF,68,43,0.6323529411764706,different-party
16582,20358,EL,SF,3,3,1.0,different-party
16582,20359,EL,SF,155,122,0.7870967741935484,different-party
16582,20360,EL,SF,83,69,0.8313253012048193,different-party
16582,20361,EL,S,15,9,0.6,different-party
16582,20362,EL,S,147,80,0.54421768707483,different-party
16582,20363,EL,S,153,80,0.5228758169934641,different-party
16582,20364,EL,S,147,77,0.5238095238095238,different-party
16582,20365,EL,S,133,69,0.518796992481203,different-party
16582,20366,EL,S,30,18,0.6,different-party
16582,20367,EL,S,160,87,0.54375,different-party
16582,20368,EL,S,129,69,0.5348837209302325,different-party
16582,20369,EL,KF,134,69,0.5149253731343284,different-party
16582,20370,EL,ALT,73,60,0.821917808219178,different-party
16582,20371,EL,V,139,71,0.5107913669064749,different-party
16582,20372,EL,DD,41,19,0.4634146341463415,different-party
16582,20373,EL,DD,50,27,0.54,different-party
16582,20374,EL,DD,127,45,0.3543307086614173,different-party
16582,20375,EL,DD,109,37,0.3394495412844037,different-party
16582,20376,EL,DD,153,58,0.3790849673202614,different-party
16582,20377,EL,M,84,51,0.6071428571428571,different-party
16582,20378,EL,M,160,87,0.54375,different-party
16582,20379,EL,M,0,0,,different-party
16582,20380,EL,M,10,6,0.6,different-party
16582,20381,EL,ALT,143,110,0.7692307692307693,different-party
16582,20382,EL,M,18,9,0.5,different-party
16582,20383,EL,UFG,37,23,0.6216216216216216,different-party
16582,20384,EL,M,84,38,0.4523809523809524,different-party
16582,20385,EL,M,68,43,0.6323529411764706,different-party
16582,20386,EL,M,103,48,0.46601941747572817,different-party
16582,20388,EL,UFG,44,27,0.6136363636363636,different-party
16582,20389,EL,M,149,78,0.5234899328859061,different-party
16582,20390,EL,UFG,67,33,0.4925373134328358,different-party
16582,20391,EL,LA,131,40,0.3053435114503817,different-party
16582,20392,EL,LA,42,24,0.5714285714285714,different-party
16582,20393,EL,LA,131,47,0.35877862595419846,different-party
16582,20394,EL,LA,132,44,0.3333333333333333,different-party
16582,20395,EL,LA,127,42,0.33070866141732286,different-party
16582,20396,EL,LA,92,23,0.25,different-party
16582,20397,EL,LA,46,20,0.43478260869565216,different-party
16582,20398,EL,LA,147,48,0.32653061224489793,different-party
16582,20399,EL,LA,129,39,0.3023255813953488,different-party
16582,20400,EL,LA,162,58,0.35802469135802467,different-party
16582,20411,EL,EL,63,62,0.9841269841269841,same-party
16582,20415,EL,M,158,85,0.5379746835443038,different-party
16582,20496,EL,M,130,69,0.5307692307692308,different-party
16582,20781,EL,S,153,80,0.5228758169934641,different-party
16582,20798,EL,SF,159,125,0.7861635220125787,different-party
16582,20820,EL,LA,87,41,0.47126436781609193,different-party
16582,20917,EL,KF,4,2,0.5,different-party
16582,20925,EL,KF,152,83,0.5460526315789473,different-party
16582,20930,EL,S,75,46,0.6133333333333333,different-party
16582,20962,EL,SF,74,62,0.8378378378378378,different-party
16582,20966,EL,KF,71,43,0.6056338028169014,different-party
16582,21044,EL,S,162,87,0.5370370370370371,different-party
16582,21083,EL,S,2,0,0.0,different-party
16582,21143,EL,S,119,57,0.4789915966386555,different-party
16582,21159,EL,M,139,74,0.5323741007194245,different-party
16582,21168,EL,V,120,60,0.5,different-party
16582,21186,EL,S,2,0,0.0,different-party
16582,21194,EL,KF,62,36,0.5806451612903226,different-party
16582,21206,EL,N,0,0,,different-party
16728,17141,SF,KF,71,41,0.5774647887323944,different-party
16728,17628,SF,SF,0,0,,same-party
16728,17629,SF,DD,42,28,0.6666666666666666,different-party
16728,18688,SF,N,0,0,,different-party
16728,18693,SF,EL,46,38,0.8260869565217391,different-party
16728,18694,SF,EL,123,96,0.7804878048780488,different-party
16728,18695,SF,V,115,74,0.6434782608695652,different-party
16728,18696,SF,V,46,32,0.6956521739130435,different-party
16728,18698,SF,V,32,26,0.8125,different-party
16728,18699,SF,V,123,79,0.6422764227642277,different-party
16728,18700,SF,V,46,34,0.7391304347826086,different-party
16728,18701,SF,V,19,12,0.631578947368421,different-party
16728,18703,SF,LA,0,0,,different-party
16728,18704,SF,SF,49,49,1.0,same-party
16728,18707,SF,SF,115,115,1.0,same-party
16728,18708,SF,SF,95,95,1.0,same-party
16728,18709,SF,SF,91,91,1.0,same-party
16728,18713,SF,KF,85,51,0.6,different-party
16728,18715,SF,S,43,34,0.7906976744186046,different-party
16728,18716,SF,S,43,34,0.7906976744186046,different-party
16728,18717,SF,S,99,58,0.5858585858585859,different-party
16728,18718,SF,S,123,78,0.6341463414634146,different-party
16728,18719,SF,S,79,43,0.5443037974683544,different-party
16728,18720,SF,S,120,76,0.6333333333333333,different-party
16728,18721,SF,DF,57,30,0.5263157894736842,different-party
16728,18722,SF,UFG,0,0,,different-party
16728,18723,SF,LA,39,29,0.7435897435897436,different-party
16728,18724,SF,UFG,53,25,0.4716981132075472,different-party
16728,18725,SF,RV,94,62,0.6595744680851063,different-party
16728,18726,SF,RV,39,34,0.8717948717948718,different-party
16728,18729,SF,RV,95,64,0.6736842105263158,different-party
16728,18882,SF,S,0,0,,different-party
16728,19000,SF,SF,48,48,1.0,same-party
16728,19928,SF,S,106,68,0.6415094339622641,different-party
16728,20349,SF,SP,72,40,0.5555555555555556,different-party
16728,20350,SF,DF,13,7,0.5384615384615384,different-party
16728,20351,SF,ALT,0,0,,different-party
16728,20352,SF,ALT,91,70,0.7692307692307693,different-party
16728,20353,SF,ALT,40,38,0.95,different-party
16728,20354,SF,UFG,3,2,0.6666666666666666,different-party
16728,20355,SF,DD,39,26,0.6666666666666666,different-party
16728,20356,SF,DF,113,40,0.35398230088495575,different-party
16728,20357,SF,KF,49,37,0.7551020408163265,different-party
16728,20358,SF,SF,3,3,1.0,same-party
16728,20359,SF,SF,124,124,1.0,same-party
16728,20360,SF,SF,49,49,1.0,same-party
16728,20361,SF,S,0,0,,different-party
16728,20362,SF,S,118,77,0.652542372881356,different-party
16728,20363,SF,S,124,79,0.6370967741935484,different-party
16728,20364,SF,S,124,79,0.6370967741935484,different-party
16728,20365,SF,S,95,55,0.5789473684210527,different-party
16728,20366,SF,S,4,2,0.5,different-party
16728,20367,SF,S,123,79,0.6422764227642277,different-party
16728,20368,SF,S,115,74,0.6434782608695652,different-party
16728,20369,SF,KF,97,62,0.6391752577319587,different-party
16728,20370,SF,ALT,33,29,0.8787878787878788,different-party
16728,20371,SF,V,101,59,0.5841584158415841,different-party
16728,20372,SF,DD,35,19,0.5428571428571428,different-party
16728,20373,SF,DD,29,16,0.5517241379310345,different-party
16728,20374,SF,DD,111,41,0.36936936936936937,different-party
16728,20375,SF,DD,105,39,0.37142857142857144,different-party
16728,20376,SF,DD,115,44,0.3826086956521739,different-party
16728,20377,SF,M,50,37,0.74,different-party
16728,20378,SF,M,123,79,0.6422764227642277,different-party
16728,20379,SF,M,0,0,,different-party
16728,20380,SF,M,0,0,,different-party
16728,20381,SF,ALT,123,99,0.8048780487804879,different-party
16728,20382,SF,M,1,0,0.0,different-party
16728,20383,SF,UFG,26,21,0.8076923076923077,different-party
16728,20384,SF,M,78,45,0.5769230769230769,different-party
16728,20385,SF,M,43,34,0.7906976744186046,different-party
16728,20386,SF,M,94,55,0.5851063829787234,different-party
16728,20388,SF,UFG,46,30,0.6521739130434783,different-party
16728,20389,SF,M,114,71,0.6228070175438597,different-party
16728,20390,SF,UFG,57,35,0.6140350877192983,different-party
16728,20391,SF,LA,95,32,0.3368421052631579,different-party
16728,20392,SF,LA,20,18,0.9,different-party
16728,20393,SF,LA,104,45,0.4326923076923077,different-party
16728,20394,SF,LA,101,43,0.42574257425742573,different-party
16728,20395,SF,LA,111,47,0.42342342342342343,different-party
16728,20396,SF,LA,86,28,0.32558139534883723,different-party
16728,20397,SF,LA,21,14,0.6666666666666666,different-party
16728,20398,SF,LA,123,55,0.44715447154471544,different-party
16728,20399,SF,LA,104,38,0.36538461538461536,different-party
16728,20400,SF,LA,118,54,0.4576271186440678,different-party
16728,20411,SF,EL,45,35,0.7777777777777778,different-party
16728,20415,SF,M,123,79,0.6422764227642277,different-party
16728,20496,SF,M,105,68,0.6476190476190476,different-party
16728,20781,SF,S,123,79,0.6422764227642277,different-party
16728,20798,SF,SF,118,118,1.0,same-party
16728,20820,SF,LA,57,38,0.6666666666666666,different-party
16728,20917,SF,KF,1,1,1.0,different-party
16728,20925,SF,KF,123,83,0.6747967479674797,different-party
16728,20930,SF,S,54,38,0.7037037037037037,different-party
16728,20962,SF,SF,40,40,1.0,same-party
16728,20966,SF,KF,42,36,0.8571428571428571,different-party
16728,21044,SF,S,124,79,0.6370967741935484,different-party
16728,21083,SF,S,1,0,0.0,different-party
16728,21143,SF,S,94,55,0.5851063829787234,different-party
16728,21159,SF,M,117,74,0.6324786324786325,different-party
16728,21168,SF,V,85,47,0.5529411764705883,different-party
16728,21186,SF,S,1,0,0.0,different-party
16728,21194,SF,KF,52,43,0.8269230769230769,different-party
16728,21206,SF,N,0,0,,different-party
17141,17628,KF,SF,0,0,,different-party
17141,17629,KF,DD,15,10,0.6666666666666666,different-party
17141,18688,KF,N,0,0,,different-party
17141,18693,KF,EL,9,4,0.4444444444444444,different-party
17141,18694,KF,EL,88,40,0.45454545454545453,different-party
17141,18695,KF,V,92,89,0.967391304347826,different-party
17141,18696,KF,V,11,9,0.8181818181818182,different-party
17141,18698,KF,V,18,17,0.9444444444444444,different-party
17141,18699,KF,V,85,84,0.9882352941176471,different-party
17141,18700,KF,V,6,4,0.6666666666666666,different-party
17141,18701,KF,V,9,8,0.8888888888888888,different-party
17141,18703,KF,LA,0,0,,different-party
17141,18704,KF,SF,28,21,0.75,different-party
17141,18707,KF,SF,92,59,0.6413043478260869,different-party
17141,18708,KF,SF,67,40,0.5970149253731343,different-party
17141,18709,KF,SF,70,40,0.5714285714285714,different-party
17141,18713,KF,KF,82,80,0.975609756097561,same-party
17141,18715,KF,S,22,19,0.8636363636363636,different-party
17141,18716,KF,S,7,4,0.5714285714285714,different-party
17141,18717,KF,S,88,87,0.9886363636363636,different-party
17141,18718,KF,S,86,83,0.9651162790697675,different-party
17141,18719,KF,S,83,81,0.9759036144578314,different-party
17141,18720,KF,S,89,87,0.9775280898876404,different-party
17141,18721,KF,DF,25,16,0.64,different-party
17141,18722,KF,UFG,0,0,,different-party
17141,18723,KF,LA,13,13,1.0,different-party
17141,18724,KF,UFG,24,14,0.5833333333333334,different-party
17141,18725,KF,RV,88,80,0.9090909090909091,different-party
17141,18726,KF,RV,21,19,0.9047619047619048,different-party
17141,18729,KF,RV,86,76,0.8837209302325582,different-party
17141,18882,KF,S,3,2,0.6666666666666666,different-party
17141,19000,KF,SF,28,21,0.75,different-party
17141,19928,KF,S,92,89,0.967391304347826,different-party
17141,20349,KF,SP,70,70,1.0,different-party
17141,20350,KF,DF,7,4,0.5714285714285714,different-party
17141,20351,KF,ALT,0,0,,different-party
17141,20352,KF,ALT,89,45,0.5056179775280899,different-party
17141,20353,KF,ALT,7,5,0.7142857142857143,different-party
17141,20354,KF,UFG,1,1,1.0,different-party
17141,20355,KF,DD,28,22,0.7857142857142857,different-party
17141,20356,KF,DF,85,25,0.29411764705882354,different-party
17141,20357,KF,KF,10,10,1.0,same-party
17141,20358,KF,SF,0,0,,different-party
17141,20359,KF,SF,91,58,0.6373626373626373,different-party
17141,20360,KF,SF,28,21,0.75,different-party
17141,20361,KF,S,0,0,,different-party
17141,20362,KF,S,91,89,0.978021978021978,different-party
17141,20363,KF,S,89,87,0.9775280898876404,different-party
17141,20364,KF,S,92,89,0.967391304347826,different-party
17141,20365,KF,S,92,89,0.967391304347826,different-party
17141,20366,KF,S,4,2,0.5,different-party
17141,20367,KF,S,91,89,0.978021978021978,different-party
17141,20368,KF,S,77,74,0.961038961038961,different-party
17141,20369,KF,KF,86,86,1.0,same-party
17141,20370,KF,ALT,18,14,0.7777777777777778,different-party
17141,20371,KF,V,92,89,0.967391304347826,different-party
17141,20372,KF,DD,9,8,0.8888888888888888,different-party
17141,20373,KF,DD,11,10,0.9090909090909091,different-party
17141,20374,KF,DD,76,25,0.32894736842105265,different-party
17141,20375,KF,DD,67,16,0.23880597014925373,different-party
17141,20376,KF,DD,92,36,0.391304347826087,different-party
17141,20377,KF,M,22,19,0.8636363636363636,different-party
17141,20378,KF,M,91,89,0.978021978021978,different-party
17141,20379,KF,M,0,0,,different-party
17141,20380,KF,M,0,0,,different-party
17141,20381,KF,ALT,73,35,0.4794520547945205,different-party
17141,20382,KF,M,1,0,0.0,different-party
17141,20383,KF,UFG,9,8,0.8888888888888888,different-party
17141,20384,KF,M,70,68,0.9714285714285714,different-party
17141,20385,KF,M,4,2,0.5,different-party
17141,20386,KF,M,85,83,0.9764705882352941,different-party
17141,20388,KF,UFG,9,9,1.0,different-party
17141,20389,KF,M,89,87,0.9775280898876404,different-party
17141,20390,KF,UFG,6,6,1.0,different-party
17141,20391,KF,LA,90,58,0.6444444444444445,different-party
17141,20392,KF,LA,3,3,1.0,different-party
17141,20393,KF,LA,89,57,0.6404494382022472,different-party
17141,20394,KF,LA,91,59,0.6483516483516484,different-party
17141,20395,KF,LA,70,43,0.6142857142857143,different-party
17141,20396,KF,LA,71,44,0.6197183098591549,different-party
17141,20397,KF,LA,19,14,0.7368421052631579,different-party
17141,20398,KF,LA,85,53,0.6235294117647059,different-party
17141,20399,KF,LA,92,60,0.6521739130434783,different-party
17141,20400,KF,LA,86,54,0.627906976744186,different-party
17141,20411,KF,EL,22,10,0.45454545454545453,different-party
17141,20415,KF,M,88,87,0.9886363636363636,different-party
17141,20496,KF,M,91,89,0.978021978021978,different-party
17141,20781,KF,S,89,88,0.9887640449438202,different-party
17141,20798,KF,SF,83,54,0.6506024096385542,different-party
17141,20820,KF,LA,21,16,0.7619047619047619,different-party
17141,20917,KF,KF,4,4,1.0,same-party
17141,20925,KF,KF,92,92,1.0,same-party
17141,20930,KF,S,34,31,0.9117647058823529,different-party
17141,20962,KF,SF,25,19,0.76,different-party
17141,20966,KF,KF,7,7,1.0,same-party
17141,21044,KF,S,92,89,0.967391304347826,different-party
17141,21083,KF,S,1,0,0.0,different-party
17141,21143,KF,S,86,85,0.9883720930232558,different-party
17141,21159,KF,M,91,88,0.967032967032967,different-party
17141,21168,KF,V,89,87,0.9775280898876404,different-party
17141,21186,KF,S,1,0,0.0,different-party
17141,21194,KF,KF,1,1,1.0,same-party
17141,21206,KF,N,0,0,,different-party
17628,17629,SF,DD,9,4,0.4444444444444444,different-party
17628,18688,SF,N,0,0,,different-party
17628,18693,SF,EL,13,12,0.9230769230769231,different-party
17628,18694,SF,EL,13,12,0.9230769230769231,different-party
17628,18695,SF,V,13,9,0.6923076923076923,different-party
17628,18696,SF,V,13,9,0.6923076923076923,different-party
17628,18698,SF,V,13,9,0.6923076923076923,different-party
17628,18699,SF,V,13,9,0.6923076923076923,different-party
17628,18700,SF,V,4,4,1.0,different-party
17628,18701,SF,V,4,4,1.0,different-party
17628,18703,SF,LA,0,0,,different-party
17628,18704,SF,SF,0,0,,same-party
17628,18707,SF,SF,11,11,1.0,same-party
17628,18708,SF,SF,0,0,,same-party
17628,18709,SF,SF,4,4,1.0,same-party
17628,18713,SF,KF,0,0,,different-party
17628,18715,SF,S,0,0,,different-party
17628,18716,SF,S,13,9,0.6923076923076923,different-party
17628,18717,SF,S,13,9,0.6923076923076923,different-party
17628,18718,SF,S,13,9,0.6923076923076923,different-party
17628,18719,SF,S,4,4,1.0,different-party
17628,18720,SF,S,9,5,0.5555555555555556,different-party
17628,18721,SF,DF,4,2,0.5,different-party
17628,18722,SF,UFG,0,0,,different-party
17628,18723,SF,LA,4,2,0.5,different-party
17628,18724,SF,UFG,4,0,0.0,different-party
17628,18725,SF,RV,4,3,0.75,different-party
17628,18726,SF,RV,13,11,0.8461538461538461,different-party
17628,18729,SF,RV,13,11,0.8461538461538461,different-party
17628,18882,SF,S,13,9,0.6923076923076923,different-party
17628,19000,SF,SF,13,13,1.0,same-party
17628,19928,SF,S,4,4,1.0,different-party
17628,20349,SF,SP,0,0,,different-party
17628,20350,SF,DF,9,3,0.3333333333333333,different-party
17628,20351,SF,ALT,0,0,,different-party
17628,20352,SF,ALT,13,11,0.8461538461538461,different-party
17628,20353,SF,ALT,0,0,,different-party
17628,20354,SF,UFG,3,1,0.3333333333333333,different-party
17628,20355,SF,DD,13,5,0.38461538461538464,different-party
17628,20356,SF,DF,9,3,0.3333333333333333,different-party
17628,20357,SF,KF,13,7,0.5384615384615384,different-party
17628,20358,SF,SF,0,0,,same-party
17628,20359,SF,SF,13,13,1.0,same-party
17628,20360,SF,SF,9,9,1.0,same-party
17628,20361,SF,S,13,9,0.6923076923076923,different-party
17628,20362,SF,S,4,4,1.0,different-party
17628,20363,SF,S,13,9,0.6923076923076923,different-party
17628,20364,SF,S,4,4,1.0,different-party
17628,20365,SF,S,13,9,0.6923076923076923,different-party
17628,20366,SF,S,13,9,0.6923076923076923,different-party
17628,20367,SF,S,13,9,0.6923076923076923,different-party
17628,20368,SF,S,4,4,1.0,different-party
17628,20369,SF,KF,13,6,0.46153846153846156,different-party
17628,20370,SF,ALT,13,11,0.8461538461538461,different-party
17628,20371,SF,V,13,9,0.6923076923076923,different-party
17628,20372,SF,DD,9,4,0.4444444444444444,different-party
17628,20373,SF,DD,13,5,0.38461538461538464,different-party
17628,20374,SF,DD,12,4,0.3333333333333333,different-party
17628,20375,SF,DD,0,0,,different-party
17628,20376,SF,DD,13,5,0.38461538461538464,different-party
17628,20377,SF,M,4,4,1.0,different-party
17628,20378,SF,M,13,9,0.6923076923076923,different-party
17628,20379,SF,M,0,0,,different-party
17628,20380,SF,M,10,6,0.6,different-party
17628,20381,SF,ALT,13,11,0.8461538461538461,different-party
17628,20382,SF,M,13,9,0.6923076923076923,different-party
17628,20383,SF,UFG,4,3,0.75,different-party
17628,20384,SF,M,1,1,1.0,different-party
17628,20385,SF,M,13,9,0.6923076923076923,different-party
17628,20386,SF,M,0,0,,different-party
17628,20388,SF,UFG,0,0,,different-party
17628,20389,SF,M,13,9,0.6923076923076923,different-party
17628,20390,SF,UFG,9,3,0.3333333333333333,different-party
17628,20391,SF,LA,13,6,0.46153846153846156,different-party
17628,20392,SF,LA,9,4,0.4444444444444444,different-party
17628,20393,SF,LA,9,4,0.4444444444444444,different-party
17628,20394,SF,LA,13,6,0.46153846153846156,different-party
17628,20395,SF,LA,13,7,0.5384615384615384,different-party
17628,20396,SF,LA,0,0,,different-party
17628,20397,SF,LA,0,0,,different-party
17628,20398,SF,LA,11,5,0.45454545454545453,different-party
17628,20399,SF,LA,9,4,0.4444444444444444,different-party
17628,20400,SF,LA,13,6,0.46153846153846156,different-party
17628,20411,SF,EL,9,9,1.0,different-party
17628,20415,SF,M,13,9,0.6923076923076923,different-party
17628,20496,SF,M,9,5,0.5555555555555556,different-party
17628,20781,SF,S,13,9,0.6923076923076923,different-party
17628,20798,SF,SF,13,13,1.0,same-party
17628,20820,SF,LA,11,6,0.5454545454545454,different-party
17628,20917,SF,KF,0,0,,different-party
17628,20925,SF,KF,4,3,0.75,different-party
17628,20930,SF,S,0,0,,different-party
17628,20962,SF,SF,13,13,1.0,same-party
17628,20966,SF,KF,13,6,0.46153846153846156,different-party
17628,21044,SF,S,13,9,0.6923076923076923,different-party
17628,21083,SF,S,0,0,,different-party
17628,21143,SF,S,12,8,0.6666666666666666,different-party
17628,21159,SF,M,0,0,,different-party
17628,21168,SF,V,13,9,0.6923076923076923,different-party
17628,21186,SF,S,0,0,,different-party
17628,21194,SF,KF,9,3,0.3333333333333333,different-party
17628,21206,SF,N,0,0,,different-party
17629,18688,DD,N,0,0,,different-party
17629,18693,DD,EL,48,27,0.5625,different-party
17629,18694,DD,EL,66,33,0.5,different-party
17629,18695,DD,V,66,47,0.7121212121212122,different-party
17629,18696,DD,V,40,29,0.725,different-party
17629,18698,DD,V,56,40,0.7142857142857143,different-party
17629,18699,DD,V,66,47,0.7121212121212122,different-party
17629,18700,DD,V,38,27,0.7105263157894737,different-party
17629,18701,DD,V,13,8,0.6153846153846154,different-party
17629,18703,DD,LA,0,0,,different-party
17629,18704,DD,SF,48,30,0.625,different-party
17629,18707,DD,SF,57,34,0.5964912280701754,different-party
17629,18708,DD,SF,20,15,0.75,different-party
17629,18709,DD,SF,19,11,0.5789473684210527,different-party
17629,18713,DD,KF,25,18,0.72,different-party
17629,18715,DD,S,57,41,0.7192982456140351,different-party
17629,18716,DD,S,51,37,0.7254901960784313,different-party
17629,18717,DD,S,42,31,0.7380952380952381,different-party
17629,18718,DD,S,63,44,0.6984126984126984,different-party
17629,18719,DD,S,15,8,0.5333333333333333,different-party
17629,18720,DD,S,62,45,0.7258064516129032,different-party
17629,18721,DD,DF,56,43,0.7678571428571429,different-party
17629,18722,DD,UFG,0,0,,different-party
17629,18723,DD,LA,32,24,0.75,different-party
17629,18724,DD,UFG,56,39,0.6964285714285714,different-party
17629,18725,DD,RV,28,18,0.6428571428571429,different-party
17629,18726,DD,RV,63,44,0.6984126984126984,different-party
17629,18729,DD,RV,43,29,0.6744186046511628,different-party
17629,18882,DD,S,9,6,0.6666666666666666,different-party
17629,19000,DD,SF,56,35,0.625,different-party
17629,19928,DD,S,48,32,0.6666666666666666,different-party
17629,20349,DD,SP,0,0,,different-party
17629,20350,DD,DF,21,14,0.6666666666666666,different-party
17629,20351,DD,ALT,0,0,,different-party
17629,20352,DD,ALT,33,16,0.48484848484848486,different-party
17629,20353,DD,ALT,39,24,0.6153846153846154,different-party
17629,20354,DD,UFG,4,2,0.5,different-party
17629,20355,DD,DD,56,56,1.0,same-party
17629,20356,DD,DF,56,42,0.75,different-party
17629,20357,DD,KF,51,39,0.7647058823529411,different-party
17629,20358,DD,SF,3,2,0.6666666666666666,different-party
17629,20359,DD,SF,66,40,0.6060606060606061,different-party
17629,20360,DD,SF,66,40,0.6060606060606061,different-party
17629,20361,DD,S,9,6,0.6666666666666666,different-party
17629,20362,DD,S,54,40,0.7407407407407407,different-party
17629,20363,DD,S,66,47,0.7121212121212122,different-party
17629,20364,DD,S,57,41,0.7192982456140351,different-party
17629,20365,DD,S,37,24,0.6486486486486487,different-party
17629,20366,DD,S,12,7,0.5833333333333334,different-party
17629,20367,DD,S,66,47,0.7121212121212122,different-party
17629,20368,DD,S,42,31,0.7380952380952381,different-party
17629,20369,DD,KF,54,39,0.7222222222222222,different-party
17629,20370,DD,ALT,57,30,0.5263157894736842,different-party
17629,20371,DD,V,43,32,0.7441860465116279,different-party
17629,20372,DD,DD,31,31,1.0,same-party
17629,20373,DD,DD,31,31,1.0,same-party
17629,20374,DD,DD,47,47,1.0,same-party
17629,20375,DD,DD,30,30,1.0,same-party
17629,20376,DD,DD,57,57,1.0,same-party
17629,20377,DD,M,55,39,0.7090909090909091,different-party
17629,20378,DD,M,66,47,0.7121212121212122,different-party
17629,20379,DD,M,0,0,,different-party
17629,20380,DD,M,9,6,0.6666666666666666,different-party
17629,20381,DD,ALT,51,29,0.5686274509803921,different-party
17629,20382,DD,M,9,6,0.6666666666666666,different-party
17629,20383,DD,UFG,20,15,0.75,different-party
17629,20384,DD,M,0,0,,different-party
17629,20385,DD,M,51,37,0.7254901960784313,different-party
17629,20386,DD,M,37,28,0.7567567567567568,different-party
17629,20388,DD,UFG,31,23,0.7419354838709677,different-party
17629,20389,DD,M,56,40,0.7142857142857143,different-party
17629,20390,DD,UFG,51,39,0.7647058823529411,different-party
17629,20391,DD,LA,46,41,0.8913043478260869,different-party
17629,20392,DD,LA,29,23,0.7931034482758621,different-party
17629,20393,DD,LA,46,36,0.782608695652174,different-party
17629,20394,DD,LA,53,45,0.8490566037735849,different-party
17629,20395,DD,LA,39,31,0.7948717948717948,different-party
17629,20396,DD,LA,10,9,0.9,different-party
17629,20397,DD,LA,26,22,0.8461538461538461,different-party
17629,20398,DD,LA,64,53,0.828125,different-party
17629,20399,DD,LA,46,41,0.8913043478260869,different-party
17629,20400,DD,LA,66,55,0.8333333333333334,different-party
17629,20411,DD,EL,53,26,0.49056603773584906,different-party
17629,20415,DD,M,66,47,0.7121212121212122,different-party
17629,20496,DD,M,57,38,0.6666666666666666,different-party
17629,20781,DD,S,66,47,0.7121212121212122,different-party
17629,20798,DD,SF,66,40,0.6060606060606061,different-party
17629,20820,DD,LA,64,53,0.828125,different-party
17629,20917,DD,KF,0,0,,different-party
17629,20925,DD,KF,56,43,0.7678571428571429,different-party
17629,20930,DD,S,47,34,0.723404255319149,different-party
17629,20962,DD,SF,57,34,0.5964912280701754,different-party
17629,20966,DD,KF,41,31,0.7560975609756098,different-party
17629,21044,DD,S,66,47,0.7121212121212122,different-party
17629,21083,DD,S,0,0,,different-party
17629,21143,DD,S,45,32,0.7111111111111111,different-party
17629,21159,DD,M,51,37,0.7254901960784313,different-party
17629,21168,DD,V,27,17,0.6296296296296297,different-party
17629,21186,DD,S,0,0,,different-party
17629,21194,DD,KF,51,39,0.7647058823529411,different-party
17629,21206,DD,N,0,0,,different-party
18688,18693,N,EL,0,0,,different-party
18688,18694,N,EL,0,0,,different-party
18688,18695,N,V,0,0,,different-party
18688,18696,N,V,0,0,,different-party
18688,18698,N,V,0,0,,different-party
18688,18699,N,V,0,0,,different-party
18688,18700,N,V,0,0,,different-party
18688,18701,N,V,0,0,,different-party
18688,18703,N,LA,0,0,,different-party
18688,18704,N,SF,0,0,,different-party
18688,18707,N,SF,0,0,,different-party
18688,18708,N,SF,0,0,,different-party
18688,18709,N,SF,0,0,,different-party
18688,18713,N,KF,0,0,,different-party
18688,18715,N,S,0,0,,different-party
18688,18716,N,S,0,0,,different-party
18688,18717,N,S,0,0,,different-party
18688,18718,N,S,0,0,,different-party
18688,18719,N,S,0,0,,different-party
18688,18720,N,S,0,0,,different-party
18688,18721,N,DF,0,0,,different-party
18688,18722,N,UFG,0,0,,different-party
18688,18723,N,LA,0,0,,different-party
18688,18724,N,UFG,0,0,,different-party
18688,18725,N,RV,0,0,,different-party
18688,18726,N,RV,0,0,,different-party
18688,18729,N,RV,0,0,,different-party
18688,18882,N,S,0,0,,different-party
18688,19000,N,SF,0,0,,different-party
18688,19928,N,S,0,0,,different-party
18688,20349,N,SP,0,0,,different-party
18688,20350,N,DF,0,0,,different-party
18688,20351,N,ALT,0,0,,different-party
18688,20352,N,ALT,0,0,,different-party
18688,20353,N,ALT,0,0,,different-party
18688,20354,N,UFG,0,0,,different-party
18688,20355,N,DD,0,0,,different-party
18688,20356,N,DF,0,0,,different-party
18688,20357,N,KF,0,0,,different-party
18688,20358,N,SF,0,0,,different-party
18688,20359,N,SF,0,0,,different-party
18688,20360,N,SF,0,0,,different-party
18688,20361,N,S,0,0,,different-party
18688,20362,N,S,0,0,,different-party
18688,20363,N,S,0,0,,different-party
18688,20364,N,S,0,0,,different-party
18688,20365,N,S,0,0,,different-party
18688,20366,N,S,0,0,,different-party
18688,20367,N,S,0,0,,different-party
18688,20368,N,S,0,0,,different-party
18688,20369,N,KF,0,0,,different-party
18688,20370,N,ALT,0,0,,different-party
18688,20371,N,V,0,0,,different-party
18688,20372,N,DD,0,0,,different-party
18688,20373,N,DD,0,0,,different-party
18688,20374,N,DD,0,0,,different-party
18688,20375,N,DD,0,0,,different-party
18688,20376,N,DD,0,0,,different-party
18688,20377,N,M,0,0,,different-party
18688,20378,N,M,0,0,,different-party
18688,20379,N,M,0,0,,different-party
18688,20380,N,M,0,0,,different-party
18688,20381,N,ALT,0,0,,different-party
18688,20382,N,M,0,0,,different-party
18688,20383,N,UFG,0,0,,different-party
18688,20384,N,M,0,0,,different-party
18688,20385,N,M,0,0,,different-party
18688,20386,N,M,0,0,,different-party
18688,20388,N,UFG,0,0,,different-party
18688,20389,N,M,0,0,,different-party
18688,20390,N,UFG,0,0,,different-party
18688,20391,N,LA,0,0,,different-party
18688,20392,N,LA,0,0,,different-party
18688,20393,N,LA,0,0,,different-party
18688,20394,N,LA,0,0,,different-party
18688,20395,N,LA,0,0,,different-party
18688,20396,N,LA,0,0,,different-party
18688,20397,N,LA,0,0,,different-party
18688,20398,N,LA,0,0,,different-party
18688,20399,N,LA,0,0,,different-party
18688,20400,N,LA,0,0,,different-party
18688,20411,N,EL,0,0,,different-party
18688,20415,N,M,0,0,,different-party
18688,20496,N,M,0,0,,different-party
18688,20781,N,S,0,0,,different-party
18688,20798,N,SF,0,0,,different-party
18688,20820,N,LA,0,0,,different-party
18688,20917,N,KF,0,0,,different-party
18688,20925,N,KF,0,0,,different-party
18688,20930,N,S,0,0,,different-party
18688,20962,N,SF,0,0,,different-party
18688,20966,N,KF,0,0,,different-party
18688,21044,N,S,0,0,,different-party
18688,21083,N,S,0,0,,different-party
18688,21143,N,S,0,0,,different-party
18688,21159,N,M,0,0,,different-party
18688,21168,N,V,0,0,,different-party
18688,21186,N,S,0,0,,different-party
18688,21194,N,KF,0,0,,different-party
18688,21206,N,N,0,0,,same-party
18693,18694,EL,EL,70,68,0.9714285714285714,same-party
18693,18695,EL,V,64,37,0.578125,different-party
18693,18696,EL,V,57,33,0.5789473684210527,different-party
18693,18698,EL,V,45,27,0.6,different-party
18693,18699,EL,V,68,40,0.5882352941176471,different-party
18693,18700,EL,V,44,29,0.6590909090909091,different-party
18693,18701,EL,V,21,12,0.5714285714285714,different-party
18693,18703,EL,LA,0,0,,different-party
18693,18704,EL,SF,45,38,0.8444444444444444,different-party
18693,18707,EL,SF,59,51,0.864406779661017,different-party
18693,18708,EL,SF,28,23,0.8214285714285714,different-party
18693,18709,EL,SF,32,28,0.875,different-party
18693,18713,EL,KF,18,14,0.7777777777777778,different-party
18693,18715,EL,S,48,32,0.6666666666666666,different-party
18693,18716,EL,S,64,41,0.640625,different-party
18693,18717,EL,S,47,27,0.574468085106383,different-party
18693,18718,EL,S,67,39,0.582089552238806,different-party
18693,18719,EL,S,21,12,0.5714285714285714,different-party
18693,18720,EL,S,60,35,0.5833333333333334,different-party
18693,18721,EL,DF,60,25,0.4166666666666667,different-party
18693,18722,EL,UFG,0,0,,different-party
18693,18723,EL,LA,45,23,0.5111111111111111,different-party
18693,18724,EL,UFG,57,20,0.3508771929824561,different-party
18693,18725,EL,RV,29,17,0.5862068965517241,different-party
18693,18726,EL,RV,63,44,0.6984126984126984,different-party
18693,18729,EL,RV,44,30,0.6818181818181818,different-party
18693,18882,EL,S,22,14,0.6363636363636364,different-party
18693,19000,EL,SF,60,51,0.85,different-party
18693,19928,EL,S,46,28,0.6086956521739131,different-party
18693,20349,EL,SP,6,1,0.16666666666666666,different-party
18693,20350,EL,DF,27,11,0.4074074074074074,different-party
18693,20351,EL,ALT,0,0,,different-party
18693,20352,EL,ALT,34,30,0.8823529411764706,different-party
18693,20353,EL,ALT,42,36,0.8571428571428571,different-party
18693,20354,EL,UFG,6,4,0.6666666666666666,different-party
18693,20355,EL,DD,60,34,0.5666666666666667,different-party
18693,20356,EL,DF,50,24,0.48,different-party
18693,20357,EL,KF,68,39,0.5735294117647058,different-party
18693,20358,EL,SF,0,0,,different-party
18693,20359,EL,SF,64,55,0.859375,different-party
18693,20360,EL,SF,66,57,0.8636363636363636,different-party
18693,20361,EL,S,15,9,0.6,different-party
18693,20362,EL,S,60,37,0.6166666666666667,different-party
18693,20363,EL,S,64,37,0.578125,different-party
18693,20364,EL,S,55,32,0.5818181818181818,different-party
18693,20365,EL,S,41,24,0.5853658536585366,different-party
18693,20366,EL,S,23,14,0.6086956521739131,different-party
18693,20367,EL,S,68,42,0.6176470588235294,different-party
18693,20368,EL,S,61,37,0.6065573770491803,different-party
18693,20369,EL,KF,60,35,0.5833333333333334,different-party
18693,20370,EL,ALT,52,46,0.8846153846153846,different-party
18693,20371,EL,V,50,28,0.56,different-party
18693,20372,EL,DD,36,15,0.4166666666666667,different-party
18693,20373,EL,DD,48,21,0.4375,different-party
18693,20374,EL,DD,62,31,0.5,different-party
18693,20375,EL,DD,32,21,0.65625,different-party
18693,20376,EL,DD,61,34,0.5573770491803278,different-party
18693,20377,EL,M,53,34,0.6415094339622641,different-party
18693,20378,EL,M,69,42,0.6086956521739131,different-party
18693,20379,EL,M,0,0,,different-party
18693,20380,EL,M,10,6,0.6,different-party
18693,20381,EL,ALT,67,60,0.8955223880597015,different-party
18693,20382,EL,M,17,9,0.5294117647058824,different-party
18693,20383,EL,UFG,39,22,0.5641025641025641,different-party
18693,20384,EL,M,9,5,0.5555555555555556,different-party
18693,20385,EL,M,62,39,0.6290322580645161,different-party
18693,20386,EL,M,26,12,0.46153846153846156,different-party
18693,20388,EL,UFG,34,18,0.5294117647058824,different-party
18693,20389,EL,M,60,35,0.5833333333333334,different-party
18693,20390,EL,UFG,60,28,0.4666666666666667,different-party
18693,20391,EL,LA,48,18,0.375,different-party
18693,20392,EL,LA,40,24,0.6,different-party
18693,20393,EL,LA,41,23,0.5609756097560976,different-party
18693,20394,EL,LA,53,26,0.49056603773584906,different-party
18693,20395,EL,LA,58,28,0.4827586206896552,different-party
18693,20396,EL,LA,13,6,0.46153846153846156,different-party
18693,20397,EL,LA,17,10,0.5882352941176471,different-party
18693,20398,EL,LA,59,26,0.4406779661016949,different-party
18693,20399,EL,LA,37,15,0.40540540540540543,different-party
18693,20400,EL,LA,64,33,0.515625,different-party
18693,20411,EL,EL,45,44,0.9777777777777777,same-party
18693,20415,EL,M,67,40,0.5970149253731343,different-party
18693,20496,EL,M,47,29,0.6170212765957447,different-party
18693,20781,EL,S,63,37,0.5873015873015873,different-party
18693,20798,EL,SF,64,55,0.859375,different-party
18693,20820,EL,LA,65,31,0.47692307692307695,different-party
18693,20917,EL,KF,3,3,1.0,different-party
18693,20925,EL,KF,60,38,0.6333333333333333,different-party
18693,20930,EL,S,44,26,0.5909090909090909,different-party
18693,20962,EL,SF,59,51,0.864406779661017,different-party
18693,20966,EL,KF,54,34,0.6296296296296297,different-party
18693,21044,EL,S,70,42,0.6,different-party
18693,21083,EL,S,1,0,0.0,different-party
18693,21143,EL,S,40,19,0.475,different-party
18693,21159,EL,M,50,31,0.62,different-party
18693,21168,EL,V,31,17,0.5483870967741935,different-party
18693,21186,EL,S,1,0,0.0,different-party
18693,21194,EL,KF,49,29,0.5918367346938775,different-party
18693,21206,EL,N,0,0,,different-party
18694,18695,EL,V,148,77,0.5202702702702703,different-party
18694,18696,EL,V,70,41,0.5857142857142857,different-party
18694,18698,EL,V,63,38,0.6031746031746031,different-party
18694,18699,EL,V,159,85,0.5345911949685535,different-party
18694,18700,EL,V,56,36,0.6428571428571429,different-party
18694,18701,EL,V,24,14,0.5833333333333334,different-party
18694,18703,EL,LA,0,0,,different-party
18694,18704,EL,SF,73,56,0.7671232876712328,different-party
18694,18707,EL,SF,152,118,0.7763157894736842,different-party
18694,18708,EL,SF,103,78,0.7572815533980582,different-party
18694,18709,EL,SF,97,77,0.7938144329896907,different-party
18694,18713,EL,KF,108,52,0.48148148148148145,different-party
18694,18715,EL,S,67,42,0.6268656716417911,different-party
18694,18716,EL,S,68,44,0.6470588235294118,different-party
18694,18717,EL,S,137,69,0.5036496350364964,different-party
18694,18718,EL,S,156,84,0.5384615384615384,different-party
18694,18719,EL,S,106,53,0.5,different-party
18694,18720,EL,S,149,77,0.5167785234899329,different-party
18694,18721,EL,DF,88,36,0.4090909090909091,different-party
18694,18722,EL,UFG,0,0,,different-party
18694,18723,EL,LA,49,25,0.5102040816326531,different-party
18694,18724,EL,UFG,84,31,0.36904761904761907,different-party
18694,18725,EL,RV,121,70,0.5785123966942148,different-party
18694,18726,EL,RV,79,55,0.6962025316455697,different-party
18694,18729,EL,RV,134,82,0.6119402985074627,different-party
18694,18882,EL,S,22,15,0.6818181818181818,different-party
18694,19000,EL,SF,88,68,0.7727272727272727,different-party
18694,19928,EL,S,130,68,0.5230769230769231,different-party
18694,20349,EL,SP,71,30,0.4225352112676056,different-party
18694,20350,EL,DF,31,12,0.3870967741935484,different-party
18694,20351,EL,ALT,0,0,,different-party
18694,20352,EL,ALT,124,89,0.717741935483871,different-party
18694,20353,EL,ALT,43,38,0.8837209302325582,different-party
18694,20354,EL,UFG,6,4,0.6666666666666666,different-party
18694,20355,EL,DD,79,39,0.4936708860759494,different-party
18694,20356,EL,DF,142,52,0.36619718309859156,different-party
18694,20357,EL,KF,71,42,0.5915492957746479,different-party
18694,20358,EL,SF,3,3,1.0,different-party
18694,20359,EL,SF,157,122,0.7770700636942676,different-party
18694,20360,EL,SF,85,69,0.8117647058823529,different-party
18694,20361,EL,S,15,9,0.6,different-party
18694,20362,EL,S,148,80,0.5405405405405406,different-party
18694,20363,EL,S,157,82,0.5222929936305732,different-party
18694,20364,EL,S,148,77,0.5202702702702703,different-party
18694,20365,EL,S,134,69,0.5149253731343284,different-party
18694,20366,EL,S,26,17,0.6538461538461539,different-party
18694,20367,EL,S,161,86,0.5341614906832298,different-party
18694,20368,EL,S,130,69,0.5307692307692308,different-party
18694,20369,EL,KF,136,68,0.5,different-party
18694,20370,EL,ALT,70,56,0.8,different-party
18694,20371,EL,V,140,71,0.5071428571428571,different-party
18694,20372,EL,DD,47,20,0.425531914893617,different-party
18694,20373,EL,DD,52,23,0.4423076923076923,different-party
18694,20374,EL,DD,128,41,0.3203125,different-party
18694,20375,EL,DD,107,36,0.3364485981308411,different-party
18694,20376,EL,DD,154,54,0.35064935064935066,different-party
18694,20377,EL,M,81,50,0.6172839506172839,different-party
18694,20378,EL,M,162,87,0.5370370370370371,different-party
18694,20379,EL,M,0,0,,different-party
18694,20380,EL,M,10,6,0.6,different-party
18694,20381,EL,ALT,144,110,0.7638888888888888,different-party
18694,20382,EL,M,17,10,0.5882352941176471,different-party
18694,20383,EL,UFG,39,23,0.5897435897435898,different-party
18694,20384,EL,M,84,40,0.47619047619047616,different-party
18694,20385,EL,M,65,42,0.6461538461538462,different-party
18694,20386,EL,M,108,49,0.4537037037037037,different-party
18694,20388,EL,UFG,46,25,0.5434782608695652,different-party
18694,20389,EL,M,153,80,0.5228758169934641,different-party
18694,20390,EL,UFG,72,33,0.4583333333333333,different-party
18694,20391,EL,LA,132,38,0.2878787878787879,different-party
18694,20392,EL,LA,41,24,0.5853658536585366,different-party
18694,20393,EL,LA,133,45,0.3383458646616541,different-party
18694,20394,EL,LA,134,43,0.3208955223880597,different-party
18694,20395,EL,LA,132,44,0.3333333333333333,different-party
18694,20396,EL,LA,88,20,0.22727272727272727,different-party
18694,20397,EL,LA,45,19,0.4222222222222222,different-party
18694,20398,EL,LA,151,49,0.32450331125827814,different-party
18694,20399,EL,LA,130,36,0.27692307692307694,different-party
18694,20400,EL,LA,157,55,0.3503184713375796,different-party
18694,20411,EL,EL,69,68,0.9855072463768116,same-party
18694,20415,EL,M,159,85,0.5345911949685535,different-party
18694,20496,EL,M,131,68,0.5190839694656488,different-party
18694,20781,EL,S,155,81,0.5225806451612903,different-party
18694,20798,EL,SF,157,122,0.7770700636942676,different-party
18694,20820,EL,LA,92,42,0.45652173913043476,different-party
18694,20917,EL,KF,4,2,0.5,different-party
18694,20925,EL,KF,153,81,0.5294117647058824,different-party
18694,20930,EL,S,78,45,0.5769230769230769,different-party
18694,20962,EL,SF,77,63,0.8181818181818182,different-party
18694,20966,EL,KF,67,40,0.5970149253731343,different-party
18694,21044,EL,S,163,87,0.5337423312883436,different-party
18694,21083,EL,S,1,0,0.0,different-party
18694,21143,EL,S,123,59,0.4796747967479675,different-party
18694,21159,EL,M,140,73,0.5214285714285715,different-party
18694,21168,EL,V,124,62,0.5,different-party
18694,21186,EL,S,1,0,0.0,different-party
18694,21194,EL,KF,61,35,0.5737704918032787,different-party
18694,21206,EL,N,0,0,,different-party
18695,18696,V,V,59,59,1.0,same-party
18695,18698,V,V,66,66,1.0,same-party
18695,18699,V,V,146,146,1.0,same-party
18695,18700,V,V,51,51,1.0,same-party
18695,18701,V,V,28,28,1.0,same-party
18695,18703,V,LA,1,0,0.0,different-party
18695,18704,V,SF,62,48,0.7741935483870968,different-party
18695,18707,V,SF,142,94,0.6619718309859155,different-party
18695,18708,V,SF,89,59,0.6629213483146067,different-party
18695,18709,V,SF,99,58,0.5858585858585859,different-party
18695,18713,V,KF,95,90,0.9473684210526315,different-party
18695,18715,V,S,65,65,1.0,different-party
18695,18716,V,S,65,65,1.0,different-party
18695,18717,V,S,123,123,1.0,different-party
18695,18718,V,S,146,146,1.0,different-party
18695,18719,V,S,96,96,1.0,different-party
18695,18720,V,S,139,139,1.0,different-party
18695,18721,V,DF,74,44,0.5945945945945946,different-party
18695,18722,V,UFG,0,0,,different-party
18695,18723,V,LA,53,44,0.8301886792452831,different-party
18695,18724,V,UFG,72,30,0.4166666666666667,different-party
18695,18725,V,RV,110,97,0.8818181818181818,different-party
18695,18726,V,RV,76,66,0.868421052631579,different-party
18695,18729,V,RV,124,105,0.8467741935483871,different-party
18695,18882,V,S,19,19,1.0,different-party
18695,19000,V,SF,77,56,0.7272727272727273,different-party
18695,19928,V,S,135,135,1.0,different-party
18695,20349,V,SP,72,72,1.0,different-party
18695,20350,V,DF,28,15,0.5357142857142857,different-party
18695,20351,V,ALT,1,0,0.0,different-party
18695,20352,V,ALT,116,60,0.5172413793103449,different-party
18695,20353,V,ALT,46,34,0.7391304347826086,different-party
18695,20354,V,UFG,6,0,0.0,different-party
18695,20355,V,DD,77,52,0.6753246753246753,different-party
18695,20356,V,DF,129,51,0.3953488372093023,different-party
18695,20357,V,KF,68,60,0.8823529411764706,different-party
18695,20358,V,SF,3,2,0.6666666666666666,different-party
18695,20359,V,SF,152,101,0.6644736842105263,different-party
18695,20360,V,SF,83,60,0.7228915662650602,different-party
18695,20361,V,S,15,15,1.0,different-party
18695,20362,V,S,140,140,1.0,different-party
18695,20363,V,S,150,150,1.0,different-party
18695,20364,V,S,144,144,1.0,different-party
18695,20365,V,S,124,124,1.0,different-party
18695,20366,V,S,24,24,1.0,different-party
18695,20367,V,S,151,151,1.0,different-party
18695,20368,V,S,129,129,1.0,different-party
18695,20369,V,KF,134,125,0.9328358208955224,different-party
18695,20370,V,ALT,67,47,0.7014925373134329,different-party
18695,20371,V,V,130,130,1.0,same-party
18695,20372,V,DD,40,32,0.8,different-party
18695,20373,V,DD,50,33,0.66,different-party
18695,20374,V,DD,133,62,0.46616541353383456,different-party
18695,20375,V,DD,100,39,0.39,different-party
18695,20376,V,DD,144,65,0.4513888888888889,different-party
18695,20377,V,M,69,69,1.0,different-party
18695,20378,V,M,151,151,1.0,different-party
18695,20379,V,M,0,0,,different-party
18695,20380,V,M,10,10,1.0,different-party
18695,20381,V,ALT,134,74,0.5522388059701493,different-party
18695,20382,V,M,18,18,1.0,different-party
18695,20383,V,UFG,37,32,0.8648648648648649,different-party
18695,20384,V,M,77,77,1.0,different-party
18695,20385,V,M,62,62,1.0,different-party
18695,20386,V,M,109,108,0.9908256880733946,different-party
18695,20388,V,UFG,41,38,0.926829268292683,different-party
18695,20389,V,M,140,140,1.0,different-party
18695,20390,V,UFG,58,43,0.7413793103448276,different-party
18695,20391,V,LA,131,85,0.648854961832061,different-party
18695,20392,V,LA,36,28,0.7777777777777778,different-party
18695,20393,V,LA,122,83,0.680327868852459,different-party
18695,20394,V,LA,138,96,0.6956521739130435,different-party
18695,20395,V,LA,118,80,0.6779661016949152,different-party
18695,20396,V,LA,83,49,0.5903614457831325,different-party
18695,20397,V,LA,31,23,0.7419354838709677,different-party
18695,20398,V,LA,144,99,0.6875,different-party
18695,20399,V,LA,126,83,0.6587301587301587,different-party
18695,20400,V,LA,147,99,0.673469387755102,different-party
18695,20411,V,EL,60,33,0.55,different-party
18695,20415,V,M,149,149,1.0,different-party
18695,20496,V,M,136,136,1.0,different-party
18695,20781,V,S,150,150,1.0,different-party
18695,20798,V,SF,144,98,0.6805555555555556,different-party
18695,20820,V,LA,78,61,0.782051282051282,different-party
18695,20917,V,KF,4,2,0.5,different-party
18695,20925,V,KF,143,136,0.951048951048951,different-party
18695,20930,V,S,66,66,1.0,different-party
18695,20962,V,SF,74,55,0.7432432432432432,different-party
18695,20966,V,KF,56,47,0.8392857142857143,different-party
18695,21044,V,S,153,153,1.0,different-party
18695,21083,V,S,2,2,1.0,different-party
18695,21143,V,S,125,125,1.0,different-party
18695,21159,V,M,129,129,1.0,different-party
18695,21168,V,V,111,111,1.0,same-party
18695,21186,V,S,2,2,1.0,different-party
18695,21194,V,KF,53,46,0.8679245283018868,different-party
18695,21206,V,N,0,0,,different-party
18696,18698,V,V,50,50,1.0,same-party
18696,18699,V,V,69,69,1.0,same-party
18696,18700,V,V,47,47,1.0,same-party
18696,18701,V,V,18,18,1.0,same-party
18696,18703,V,LA,1,0,0.0,different-party
18696,18704,V,SF,49,36,0.7346938775510204,different-party
18696,18707,V,SF,63,44,0.6984126984126984,different-party
18696,18708,V,SF,36,30,0.8333333333333334,different-party
18696,18709,V,SF,22,12,0.5454545454545454,different-party
18696,18713,V,KF,18,10,0.5555555555555556,different-party
18696,18715,V,S,43,43,1.0,different-party
18696,18716,V,S,58,58,1.0,different-party
18696,18717,V,S,46,46,1.0,different-party
18696,18718,V,S,72,72,1.0,different-party
18696,18719,V,S,37,37,1.0,different-party
18696,18720,V,S,61,61,1.0,different-party
18696,18721,V,DF,62,38,0.6129032258064516,different-party
18696,18722,V,UFG,0,0,,different-party
18696,18723,V,LA,50,42,0.84,different-party
18696,18724,V,UFG,59,24,0.4067796610169492,different-party
18696,18725,V,RV,34,27,0.7941176470588235,different-party
18696,18726,V,RV,55,45,0.8181818181818182,different-party
18696,18729,V,RV,46,34,0.7391304347826086,different-party
18696,18882,V,S,25,25,1.0,different-party
18696,19000,V,SF,74,52,0.7027027027027027,different-party
18696,19928,V,S,41,41,1.0,different-party
18696,20349,V,SP,6,6,1.0,different-party
18696,20350,V,DF,32,20,0.625,different-party
18696,20351,V,ALT,1,0,0.0,different-party
18696,20352,V,ALT,42,20,0.47619047619047616,different-party
18696,20353,V,ALT,33,24,0.7272727272727273,different-party
18696,20354,V,UFG,5,0,0.0,different-party
18696,20355,V,DD,65,44,0.676923076923077,different-party
18696,20356,V,DF,52,32,0.6153846153846154,different-party
18696,20357,V,KF,62,55,0.8870967741935484,different-party
18696,20358,V,SF,3,2,0.6666666666666666,different-party
18696,20359,V,SF,67,45,0.6716417910447762,different-party
18696,20360,V,SF,61,43,0.7049180327868853,different-party
18696,20361,V,S,15,15,1.0,different-party
18696,20362,V,S,60,60,1.0,different-party
18696,20363,V,S,65,65,1.0,different-party
18696,20364,V,S,59,59,1.0,different-party
18696,20365,V,S,46,46,1.0,different-party
18696,20366,V,S,29,29,1.0,different-party
18696,20367,V,S,73,73,1.0,different-party
18696,20368,V,S,56,56,1.0,different-party
18696,20369,V,KF,52,43,0.8269230769230769,different-party
18696,20370,V,ALT,47,32,0.6808510638297872,different-party
18696,20371,V,V,52,52,1.0,same-party
18696,20372,V,DD,36,26,0.7222222222222222,different-party
18696,20373,V,DD,45,30,0.6666666666666666,different-party
18696,20374,V,DD,55,38,0.6909090909090909,different-party
18696,20375,V,DD,31,19,0.6129032258064516,different-party
18696,20376,V,DD,65,39,0.6,different-party
18696,20377,V,M,56,56,1.0,different-party
18696,20378,V,M,73,73,1.0,different-party
18696,20379,V,M,0,0,,different-party
18696,20380,V,M,10,10,1.0,different-party
18696,20381,V,ALT,72,43,0.5972222222222222,different-party
18696,20382,V,M,17,17,1.0,different-party
18696,20383,V,UFG,42,36,0.8571428571428571,different-party
18696,20384,V,M,18,18,1.0,different-party
18696,20385,V,M,56,56,1.0,different-party
18696,20386,V,M,18,18,1.0,different-party
18696,20388,V,UFG,49,46,0.9387755102040817,different-party
18696,20389,V,M,71,71,1.0,different-party
18696,20390,V,UFG,62,44,0.7096774193548387,different-party
18696,20391,V,LA,45,35,0.7777777777777778,different-party
18696,20392,V,LA,40,31,0.775,different-party
18696,20393,V,LA,54,42,0.7777777777777778,different-party
18696,20394,V,LA,55,45,0.8181818181818182,different-party
18696,20395,V,LA,56,43,0.7678571428571429,different-party
18696,20396,V,LA,14,7,0.5,different-party
18696,20397,V,LA,29,21,0.7241379310344828,different-party
18696,20398,V,LA,61,47,0.7704918032786885,different-party
18696,20399,V,LA,42,31,0.7380952380952381,different-party
18696,20400,V,LA,68,51,0.75,different-party
18696,20411,V,EL,52,29,0.5576923076923077,different-party
18696,20415,V,M,72,72,1.0,different-party
18696,20496,V,M,43,43,1.0,different-party
18696,20781,V,S,66,66,1.0,different-party
18696,20798,V,SF,65,48,0.7384615384615385,different-party
18696,20820,V,LA,67,53,0.7910447761194029,different-party
18696,20917,V,KF,2,1,0.5,different-party
18696,20925,V,KF,64,53,0.828125,different-party
18696,20930,V,S,57,57,1.0,different-party
18696,20962,V,SF,53,39,0.7358490566037735,different-party
18696,20966,V,KF,68,54,0.7941176470588235,different-party
18696,21044,V,S,74,74,1.0,different-party
18696,21083,V,S,1,1,1.0,different-party
18696,21143,V,S,33,33,1.0,different-party
18696,21159,V,M,50,50,1.0,different-party
18696,21168,V,V,43,43,1.0,same-party
18696,21186,V,S,1,1,1.0,different-party
18696,21194,V,KF,50,40,0.8,different-party
18696,21206,V,N,0,0,,different-party
18698,18699,V,V,63,63,1.0,same-party
18698,18700,V,V,38,38,1.0,same-party
18698,18701,V,V,11,11,1.0,same-party
18698,18703,V,LA,0,0,,different-party
18698,18704,V,SF,41,35,0.8536585365853658,different-party
18698,18707,V,SF,55,43,0.7818181818181819,different-party
18698,18708,V,SF,20,18,0.9,different-party
18698,18709,V,SF,16,11,0.6875,different-party
18698,18713,V,KF,15,15,1.0,different-party
18698,18715,V,S,50,50,1.0,different-party
18698,18716,V,S,51,51,1.0,different-party
18698,18717,V,S,38,38,1.0,different-party
18698,18718,V,S,62,62,1.0,different-party
18698,18719,V,S,25,25,1.0,different-party
18698,18720,V,S,55,55,1.0,different-party
18698,18721,V,DF,54,31,0.5740740740740741,different-party
18698,18722,V,UFG,0,0,,different-party
18698,18723,V,LA,42,36,0.8571428571428571,different-party
18698,18724,V,UFG,56,22,0.39285714285714285,different-party
18698,18725,V,RV,28,24,0.8571428571428571,different-party
18698,18726,V,RV,63,55,0.873015873015873,different-party
18698,18729,V,RV,43,36,0.8372093023255814,different-party
18698,18882,V,S,19,19,1.0,different-party
18698,19000,V,SF,66,51,0.7727272727272727,different-party
18698,19928,V,S,48,48,1.0,different-party
18698,20349,V,SP,0,0,,different-party
18698,20350,V,DF,24,14,0.5833333333333334,different-party
18698,20351,V,ALT,0,0,,different-party
18698,20352,V,ALT,40,25,0.625,different-party
18698,20353,V,ALT,32,24,0.75,different-party
18698,20354,V,UFG,5,0,0.0,different-party
18698,20355,V,DD,66,43,0.6515151515151515,different-party
18698,20356,V,DF,46,26,0.5652173913043478,different-party
18698,20357,V,KF,51,45,0.8823529411764706,different-party
18698,20358,V,SF,3,2,0.6666666666666666,different-party
18698,20359,V,SF,65,50,0.7692307692307693,different-party
18698,20360,V,SF,62,47,0.7580645161290323,different-party
18698,20361,V,S,15,15,1.0,different-party
18698,20362,V,S,54,54,1.0,different-party
18698,20363,V,S,63,63,1.0,different-party
18698,20364,V,S,57,57,1.0,different-party
18698,20365,V,S,37,37,1.0,different-party
18698,20366,V,S,22,22,1.0,different-party
18698,20367,V,S,65,65,1.0,different-party
18698,20368,V,S,42,42,1.0,different-party
18698,20369,V,KF,54,47,0.8703703703703703,different-party
18698,20370,V,ALT,57,38,0.6666666666666666,different-party
18698,20371,V,V,43,43,1.0,same-party
18698,20372,V,DD,21,16,0.7619047619047619,different-party
18698,20373,V,DD,31,19,0.6129032258064516,different-party
18698,20374,V,DD,47,31,0.6595744680851063,different-party
18698,20375,V,DD,20,14,0.7,different-party
18698,20376,V,DD,57,34,0.5964912280701754,different-party
18698,20377,V,M,55,55,1.0,different-party
18698,20378,V,M,66,66,1.0,different-party
18698,20379,V,M,0,0,,different-party
18698,20380,V,M,10,10,1.0,different-party
18698,20381,V,ALT,51,33,0.6470588235294118,different-party
18698,20382,V,M,16,16,1.0,different-party
18698,20383,V,UFG,30,25,0.8333333333333334,different-party
18698,20384,V,M,4,4,1.0,different-party
18698,20385,V,M,51,51,1.0,different-party
18698,20386,V,M,27,26,0.9629629629629629,different-party
18698,20388,V,UFG,34,31,0.9117647058823529,different-party
18698,20389,V,M,63,63,1.0,different-party
18698,20390,V,UFG,41,32,0.7804878048780488,different-party
18698,20391,V,LA,46,34,0.7391304347826086,different-party
18698,20392,V,LA,32,26,0.8125,different-party
18698,20393,V,LA,49,38,0.7755102040816326,different-party
18698,20394,V,LA,63,49,0.7777777777777778,different-party
18698,20395,V,LA,36,29,0.8055555555555556,different-party
18698,20396,V,LA,3,2,0.6666666666666666,different-party
18698,20397,V,LA,26,21,0.8076923076923077,different-party
18698,20398,V,LA,61,48,0.7868852459016393,different-party
18698,20399,V,LA,39,30,0.7692307692307693,different-party
18698,20400,V,LA,66,52,0.7878787878787878,different-party
18698,20411,V,EL,53,32,0.6037735849056604,different-party
18698,20415,V,M,66,66,1.0,different-party
18698,20496,V,M,50,50,1.0,different-party
18698,20781,V,S,65,65,1.0,different-party
18698,20798,V,SF,63,49,0.7777777777777778,different-party
18698,20820,V,LA,61,49,0.8032786885245902,different-party
18698,20917,V,KF,0,0,,different-party
18698,20925,V,KF,56,53,0.9464285714285714,different-party
18698,20930,V,S,50,50,1.0,different-party
18698,20962,V,SF,57,45,0.7894736842105263,different-party
18698,20966,V,KF,51,45,0.8823529411764706,different-party
18698,21044,V,S,66,66,1.0,different-party
18698,21083,V,S,0,0,,different-party
18698,21143,V,S,41,41,1.0,different-party
18698,21159,V,M,44,44,1.0,different-party
18698,21168,V,V,34,34,1.0,same-party
18698,21186,V,S,0,0,,different-party
18698,21194,V,KF,41,37,0.9024390243902439,different-party
18698,21206,V,N,0,0,,different-party
18699,18700,V,V,53,53,1.0,same-party
18699,18701,V,V,25,25,1.0,same-party
18699,18703,V,LA,1,0,0.0,different-party
18699,18704,V,SF,71,54,0.7605633802816901,different-party
18699,18707,V,SF,150,100,0.6666666666666666,different-party
18699,18708,V,SF,100,67,0.67,different-party
18699,18709,V,SF,98,58,0.5918367346938775,different-party
18699,18713,V,KF,106,96,0.9056603773584906,different-party
18699,18715,V,S,65,65,1.0,different-party
18699,18716,V,S,65,65,1.0,different-party
18699,18717,V,S,134,134,1.0,different-party
18699,18718,V,S,156,156,1.0,different-party
18699,18719,V,S,104,104,1.0,different-party
18699,18720,V,S,150,150,1.0,different-party
18699,18721,V,DF,86,51,0.5930232558139535,different-party
18699,18722,V,UFG,0,0,,different-party
18699,18723,V,LA,47,40,0.851063829787234,different-party
18699,18724,V,UFG,81,33,0.4074074074074074,different-party
18699,18725,V,RV,121,107,0.8842975206611571,different-party
18699,18726,V,RV,76,67,0.881578947368421,different-party
18699,18729,V,RV,132,113,0.8560606060606061,different-party
18699,18882,V,S,22,22,1.0,different-party
18699,19000,V,SF,86,62,0.7209302325581395,different-party
18699,19928,V,S,128,128,1.0,different-party
18699,20349,V,SP,71,71,1.0,different-party
18699,20350,V,DF,28,17,0.6071428571428571,different-party
18699,20351,V,ALT,1,0,0.0,different-party
18699,20352,V,ALT,121,62,0.512396694214876,different-party
18699,20353,V,ALT,40,30,0.75,different-party
18699,20354,V,UFG,6,0,0.0,different-party
18699,20355,V,DD,77,51,0.6623376623376623,different-party
18699,20356,V,DF,143,58,0.40559440559440557,different-party
18699,20357,V,KF,71,63,0.8873239436619719,different-party
18699,20358,V,SF,3,2,0.6666666666666666,different-party
18699,20359,V,SF,155,102,0.6580645161290323,different-party
18699,20360,V,SF,83,61,0.7349397590361446,different-party
18699,20361,V,S,15,15,1.0,different-party
18699,20362,V,S,146,146,1.0,different-party
18699,20363,V,S,155,155,1.0,different-party
18699,20364,V,S,146,146,1.0,different-party
18699,20365,V,S,132,132,1.0,different-party
18699,20366,V,S,27,27,1.0,different-party
18699,20367,V,S,159,159,1.0,different-party
18699,20368,V,S,128,128,1.0,different-party
18699,20369,V,KF,133,125,0.9398496240601504,different-party
18699,20370,V,ALT,70,51,0.7285714285714285,different-party
18699,20371,V,V,138,138,1.0,same-party
18699,20372,V,DD,44,31,0.7045454545454546,different-party
18699,20373,V,DD,52,34,0.6538461538461539,different-party
18699,20374,V,DD,126,56,0.4444444444444444,different-party
18699,20375,V,DD,105,39,0.37142857142857144,different-party
18699,20376,V,DD,152,67,0.4407894736842105,different-party
18699,20377,V,M,78,78,1.0,different-party
18699,20378,V,M,159,159,1.0,different-party
18699,20379,V,M,0,0,,different-party
18699,20380,V,M,10,10,1.0,different-party
18699,20381,V,ALT,145,82,0.5655172413793104,different-party
18699,20382,V,M,18,18,1.0,different-party
18699,20383,V,UFG,40,36,0.9,different-party
18699,20384,V,M,82,82,1.0,different-party
18699,20385,V,M,65,65,1.0,different-party
18699,20386,V,M,108,107,0.9907407407407407,different-party
18699,20388,V,UFG,47,45,0.9574468085106383,different-party
18699,20389,V,M,151,151,1.0,different-party
18699,20390,V,UFG,73,50,0.684931506849315,different-party
18699,20391,V,LA,132,87,0.6590909090909091,different-party
18699,20392,V,LA,39,31,0.7948717948717948,different-party
18699,20393,V,LA,133,89,0.6691729323308271,different-party
18699,20394,V,LA,131,91,0.6946564885496184,different-party
18699,20395,V,LA,132,88,0.6666666666666666,different-party
18699,20396,V,LA,85,48,0.5647058823529412,different-party
18699,20397,V,LA,43,30,0.6976744186046512,different-party
18699,20398,V,LA,152,102,0.6710526315789473,different-party
18699,20399,V,LA,128,82,0.640625,different-party
18699,20400,V,LA,155,103,0.6645161290322581,different-party
18699,20411,V,EL,69,38,0.5507246376811594,different-party
18699,20415,V,M,160,160,1.0,different-party
18699,20496,V,M,129,129,1.0,different-party
18699,20781,V,S,154,154,1.0,different-party
18699,20798,V,SF,155,106,0.6838709677419355,different-party
18699,20820,V,LA,93,70,0.7526881720430108,different-party
18699,20917,V,KF,1,0,0.0,different-party
18699,20925,V,KF,151,140,0.9271523178807947,different-party
18699,20930,V,S,75,75,1.0,different-party
18699,20962,V,SF,77,59,0.7662337662337663,different-party
18699,20966,V,KF,65,52,0.8,different-party
18699,21044,V,S,161,161,1.0,different-party
18699,21083,V,S,2,2,1.0,different-party
18699,21143,V,S,124,124,1.0,different-party
18699,21159,V,M,137,137,1.0,different-party
18699,21168,V,V,122,122,1.0,same-party
18699,21186,V,S,2,2,1.0,different-party
18699,21194,V,KF,62,50,0.8064516129032258,different-party
18699,21206,V,N,0,0,,different-party
18700,18701,V,V,21,21,1.0,same-party
18700,18703,V,LA,0,0,,different-party
18700,18704,V,SF,47,37,0.7872340425531915,different-party
18700,18707,V,SF,52,40,0.7692307692307693,different-party
18700,18708,V,SF,31,25,0.8064516129032258,different-party
18700,18709,V,SF,22,15,0.6818181818181818,different-party
18700,18713,V,KF,21,14,0.6666666666666666,different-party
18700,18715,V,S,44,44,1.0,different-party
18700,18716,V,S,51,51,1.0,different-party
18700,18717,V,S,32,32,1.0,different-party
18700,18718,V,S,56,56,1.0,different-party
18700,18719,V,S,24,24,1.0,different-party
18700,18720,V,S,46,46,1.0,different-party
18700,18721,V,DF,55,31,0.5636363636363636,different-party
18700,18722,V,UFG,0,0,,different-party
18700,18723,V,LA,41,34,0.8292682926829268,different-party
18700,18724,V,UFG,58,24,0.41379310344827586,different-party
18700,18725,V,RV,31,24,0.7741935483870968,different-party
18700,18726,V,RV,48,42,0.875,different-party
18700,18729,V,RV,36,29,0.8055555555555556,different-party
18700,18882,V,S,10,10,1.0,different-party
18700,19000,V,SF,49,36,0.7346938775510204,different-party
18700,19928,V,S,46,46,1.0,different-party
18700,20349,V,SP,0,0,,different-party
18700,20350,V,DF,14,7,0.5,different-party
18700,20351,V,ALT,0,0,,different-party
18700,20352,V,ALT,23,10,0.43478260869565216,different-party
18700,20353,V,ALT,41,30,0.7317073170731707,different-party
18700,20354,V,UFG,3,0,0.0,different-party
18700,20355,V,DD,41,26,0.6341463414634146,different-party
18700,20356,V,DF,40,23,0.575,different-party
18700,20357,V,KF,48,44,0.9166666666666666,different-party
18700,20358,V,SF,3,2,0.6666666666666666,different-party
18700,20359,V,SF,58,43,0.7413793103448276,different-party
18700,20360,V,SF,47,36,0.7659574468085106,different-party
18700,20361,V,S,6,6,1.0,different-party
18700,20362,V,S,54,54,1.0,different-party
18700,20363,V,S,56,56,1.0,different-party
18700,20364,V,S,59,59,1.0,different-party
18700,20365,V,S,34,34,1.0,different-party
18700,20366,V,S,13,13,1.0,different-party
18700,20367,V,S,58,58,1.0,different-party
18700,20368,V,S,51,51,1.0,different-party
18700,20369,V,KF,43,37,0.8604651162790697,different-party
18700,20370,V,ALT,43,31,0.7209302325581395,different-party
18700,20371,V,V,36,36,1.0,same-party
18700,20372,V,DD,27,17,0.6296296296296297,different-party
18700,20373,V,DD,29,17,0.5862068965517241,different-party
18700,20374,V,DD,48,32,0.6666666666666666,different-party
18700,20375,V,DD,41,27,0.6585365853658537,different-party
18700,20376,V,DD,54,31,0.5740740740740741,different-party
18700,20377,V,M,57,57,1.0,different-party
18700,20378,V,M,59,59,1.0,different-party
18700,20379,V,M,0,0,,different-party
18700,20380,V,M,1,1,1.0,different-party
18700,20381,V,ALT,56,35,0.625,different-party
18700,20382,V,M,7,7,1.0,different-party
18700,20383,V,UFG,30,25,0.8333333333333334,different-party
18700,20384,V,M,15,15,1.0,different-party
18700,20385,V,M,48,48,1.0,different-party
18700,20386,V,M,18,18,1.0,different-party
18700,20388,V,UFG,39,36,0.9230769230769231,different-party
18700,20389,V,M,46,46,1.0,different-party
18700,20390,V,UFG,46,31,0.6739130434782609,different-party
18700,20391,V,LA,29,20,0.6896551724137931,different-party
18700,20392,V,LA,26,22,0.8461538461538461,different-party
18700,20393,V,LA,33,25,0.7575757575757576,different-party
18700,20394,V,LA,38,31,0.8157894736842105,different-party
18700,20395,V,LA,45,31,0.6888888888888889,different-party
18700,20396,V,LA,24,13,0.5416666666666666,different-party
18700,20397,V,LA,19,13,0.6842105263157895,different-party
18700,20398,V,LA,53,39,0.7358490566037735,different-party
18700,20399,V,LA,32,21,0.65625,different-party
18700,20400,V,LA,59,43,0.7288135593220338,different-party
18700,20411,V,EL,33,21,0.6363636363636364,different-party
18700,20415,V,M,56,56,1.0,different-party
18700,20496,V,M,39,39,1.0,different-party
18700,20781,V,S,57,57,1.0,different-party
18700,20798,V,SF,56,42,0.75,different-party
18700,20820,V,LA,53,39,0.7358490566037735,different-party
18700,20917,V,KF,3,2,0.6666666666666666,different-party
18700,20925,V,KF,58,48,0.8275862068965517,different-party
18700,20930,V,S,42,42,1.0,different-party
18700,20962,V,SF,43,35,0.813953488372093,different-party
18700,20966,V,KF,49,40,0.8163265306122449,different-party
18700,21044,V,S,59,59,1.0,different-party
18700,21083,V,S,0,0,,different-party
18700,21143,V,S,24,24,1.0,different-party
18700,21159,V,M,49,49,1.0,different-party
18700,21168,V,V,21,21,1.0,same-party
18700,21186,V,S,0,0,,different-party
18700,21194,V,KF,46,39,0.8478260869565217,different-party
18700,21206,V,N,0,0,,different-party
18701,18703,V,LA,1,0,0.0,different-party
18701,18704,V,SF,23,14,0.6086956521739131,different-party
18701,18707,V,SF,26,17,0.6538461538461539,different-party
18701,18708,V,SF,0,0,,different-party
18701,18709,V,SF,21,14,0.6666666666666666,different-party
18701,18713,V,KF,11,9,0.8181818181818182,different-party
18701,18715,V,S,17,17,1.0,different-party
18701,18716,V,S,21,21,1.0,different-party
18701,18717,V,S,21,21,1.0,different-party
18701,18718,V,S,27,27,1.0,different-party
18701,18719,V,S,18,18,1.0,different-party
18701,18720,V,S,20,20,1.0,different-party
18701,18721,V,DF,24,15,0.625,different-party
18701,18722,V,UFG,0,0,,different-party
18701,18723,V,LA,18,13,0.7222222222222222,different-party
18701,18724,V,UFG,22,10,0.45454545454545453,different-party
18701,18725,V,RV,27,22,0.8148148148148148,different-party
18701,18726,V,RV,18,14,0.7777777777777778,different-party
18701,18729,V,RV,19,14,0.7368421052631579,different-party
18701,18882,V,S,8,8,1.0,different-party
18701,19000,V,SF,18,11,0.6111111111111112,different-party
18701,19928,V,S,28,28,1.0,different-party
18701,20349,V,SP,6,6,1.0,different-party
18701,20350,V,DF,6,3,0.5,different-party
18701,20351,V,ALT,1,0,0.0,different-party
18701,20352,V,ALT,11,4,0.36363636363636365,different-party
18701,20353,V,ALT,13,10,0.7692307692307693,different-party
18701,20354,V,UFG,1,0,0.0,different-party
18701,20355,V,DD,18,10,0.5555555555555556,different-party
18701,20356,V,DF,20,13,0.65,different-party
18701,20357,V,KF,27,24,0.8888888888888888,different-party
18701,20358,V,SF,3,2,0.6666666666666666,different-party
18701,20359,V,SF,27,18,0.6666666666666666,different-party
18701,20360,V,SF,24,15,0.625,different-party
18701,20361,V,S,5,5,1.0,different-party
18701,20362,V,S,25,25,1.0,different-party
18701,20363,V,S,25,25,1.0,different-party
18701,20364,V,S,28,28,1.0,different-party
18701,20365,V,S,28,28,1.0,different-party
18701,20366,V,S,12,12,1.0,different-party
18701,20367,V,S,28,28,1.0,different-party
18701,20368,V,S,28,28,1.0,different-party
18701,20369,V,KF,24,20,0.8333333333333334,different-party
18701,20370,V,ALT,21,15,0.7142857142857143,different-party
18701,20371,V,V,25,25,1.0,same-party
18701,20372,V,DD,19,14,0.7368421052631579,different-party
18701,20373,V,DD,28,17,0.6071428571428571,different-party
18701,20374,V,DD,25,16,0.64,different-party
18701,20375,V,DD,11,7,0.6363636363636364,different-party
18701,20376,V,DD,28,17,0.6071428571428571,different-party
18701,20377,V,M,21,21,1.0,different-party
18701,20378,V,M,27,27,1.0,different-party
18701,20379,V,M,0,0,,different-party
18701,20380,V,M,1,1,1.0,different-party
18701,20381,V,ALT,28,15,0.5357142857142857,different-party
18701,20382,V,M,6,6,1.0,different-party
18701,20383,V,UFG,15,11,0.7333333333333333,different-party
18701,20384,V,M,5,5,1.0,different-party
18701,20385,V,M,21,21,1.0,different-party
18701,20386,V,M,19,19,1.0,different-party
18701,20388,V,UFG,13,12,0.9230769230769231,different-party
18701,20389,V,M,15,15,1.0,different-party
18701,20390,V,UFG,20,13,0.65,different-party
18701,20391,V,LA,28,19,0.6785714285714286,different-party
18701,20392,V,LA,2,0,0.0,different-party
18701,20393,V,LA,12,11,0.9166666666666666,different-party
18701,20394,V,LA,14,10,0.7142857142857143,different-party
18701,20395,V,LA,21,14,0.6666666666666666,different-party
18701,20396,V,LA,13,8,0.6153846153846154,different-party
18701,20397,V,LA,4,3,0.75,different-party
18701,20398,V,LA,25,17,0.68,different-party
18701,20399,V,LA,23,17,0.7391304347826086,different-party
18701,20400,V,LA,22,13,0.5909090909090909,different-party
18701,20411,V,EL,6,1,0.16666666666666666,different-party
18701,20415,V,M,28,28,1.0,different-party
18701,20496,V,M,23,23,1.0,different-party
18701,20781,V,S,27,27,1.0,different-party
18701,20798,V,SF,19,15,0.7894736842105263,different-party
18701,20820,V,LA,25,17,0.68,different-party
18701,20917,V,KF,0,0,,different-party
18701,20925,V,KF,28,24,0.8571428571428571,different-party
18701,20930,V,S,12,12,1.0,different-party
18701,20962,V,SF,27,19,0.7037037037037037,different-party
18701,20966,V,KF,12,9,0.75,different-party
18701,21044,V,S,28,28,1.0,different-party
18701,21083,V,S,1,1,1.0,different-party
18701,21143,V,S,24,24,1.0,different-party
18701,21159,V,M,18,18,1.0,different-party
18701,21168,V,V,15,15,1.0,same-party
18701,21186,V,S,1,1,1.0,different-party
18701,21194,V,KF,14,12,0.8571428571428571,different-party
18701,21206,V,N,0,0,,different-party
18703,18704,LA,SF,1,1,1.0,different-party
18703,18707,LA,SF,1,1,1.0,different-party
18703,18708,LA,SF,0,0,,different-party
18703,18709,LA,SF,1,1,1.0,different-party
18703,18713,LA,KF,1,1,1.0,different-party
18703,18715,LA,S,1,0,0.0,different-party
18703,18716,LA,S,0,0,,different-party
18703,18717,LA,S,0,0,,different-party
18703,18718,LA,S,1,0,0.0,different-party
18703,18719,LA,S,1,0,0.0,different-party
18703,18720,LA,S,1,0,0.0,different-party
18703,18721,LA,DF,1,1,1.0,different-party
18703,18722,LA,UFG,0,0,,different-party
18703,18723,LA,LA,1,1,1.0,same-party
18703,18724,LA,UFG,0,0,,different-party
18703,18725,LA,RV,0,0,,different-party
18703,18726,LA,RV,0,0,,different-party
18703,18729,LA,RV,1,1,1.0,different-party
18703,18882,LA,S,0,0,,different-party
18703,19000,LA,SF,1,1,1.0,different-party
18703,19928,LA,S,1,0,0.0,different-party
18703,20349,LA,SP,0,0,,different-party
18703,20350,LA,DF,0,0,,different-party
18703,20351,LA,ALT,1,1,1.0,different-party
18703,20352,LA,ALT,0,0,,different-party
18703,20353,LA,ALT,0,0,,different-party
18703,20354,LA,UFG,0,0,,different-party
18703,20355,LA,DD,1,1,1.0,different-party
18703,20356,LA,DF,1,1,1.0,different-party
18703,20357,LA,KF,0,0,,different-party
18703,20358,LA,SF,0,0,,different-party
18703,20359,LA,SF,1,1,1.0,different-party
18703,20360,LA,SF,1,1,1.0,different-party
18703,20361,LA,S,0,0,,different-party
18703,20362,LA,S,1,0,0.0,different-party
18703,20363,LA,S,1,0,0.0,different-party
18703,20364,LA,S,1,0,0.0,different-party
18703,20365,LA,S,1,0,0.0,different-party
18703,20366,LA,S,1,0,0.0,different-party
18703,20367,LA,S,1,0,0.0,different-party
18703,20368,LA,S,1,0,0.0,different-party
18703,20369,LA,KF,0,0,,different-party
18703,20370,LA,ALT,0,0,,different-party
18703,20371,LA,V,1,0,0.0,different-party
18703,20372,LA,DD,0,0,,different-party
18703,20373,LA,DD,1,1,1.0,different-party
18703,20374,LA,DD,1,1,1.0,different-party
18703,20375,LA,DD,1,1,1.0,different-party
18703,20376,LA,DD,1,1,1.0,different-party
18703,20377,LA,M,0,0,,different-party
18703,20378,LA,M,0,0,,different-party
18703,20379,LA,M,0,0,,different-party
18703,20380,LA,M,0,0,,different-party
18703,20381,LA,ALT,1,1,1.0,different-party
18703,20382,LA,M,1,0,0.0,different-party
18703,20383,LA,UFG,1,0,0.0,different-party
18703,20384,LA,M,1,0,0.0,different-party
18703,20385,LA,M,0,0,,different-party
18703,20386,LA,M,0,0,,different-party
18703,20388,LA,UFG,1,0,0.0,different-party
18703,20389,LA,M,1,0,0.0,different-party
18703,20390,LA,UFG,1,1,1.0,different-party
18703,20391,LA,LA,1,1,1.0,same-party
18703,20392,LA,LA,1,1,1.0,same-party
18703,20393,LA,LA,0,0,,same-party
18703,20394,LA,LA,0,0,,same-party
18703,20395,LA,LA,0,0,,same-party
18703,20396,LA,LA,0,0,,same-party
18703,20397,LA,LA,1,1,1.0,same-party
18703,20398,LA,LA,1,1,1.0,same-party
18703,20399,LA,LA,1,1,1.0,same-party
18703,20400,LA,LA,1,1,1.0,same-party
18703,20411,LA,EL,0,0,,different-party
18703,20415,LA,M,1,0,0.0,different-party
18703,20496,LA,M,1,0,0.0,different-party
18703,20781,LA,S,1,0,0.0,different-party
18703,20798,LA,SF,1,1,1.0,different-party
18703,20820,LA,LA,1,1,1.0,same-party
18703,20917,LA,KF,0,0,,different-party
18703,20925,LA,KF,1,1,1.0,different-party
18703,20930,LA,S,0,0,,different-party
18703,20962,LA,SF,0,0,,different-party
18703,20966,LA,KF,1,1,1.0,different-party
18703,21044,LA,S,1,0,0.0,different-party
18703,21083,LA,S,1,0,0.0,different-party
18703,21143,LA,S,1,0,0.0,different-party
18703,21159,LA,M,0,0,,different-party
18703,21168,LA,V,1,0,0.0,different-party
18703,21186,LA,S,1,0,0.0,different-party
18703,21194,LA,KF,1,1,1.0,different-party
18703,21206,LA,N,0,0,,different-party
18704,18707,SF,SF,77,77,1.0,same-party
18704,18708,SF,SF,38,38,1.0,same-party
18704,18709,SF,SF,17,17,1.0,same-party
18704,18713,SF,KF,44,36,0.8181818181818182,different-party
18704,18715,SF,S,62,52,0.8387096774193549,different-party
18704,18716,SF,S,46,39,0.8478260869565217,different-party
18704,18717,SF,S,49,37,0.7551020408163265,different-party
18704,18718,SF,S,72,54,0.75,different-party
18704,18719,SF,S,43,30,0.6976744186046512,different-party
18704,18720,SF,S,71,54,0.7605633802816901,different-party
18704,18721,SF,DF,73,38,0.5205479452054794,different-party
18704,18722,SF,UFG,0,0,,different-party
18704,18723,SF,LA,37,29,0.7837837837837838,different-party
18704,18724,SF,UFG,71,32,0.4507042253521127,different-party
18704,18725,SF,RV,52,42,0.8076923076923077,different-party
18704,18726,SF,RV,57,51,0.8947368421052632,different-party
18704,18729,SF,RV,48,41,0.8541666666666666,different-party
18704,18882,SF,S,9,8,0.8888888888888888,different-party
18704,19000,SF,SF,67,67,1.0,same-party
18704,19928,SF,S,62,48,0.7741935483870968,different-party
18704,20349,SF,SP,6,2,0.3333333333333333,different-party
18704,20350,SF,DF,16,10,0.625,different-party
18704,20351,SF,ALT,1,1,1.0,different-party
18704,20352,SF,ALT,34,28,0.8235294117647058,different-party
18704,20353,SF,ALT,37,34,0.918918918918919,different-party
18704,20354,SF,UFG,3,2,0.6666666666666666,different-party
18704,20355,SF,DD,58,39,0.6724137931034483,different-party
18704,20356,SF,DF,69,36,0.5217391304347826,different-party
18704,20357,SF,KF,49,39,0.7959183673469388,different-party
18704,20358,SF,SF,3,3,1.0,same-party
18704,20359,SF,SF,70,70,1.0,same-party
18704,20360,SF,SF,68,68,1.0,same-party
18704,20361,SF,S,0,0,,different-party
18704,20362,SF,S,71,57,0.8028169014084507,different-party
18704,20363,SF,S,68,51,0.75,different-party
18704,20364,SF,S,71,53,0.7464788732394366,different-party
18704,20365,SF,S,57,41,0.7192982456140351,different-party
18704,20366,SF,S,14,10,0.7142857142857143,different-party
18704,20367,SF,S,76,59,0.7763157894736842,different-party
18704,20368,SF,S,53,41,0.7735849056603774,different-party
18704,20369,SF,KF,63,51,0.8095238095238095,different-party
18704,20370,SF,ALT,57,50,0.8771929824561403,different-party
18704,20371,SF,V,54,39,0.7222222222222222,different-party
18704,20372,SF,DD,29,16,0.5517241379310345,different-party
18704,20373,SF,DD,31,19,0.6129032258064516,different-party
18704,20374,SF,DD,43,29,0.6744186046511628,different-party
18704,20375,SF,DD,43,30,0.6976744186046512,different-party
18704,20376,SF,DD,77,50,0.6493506493506493,different-party
18704,20377,SF,M,68,55,0.8088235294117647,different-party
18704,20378,SF,M,75,59,0.7866666666666666,different-party
18704,20379,SF,M,0,0,,different-party
18704,20380,SF,M,0,0,,different-party
18704,20381,SF,ALT,58,53,0.9137931034482759,different-party
18704,20382,SF,M,2,0,0.0,different-party
18704,20383,SF,UFG,36,28,0.7777777777777778,different-party
18704,20384,SF,M,16,10,0.625,different-party
18704,20385,SF,M,43,36,0.8372093023255814,different-party
18704,20386,SF,M,35,24,0.6857142857142857,different-party
18704,20388,SF,UFG,42,28,0.6666666666666666,different-party
18704,20389,SF,M,64,49,0.765625,different-party
18704,20390,SF,UFG,55,33,0.6,different-party
18704,20391,SF,LA,46,26,0.5652173913043478,different-party
18704,20392,SF,LA,30,26,0.8666666666666667,different-party
18704,20393,SF,LA,62,44,0.7096774193548387,different-party
18704,20394,SF,LA,47,33,0.7021276595744681,different-party
18704,20395,SF,LA,51,35,0.6862745098039216,different-party
18704,20396,SF,LA,26,16,0.6153846153846154,different-party
18704,20397,SF,LA,38,25,0.6578947368421053,different-party
18704,20398,SF,LA,64,41,0.640625,different-party
18704,20399,SF,LA,51,29,0.5686274509803921,different-party
18704,20400,SF,LA,71,50,0.704225352112676,different-party
18704,20411,SF,EL,51,38,0.7450980392156863,different-party
18704,20415,SF,M,73,56,0.7671232876712328,different-party
18704,20496,SF,M,61,48,0.7868852459016393,different-party
18704,20781,SF,S,68,51,0.75,different-party
18704,20798,SF,SF,68,68,1.0,same-party
18704,20820,SF,LA,70,46,0.6571428571428571,different-party
18704,20917,SF,KF,4,3,0.75,different-party
18704,20925,SF,KF,76,63,0.8289473684210527,different-party
18704,20930,SF,S,66,51,0.7727272727272727,different-party
18704,20962,SF,SF,64,64,1.0,same-party
18704,20966,SF,KF,46,41,0.8913043478260869,different-party
18704,21044,SF,S,77,59,0.7662337662337663,different-party
18704,21083,SF,S,2,0,0.0,different-party
18704,21143,SF,S,36,25,0.6944444444444444,different-party
18704,21159,SF,M,72,57,0.7916666666666666,different-party
18704,21168,SF,V,44,31,0.7045454545454546,different-party
18704,21186,SF,S,2,0,0.0,different-party
18704,21194,SF,KF,44,38,0.8636363636363636,different-party
18704,21206,SF,N,0,0,,different-party
18707,18708,SF,SF,104,104,1.0,same-party
18707,18709,SF,SF,88,88,1.0,same-party
18707,18713,SF,KF,110,72,0.6545454545454545,different-party
18707,18715,SF,S,62,52,0.8387096774193549,different-party
18707,18716,SF,S,60,47,0.7833333333333333,different-party
18707,18717,SF,S,128,83,0.6484375,different-party
18707,18718,SF,S,150,98,0.6533333333333333,different-party
18707,18719,SF,S,109,67,0.6146788990825688,different-party
18707,18720,SF,S,146,97,0.6643835616438356,different-party
18707,18721,SF,DF,78,39,0.5,different-party
18707,18722,SF,UFG,0,0,,different-party
18707,18723,SF,LA,42,30,0.7142857142857143,different-party
18707,18724,SF,UFG,76,33,0.4342105263157895,different-party
18707,18725,SF,RV,123,85,0.6910569105691057,different-party
18707,18726,SF,RV,71,61,0.8591549295774648,different-party
18707,18729,SF,RV,128,92,0.71875,different-party
18707,18882,SF,S,23,16,0.6956521739130435,different-party
18707,19000,SF,SF,81,81,1.0,same-party
18707,19928,SF,S,133,89,0.6691729323308271,different-party
18707,20349,SF,SP,72,40,0.5555555555555556,different-party
18707,20350,SF,DF,25,13,0.52,different-party
18707,20351,SF,ALT,1,1,1.0,different-party
18707,20352,SF,ALT,114,88,0.7719298245614035,different-party
18707,20353,SF,ALT,37,34,0.918918918918919,different-party
18707,20354,SF,UFG,6,3,0.5,different-party
18707,20355,SF,DD,72,46,0.6388888888888888,different-party
18707,20356,SF,DF,144,54,0.375,different-party
18707,20357,SF,KF,63,44,0.6984126984126984,different-party
18707,20358,SF,SF,3,3,1.0,same-party
18707,20359,SF,SF,150,150,1.0,same-party
18707,20360,SF,SF,80,80,1.0,same-party
18707,20361,SF,S,13,8,0.6153846153846154,different-party
18707,20362,SF,S,142,98,0.6901408450704225,different-party
18707,20363,SF,S,148,97,0.6554054054054054,different-party
18707,20364,SF,S,142,94,0.6619718309859155,different-party
18707,20365,SF,S,137,87,0.635036496350365,different-party
18707,20366,SF,S,28,18,0.6428571428571429,different-party
18707,20367,SF,S,155,105,0.6774193548387096,different-party
18707,20368,SF,S,124,82,0.6612903225806451,different-party
18707,20369,SF,KF,138,90,0.6521739130434783,different-party
18707,20370,SF,ALT,71,63,0.8873239436619719,different-party
18707,20371,SF,V,134,85,0.6343283582089553,different-party
18707,20372,SF,DD,38,20,0.5263157894736842,different-party
18707,20373,SF,DD,45,26,0.5777777777777777,different-party
18707,20374,SF,DD,122,48,0.39344262295081966,different-party
18707,20375,SF,DD,109,43,0.3944954128440367,different-party
18707,20376,SF,DD,157,70,0.445859872611465,different-party
18707,20377,SF,M,73,58,0.7945205479452054,different-party
18707,20378,SF,M,155,105,0.6774193548387096,different-party
18707,20379,SF,M,0,0,,different-party
18707,20380,SF,M,9,5,0.5555555555555556,different-party
18707,20381,SF,ALT,138,113,0.8188405797101449,different-party
18707,20382,SF,M,16,8,0.5,different-party
18707,20383,SF,UFG,41,30,0.7317073170731707,different-party
18707,20384,SF,M,85,49,0.5764705882352941,different-party
18707,20385,SF,M,57,44,0.7719298245614035,different-party
18707,20386,SF,M,100,61,0.61,different-party
18707,20388,SF,UFG,42,28,0.6666666666666666,different-party
18707,20389,SF,M,144,95,0.6597222222222222,different-party
18707,20390,SF,UFG,64,36,0.5625,different-party
18707,20391,SF,LA,126,48,0.38095238095238093,different-party
18707,20392,SF,LA,42,30,0.7142857142857143,different-party
18707,20393,SF,LA,137,65,0.4744525547445255,different-party
18707,20394,SF,LA,127,55,0.4330708661417323,different-party
18707,20395,SF,LA,131,58,0.44274809160305345,different-party
18707,20396,SF,LA,92,33,0.358695652173913,different-party
18707,20397,SF,LA,38,25,0.6578947368421053,different-party
18707,20398,SF,LA,142,62,0.43661971830985913,different-party
18707,20399,SF,LA,126,50,0.3968253968253968,different-party
18707,20400,SF,LA,151,72,0.4768211920529801,different-party
18707,20411,SF,EL,60,47,0.7833333333333333,different-party
18707,20415,SF,M,153,102,0.6666666666666666,different-party
18707,20496,SF,M,136,91,0.6691176470588235,different-party
18707,20781,SF,S,148,97,0.6554054054054054,different-party
18707,20798,SF,SF,148,148,1.0,same-party
18707,20820,SF,LA,82,51,0.6219512195121951,different-party
18707,20917,SF,KF,4,3,0.75,different-party
18707,20925,SF,KF,147,104,0.7074829931972789,different-party
18707,20930,SF,S,72,56,0.7777777777777778,different-party
18707,20962,SF,SF,78,78,1.0,same-party
18707,20966,SF,KF,60,47,0.7833333333333333,different-party
18707,21044,SF,S,157,105,0.6687898089171974,different-party
18707,21083,SF,S,2,0,0.0,different-party
18707,21143,SF,S,116,71,0.6120689655172413,different-party
18707,21159,SF,M,138,95,0.6884057971014492,different-party
18707,21168,SF,V,124,77,0.6209677419354839,different-party
18707,21186,SF,S,2,0,0.0,different-party
18707,21194,SF,KF,53,41,0.7735849056603774,different-party
18707,21206,SF,N,0,0,,different-party
18708,18709,SF,SF,66,66,1.0,same-party
18708,18713,SF,KF,84,51,0.6071428571428571,different-party
18708,18715,SF,S,29,27,0.9310344827586207,different-party
18708,18716,SF,S,29,27,0.9310344827586207,different-party
18708,18717,SF,S,84,52,0.6190476190476191,different-party
18708,18718,SF,S,101,67,0.6633663366336634,different-party
18708,18719,SF,S,79,48,0.6075949367088608,different-party
18708,18720,SF,S,101,67,0.6633663366336634,different-party
18708,18721,SF,DF,38,23,0.6052631578947368,different-party
18708,18722,SF,UFG,0,0,,different-party
18708,18723,SF,LA,23,20,0.8695652173913043,different-party
18708,18724,SF,UFG,38,17,0.4473684210526316,different-party
18708,18725,SF,RV,81,53,0.654320987654321,different-party
18708,18726,SF,RV,29,26,0.896551724137931,different-party
18708,18729,SF,RV,84,55,0.6547619047619048,different-party
18708,18882,SF,S,6,6,1.0,different-party
18708,19000,SF,SF,38,38,1.0,same-party
18708,19928,SF,S,89,59,0.6629213483146067,different-party
18708,20349,SF,SP,66,38,0.5757575757575758,different-party
18708,20350,SF,DF,9,6,0.6666666666666666,different-party
18708,20351,SF,ALT,0,0,,different-party
18708,20352,SF,ALT,78,57,0.7307692307692307,different-party
18708,20353,SF,ALT,23,20,0.8695652173913043,different-party
18708,20354,SF,UFG,2,1,0.5,different-party
18708,20355,SF,DD,29,22,0.7586206896551724,different-party
18708,20356,SF,DF,100,37,0.37,different-party
18708,20357,SF,KF,26,24,0.9230769230769231,different-party
18708,20358,SF,SF,0,0,,same-party
18708,20359,SF,SF,98,98,1.0,same-party
18708,20360,SF,SF,29,29,1.0,same-party
18708,20361,SF,S,0,0,,different-party
18708,20362,SF,S,102,70,0.6862745098039216,different-party
18708,20363,SF,S,98,64,0.6530612244897959,different-party
18708,20364,SF,S,98,64,0.6530612244897959,different-party
18708,20365,SF,S,84,52,0.6190476190476191,different-party
18708,20366,SF,S,6,6,1.0,different-party
18708,20367,SF,S,104,70,0.6730769230769231,different-party
18708,20368,SF,S,95,65,0.6842105263157895,different-party
18708,20369,SF,KF,90,60,0.6666666666666666,different-party
18708,20370,SF,ALT,26,24,0.9230769230769231,different-party
18708,20371,SF,V,84,52,0.6190476190476191,different-party
18708,20372,SF,DD,10,7,0.7,different-party
18708,20373,SF,DD,7,5,0.7142857142857143,different-party
18708,20374,SF,DD,89,31,0.34831460674157305,different-party
18708,20375,SF,DD,98,37,0.37755102040816324,different-party
18708,20376,SF,DD,104,41,0.3942307692307692,different-party
18708,20377,SF,M,36,30,0.8333333333333334,different-party
18708,20378,SF,M,104,70,0.6730769230769231,different-party
18708,20379,SF,M,0,0,,different-party
18708,20380,SF,M,0,0,,different-party
18708,20381,SF,ALT,101,79,0.7821782178217822,different-party
18708,20382,SF,M,0,0,,different-party
18708,20383,SF,UFG,26,24,0.9230769230769231,different-party
18708,20384,SF,M,78,46,0.5897435897435898,different-party
18708,20385,SF,M,26,24,0.9230769230769231,different-party
18708,20386,SF,M,65,37,0.5692307692307692,different-party
18708,20388,SF,UFG,29,21,0.7241379310344828,different-party
18708,20389,SF,M,104,70,0.6730769230769231,different-party
18708,20390,SF,UFG,35,25,0.7142857142857143,different-party
18708,20391,SF,LA,73,22,0.3013698630136986,different-party
18708,20392,SF,LA,29,25,0.8620689655172413,different-party
18708,20393,SF,LA,100,45,0.45,different-party
18708,20394,SF,LA,89,37,0.4157303370786517,different-party
18708,20395,SF,LA,101,46,0.45544554455445546,different-party
18708,20396,SF,LA,78,25,0.32051282051282054,different-party
18708,20397,SF,LA,18,13,0.7222222222222222,different-party
18708,20398,SF,LA,95,41,0.43157894736842106,different-party
18708,20399,SF,LA,78,25,0.32051282051282054,different-party
18708,20400,SF,LA,104,48,0.46153846153846156,different-party
18708,20411,SF,EL,29,22,0.7586206896551724,different-party
18708,20415,SF,M,101,67,0.6633663366336634,different-party
18708,20496,SF,M,89,59,0.6629213483146067,different-party
18708,20781,SF,S,97,63,0.6494845360824743,different-party
18708,20798,SF,SF,104,104,1.0,same-party
18708,20820,SF,LA,35,29,0.8285714285714286,different-party
18708,20917,SF,KF,3,2,0.6666666666666666,different-party
18708,20925,SF,KF,103,72,0.6990291262135923,different-party
18708,20930,SF,S,44,37,0.8409090909090909,different-party
18708,20962,SF,SF,26,26,1.0,same-party
18708,20966,SF,KF,38,34,0.8947368421052632,different-party
18708,21044,SF,S,104,70,0.6730769230769231,different-party
18708,21083,SF,S,0,0,,different-party
18708,21143,SF,S,66,38,0.5757575757575758,different-party
18708,21159,SF,M,104,70,0.6730769230769231,different-party
18708,21168,SF,V,84,52,0.6190476190476191,different-party
18708,21186,SF,S,0,0,,different-party
18708,21194,SF,KF,29,27,0.9310344827586207,different-party
18708,21206,SF,N,0,0,,different-party
18709,18713,SF,KF,77,44,0.5714285714285714,different-party
18709,18715,SF,S,21,14,0.6666666666666666,different-party
18709,18716,SF,S,27,19,0.7037037037037037,different-party
18709,18717,SF,S,95,57,0.6,different-party
18709,18718,SF,S,97,56,0.5773195876288659,different-party
18709,18719,SF,S,74,40,0.5405405405405406,different-party
18709,18720,SF,S,91,52,0.5714285714285714,different-party
18709,18721,SF,DF,32,13,0.40625,different-party
18709,18722,SF,UFG,0,0,,different-party
18709,18723,SF,LA,23,11,0.4782608695652174,different-party
18709,18724,SF,UFG,28,9,0.32142857142857145,different-party
18709,18725,SF,RV,88,54,0.6136363636363636,different-party
18709,18726,SF,RV,26,18,0.6923076923076923,different-party
18709,18729,SF,RV,94,61,0.648936170212766,different-party
18709,18882,SF,S,7,5,0.7142857142857143,different-party
18709,19000,SF,SF,23,23,1.0,same-party
18709,19928,SF,S,90,52,0.5777777777777777,different-party
18709,20349,SF,SP,71,39,0.5492957746478874,different-party
18709,20350,SF,DF,10,5,0.5,different-party
18709,20351,SF,ALT,1,1,1.0,different-party
18709,20352,SF,ALT,88,67,0.7613636363636364,different-party
18709,20353,SF,ALT,20,20,1.0,different-party
18709,20354,SF,UFG,2,1,0.5,different-party
18709,20355,SF,DD,23,12,0.5217391304347826,different-party
18709,20356,SF,DF,82,21,0.25609756097560976,different-party
18709,20357,SF,KF,32,19,0.59375,different-party
18709,20358,SF,SF,0,0,,same-party
18709,20359,SF,SF,99,99,1.0,same-party
18709,20360,SF,SF,29,29,1.0,same-party
18709,20361,SF,S,6,5,0.8333333333333334,different-party
18709,20362,SF,S,98,58,0.5918367346938775,different-party
18709,20363,SF,S,99,58,0.5858585858585859,different-party
18709,20364,SF,S,99,58,0.5858585858585859,different-party
18709,20365,SF,S,90,52,0.5777777777777777,different-party
18709,20366,SF,S,9,5,0.5555555555555556,different-party
18709,20367,SF,S,97,58,0.5979381443298969,different-party
18709,20368,SF,S,99,58,0.5858585858585859,different-party
18709,20369,SF,KF,83,45,0.5421686746987951,different-party
18709,20370,SF,ALT,17,14,0.8235294117647058,different-party
18709,20371,SF,V,99,58,0.5858585858585859,different-party
18709,20372,SF,DD,24,12,0.5,different-party
18709,20373,SF,DD,33,17,0.5151515151515151,different-party
18709,20374,SF,DD,98,29,0.29591836734693877,different-party
18709,20375,SF,DD,77,19,0.24675324675324675,different-party
18709,20376,SF,DD,90,24,0.26666666666666666,different-party
18709,20377,SF,M,27,19,0.7037037037037037,different-party
18709,20378,SF,M,97,58,0.5979381443298969,different-party
18709,20379,SF,M,0,0,,different-party
18709,20380,SF,M,1,1,1.0,different-party
18709,20381,SF,ALT,98,77,0.7857142857142857,different-party
18709,20382,SF,M,9,5,0.5555555555555556,different-party
18709,20383,SF,UFG,13,4,0.3076923076923077,different-party
18709,20384,SF,M,73,41,0.5616438356164384,different-party
18709,20385,SF,M,27,19,0.7037037037037037,different-party
18709,20386,SF,M,90,52,0.5777777777777777,different-party
18709,20388,SF,UFG,14,6,0.42857142857142855,different-party
18709,20389,SF,M,89,50,0.5617977528089888,different-party
18709,20390,SF,UFG,25,12,0.48,different-party
18709,20391,SF,LA,99,32,0.32323232323232326,different-party
18709,20392,SF,LA,4,1,0.25,different-party
18709,20393,SF,LA,72,19,0.2638888888888889,different-party
18709,20394,SF,LA,87,26,0.2988505747126437,different-party
18709,20395,SF,LA,88,24,0.2727272727272727,different-party
18709,20396,SF,LA,77,22,0.2857142857142857,different-party
18709,20397,SF,LA,10,7,0.7,different-party
18709,20398,SF,LA,98,31,0.3163265306122449,different-party
18709,20399,SF,LA,92,30,0.32608695652173914,different-party
18709,20400,SF,LA,94,31,0.32978723404255317,different-party
18709,20411,SF,EL,15,13,0.8666666666666667,different-party
18709,20415,SF,M,98,58,0.5918367346938775,different-party
18709,20496,SF,M,82,47,0.573170731707317,different-party
18709,20781,SF,S,98,58,0.5918367346938775,different-party
18709,20798,SF,SF,94,94,1.0,same-party
18709,20820,SF,LA,32,14,0.4375,different-party
18709,20917,SF,KF,1,1,1.0,different-party
18709,20925,SF,KF,99,58,0.5858585858585859,different-party
18709,20930,SF,S,21,12,0.5714285714285714,different-party
18709,20962,SF,SF,23,23,1.0,same-party
18709,20966,SF,KF,18,12,0.6666666666666666,different-party
18709,21044,SF,S,99,58,0.5858585858585859,different-party
18709,21083,SF,S,2,0,0.0,different-party
18709,21143,SF,S,97,56,0.5773195876288659,different-party
18709,21159,SF,M,87,50,0.5747126436781609,different-party
18709,21168,SF,V,80,44,0.55,different-party
18709,21186,SF,S,2,0,0.0,different-party
18709,21194,SF,KF,21,15,0.7142857142857143,different-party
18709,21206,SF,N,0,0,,different-party
18713,18715,KF,S,35,31,0.8857142857142857,different-party
18713,18716,KF,S,19,16,0.8421052631578947,different-party
18713,18717,KF,S,109,99,0.908256880733945,different-party
18713,18718,KF,S,104,93,0.8942307692307693,different-party
18713,18719,KF,S,92,84,0.9130434782608695,different-party
18713,18720,KF,S,107,97,0.9065420560747663,different-party
18713,18721,KF,DF,43,26,0.6046511627906976,different-party
18713,18722,KF,UFG,0,0,,different-party
18713,18723,KF,LA,4,4,1.0,different-party
18713,18724,KF,UFG,43,22,0.5116279069767442,different-party
18713,18725,KF,RV,106,91,0.8584905660377359,different-party
18713,18726,KF,RV,34,30,0.8823529411764706,different-party
18713,18729,KF,RV,110,93,0.8454545454545455,different-party
18713,18882,KF,S,6,5,0.8333333333333334,different-party
18713,19000,KF,SF,34,29,0.8529411764705882,different-party
18713,19928,KF,S,95,90,0.9473684210526315,different-party
18713,20349,KF,SP,66,64,0.9696969696969697,different-party
18713,20350,KF,DF,9,6,0.6666666666666666,different-party
18713,20351,KF,ALT,1,1,1.0,different-party
18713,20352,KF,ALT,93,51,0.5483870967741935,different-party
18713,20353,KF,ALT,13,8,0.6153846153846154,different-party
18713,20354,KF,UFG,0,0,,different-party
18713,20355,KF,DD,25,18,0.72,different-party
18713,20356,KF,DF,107,39,0.3644859813084112,different-party
18713,20357,KF,KF,16,16,1.0,same-party
18713,20358,KF,SF,0,0,,different-party
18713,20359,KF,SF,104,67,0.6442307692307693,different-party
18713,20360,KF,SF,35,28,0.8,different-party
18713,20361,KF,S,0,0,,different-party
18713,20362,KF,S,108,99,0.9166666666666666,different-party
18713,20363,KF,S,104,94,0.9038461538461539,different-party
18713,20364,KF,S,104,94,0.9038461538461539,different-party
18713,20365,KF,S,110,99,0.9,different-party
18713,20366,KF,S,7,5,0.7142857142857143,different-party
18713,20367,KF,S,110,99,0.9,different-party
18713,20368,KF,S,86,80,0.9302325581395349,different-party
18713,20369,KF,KF,95,95,1.0,same-party
18713,20370,KF,ALT,31,24,0.7741935483870968,different-party
18713,20371,KF,V,110,99,0.9,different-party
18713,20372,KF,DD,20,15,0.75,different-party
18713,20373,KF,DD,18,14,0.7777777777777778,different-party
18713,20374,KF,DD,80,27,0.3375,different-party
18713,20375,KF,DD,89,34,0.38202247191011235,different-party
18713,20376,KF,DD,110,49,0.44545454545454544,different-party
18713,20377,KF,M,43,35,0.813953488372093,different-party
18713,20378,KF,M,109,99,0.908256880733945,different-party
18713,20379,KF,M,0,0,,different-party
18713,20380,KF,M,0,0,,different-party
18713,20381,KF,ALT,92,52,0.5652173913043478,different-party
18713,20382,KF,M,1,0,0.0,different-party
18713,20383,KF,UFG,7,4,0.5714285714285714,different-party
18713,20384,KF,M,79,70,0.8860759493670886,different-party
18713,20385,KF,M,16,14,0.875,different-party
18713,20386,KF,M,90,86,0.9555555555555556,different-party
18713,20388,KF,UFG,10,4,0.4,different-party
18713,20389,KF,M,100,90,0.9,different-party
18713,20390,KF,UFG,26,17,0.6538461538461539,different-party
18713,20391,KF,LA,99,62,0.6262626262626263,different-party
18713,20392,KF,LA,10,8,0.8,different-party
18713,20393,KF,LA,96,60,0.625,different-party
18713,20394,KF,LA,84,52,0.6190476190476191,different-party
18713,20395,KF,LA,91,57,0.6263736263736264,different-party
18713,20396,KF,LA,88,56,0.6363636363636364,different-party
18713,20397,KF,LA,34,25,0.7352941176470589,different-party
18713,20398,KF,LA,101,64,0.6336633663366337,different-party
18713,20399,KF,LA,104,67,0.6442307692307693,different-party
18713,20400,KF,LA,110,71,0.6454545454545455,different-party
18713,20411,KF,EL,24,12,0.5,different-party
18713,20415,KF,M,107,97,0.9065420560747663,different-party
18713,20496,KF,M,95,90,0.9473684210526315,different-party
18713,20781,KF,S,103,94,0.912621359223301,different-party
18713,20798,KF,SF,110,72,0.6545454545454545,different-party
18713,20820,KF,LA,41,29,0.7073170731707317,different-party
18713,20917,KF,KF,3,3,1.0,same-party
18713,20925,KF,KF,110,108,0.9818181818181818,same-party
18713,20930,KF,S,39,30,0.7692307692307693,different-party
18713,20962,KF,SF,31,25,0.8064516129032258,different-party
18713,20966,KF,KF,19,19,1.0,same-party
18713,21044,KF,S,110,99,0.9,different-party
18713,21083,KF,S,1,0,0.0,different-party
18713,21143,KF,S,92,88,0.9565217391304348,different-party
18713,21159,KF,M,109,99,0.908256880733945,different-party
18713,21168,KF,V,100,90,0.9,different-party
18713,21186,KF,S,1,0,0.0,different-party
18713,21194,KF,KF,20,20,1.0,same-party
18713,21206,KF,N,0,0,,different-party
18715,18716,S,S,55,55,1.0,same-party
18715,18717,S,S,42,42,1.0,same-party
18715,18718,S,S,66,66,1.0,same-party
18715,18719,S,S,28,28,1.0,same-party
18715,18720,S,S,64,64,1.0,same-party
18715,18721,S,DF,67,39,0.582089552238806,different-party
18715,18722,S,UFG,0,0,,different-party
18715,18723,S,LA,40,34,0.85,different-party
18715,18724,S,UFG,69,30,0.43478260869565216,different-party
18715,18725,S,RV,37,33,0.8918918918918919,different-party
18715,18726,S,RV,66,61,0.9242424242424242,different-party
18715,18729,S,RV,48,42,0.875,different-party
18715,18882,S,S,9,9,1.0,same-party
18715,19000,S,SF,61,50,0.819672131147541,different-party
18715,19928,S,S,56,56,1.0,same-party
18715,20349,S,SP,0,0,,different-party
18715,20350,S,DF,25,15,0.6,different-party
18715,20351,S,ALT,1,0,0.0,different-party
18715,20352,S,ALT,28,19,0.6785714285714286,different-party
18715,20353,S,ALT,46,34,0.7391304347826086,different-party
18715,20354,S,UFG,3,0,0.0,different-party
18715,20355,S,DD,61,43,0.7049180327868853,different-party
18715,20356,S,DF,54,32,0.5925925925925926,different-party
18715,20357,S,KF,52,47,0.9038461538461539,different-party
18715,20358,S,SF,3,2,0.6666666666666666,different-party
18715,20359,S,SF,64,51,0.796875,different-party
18715,20360,S,SF,71,58,0.8169014084507042,different-party
18715,20361,S,S,0,0,,same-party
18715,20362,S,S,67,67,1.0,same-party
18715,20363,S,S,62,62,1.0,same-party
18715,20364,S,S,65,65,1.0,same-party
18715,20365,S,S,42,42,1.0,same-party
18715,20366,S,S,14,14,1.0,same-party
18715,20367,S,S,70,70,1.0,same-party
18715,20368,S,S,56,56,1.0,same-party
18715,20369,S,KF,57,52,0.9122807017543859,different-party
18715,20370,S,ALT,57,45,0.7894736842105263,different-party
18715,20371,S,V,48,48,1.0,different-party
18715,20372,S,DD,25,20,0.8,different-party
18715,20373,S,DD,34,24,0.7058823529411765,different-party
18715,20374,S,DD,46,35,0.7608695652173914,different-party
18715,20375,S,DD,34,24,0.7058823529411765,different-party
18715,20376,S,DD,62,41,0.6612903225806451,different-party
18715,20377,S,M,68,68,1.0,different-party
18715,20378,S,M,69,69,1.0,different-party
18715,20379,S,M,0,0,,different-party
18715,20380,S,M,0,0,,different-party
18715,20381,S,ALT,52,39,0.75,different-party
18715,20382,S,M,2,2,1.0,different-party
18715,20383,S,UFG,30,26,0.8666666666666667,different-party
18715,20384,S,M,5,5,1.0,different-party
18715,20385,S,M,52,52,1.0,different-party
18715,20386,S,M,38,37,0.9736842105263158,different-party
18715,20388,S,UFG,35,32,0.9142857142857143,different-party
18715,20389,S,M,58,58,1.0,different-party
18715,20390,S,UFG,49,35,0.7142857142857143,different-party
18715,20391,S,LA,49,35,0.7142857142857143,different-party
18715,20392,S,LA,30,25,0.8333333333333334,different-party
18715,20393,S,LA,47,37,0.7872340425531915,different-party
18715,20394,S,LA,50,41,0.82,different-party
18715,20395,S,LA,36,29,0.8055555555555556,different-party
18715,20396,S,LA,17,10,0.5882352941176471,different-party
18715,20397,S,LA,37,28,0.7567567567567568,different-party
18715,20398,S,LA,58,46,0.7931034482758621,different-party
18715,20399,S,LA,45,32,0.7111111111111111,different-party
18715,20400,S,LA,71,55,0.7746478873239436,different-party
18715,20411,S,EL,45,27,0.6,different-party
18715,20415,S,M,67,67,1.0,different-party
18715,20496,S,M,55,55,1.0,different-party
18715,20781,S,S,62,62,1.0,same-party
18715,20798,S,SF,68,56,0.8235294117647058,different-party
18715,20820,S,LA,64,51,0.796875,different-party
18715,20917,S,KF,4,2,0.5,different-party
18715,20925,S,KF,70,63,0.9,different-party
18715,20930,S,S,60,60,1.0,same-party
18715,20962,S,SF,58,49,0.8448275862068966,different-party
18715,20966,S,KF,46,40,0.8695652173913043,different-party
18715,21044,S,S,71,71,1.0,same-party
18715,21083,S,S,2,2,1.0,same-party
18715,21143,S,S,38,38,1.0,same-party
18715,21159,S,M,64,64,1.0,different-party
18715,21168,S,V,29,29,1.0,different-party
18715,21186,S,S,2,2,1.0,same-party
18715,21194,S,KF,44,40,0.9090909090909091,different-party
18715,21206,S,N,0,0,,different-party
18716,18717,S,S,42,42,1.0,same-party
18716,18718,S,S,68,68,1.0,same-party
18716,18719,S,S,22,22,1.0,same-party
18716,18720,S,S,57,57,1.0,same-party
18716,18721,S,DF,58,36,0.6206896551724138,different-party
18716,18722,S,UFG,0,0,,different-party
18716,18723,S,LA,46,38,0.8260869565217391,different-party
18716,18724,S,UFG,61,24,0.39344262295081966,different-party
18716,18725,S,RV,29,23,0.7931034482758621,different-party
18716,18726,S,RV,67,56,0.835820895522388,different-party
18716,18729,S,RV,48,37,0.7708333333333334,different-party
18716,18882,S,S,25,25,1.0,same-party
18716,19000,S,SF,61,47,0.7704918032786885,different-party
18716,19928,S,S,47,47,1.0,same-party
18716,20349,S,SP,0,0,,different-party
18716,20350,S,DF,34,20,0.5882352941176471,different-party
18716,20351,S,ALT,0,0,,different-party
18716,20352,S,ALT,29,16,0.5517241379310345,different-party
18716,20353,S,ALT,46,34,0.7391304347826086,different-party
18716,20354,S,UFG,6,0,0.0,different-party
18716,20355,S,DD,61,40,0.6557377049180327,different-party
18716,20356,S,DF,47,30,0.6382978723404256,different-party
18716,20357,S,KF,68,59,0.8676470588235294,different-party
18716,20358,S,SF,3,2,0.6666666666666666,different-party
18716,20359,S,SF,64,48,0.75,different-party
18716,20360,S,SF,67,51,0.7611940298507462,different-party
18716,20361,S,S,15,15,1.0,same-party
18716,20362,S,S,58,58,1.0,same-party
18716,20363,S,S,62,62,1.0,same-party
18716,20364,S,S,56,56,1.0,same-party
18716,20365,S,S,42,42,1.0,same-party
18716,20366,S,S,29,29,1.0,same-party
18716,20367,S,S,69,69,1.0,same-party
18716,20368,S,S,62,62,1.0,same-party
18716,20369,S,KF,58,48,0.8275862068965517,different-party
18716,20370,S,ALT,58,42,0.7241379310344828,different-party
18716,20371,S,V,48,48,1.0,different-party
18716,20372,S,DD,34,26,0.7647058823529411,different-party
18716,20373,S,DD,49,31,0.6326530612244898,different-party
18716,20374,S,DD,60,41,0.6833333333333333,different-party
18716,20375,S,DD,33,24,0.7272727272727273,different-party
18716,20376,S,DD,62,38,0.6129032258064516,different-party
18716,20377,S,M,60,60,1.0,different-party
18716,20378,S,M,70,70,1.0,different-party
18716,20379,S,M,0,0,,different-party
18716,20380,S,M,10,10,1.0,different-party
18716,20381,S,ALT,67,47,0.7014925373134329,different-party
18716,20382,S,M,17,17,1.0,different-party
18716,20383,S,UFG,36,30,0.8333333333333334,different-party
18716,20384,S,M,8,8,1.0,different-party
18716,20385,S,M,68,68,1.0,different-party
18716,20386,S,M,23,23,1.0,different-party
18716,20388,S,UFG,34,31,0.9117647058823529,different-party
18716,20389,S,M,58,58,1.0,different-party
18716,20390,S,UFG,57,40,0.7017543859649122,different-party
18716,20391,S,LA,49,35,0.7142857142857143,different-party
18716,20392,S,LA,41,33,0.8048780487804879,different-party
18716,20393,S,LA,41,33,0.8048780487804879,different-party
18716,20394,S,LA,51,41,0.803921568627451,different-party
18716,20395,S,LA,52,40,0.7692307692307693,different-party
18716,20396,S,LA,17,10,0.5882352941176471,different-party
18716,20397,S,LA,21,18,0.8571428571428571,different-party
18716,20398,S,LA,56,44,0.7857142857142857,different-party
18716,20399,S,LA,38,28,0.7368421052631579,different-party
18716,20400,S,LA,71,55,0.7746478873239436,different-party
18716,20411,S,EL,39,24,0.6153846153846154,different-party
18716,20415,S,M,67,67,1.0,different-party
18716,20496,S,M,48,48,1.0,different-party
18716,20781,S,S,62,62,1.0,same-party
18716,20798,S,SF,68,53,0.7794117647058824,different-party
18716,20820,S,LA,62,50,0.8064516129032258,different-party
18716,20917,S,KF,4,2,0.5,different-party
18716,20925,S,KF,61,54,0.8852459016393442,different-party
18716,20930,S,S,45,45,1.0,same-party
18716,20962,S,SF,59,46,0.7796610169491526,different-party
18716,20966,S,KF,61,52,0.8524590163934426,different-party
18716,21044,S,S,71,71,1.0,same-party
18716,21083,S,S,1,1,1.0,same-party
18716,21143,S,S,37,37,1.0,same-party
18716,21159,S,M,49,49,1.0,different-party
18716,21168,S,V,29,29,1.0,different-party
18716,21186,S,S,1,1,1.0,same-party
18716,21194,S,KF,52,46,0.8846153846153846,different-party
18716,21206,S,N,0,0,,different-party
18717,18718,S,S,131,131,1.0,same-party
18717,18719,S,S,103,103,1.0,same-party
18717,18720,S,S,129,129,1.0,same-party
18717,18721,S,DF,62,37,0.5967741935483871,different-party
18717,18722,S,UFG,0,0,,different-party
18717,18723,S,LA,23,19,0.8260869565217391,different-party
18717,18724,S,UFG,59,26,0.4406779661016949,different-party
18717,18725,S,RV,118,104,0.8813559322033898,different-party
18717,18726,S,RV,57,48,0.8421052631578947,different-party
18717,18729,S,RV,132,113,0.8560606060606061,different-party
18717,18882,S,S,21,21,1.0,same-party
18717,19000,S,SF,62,44,0.7096774193548387,different-party
18717,19928,S,S,106,106,1.0,same-party
18717,20349,S,SP,72,72,1.0,different-party
18717,20350,S,DF,26,17,0.6538461538461539,different-party
18717,20351,S,ALT,0,0,,different-party
18717,20352,S,ALT,122,63,0.5163934426229508,different-party
18717,20353,S,ALT,21,15,0.7142857142857143,different-party
18717,20354,S,UFG,3,0,0.0,different-party
18717,20355,S,DD,53,38,0.7169811320754716,different-party
18717,20356,S,DF,121,45,0.371900826446281,different-party
18717,20357,S,KF,45,39,0.8666666666666667,different-party
18717,20358,S,SF,0,0,,different-party
18717,20359,S,SF,132,84,0.6363636363636364,different-party
18717,20360,S,SF,59,43,0.7288135593220338,different-party
18717,20361,S,S,15,15,1.0,same-party
18717,20362,S,S,127,127,1.0,same-party
18717,20363,S,S,132,132,1.0,same-party
18717,20364,S,S,123,123,1.0,same-party
18717,20365,S,S,130,130,1.0,same-party
18717,20366,S,S,21,21,1.0,same-party
18717,20367,S,S,138,138,1.0,same-party
18717,20368,S,S,105,105,1.0,same-party
18717,20369,S,KF,116,108,0.9310344827586207,different-party
18717,20370,S,ALT,46,34,0.7391304347826086,different-party
18717,20371,S,V,138,138,1.0,different-party
18717,20372,S,DD,43,32,0.7441860465116279,different-party
18717,20373,S,DD,46,33,0.717391304347826,different-party
18717,20374,S,DD,107,45,0.4205607476635514,different-party
18717,20375,S,DD,88,29,0.32954545454545453,different-party
18717,20376,S,DD,130,56,0.4307692307692308,different-party
18717,20377,S,M,57,57,1.0,different-party
18717,20378,S,M,138,138,1.0,different-party
18717,20379,S,M,0,0,,different-party
18717,20380,S,M,10,10,1.0,different-party
18717,20381,S,ALT,120,64,0.5333333333333333,different-party
18717,20382,S,M,15,15,1.0,different-party
18717,20383,S,UFG,18,15,0.8333333333333334,different-party
18717,20384,S,M,83,83,1.0,different-party
18717,20385,S,M,39,39,1.0,different-party
18717,20386,S,M,104,103,0.9903846153846154,different-party
18717,20388,S,UFG,22,22,1.0,different-party
18717,20389,S,M,128,128,1.0,different-party
18717,20390,S,UFG,48,31,0.6458333333333334,different-party
18717,20391,S,LA,127,83,0.6535433070866141,different-party
18717,20392,S,LA,20,14,0.7,different-party
18717,20393,S,LA,111,70,0.6306306306306306,different-party
18717,20394,S,LA,113,74,0.6548672566371682,different-party
18717,20395,S,LA,112,70,0.625,different-party
18717,20396,S,LA,88,51,0.5795454545454546,different-party
18717,20397,S,LA,41,29,0.7073170731707317,different-party
18717,20398,S,LA,127,80,0.6299212598425197,different-party
18717,20399,S,LA,126,81,0.6428571428571429,different-party
18717,20400,S,LA,132,83,0.6287878787878788,different-party
18717,20411,S,EL,47,22,0.46808510638297873,different-party
18717,20415,S,M,135,135,1.0,different-party
18717,20496,S,M,109,109,1.0,different-party
18717,20781,S,S,131,131,1.0,same-party
18717,20798,S,SF,132,88,0.6666666666666666,different-party
18717,20820,S,LA,67,47,0.7014925373134329,different-party
18717,20917,S,KF,3,2,0.6666666666666666,different-party
18717,20925,S,KF,129,120,0.9302325581395349,different-party
18717,20930,S,S,53,53,1.0,same-party
18717,20962,S,SF,52,39,0.75,different-party
18717,20966,S,KF,41,30,0.7317073170731707,different-party
18717,21044,S,S,138,138,1.0,same-party
18717,21083,S,S,0,0,,same-party
18717,21143,S,S,119,119,1.0,same-party
18717,21159,S,M,120,120,1.0,different-party
18717,21168,S,V,120,120,1.0,different-party
18717,21186,S,S,0,0,,same-party
18717,21194,S,KF,36,27,0.75,different-party
18717,21206,S,N,0,0,,different-party
18718,18719,S,S,107,107,1.0,same-party
18718,18720,S,S,150,150,1.0,same-party
18718,18721,S,DF,83,51,0.6144578313253012,different-party
18718,18722,S,UFG,0,0,,different-party
18718,18723,S,LA,50,42,0.84,different-party
18718,18724,S,UFG,81,35,0.43209876543209874,different-party
18718,18725,S,RV,120,105,0.875,different-party
18718,18726,S,RV,76,67,0.881578947368421,different-party
18718,18729,S,RV,132,112,0.8484848484848485,different-party
18718,18882,S,S,24,24,1.0,same-party
18718,19000,S,SF,86,61,0.7093023255813954,different-party
18718,19928,S,S,128,128,1.0,same-party
18718,20349,S,SP,71,71,1.0,different-party
18718,20350,S,DF,32,19,0.59375,different-party
18718,20351,S,ALT,1,0,0.0,different-party
18718,20352,S,ALT,118,58,0.4915254237288136,different-party
18718,20353,S,ALT,44,33,0.75,different-party
18718,20354,S,UFG,6,0,0.0,different-party
18718,20355,S,DD,77,51,0.6623376623376623,different-party
18718,20356,S,DF,140,59,0.42142857142857143,different-party
18718,20357,S,KF,73,65,0.8904109589041096,different-party
18718,20358,S,SF,3,2,0.6666666666666666,different-party
18718,20359,S,SF,154,99,0.6428571428571429,different-party
18718,20360,S,SF,83,60,0.7228915662650602,different-party
18718,20361,S,S,14,14,1.0,same-party
18718,20362,S,S,146,146,1.0,same-party
18718,20363,S,S,152,152,1.0,same-party
18718,20364,S,S,146,146,1.0,same-party
18718,20365,S,S,132,132,1.0,same-party
18718,20366,S,S,29,29,1.0,same-party
18718,20367,S,S,159,159,1.0,same-party
18718,20368,S,S,131,131,1.0,same-party
18718,20369,S,KF,133,124,0.9323308270676691,different-party
18718,20370,S,ALT,69,49,0.7101449275362319,different-party
18718,20371,S,V,138,138,1.0,different-party
18718,20372,S,DD,45,32,0.7111111111111111,different-party
18718,20373,S,DD,55,37,0.6727272727272727,different-party
18718,20374,S,DD,129,60,0.46511627906976744,different-party
18718,20375,S,DD,106,41,0.3867924528301887,different-party
18718,20376,S,DD,152,68,0.4473684210526316,different-party
18718,20377,S,M,78,78,1.0,different-party
18718,20378,S,M,159,159,1.0,different-party
18718,20379,S,M,0,0,,different-party
18718,20380,S,M,10,10,1.0,different-party
18718,20381,S,ALT,147,82,0.5578231292517006,different-party
18718,20382,S,M,17,17,1.0,different-party
18718,20383,S,UFG,42,37,0.8809523809523809,different-party
18718,20384,S,M,82,82,1.0,different-party
18718,20385,S,M,67,67,1.0,different-party
18718,20386,S,M,105,104,0.9904761904761905,different-party
18718,20388,S,UFG,50,47,0.94,different-party
18718,20389,S,M,148,148,1.0,different-party
18718,20390,S,UFG,73,50,0.684931506849315,different-party
18718,20391,S,LA,132,87,0.6590909090909091,different-party
18718,20392,S,LA,39,31,0.7948717948717948,different-party
18718,20393,S,LA,133,89,0.6691729323308271,different-party
18718,20394,S,LA,131,91,0.6946564885496184,different-party
18718,20395,S,LA,131,88,0.6717557251908397,different-party
18718,20396,S,LA,89,50,0.5617977528089888,different-party
18718,20397,S,LA,41,28,0.6829268292682927,different-party
18718,20398,S,LA,148,100,0.6756756756756757,different-party
18718,20399,S,LA,129,82,0.6356589147286822,different-party
18718,20400,S,LA,155,103,0.6645161290322581,different-party
18718,20411,S,EL,66,38,0.5757575757575758,different-party
18718,20415,S,M,159,159,1.0,different-party
18718,20496,S,M,130,130,1.0,different-party
18718,20781,S,S,152,152,1.0,same-party
18718,20798,S,SF,152,102,0.6710526315789473,different-party
18718,20820,S,LA,89,68,0.7640449438202247,different-party
18718,20917,S,KF,2,0,0.0,different-party
18718,20925,S,KF,151,138,0.9139072847682119,different-party
18718,20930,S,S,76,76,1.0,same-party
18718,20962,S,SF,76,57,0.75,different-party
18718,20966,S,KF,68,53,0.7794117647058824,different-party
18718,21044,S,S,161,161,1.0,same-party
18718,21083,S,S,2,2,1.0,same-party
18718,21143,S,S,120,120,1.0,same-party
18718,21159,S,M,138,138,1.0,different-party
18718,21168,S,V,119,119,1.0,different-party
18718,21186,S,S,2,2,1.0,same-party
18718,21194,S,KF,62,50,0.8064516129032258,different-party
18718,21206,S,N,0,0,,different-party
18719,18720,S,S,98,98,1.0,same-party
18719,18721,S,DF,47,27,0.574468085106383,different-party
18719,18722,S,UFG,0,0,,different-party
18719,18723,S,LA,23,17,0.7391304347826086,different-party
18719,18724,S,UFG,44,18,0.4090909090909091,different-party
18719,18725,S,RV,107,92,0.8598130841121495,different-party
18719,18726,S,RV,31,26,0.8387096774193549,different-party
18719,18729,S,RV,102,86,0.8431372549019608,different-party
18719,18882,S,S,16,16,1.0,same-party
18719,19000,S,SF,50,35,0.7,different-party
18719,19928,S,S,96,96,1.0,same-party
18719,20349,S,SP,67,67,1.0,different-party
18719,20350,S,DF,15,9,0.6,different-party
18719,20351,S,ALT,1,0,0.0,different-party
18719,20352,S,ALT,98,46,0.46938775510204084,different-party
18719,20353,S,ALT,6,4,0.6666666666666666,different-party
18719,20354,S,UFG,1,0,0.0,different-party
18719,20355,S,DD,41,24,0.5853658536585366,different-party
18719,20356,S,DF,98,34,0.3469387755102041,different-party
18719,20357,S,KF,25,22,0.88,different-party
18719,20358,S,SF,3,2,0.6666666666666666,different-party
18719,20359,S,SF,104,62,0.5961538461538461,different-party
18719,20360,S,SF,37,26,0.7027027027027027,different-party
18719,20361,S,S,6,6,1.0,same-party
18719,20362,S,S,106,106,1.0,same-party
18719,20363,S,S,102,102,1.0,same-party
18719,20364,S,S,105,105,1.0,same-party
18719,20365,S,S,111,111,1.0,same-party
18719,20366,S,S,20,20,1.0,same-party
18719,20367,S,S,110,110,1.0,same-party
18719,20368,S,S,90,90,1.0,same-party
18719,20369,S,KF,98,93,0.9489795918367347,different-party
18719,20370,S,ALT,31,20,0.6451612903225806,different-party
18719,20371,S,V,108,108,1.0,different-party
18719,20372,S,DD,19,12,0.631578947368421,different-party
18719,20373,S,DD,27,15,0.5555555555555556,different-party
18719,20374,S,DD,81,26,0.32098765432098764,different-party
18719,20375,S,DD,74,21,0.28378378378378377,different-party
18719,20376,S,DD,111,42,0.3783783783783784,different-party
18719,20377,S,M,43,43,1.0,different-party
18719,20378,S,M,110,110,1.0,different-party
18719,20379,S,M,0,0,,different-party
18719,20380,S,M,1,1,1.0,different-party
18719,20381,S,ALT,96,45,0.46875,different-party
18719,20382,S,M,8,8,1.0,different-party
18719,20383,S,UFG,23,18,0.782608695652174,different-party
18719,20384,S,M,80,80,1.0,different-party
18719,20385,S,M,19,19,1.0,different-party
18719,20386,S,M,81,80,0.9876543209876543,different-party
18719,20388,S,UFG,22,21,0.9545454545454546,different-party
18719,20389,S,M,108,108,1.0,different-party
18719,20390,S,UFG,25,15,0.6,different-party
18719,20391,S,LA,100,65,0.65,different-party
18719,20392,S,LA,13,9,0.6923076923076923,different-party
18719,20393,S,LA,100,65,0.65,different-party
18719,20394,S,LA,92,59,0.6413043478260869,different-party
18719,20395,S,LA,89,56,0.6292134831460674,different-party
18719,20396,S,LA,76,45,0.5921052631578947,different-party
18719,20397,S,LA,34,22,0.6470588235294118,different-party
18719,20398,S,LA,99,62,0.6262626262626263,different-party
18719,20399,S,LA,98,62,0.6326530612244898,different-party
18719,20400,S,LA,105,65,0.6190476190476191,different-party
18719,20411,S,EL,27,14,0.5185185185185185,different-party
18719,20415,S,M,108,108,1.0,different-party
18719,20496,S,M,89,89,1.0,different-party
18719,20781,S,S,103,103,1.0,same-party
18719,20798,S,SF,102,65,0.6372549019607843,different-party
18719,20820,S,LA,44,30,0.6818181818181818,different-party
18719,20917,S,KF,3,2,0.6666666666666666,different-party
18719,20925,S,KF,111,101,0.9099099099099099,different-party
18719,20930,S,S,43,43,1.0,same-party
18719,20962,S,SF,37,27,0.7297297297297297,different-party
18719,20966,S,KF,32,22,0.6875,different-party
18719,21044,S,S,111,111,1.0,same-party
18719,21083,S,S,1,1,1.0,same-party
18719,21143,S,S,89,89,1.0,same-party
18719,21159,S,M,99,99,1.0,different-party
18719,21168,S,V,108,108,1.0,different-party
18719,21186,S,S,1,1,1.0,same-party
18719,21194,S,KF,13,7,0.5384615384615384,different-party
18719,21206,S,N,0,0,,different-party
18720,18721,S,DF,75,46,0.6133333333333333,different-party
18720,18722,S,UFG,0,0,,different-party
18720,18723,S,LA,39,34,0.8717948717948718,different-party
18720,18724,S,UFG,74,34,0.4594594594594595,different-party
18720,18725,S,RV,115,102,0.8869565217391304,different-party
18720,18726,S,RV,71,63,0.8873239436619719,different-party
18720,18729,S,RV,128,109,0.8515625,different-party
18720,18882,S,S,18,18,1.0,same-party
18720,19000,S,SF,78,56,0.717948717948718,different-party
18720,19928,S,S,122,122,1.0,same-party
18720,20349,S,SP,72,72,1.0,different-party
18720,20350,S,DF,27,18,0.6666666666666666,different-party
18720,20351,S,ALT,1,0,0.0,different-party
18720,20352,S,ALT,114,58,0.5087719298245614,different-party
18720,20353,S,ALT,42,31,0.7380952380952381,different-party
18720,20354,S,UFG,5,0,0.0,different-party
18720,20355,S,DD,69,50,0.7246376811594203,different-party
18720,20356,S,DF,141,58,0.41134751773049644,different-party
18720,20357,S,KF,63,55,0.873015873015873,different-party
18720,20358,S,SF,0,0,,different-party
18720,20359,S,SF,147,95,0.6462585034013606,different-party
18720,20360,S,SF,79,59,0.7468354430379747,different-party
18720,20361,S,S,9,9,1.0,same-party
18720,20362,S,S,142,142,1.0,same-party
18720,20363,S,S,145,145,1.0,same-party
18720,20364,S,S,139,139,1.0,same-party
18720,20365,S,S,126,126,1.0,same-party
18720,20366,S,S,20,20,1.0,same-party
18720,20367,S,S,153,153,1.0,same-party
18720,20368,S,S,121,121,1.0,same-party
18720,20369,S,KF,130,123,0.9461538461538461,different-party
18720,20370,S,ALT,63,49,0.7777777777777778,different-party
18720,20371,S,V,134,134,1.0,different-party
18720,20372,S,DD,40,29,0.725,different-party
18720,20373,S,DD,44,33,0.75,different-party
18720,20374,S,DD,122,57,0.4672131147540984,different-party
18720,20375,S,DD,106,40,0.37735849056603776,different-party
18720,20376,S,DD,146,68,0.4657534246575342,different-party
18720,20377,S,M,70,70,1.0,different-party
18720,20378,S,M,152,152,1.0,different-party
18720,20379,S,M,0,0,,different-party
18720,20380,S,M,9,9,1.0,different-party
18720,20381,S,ALT,138,79,0.572463768115942,different-party
18720,20382,S,M,11,11,1.0,different-party
18720,20383,S,UFG,36,32,0.8888888888888888,different-party
18720,20384,S,M,79,79,1.0,different-party
18720,20385,S,M,57,57,1.0,different-party
18720,20386,S,M,105,104,0.9904761904761905,different-party
18720,20388,S,UFG,46,43,0.9347826086956522,different-party
18720,20389,S,M,141,141,1.0,different-party
18720,20390,S,UFG,69,47,0.6811594202898551,different-party
18720,20391,S,LA,125,82,0.656,different-party
18720,20392,S,LA,36,29,0.8055555555555556,different-party
18720,20393,S,LA,134,89,0.664179104477612,different-party
18720,20394,S,LA,127,89,0.7007874015748031,different-party
18720,20395,S,LA,126,85,0.6746031746031746,different-party
18720,20396,S,LA,89,51,0.5730337078651685,different-party
18720,20397,S,LA,40,27,0.675,different-party
18720,20398,S,LA,142,95,0.6690140845070423,different-party
18720,20399,S,LA,128,81,0.6328125,different-party
18720,20400,S,LA,148,98,0.6621621621621622,different-party
18720,20411,S,EL,68,37,0.5441176470588235,different-party
18720,20415,S,M,153,153,1.0,different-party
18720,20496,S,M,130,130,1.0,different-party
18720,20781,S,S,146,146,1.0,same-party
18720,20798,S,SF,145,98,0.6758620689655173,different-party
18720,20820,S,LA,82,62,0.7560975609756098,different-party
18720,20917,S,KF,1,0,0.0,different-party
18720,20925,S,KF,144,133,0.9236111111111112,different-party
18720,20930,S,S,74,74,1.0,same-party
18720,20962,S,SF,70,54,0.7714285714285715,different-party
18720,20966,S,KF,57,44,0.7719298245614035,different-party
18720,21044,S,S,154,154,1.0,same-party
18720,21083,S,S,2,2,1.0,same-party
18720,21143,S,S,116,116,1.0,same-party
18720,21159,S,M,141,141,1.0,different-party
18720,21168,S,V,113,113,1.0,different-party
18720,21186,S,S,2,2,1.0,same-party
18720,21194,S,KF,58,46,0.7931034482758621,different-party
18720,21206,S,N,0,0,,different-party
18721,18722,DF,UFG,0,0,,different-party
18721,18723,DF,LA,50,35,0.7,different-party
18721,18724,DF,UFG,83,60,0.7228915662650602,different-party
18721,18725,DF,RV,55,34,0.6181818181818182,different-party
18721,18726,DF,RV,69,40,0.5797101449275363,different-party
18721,18729,DF,RV,60,34,0.5666666666666667,different-party
18721,18882,DF,S,13,9,0.6923076923076923,different-party
18721,19000,DF,SF,80,40,0.5,different-party
18721,19928,DF,S,65,38,0.5846153846153846,different-party
18721,20349,DF,SP,6,6,1.0,different-party
18721,20350,DF,DF,22,22,1.0,same-party
18721,20351,DF,ALT,1,1,1.0,different-party
18721,20352,DF,ALT,50,18,0.36,different-party
18721,20353,DF,ALT,42,18,0.42857142857142855,different-party
18721,20354,DF,UFG,4,1,0.25,different-party
18721,20355,DF,DD,71,52,0.7323943661971831,different-party
18721,20356,DF,DF,68,67,0.9852941176470589,same-party
18721,20357,DF,KF,61,40,0.6557377049180327,different-party
18721,20358,DF,SF,3,2,0.6666666666666666,different-party
18721,20359,DF,SF,83,39,0.46987951807228917,different-party
18721,20360,DF,SF,76,36,0.47368421052631576,different-party
18721,20361,DF,S,6,3,0.5,different-party
18721,20362,DF,S,83,51,0.6144578313253012,different-party
18721,20363,DF,S,83,47,0.5662650602409639,different-party
18721,20364,DF,S,83,47,0.5662650602409639,different-party
18721,20365,DF,S,60,33,0.55,different-party
18721,20366,DF,S,18,10,0.5555555555555556,different-party
18721,20367,DF,S,87,51,0.5862068965517241,different-party
18721,20368,DF,S,65,42,0.6461538461538462,different-party
18721,20369,DF,KF,66,41,0.6212121212121212,different-party
18721,20370,DF,ALT,60,25,0.4166666666666667,different-party
18721,20371,DF,V,66,38,0.5757575757575758,different-party
18721,20372,DF,DD,37,27,0.7297297297297297,different-party
18721,20373,DF,DD,43,31,0.7209302325581395,different-party
18721,20374,DF,DD,55,40,0.7272727272727273,different-party
18721,20375,DF,DD,42,30,0.7142857142857143,different-party
18721,20376,DF,DD,80,59,0.7375,different-party
18721,20377,DF,M,80,45,0.5625,different-party
18721,20378,DF,M,87,52,0.5977011494252874,different-party
18721,20379,DF,M,0,0,,different-party
18721,20380,DF,M,1,0,0.0,different-party
18721,20381,DF,ALT,70,34,0.4857142857142857,different-party
18721,20382,DF,M,9,4,0.4444444444444444,different-party
18721,20383,DF,UFG,40,28,0.7,different-party
18721,20384,DF,M,20,9,0.45,different-party
18721,20385,DF,M,55,35,0.6363636363636364,different-party
18721,20386,DF,M,43,27,0.627906976744186,different-party
18721,20388,DF,UFG,47,28,0.5957446808510638,different-party
18721,20389,DF,M,80,46,0.575,different-party
18721,20390,DF,UFG,63,39,0.6190476190476191,different-party
18721,20391,DF,LA,58,46,0.7931034482758621,different-party
18721,20392,DF,LA,33,21,0.6363636363636364,different-party
18721,20393,DF,LA,59,39,0.6610169491525424,different-party
18721,20394,DF,LA,60,43,0.7166666666666667,different-party
18721,20395,DF,LA,57,42,0.7368421052631579,different-party
18721,20396,DF,LA,22,17,0.7727272727272727,different-party
18721,20397,DF,LA,46,32,0.6956521739130435,different-party
18721,20398,DF,LA,79,57,0.7215189873417721,different-party
18721,20399,DF,LA,56,42,0.75,different-party
18721,20400,DF,LA,83,58,0.6987951807228916,different-party
18721,20411,DF,EL,60,23,0.38333333333333336,different-party
18721,20415,DF,M,85,51,0.6,different-party
18721,20496,DF,M,57,34,0.5964912280701754,different-party
18721,20781,DF,S,81,47,0.5802469135802469,different-party
18721,20798,DF,SF,83,42,0.5060240963855421,different-party
18721,20820,DF,LA,85,61,0.7176470588235294,different-party
18721,20917,DF,KF,4,3,0.75,different-party
18721,20925,DF,KF,88,56,0.6363636363636364,different-party
18721,20930,DF,S,72,42,0.5833333333333334,different-party
18721,20962,DF,SF,67,32,0.47761194029850745,different-party
18721,20966,DF,KF,59,39,0.6610169491525424,different-party
18721,21044,DF,S,89,52,0.5842696629213483,different-party
18721,21083,DF,S,2,0,0.0,different-party
18721,21143,DF,S,49,29,0.5918367346938775,different-party
18721,21159,DF,M,74,44,0.5945945945945946,different-party
18721,21168,DF,V,51,27,0.5294117647058824,different-party
18721,21186,DF,S,2,0,0.0,different-party
18721,21194,DF,KF,52,33,0.6346153846153846,different-party
18721,21206,DF,N,0,0,,different-party
18722,18723,UFG,LA,0,0,,different-party
18722,18724,UFG,UFG,0,0,,same-party
18722,18725,UFG,RV,0,0,,different-party
18722,18726,UFG,RV,0,0,,different-party
18722,18729,UFG,RV,0,0,,different-party
18722,18882,UFG,S,0,0,,different-party
18722,19000,UFG,SF,0,0,,different-party
18722,19928,UFG,S,0,0,,different-party
18722,20349,UFG,SP,0,0,,different-party
18722,20350,UFG,DF,0,0,,different-party
18722,20351,UFG,ALT,0,0,,different-party
18722,20352,UFG,ALT,0,0,,different-party
18722,20353,UFG,ALT,0,0,,different-party
18722,20354,UFG,UFG,0,0,,same-party
18722,20355,UFG,DD,0,0,,different-party
18722,20356,UFG,DF,0,0,,different-party
18722,20357,UFG,KF,0,0,,different-party
18722,20358,UFG,SF,0,0,,different-party
18722,20359,UFG,SF,0,0,,different-party
18722,20360,UFG,SF,0,0,,different-party
18722,20361,UFG,S,0,0,,different-party
18722,20362,UFG,S,0,0,,different-party
18722,20363,UFG,S,0,0,,different-party
18722,20364,UFG,S,0,0,,different-party
18722,20365,UFG,S,0,0,,different-party
18722,20366,UFG,S,0,0,,different-party
18722,20367,UFG,S,0,0,,different-party
18722,20368,UFG,S,0,0,,different-party
18722,20369,UFG,KF,0,0,,different-party
18722,20370,UFG,ALT,0,0,,different-party
18722,20371,UFG,V,0,0,,different-party
18722,20372,UFG,DD,0,0,,different-party
18722,20373,UFG,DD,0,0,,different-party
18722,20374,UFG,DD,0,0,,different-party
18722,20375,UFG,DD,0,0,,different-party
18722,20376,UFG,DD,0,0,,different-party
18722,20377,UFG,M,0,0,,different-party
18722,20378,UFG,M,0,0,,different-party
18722,20379,UFG,M,0,0,,different-party
18722,20380,UFG,M,0,0,,different-party
18722,20381,UFG,ALT,0,0,,different-party
18722,20382,UFG,M,0,0,,different-party
18722,20383,UFG,UFG,0,0,,same-party
18722,20384,UFG,M,0,0,,different-party
18722,20385,UFG,M,0,0,,different-party
18722,20386,UFG,M,0,0,,different-party
18722,20388,UFG,UFG,0,0,,same-party
18722,20389,UFG,M,0,0,,different-party
18722,20390,UFG,UFG,0,0,,same-party
18722,20391,UFG,LA,0,0,,different-party
18722,20392,UFG,LA,0,0,,different-party
18722,20393,UFG,LA,0,0,,different-party
18722,20394,UFG,LA,0,0,,different-party
18722,20395,UFG,LA,0,0,,different-party
18722,20396,UFG,LA,0,0,,different-party
18722,20397,UFG,LA,0,0,,different-party
18722,20398,UFG,LA,0,0,,different-party
18722,20399,UFG,LA,0,0,,different-party
18722,20400,UFG,LA,0,0,,different-party
18722,20411,UFG,EL,0,0,,different-party
18722,20415,UFG,M,0,0,,different-party
18722,20496,UFG,M,0,0,,different-party
18722,20781,UFG,S,0,0,,different-party
18722,20798,UFG,SF,0,0,,different-party
18722,20820,UFG,LA,0,0,,different-party
18722,20917,UFG,KF,0,0,,different-party
18722,20925,UFG,KF,0,0,,different-party
18722,20930,UFG,S,0,0,,different-party
18722,20962,UFG,SF,0,0,,different-party
18722,20966,UFG,KF,0,0,,different-party
18722,21044,UFG,S,0,0,,different-party
18722,21083,UFG,S,0,0,,different-party
18722,21143,UFG,S,0,0,,different-party
18722,21159,UFG,M,0,0,,different-party
18722,21168,UFG,V,0,0,,different-party
18722,21186,UFG,S,0,0,,different-party
18722,21194,UFG,KF,0,0,,different-party
18722,21206,UFG,N,0,0,,different-party
18723,18724,LA,UFG,47,27,0.574468085106383,different-party
18723,18725,LA,RV,19,17,0.8947368421052632,different-party
18723,18726,LA,RV,42,38,0.9047619047619048,different-party
18723,18729,LA,RV,24,21,0.875,different-party
18723,18882,LA,S,10,6,0.6,different-party
18723,19000,LA,SF,53,37,0.6981132075471698,different-party
18723,19928,LA,S,44,35,0.7954545454545454,different-party
18723,20349,LA,SP,6,6,1.0,different-party
18723,20350,LA,DF,19,11,0.5789473684210527,different-party
18723,20351,LA,ALT,1,1,1.0,different-party
18723,20352,LA,ALT,26,11,0.4230769230769231,different-party
18723,20353,LA,ALT,36,27,0.75,different-party
18723,20354,LA,UFG,4,2,0.5,different-party
18723,20355,LA,DD,53,41,0.7735849056603774,different-party
18723,20356,LA,DF,29,19,0.6551724137931034,different-party
18723,20357,LA,KF,49,46,0.9387755102040817,different-party
18723,20358,LA,SF,3,2,0.6666666666666666,different-party
18723,20359,LA,SF,52,36,0.6923076923076923,different-party
18723,20360,LA,SF,49,35,0.7142857142857143,different-party
18723,20361,LA,S,6,3,0.5,different-party
18723,20362,LA,S,49,41,0.8367346938775511,different-party
18723,20363,LA,S,50,42,0.84,different-party
18723,20364,LA,S,53,44,0.8301886792452831,different-party
18723,20365,LA,S,24,17,0.7083333333333334,different-party
18723,20366,LA,S,15,9,0.6,different-party
18723,20367,LA,S,51,43,0.8431372549019608,different-party
18723,20368,LA,S,53,44,0.8301886792452831,different-party
18723,20369,LA,KF,39,36,0.9230769230769231,different-party
18723,20370,LA,ALT,33,22,0.6666666666666666,different-party
18723,20371,LA,V,30,23,0.7666666666666667,different-party
18723,20372,LA,DD,21,18,0.8571428571428571,different-party
18723,20373,LA,DD,31,25,0.8064516129032258,different-party
18723,20374,LA,DD,49,39,0.7959183673469388,different-party
18723,20375,LA,DD,24,17,0.7083333333333334,different-party
18723,20376,LA,DD,44,32,0.7272727272727273,different-party
18723,20377,LA,M,44,36,0.8181818181818182,different-party
18723,20378,LA,M,51,44,0.8627450980392157,different-party
18723,20379,LA,M,0,0,,different-party
18723,20380,LA,M,1,0,0.0,different-party
18723,20381,LA,ALT,49,30,0.6122448979591837,different-party
18723,20382,LA,M,9,4,0.4444444444444444,different-party
18723,20383,LA,UFG,37,33,0.8918918918918919,different-party
18723,20384,LA,M,11,7,0.6363636363636364,different-party
18723,20385,LA,M,43,36,0.8372093023255814,different-party
18723,20386,LA,M,19,18,0.9473684210526315,different-party
18723,20388,LA,UFG,41,36,0.8780487804878049,different-party
18723,20389,LA,M,50,42,0.84,different-party
18723,20390,LA,UFG,39,34,0.8717948717948718,different-party
18723,20391,LA,LA,31,31,1.0,same-party
18723,20392,LA,LA,27,27,1.0,same-party
18723,20393,LA,LA,32,32,1.0,same-party
18723,20394,LA,LA,48,48,1.0,same-party
18723,20395,LA,LA,33,33,1.0,same-party
18723,20396,LA,LA,7,7,1.0,same-party
18723,20397,LA,LA,16,16,1.0,same-party
18723,20398,LA,LA,46,46,1.0,same-party
18723,20399,LA,LA,26,26,1.0,same-party
18723,20400,LA,LA,47,47,1.0,same-party
18723,20411,LA,EL,36,21,0.5833333333333334,different-party
18723,20415,LA,M,49,42,0.8571428571428571,different-party
18723,20496,LA,M,36,31,0.8611111111111112,different-party
18723,20781,LA,S,50,43,0.86,different-party
18723,20798,LA,SF,44,32,0.7272727272727273,different-party
18723,20820,LA,LA,46,46,1.0,same-party
18723,20917,LA,KF,4,4,1.0,different-party
18723,20925,LA,KF,52,49,0.9423076923076923,different-party
18723,20930,LA,S,45,40,0.8888888888888888,different-party
18723,20962,LA,SF,40,28,0.7,different-party
18723,20966,LA,KF,47,44,0.9361702127659575,different-party
18723,21044,LA,S,53,44,0.8301886792452831,different-party
18723,21083,LA,S,2,0,0.0,different-party
18723,21143,LA,S,25,20,0.8,different-party
18723,21159,LA,M,38,33,0.868421052631579,different-party
18723,21168,LA,V,21,15,0.7142857142857143,different-party
18723,21186,LA,S,2,0,0.0,different-party
18723,21194,LA,KF,34,33,0.9705882352941176,different-party
18723,21206,LA,N,0,0,,different-party
18724,18725,UFG,RV,54,25,0.46296296296296297,different-party
18724,18726,UFG,RV,73,31,0.4246575342465753,different-party
18724,18729,UFG,RV,63,28,0.4444444444444444,different-party
18724,18882,UFG,S,16,4,0.25,different-party
18724,19000,UFG,SF,77,33,0.42857142857142855,different-party
18724,19928,UFG,S,63,24,0.38095238095238093,different-party
18724,20349,UFG,SP,2,2,1.0,different-party
18724,20350,UFG,DF,24,14,0.5833333333333334,different-party
18724,20351,UFG,ALT,0,0,,different-party
18724,20352,UFG,ALT,46,16,0.34782608695652173,different-party
18724,20353,UFG,ALT,46,16,0.34782608695652173,different-party
18724,20354,UFG,UFG,4,2,0.5,same-party
18724,20355,UFG,DD,68,47,0.6911764705882353,different-party
18724,20356,UFG,DF,63,47,0.746031746031746,different-party
18724,20357,UFG,KF,60,29,0.48333333333333334,different-party
18724,20358,UFG,SF,2,2,1.0,different-party
18724,20359,UFG,SF,80,33,0.4125,different-party
18724,20360,UFG,SF,74,30,0.40540540540540543,different-party
18724,20361,UFG,S,6,0,0.0,different-party
18724,20362,UFG,S,82,34,0.4146341463414634,different-party
18724,20363,UFG,S,78,32,0.41025641025641024,different-party
18724,20364,UFG,S,81,34,0.41975308641975306,different-party
18724,20365,UFG,S,58,23,0.39655172413793105,different-party
18724,20366,UFG,S,19,5,0.2631578947368421,different-party
18724,20367,UFG,S,85,36,0.4235294117647059,different-party
18724,20368,UFG,S,63,26,0.4126984126984127,different-party
18724,20369,UFG,KF,66,29,0.4393939393939394,different-party
18724,20370,UFG,ALT,63,20,0.31746031746031744,different-party
18724,20371,UFG,V,65,28,0.4307692307692308,different-party
18724,20372,UFG,DD,33,24,0.7272727272727273,different-party
18724,20373,UFG,DD,41,29,0.7073170731707317,different-party
18724,20374,UFG,DD,54,37,0.6851851851851852,different-party
18724,20375,UFG,DD,42,28,0.6666666666666666,different-party
18724,20376,UFG,DD,78,55,0.7051282051282052,different-party
18724,20377,UFG,M,83,33,0.39759036144578314,different-party
18724,20378,UFG,M,86,36,0.4186046511627907,different-party
18724,20379,UFG,M,0,0,,different-party
18724,20380,UFG,M,1,0,0.0,different-party
18724,20381,UFG,ALT,68,28,0.4117647058823529,different-party
18724,20382,UFG,M,8,0,0.0,different-party
18724,20383,UFG,UFG,38,17,0.4473684210526316,same-party
18724,20384,UFG,M,19,7,0.3684210526315789,different-party
18724,20385,UFG,M,58,23,0.39655172413793105,different-party
18724,20386,UFG,M,39,21,0.5384615384615384,different-party
18724,20388,UFG,UFG,44,22,0.5,same-party
18724,20389,UFG,M,74,29,0.3918918918918919,different-party
18724,20390,UFG,UFG,58,35,0.603448275862069,same-party
18724,20391,UFG,LA,56,38,0.6785714285714286,different-party
18724,20392,UFG,LA,32,15,0.46875,different-party
18724,20393,UFG,LA,57,36,0.631578947368421,different-party
18724,20394,UFG,LA,59,35,0.5932203389830508,different-party
18724,20395,UFG,LA,54,33,0.6111111111111112,different-party
18724,20396,UFG,LA,26,22,0.8461538461538461,different-party
18724,20397,UFG,LA,44,31,0.7045454545454546,different-party
18724,20398,UFG,LA,74,47,0.6351351351351351,different-party
18724,20399,UFG,LA,54,41,0.7592592592592593,different-party
18724,20400,UFG,LA,85,54,0.6352941176470588,different-party
18724,20411,UFG,EL,56,22,0.39285714285714285,different-party
18724,20415,UFG,M,83,35,0.42168674698795183,different-party
18724,20496,UFG,M,55,24,0.43636363636363634,different-party
18724,20781,UFG,S,78,33,0.4230769230769231,different-party
18724,20798,UFG,SF,82,31,0.3780487804878049,different-party
18724,20820,UFG,LA,80,50,0.625,different-party
18724,20917,UFG,KF,4,3,0.75,different-party
18724,20925,UFG,KF,86,44,0.5116279069767442,different-party
18724,20930,UFG,S,70,31,0.44285714285714284,different-party
18724,20962,UFG,SF,66,26,0.3939393939393939,different-party
18724,20966,UFG,KF,60,31,0.5166666666666667,different-party
18724,21044,UFG,S,87,36,0.41379310344827586,different-party
18724,21083,UFG,S,1,0,0.0,different-party
18724,21143,UFG,S,44,20,0.45454545454545453,different-party
18724,21159,UFG,M,75,34,0.4533333333333333,different-party
18724,21168,UFG,V,45,16,0.35555555555555557,different-party
18724,21186,UFG,S,1,0,0.0,different-party
18724,21194,UFG,KF,51,28,0.5490196078431373,different-party
18724,21206,UFG,N,0,0,,different-party
18725,18726,RV,RV,41,41,1.0,same-party
18725,18729,RV,RV,116,116,1.0,same-party
18725,18882,RV,S,16,12,0.75,different-party
18725,19000,RV,SF,49,36,0.7346938775510204,different-party
18725,19928,RV,S,110,97,0.8818181818181818,different-party
18725,20349,RV,SP,72,64,0.8888888888888888,different-party
18725,20350,RV,DF,12,7,0.5833333333333334,different-party
18725,20351,RV,ALT,0,0,,different-party
18725,20352,RV,ALT,103,60,0.5825242718446602,different-party
18725,20353,RV,ALT,13,12,0.9230769230769231,different-party
18725,20354,RV,UFG,1,0,0.0,different-party
18725,20355,RV,DD,40,29,0.725,different-party
18725,20356,RV,DF,115,33,0.28695652173913044,different-party
18725,20357,RV,KF,35,31,0.8857142857142857,different-party
18725,20358,RV,SF,3,3,1.0,different-party
18725,20359,RV,SF,118,80,0.6779661016949152,different-party
18725,20360,RV,SF,46,35,0.7608695652173914,different-party
18725,20361,RV,S,6,4,0.6666666666666666,different-party
18725,20362,RV,S,120,107,0.8916666666666667,different-party
18725,20363,RV,S,116,102,0.8793103448275862,different-party
18725,20364,RV,S,119,104,0.8739495798319328,different-party
18725,20365,RV,S,125,109,0.872,different-party
18725,20366,RV,S,19,14,0.7368421052631579,different-party
18725,20367,RV,S,124,108,0.8709677419354839,different-party
18725,20368,RV,S,101,87,0.8613861386138614,different-party
18725,20369,RV,KF,108,97,0.8981481481481481,different-party
18725,20370,RV,ALT,44,34,0.7727272727272727,different-party
18725,20371,RV,V,122,107,0.8770491803278688,different-party
18725,20372,RV,DD,26,16,0.6153846153846154,different-party
18725,20373,RV,DD,35,25,0.7142857142857143,different-party
18725,20374,RV,DD,92,29,0.31521739130434784,different-party
18725,20375,RV,DD,85,21,0.24705882352941178,different-party
18725,20376,RV,DD,125,50,0.4,different-party
18725,20377,RV,M,53,45,0.8490566037735849,different-party
18725,20378,RV,M,125,109,0.872,different-party
18725,20379,RV,M,0,0,,different-party
18725,20380,RV,M,1,0,0.0,different-party
18725,20381,RV,ALT,110,68,0.6181818181818182,different-party
18725,20382,RV,M,7,5,0.7142857142857143,different-party
18725,20383,RV,UFG,22,19,0.8636363636363636,different-party
18725,20384,RV,M,81,70,0.8641975308641975,different-party
18725,20385,RV,M,29,23,0.7931034482758621,different-party
18725,20386,RV,M,99,88,0.8888888888888888,different-party
18725,20388,RV,UFG,21,18,0.8571428571428571,different-party
18725,20389,RV,M,112,98,0.875,different-party
18725,20390,RV,UFG,34,19,0.5588235294117647,different-party
18725,20391,RV,LA,116,68,0.5862068965517241,different-party
18725,20392,RV,LA,9,7,0.7777777777777778,different-party
18725,20393,RV,LA,108,61,0.5648148148148148,different-party
18725,20394,RV,LA,97,57,0.5876288659793815,different-party
18725,20395,RV,LA,104,57,0.5480769230769231,different-party
18725,20396,RV,LA,88,44,0.5,different-party
18725,20397,RV,LA,33,20,0.6060606060606061,different-party
18725,20398,RV,LA,116,65,0.5603448275862069,different-party
18725,20399,RV,LA,112,62,0.5535714285714286,different-party
18725,20400,RV,LA,119,66,0.5546218487394958,different-party
18725,20411,RV,EL,30,16,0.5333333333333333,different-party
18725,20415,RV,M,125,109,0.872,different-party
18725,20496,RV,M,103,92,0.8932038834951457,different-party
18725,20781,RV,S,118,103,0.8728813559322034,different-party
18725,20798,RV,SF,116,81,0.6982758620689655,different-party
18725,20820,RV,LA,56,37,0.6607142857142857,different-party
18725,20917,RV,KF,0,0,,different-party
18725,20925,RV,KF,125,110,0.88,different-party
18725,20930,RV,S,48,43,0.8958333333333334,different-party
18725,20962,RV,SF,50,38,0.76,different-party
18725,20966,RV,KF,28,23,0.8214285714285714,different-party
18725,21044,RV,S,125,109,0.872,different-party
18725,21083,RV,S,0,0,,different-party
18725,21143,RV,S,106,94,0.8867924528301887,different-party
18725,21159,RV,M,114,101,0.8859649122807017,different-party
18725,21168,RV,V,112,98,0.875,different-party
18725,21186,RV,S,0,0,,different-party
18725,21194,RV,KF,22,16,0.7272727272727273,different-party
18725,21206,RV,N,0,0,,different-party
18726,18729,RV,RV,62,62,1.0,same-party
18726,18882,RV,S,25,17,0.68,different-party
18726,19000,RV,SF,72,59,0.8194444444444444,different-party
18726,19928,RV,S,58,52,0.896551724137931,different-party
18726,20349,RV,SP,0,0,,different-party
18726,20350,RV,DF,30,13,0.43333333333333335,different-party
18726,20351,RV,ALT,0,0,,different-party
18726,20352,RV,ALT,43,31,0.7209302325581395,different-party
18726,20353,RV,ALT,45,38,0.8444444444444444,different-party
18726,20354,RV,UFG,5,2,0.4,different-party
18726,20355,RV,DD,72,51,0.7083333333333334,different-party
18726,20356,RV,DF,59,30,0.5084745762711864,different-party
18726,20357,RV,KF,64,56,0.875,different-party
18726,20358,RV,SF,0,0,,different-party
18726,20359,RV,SF,75,62,0.8266666666666667,different-party
18726,20360,RV,SF,78,65,0.8333333333333334,different-party
18726,20361,RV,S,15,9,0.6,different-party
18726,20362,RV,S,73,66,0.9041095890410958,different-party
18726,20363,RV,S,73,64,0.8767123287671232,different-party
18726,20364,RV,S,67,61,0.9104477611940298,different-party
18726,20365,RV,S,53,43,0.8113207547169812,different-party
18726,20366,RV,S,25,17,0.68,different-party
18726,20367,RV,S,81,70,0.8641975308641975,different-party
18726,20368,RV,S,58,51,0.8793103448275862,different-party
18726,20369,RV,KF,73,63,0.863013698630137,different-party
18726,20370,RV,ALT,70,57,0.8142857142857143,different-party
18726,20371,RV,V,62,52,0.8387096774193549,different-party
18726,20372,RV,DD,31,21,0.6774193548387096,different-party
18726,20373,RV,DD,45,31,0.6888888888888889,different-party
18726,20374,RV,DD,60,41,0.6833333333333333,different-party
18726,20375,RV,DD,33,23,0.696969696969697,different-party
18726,20376,RV,DD,73,48,0.6575342465753424,different-party
18726,20377,RV,M,71,64,0.9014084507042254,different-party
18726,20378,RV,M,82,71,0.8658536585365854,different-party
18726,20379,RV,M,0,0,,different-party
18726,20380,RV,M,10,5,0.5,different-party
18726,20381,RV,ALT,64,51,0.796875,different-party
18726,20382,RV,M,16,10,0.625,different-party
18726,20383,RV,UFG,36,33,0.9166666666666666,different-party
18726,20384,RV,M,7,5,0.7142857142857143,different-party
18726,20385,RV,M,64,54,0.84375,different-party
18726,20386,RV,M,34,32,0.9411764705882353,different-party
18726,20388,RV,UFG,31,28,0.9032258064516129,different-party
18726,20389,RV,M,69,60,0.8695652173913043,different-party
18726,20390,RV,UFG,54,38,0.7037037037037037,different-party
18726,20391,RV,LA,60,41,0.6833333333333333,different-party
18726,20392,RV,LA,41,31,0.7560975609756098,different-party
18726,20393,RV,LA,52,39,0.75,different-party
18726,20394,RV,LA,66,52,0.7878787878787878,different-party
18726,20395,RV,LA,52,39,0.75,different-party
18726,20396,RV,LA,16,9,0.5625,different-party
18726,20397,RV,LA,32,23,0.71875,different-party
18726,20398,RV,LA,68,52,0.7647058823529411,different-party
18726,20399,RV,LA,49,32,0.6530612244897959,different-party
18726,20400,RV,LA,82,61,0.7439024390243902,different-party
18726,20411,RV,EL,53,36,0.6792452830188679,different-party
18726,20415,RV,M,79,69,0.8734177215189873,different-party
18726,20496,RV,M,60,52,0.8666666666666667,different-party
18726,20781,RV,S,74,64,0.8648648648648649,different-party
18726,20798,RV,SF,79,65,0.8227848101265823,different-party
18726,20820,RV,LA,74,57,0.7702702702702703,different-party
18726,20917,RV,KF,3,1,0.3333333333333333,different-party
18726,20925,RV,KF,72,67,0.9305555555555556,different-party
18726,20930,RV,S,56,52,0.9285714285714286,different-party
18726,20962,RV,SF,70,60,0.8571428571428571,different-party
18726,20966,RV,KF,57,49,0.8596491228070176,different-party
18726,21044,RV,S,82,71,0.8658536585365854,different-party
18726,21083,RV,S,0,0,,different-party
18726,21143,RV,S,48,41,0.8541666666666666,different-party
18726,21159,RV,M,63,58,0.9206349206349206,different-party
18726,21168,RV,V,40,32,0.8,different-party
18726,21186,RV,S,0,0,,different-party
18726,21194,RV,KF,48,41,0.8541666666666666,different-party
18726,21206,RV,N,0,0,,different-party
18729,18882,RV,S,25,17,0.68,different-party
18729,19000,RV,SF,63,49,0.7777777777777778,different-party
18729,19928,RV,S,106,91,0.8584905660377359,different-party
18729,20349,RV,SP,66,58,0.8787878787878788,different-party
18729,20350,RV,DF,31,14,0.45161290322580644,different-party
18729,20351,RV,ALT,1,1,1.0,different-party
18729,20352,RV,ALT,119,77,0.6470588235294118,different-party
18729,20353,RV,ALT,26,22,0.8461538461538461,different-party
18729,20354,RV,UFG,4,2,0.5,different-party
18729,20355,RV,DD,54,38,0.7037037037037037,different-party
18729,20356,RV,DF,116,28,0.2413793103448276,different-party
18729,20357,RV,KF,45,37,0.8222222222222222,different-party
18729,20358,RV,SF,0,0,,different-party
18729,20359,RV,SF,132,93,0.7045454545454546,different-party
18729,20360,RV,SF,60,48,0.8,different-party
18729,20361,RV,S,15,9,0.6,different-party
18729,20362,RV,S,127,112,0.8818897637795275,different-party
18729,20363,RV,S,130,110,0.8461538461538461,different-party
18729,20364,RV,S,124,107,0.8629032258064516,different-party
18729,20365,RV,S,130,108,0.8307692307692308,different-party
18729,20366,RV,S,27,17,0.6296296296296297,different-party
18729,20367,RV,S,137,116,0.8467153284671532,different-party
18729,20368,RV,S,106,90,0.8490566037735849,different-party
18729,20369,RV,KF,114,96,0.8421052631578947,different-party
18729,20370,RV,ALT,50,40,0.8,different-party
18729,20371,RV,V,139,117,0.841726618705036,different-party
18729,20372,RV,DD,38,23,0.6052631578947368,different-party
18729,20373,RV,DD,47,33,0.7021276595744681,different-party
18729,20374,RV,DD,107,38,0.35514018691588783,different-party
18729,20375,RV,DD,89,24,0.2696629213483146,different-party
18729,20376,RV,DD,130,50,0.38461538461538464,different-party
18729,20377,RV,M,63,54,0.8571428571428571,different-party
18729,20378,RV,M,137,117,0.8540145985401459,different-party
18729,20379,RV,M,0,0,,different-party
18729,20380,RV,M,10,5,0.5,different-party
18729,20381,RV,ALT,120,80,0.6666666666666666,different-party
18729,20382,RV,M,18,10,0.5555555555555556,different-party
18729,20383,RV,UFG,17,13,0.7647058823529411,different-party
18729,20384,RV,M,84,70,0.8333333333333334,different-party
18729,20385,RV,M,45,35,0.7777777777777778,different-party
18729,20386,RV,M,100,89,0.89,different-party
18729,20388,RV,UFG,21,18,0.8571428571428571,different-party
18729,20389,RV,M,126,106,0.8412698412698413,different-party
18729,20390,RV,UFG,44,26,0.5909090909090909,different-party
18729,20391,RV,LA,128,75,0.5859375,different-party
18729,20392,RV,LA,22,13,0.5909090909090909,different-party
18729,20393,RV,LA,109,58,0.5321100917431193,different-party
18729,20394,RV,LA,112,65,0.5803571428571429,different-party
18729,20395,RV,LA,107,56,0.5233644859813084,different-party
18729,20396,RV,LA,92,46,0.5,different-party
18729,20397,RV,LA,43,29,0.6744186046511628,different-party
18729,20398,RV,LA,124,70,0.5645161290322581,different-party
18729,20399,RV,LA,126,70,0.5555555555555556,different-party
18729,20400,RV,LA,139,80,0.5755395683453237,different-party
18729,20411,RV,EL,43,28,0.6511627906976745,different-party
18729,20415,RV,M,135,115,0.8518518518518519,different-party
18729,20496,RV,M,107,91,0.8504672897196262,different-party
18729,20781,RV,S,130,110,0.8461538461538461,different-party
18729,20798,RV,SF,136,96,0.7058823529411765,different-party
18729,20820,RV,LA,64,43,0.671875,different-party
18729,20917,RV,KF,4,2,0.5,different-party
18729,20925,RV,KF,130,114,0.8769230769230769,different-party
18729,20930,RV,S,52,46,0.8846153846153846,different-party
18729,20962,RV,SF,51,42,0.8235294117647058,different-party
18729,20966,RV,KF,48,37,0.7708333333333334,different-party
18729,21044,RV,S,139,117,0.841726618705036,different-party
18729,21083,RV,S,2,0,0.0,different-party
18729,21143,RV,S,116,99,0.853448275862069,different-party
18729,21159,RV,M,119,104,0.8739495798319328,different-party
18729,21168,RV,V,117,97,0.8290598290598291,different-party
18729,21186,RV,S,2,0,0.0,different-party
18729,21194,RV,KF,39,29,0.7435897435897436,different-party
18729,21206,RV,N,0,0,,different-party
18882,19000,S,SF,25,18,0.72,different-party
18882,19928,S,S,10,10,1.0,same-party
18882,20349,S,SP,0,0,,different-party
18882,20350,S,DF,18,12,0.6666666666666666,different-party
18882,20351,S,ALT,0,0,,different-party
18882,20352,S,ALT,16,8,0.5,different-party
18882,20353,S,ALT,3,2,0.6666666666666666,different-party
18882,20354,S,UFG,3,0,0.0,different-party
18882,20355,S,DD,25,13,0.52,different-party
18882,20356,S,DF,15,10,0.6666666666666666,different-party
18882,20357,S,KF,25,19,0.76,different-party
18882,20358,S,SF,0,0,,different-party
18882,20359,S,SF,18,11,0.6111111111111112,different-party
18882,20360,S,SF,21,14,0.6666666666666666,different-party
18882,20361,S,S,15,15,1.0,same-party
18882,20362,S,S,16,16,1.0,same-party
18882,20363,S,S,16,16,1.0,same-party
18882,20364,S,S,10,10,1.0,same-party
18882,20365,S,S,25,25,1.0,same-party
18882,20366,S,S,25,25,1.0,same-party
18882,20367,S,S,24,24,1.0,same-party
18882,20368,S,S,16,16,1.0,same-party
18882,20369,S,KF,25,18,0.72,different-party
18882,20370,S,ALT,25,16,0.64,different-party
18882,20371,S,V,25,25,1.0,different-party
18882,20372,S,DD,9,6,0.6666666666666666,different-party
18882,20373,S,DD,25,13,0.52,different-party
18882,20374,S,DD,18,8,0.4444444444444444,different-party
18882,20375,S,DD,0,0,,different-party
18882,20376,S,DD,25,13,0.52,different-party
18882,20377,S,M,16,16,1.0,different-party
18882,20378,S,M,25,25,1.0,different-party
18882,20379,S,M,0,0,,different-party
18882,20380,S,M,10,10,1.0,different-party
18882,20381,S,ALT,25,16,0.64,different-party
18882,20382,S,M,16,16,1.0,different-party
18882,20383,S,UFG,16,11,0.6875,different-party
18882,20384,S,M,4,4,1.0,different-party
18882,20385,S,M,25,25,1.0,different-party
18882,20386,S,M,0,0,,different-party
18882,20388,S,UFG,3,2,0.6666666666666666,different-party
18882,20389,S,M,22,22,1.0,different-party
18882,20390,S,UFG,15,8,0.5333333333333333,different-party
18882,20391,S,LA,25,17,0.68,different-party
18882,20392,S,LA,18,13,0.7222222222222222,different-party
18882,20393,S,LA,18,13,0.7222222222222222,different-party
18882,20394,S,LA,19,12,0.631578947368421,different-party
18882,20395,S,LA,22,16,0.7272727272727273,different-party
18882,20396,S,LA,3,2,0.6666666666666666,different-party
18882,20397,S,LA,6,5,0.8333333333333334,different-party
18882,20398,S,LA,14,8,0.5714285714285714,different-party
18882,20399,S,LA,12,8,0.6666666666666666,different-party
18882,20400,S,LA,25,17,0.68,different-party
18882,20411,S,EL,9,5,0.5555555555555556,different-party
18882,20415,S,M,25,25,1.0,different-party
18882,20496,S,M,12,12,1.0,different-party
18882,20781,S,S,18,18,1.0,same-party
18882,20798,S,SF,22,16,0.7272727272727273,different-party
18882,20820,S,LA,20,14,0.7,different-party
18882,20917,S,KF,0,0,,different-party
18882,20925,S,KF,16,13,0.8125,different-party
18882,20930,S,S,9,9,1.0,same-party
18882,20962,S,SF,25,18,0.72,different-party
18882,20966,S,KF,25,19,0.76,different-party
18882,21044,S,S,25,25,1.0,same-party
18882,21083,S,S,0,0,,same-party
18882,21143,S,S,15,15,1.0,same-party
18882,21159,S,M,9,9,1.0,different-party
18882,21168,S,V,22,22,1.0,different-party
18882,21186,S,S,0,0,,same-party
18882,21194,S,KF,9,6,0.6666666666666666,different-party
18882,21206,S,N,0,0,,different-party
19000,19928,SF,S,59,45,0.7627118644067796,different-party
19000,20349,SF,SP,6,2,0.3333333333333333,different-party
19000,20350,SF,DF,34,17,0.5,different-party
19000,20351,SF,ALT,1,1,1.0,different-party
19000,20352,SF,ALT,59,51,0.864406779661017,different-party
19000,20353,SF,ALT,36,33,0.9166666666666666,different-party
19000,20354,SF,UFG,6,3,0.5,different-party
19000,20355,SF,DD,83,52,0.6265060240963856,different-party
19000,20356,SF,DF,68,35,0.5147058823529411,different-party
19000,20357,SF,KF,64,45,0.703125,different-party
19000,20358,SF,SF,3,3,1.0,same-party
19000,20359,SF,SF,85,85,1.0,same-party
19000,20360,SF,SF,79,79,1.0,same-party
19000,20361,SF,S,15,10,0.6666666666666666,different-party
19000,20362,SF,S,77,60,0.7792207792207793,different-party
19000,20363,SF,S,83,59,0.7108433734939759,different-party
19000,20364,SF,S,77,56,0.7272727272727273,different-party
19000,20365,SF,S,63,43,0.6825396825396826,different-party
19000,20366,SF,S,30,20,0.6666666666666666,different-party
19000,20367,SF,S,90,67,0.7444444444444445,different-party
19000,20368,SF,S,59,44,0.7457627118644068,different-party
19000,20369,SF,KF,69,50,0.7246376811594203,different-party
19000,20370,SF,ALT,63,55,0.873015873015873,different-party
19000,20371,SF,V,69,47,0.6811594202898551,different-party
19000,20372,SF,DD,37,21,0.5675675675675675,different-party
19000,20373,SF,DD,46,27,0.5869565217391305,different-party
19000,20374,SF,DD,57,36,0.631578947368421,different-party
19000,20375,SF,DD,33,25,0.7575757575757576,different-party
19000,20376,SF,DD,83,52,0.6265060240963856,different-party
19000,20377,SF,M,74,58,0.7837837837837838,different-party
19000,20378,SF,M,90,67,0.7444444444444445,different-party
19000,20379,SF,M,0,0,,different-party
19000,20380,SF,M,10,6,0.6,different-party
19000,20381,SF,ALT,73,66,0.9041095890410958,different-party
19000,20382,SF,M,18,10,0.5555555555555556,different-party
19000,20383,SF,UFG,43,31,0.7209302325581395,different-party
19000,20384,SF,M,20,12,0.6,different-party
19000,20385,SF,M,58,44,0.7586206896551724,different-party
19000,20386,SF,M,34,22,0.6470588235294118,different-party
19000,20388,SF,UFG,50,33,0.66,different-party
19000,20389,SF,M,89,65,0.7303370786516854,different-party
19000,20390,SF,UFG,63,38,0.6031746031746031,different-party
19000,20391,SF,LA,61,34,0.5573770491803278,different-party
19000,20392,SF,LA,42,30,0.7142857142857143,different-party
19000,20393,SF,LA,71,48,0.676056338028169,different-party
19000,20394,SF,LA,72,45,0.625,different-party
19000,20395,SF,LA,57,38,0.6666666666666666,different-party
19000,20396,SF,LA,16,12,0.75,different-party
19000,20397,SF,LA,46,30,0.6521739130434783,different-party
19000,20398,SF,LA,77,48,0.6233766233766234,different-party
19000,20399,SF,LA,59,35,0.5932203389830508,different-party
19000,20400,SF,LA,86,58,0.6744186046511628,different-party
19000,20411,SF,EL,69,54,0.782608695652174,different-party
19000,20415,SF,M,88,64,0.7272727272727273,different-party
19000,20496,SF,M,60,45,0.75,different-party
19000,20781,SF,S,83,59,0.7108433734939759,different-party
19000,20798,SF,SF,83,83,1.0,same-party
19000,20820,SF,LA,83,54,0.6506024096385542,different-party
19000,20917,SF,KF,4,3,0.75,different-party
19000,20925,SF,KF,82,66,0.8048780487804879,different-party
19000,20930,SF,S,75,57,0.76,different-party
19000,20962,SF,SF,70,70,1.0,same-party
19000,20966,SF,KF,71,54,0.7605633802816901,different-party
19000,21044,SF,S,92,67,0.7282608695652174,different-party
19000,21083,SF,S,2,0,0.0,different-party
19000,21143,SF,S,49,31,0.6326530612244898,different-party
19000,21159,SF,M,68,52,0.7647058823529411,different-party
19000,21168,SF,V,60,41,0.6833333333333333,different-party
19000,21186,SF,S,2,0,0.0,different-party
19000,21194,SF,KF,52,40,0.7692307692307693,different-party
19000,21206,SF,N,0,0,,different-party
19928,20349,S,SP,72,72,1.0,different-party
19928,20350,S,DF,10,4,0.4,different-party
19928,20351,S,ALT,1,0,0.0,different-party
19928,20352,S,ALT,98,49,0.5,different-party
19928,20353,S,ALT,37,28,0.7567567567567568,different-party
19928,20354,S,UFG,4,0,0.0,different-party
19928,20355,S,DD,59,37,0.6271186440677966,different-party
19928,20356,S,DF,120,46,0.38333333333333336,different-party
19928,20357,S,KF,50,45,0.9,different-party
19928,20358,S,SF,3,2,0.6666666666666666,different-party
19928,20359,S,SF,134,90,0.6716417910447762,different-party
19928,20360,S,SF,65,49,0.7538461538461538,different-party
19928,20361,S,S,6,6,1.0,same-party
19928,20362,S,S,131,131,1.0,same-party
19928,20363,S,S,132,132,1.0,same-party
19928,20364,S,S,135,135,1.0,same-party
19928,20365,S,S,115,115,1.0,same-party
19928,20366,S,S,15,15,1.0,same-party
19928,20367,S,S,133,133,1.0,same-party
19928,20368,S,S,120,120,1.0,same-party
19928,20369,S,KF,125,119,0.952,different-party
19928,20370,S,ALT,58,42,0.7241379310344828,different-party
19928,20371,S,V,112,112,1.0,different-party
19928,20372,S,DD,22,17,0.7727272727272727,different-party
19928,20373,S,DD,32,18,0.5625,different-party
19928,20374,S,DD,116,48,0.41379310344827586,different-party
19928,20375,S,DD,100,39,0.39,different-party
19928,20376,S,DD,135,59,0.43703703703703706,different-party
19928,20377,S,M,60,60,1.0,different-party
19928,20378,S,M,133,133,1.0,different-party
19928,20379,S,M,0,0,,different-party
19928,20380,S,M,1,1,1.0,different-party
19928,20381,S,ALT,116,63,0.5431034482758621,different-party
19928,20382,S,M,9,9,1.0,different-party
19928,20383,S,UFG,37,32,0.8648648648648649,different-party
19928,20384,S,M,77,77,1.0,different-party
19928,20385,S,M,44,44,1.0,different-party
19928,20386,S,M,100,99,0.99,different-party
19928,20388,S,UFG,33,30,0.9090909090909091,different-party
19928,20389,S,M,122,122,1.0,different-party
19928,20390,S,UFG,40,29,0.725,different-party
19928,20391,S,LA,113,70,0.6194690265486725,different-party
19928,20392,S,LA,27,22,0.8148148148148148,different-party
19928,20393,S,LA,113,77,0.6814159292035398,different-party
19928,20394,S,LA,120,81,0.675,different-party
19928,20395,S,LA,109,73,0.6697247706422018,different-party
19928,20396,S,LA,83,49,0.5903614457831325,different-party
19928,20397,S,LA,23,15,0.6521739130434783,different-party
19928,20398,S,LA,128,86,0.671875,different-party
19928,20399,S,LA,108,68,0.6296296296296297,different-party
19928,20400,S,LA,129,84,0.6511627906976745,different-party
19928,20411,S,EL,42,24,0.5714285714285714,different-party
19928,20415,S,M,131,131,1.0,different-party
19928,20496,S,M,127,127,1.0,different-party
19928,20781,S,S,132,132,1.0,same-party
19928,20798,S,SF,126,87,0.6904761904761905,different-party
19928,20820,S,LA,62,47,0.7580645161290323,different-party
19928,20917,S,KF,4,2,0.5,different-party
19928,20925,S,KF,134,127,0.9477611940298507,different-party
19928,20930,S,S,57,57,1.0,same-party
19928,20962,S,SF,65,50,0.7692307692307693,different-party
19928,20966,S,KF,38,32,0.8421052631578947,different-party
19928,21044,S,S,135,135,1.0,same-party
19928,21083,S,S,2,2,1.0,same-party
19928,21143,S,S,108,108,1.0,same-party
19928,21159,S,M,123,123,1.0,different-party
19928,21168,S,V,102,102,1.0,different-party
19928,21186,S,S,2,2,1.0,same-party
19928,21194,S,KF,35,31,0.8857142857142857,different-party
19928,21206,S,N,0,0,,different-party
20349,20350,SP,DF,0,0,,different-party
20349,20351,SP,ALT,0,0,,different-party
20349,20352,SP,ALT,72,33,0.4583333333333333,different-party
20349,20353,SP,ALT,0,0,,different-party
20349,20354,SP,UFG,0,0,,different-party
20349,20355,SP,DD,6,6,1.0,different-party
20349,20356,SP,DF,72,19,0.2638888888888889,different-party
20349,20357,SP,KF,6,6,1.0,different-party
20349,20358,SP,SF,0,0,,different-party
20349,20359,SP,SF,72,40,0.5555555555555556,different-party
20349,20360,SP,SF,6,2,0.3333333333333333,different-party
20349,20361,SP,S,0,0,,different-party
20349,20362,SP,S,72,72,1.0,different-party
20349,20363,SP,S,72,72,1.0,different-party
20349,20364,SP,S,72,72,1.0,different-party
20349,20365,SP,S,72,72,1.0,different-party
20349,20366,SP,S,0,0,,different-party
20349,20367,SP,S,72,72,1.0,different-party
20349,20368,SP,S,72,72,1.0,different-party
20349,20369,SP,KF,67,67,1.0,different-party
20349,20370,SP,ALT,0,0,,different-party
20349,20371,SP,V,72,72,1.0,different-party
20349,20372,SP,DD,6,6,1.0,different-party
20349,20373,SP,DD,6,6,1.0,different-party
20349,20374,SP,DD,72,21,0.2916666666666667,different-party
20349,20375,SP,DD,66,15,0.22727272727272727,different-party
20349,20376,SP,DD,72,21,0.2916666666666667,different-party
20349,20377,SP,M,0,0,,different-party
20349,20378,SP,M,72,72,1.0,different-party
20349,20379,SP,M,0,0,,different-party
20349,20380,SP,M,0,0,,different-party
20349,20381,SP,ALT,72,33,0.4583333333333333,different-party
20349,20382,SP,M,0,0,,different-party
20349,20383,SP,UFG,6,6,1.0,different-party
20349,20384,SP,M,68,68,1.0,different-party
20349,20385,SP,M,0,0,,different-party
20349,20386,SP,M,71,71,1.0,different-party
20349,20388,SP,UFG,6,6,1.0,different-party
20349,20389,SP,M,72,72,1.0,different-party
20349,20390,SP,UFG,6,6,1.0,different-party
20349,20391,SP,LA,72,45,0.625,different-party
20349,20392,SP,LA,0,0,,different-party
20349,20393,SP,LA,72,45,0.625,different-party
20349,20394,SP,LA,72,45,0.625,different-party
20349,20395,SP,LA,72,45,0.625,different-party
20349,20396,SP,LA,66,39,0.5909090909090909,different-party
20349,20397,SP,LA,0,0,,different-party
20349,20398,SP,LA,72,45,0.625,different-party
20349,20399,SP,LA,72,45,0.625,different-party
20349,20400,SP,LA,66,39,0.5909090909090909,different-party
20349,20411,SP,EL,6,1,0.16666666666666666,different-party
20349,20415,SP,M,72,72,1.0,different-party
20349,20496,SP,M,72,72,1.0,different-party
20349,20781,SP,S,72,72,1.0,different-party
20349,20798,SP,SF,66,38,0.5757575757575758,different-party
20349,20820,SP,LA,6,6,1.0,different-party
20349,20917,SP,KF,0,0,,different-party
20349,20925,SP,KF,72,72,1.0,different-party
20349,20930,SP,S,12,12,1.0,different-party
20349,20962,SP,SF,6,2,0.3333333333333333,different-party
20349,20966,SP,KF,0,0,,different-party
20349,21044,SP,S,72,72,1.0,different-party
20349,21083,SP,S,0,0,,different-party
20349,21143,SP,S,72,72,1.0,different-party
20349,21159,SP,M,71,71,1.0,different-party
20349,21168,SP,V,72,72,1.0,different-party
20349,21186,SP,S,0,0,,different-party
20349,21194,SP,KF,0,0,,different-party
20349,21206,SP,N,0,0,,different-party
20350,20351,DF,ALT,0,0,,different-party
20350,20352,DF,ALT,22,8,0.36363636363636365,different-party
20350,20353,DF,ALT,16,6,0.375,different-party
20350,20354,DF,UFG,3,2,0.6666666666666666,different-party
20350,20355,DF,DD,34,20,0.5882352941176471,different-party
20350,20356,DF,DF,18,18,1.0,same-party
20350,20357,DF,KF,31,20,0.6451612903225806,different-party
20350,20358,DF,SF,3,2,0.6666666666666666,different-party
20350,20359,DF,SF,27,11,0.4074074074074074,different-party
20350,20360,DF,SF,34,17,0.5,different-party
20350,20361,DF,S,9,5,0.5555555555555556,different-party
20350,20362,DF,S,21,14,0.6666666666666666,different-party
20350,20363,DF,S,25,13,0.52,different-party
20350,20364,DF,S,19,10,0.5263157894736842,different-party
20350,20365,DF,S,25,14,0.56,different-party
20350,20366,DF,S,22,13,0.5909090909090909,different-party
20350,20367,DF,S,33,20,0.6060606060606061,different-party
20350,20368,DF,S,25,15,0.6,different-party
20350,20369,DF,KF,21,14,0.6666666666666666,different-party
20350,20370,DF,ALT,21,10,0.47619047619047616,different-party
20350,20371,DF,V,31,19,0.6129032258064516,different-party
20350,20372,DF,DD,24,15,0.625,different-party
20350,20373,DF,DD,32,19,0.59375,different-party
20350,20374,DF,DD,23,12,0.5217391304347826,different-party
20350,20375,DF,DD,3,1,0.3333333333333333,different-party
20350,20376,DF,DD,25,14,0.56,different-party
20350,20377,DF,M,25,15,0.6,different-party
20350,20378,DF,M,33,20,0.6060606060606061,different-party
20350,20379,DF,M,0,0,,different-party
20350,20380,DF,M,9,5,0.5555555555555556,different-party
20350,20381,DF,ALT,30,14,0.4666666666666667,different-party
20350,20382,DF,M,10,5,0.5,different-party
20350,20383,DF,UFG,9,5,0.5555555555555556,different-party
20350,20384,DF,M,4,1,0.25,different-party
20350,20385,DF,M,31,19,0.6129032258064516,different-party
20350,20386,DF,M,13,7,0.5384615384615384,different-party
20350,20388,DF,UFG,14,7,0.5,different-party
20350,20389,DF,M,31,18,0.5806451612903226,different-party
20350,20390,DF,UFG,27,15,0.5555555555555556,different-party
20350,20391,DF,LA,32,19,0.59375,different-party
20350,20392,DF,LA,18,11,0.6111111111111112,different-party
20350,20393,DF,LA,22,12,0.5454545454545454,different-party
20350,20394,DF,LA,24,14,0.5833333333333334,different-party
20350,20395,DF,LA,15,9,0.6,different-party
20350,20396,DF,LA,7,4,0.5714285714285714,different-party
20350,20397,DF,LA,21,14,0.6666666666666666,different-party
20350,20398,DF,LA,19,10,0.5263157894736842,different-party
20350,20399,DF,LA,28,16,0.5714285714285714,different-party
20350,20400,DF,LA,34,20,0.5882352941176471,different-party
20350,20411,DF,EL,19,6,0.3157894736842105,different-party
20350,20415,DF,M,30,19,0.6333333333333333,different-party
20350,20496,DF,M,18,9,0.5,different-party
20350,20781,DF,S,25,14,0.56,different-party
20350,20798,DF,SF,31,16,0.5161290322580645,different-party
20350,20820,DF,LA,25,15,0.6,different-party
20350,20917,DF,KF,4,3,0.75,different-party
20350,20925,DF,KF,25,15,0.6,different-party
20350,20930,DF,S,25,15,0.6,different-party
20350,20962,DF,SF,22,12,0.5454545454545454,different-party
20350,20966,DF,KF,34,22,0.6470588235294118,different-party
20350,21044,DF,S,34,20,0.5882352941176471,different-party
20350,21083,DF,S,1,0,0.0,different-party
20350,21143,DF,S,21,12,0.5714285714285714,different-party
20350,21159,DF,M,19,12,0.631578947368421,different-party
20350,21168,DF,V,22,12,0.5454545454545454,different-party
20350,21186,DF,S,1,0,0.0,different-party
20350,21194,DF,KF,22,15,0.6818181818181818,different-party
20350,21206,DF,N,0,0,,different-party
20351,20352,ALT,ALT,0,0,,same-party
20351,20353,ALT,ALT,0,0,,same-party
20351,20354,ALT,UFG,0,0,,different-party
20351,20355,ALT,DD,1,1,1.0,different-party
20351,20356,ALT,DF,1,1,1.0,different-party
20351,20357,ALT,KF,0,0,,different-party
20351,20358,ALT,SF,0,0,,different-party
20351,20359,ALT,SF,1,1,1.0,different-party
20351,20360,ALT,SF,1,1,1.0,different-party
20351,20361,ALT,S,0,0,,different-party
20351,20362,ALT,S,1,0,0.0,different-party
20351,20363,ALT,S,1,0,0.0,different-party
20351,20364,ALT,S,1,0,0.0,different-party
20351,20365,ALT,S,1,0,0.0,different-party
20351,20366,ALT,S,1,0,0.0,different-party
20351,20367,ALT,S,1,0,0.0,different-party
20351,20368,ALT,S,1,0,0.0,different-party
20351,20369,ALT,KF,0,0,,different-party
20351,20370,ALT,ALT,0,0,,same-party
20351,20371,ALT,V,1,0,0.0,different-party
20351,20372,ALT,DD,0,0,,different-party
20351,20373,ALT,DD,1,1,1.0,different-party
20351,20374,ALT,DD,1,1,1.0,different-party
20351,20375,ALT,DD,1,1,1.0,different-party
20351,20376,ALT,DD,1,1,1.0,different-party
20351,20377,ALT,M,0,0,,different-party
20351,20378,ALT,M,0,0,,different-party
20351,20379,ALT,M,0,0,,different-party
20351,20380,ALT,M,0,0,,different-party
20351,20381,ALT,ALT,1,1,1.0,same-party
20351,20382,ALT,M,1,0,0.0,different-party
20351,20383,ALT,UFG,1,0,0.0,different-party
20351,20384,ALT,M,1,0,0.0,different-party
20351,20385,ALT,M,0,0,,different-party
20351,20386,ALT,M,0,0,,different-party
20351,20388,ALT,UFG,1,0,0.0,different-party
20351,20389,ALT,M,1,0,0.0,different-party
20351,20390,ALT,UFG,1,1,1.0,different-party
20351,20391,ALT,LA,1,1,1.0,different-party
20351,20392,ALT,LA,1,1,1.0,different-party
20351,20393,ALT,LA,0,0,,different-party
20351,20394,ALT,LA,0,0,,different-party
20351,20395,ALT,LA,0,0,,different-party
20351,20396,ALT,LA,0,0,,different-party
20351,20397,ALT,LA,1,1,1.0,different-party
20351,20398,ALT,LA,1,1,1.0,different-party
20351,20399,ALT,LA,1,1,1.0,different-party
20351,20400,ALT,LA,1,1,1.0,different-party
20351,20411,ALT,EL,0,0,,different-party
20351,20415,ALT,M,1,0,0.0,different-party
20351,20496,ALT,M,1,0,0.0,different-party
20351,20781,ALT,S,1,0,0.0,different-party
20351,20798,ALT,SF,1,1,1.0,different-party
20351,20820,ALT,LA,1,1,1.0,different-party
20351,20917,ALT,KF,0,0,,different-party
20351,20925,ALT,KF,1,1,1.0,different-party
20351,20930,ALT,S,0,0,,different-party
20351,20962,ALT,SF,0,0,,different-party
20351,20966,ALT,KF,1,1,1.0,different-party
20351,21044,ALT,S,1,0,0.0,different-party
20351,21083,ALT,S,1,0,0.0,different-party
20351,21143,ALT,S,1,0,0.0,different-party
20351,21159,ALT,M,0,0,,different-party
20351,21168,ALT,V,1,0,0.0,different-party
20351,21186,ALT,S,1,0,0.0,different-party
20351,21194,ALT,KF,1,1,1.0,different-party
20351,21206,ALT,N,0,0,,different-party
20352,20353,ALT,ALT,13,13,1.0,same-party
20352,20354,ALT,UFG,4,3,0.75,different-party
20352,20355,ALT,DD,50,23,0.46,different-party
20352,20356,ALT,DF,105,31,0.29523809523809524,different-party
20352,20357,ALT,KF,32,13,0.40625,different-party
20352,20358,ALT,SF,0,0,,different-party
20352,20359,ALT,SF,125,98,0.784,different-party
20352,20360,ALT,SF,46,41,0.8913043478260869,different-party
20352,20361,ALT,S,15,8,0.5333333333333333,different-party
20352,20362,ALT,S,113,59,0.5221238938053098,different-party
20352,20363,ALT,S,125,64,0.512,different-party
20352,20364,ALT,S,116,59,0.5086206896551724,different-party
20352,20365,ALT,S,116,58,0.5,different-party
20352,20366,ALT,S,17,8,0.47058823529411764,different-party
20352,20367,ALT,S,123,64,0.5203252032520326,different-party
20352,20368,ALT,S,92,44,0.4782608695652174,different-party
20352,20369,ALT,KF,101,46,0.45544554455445546,different-party
20352,20370,ALT,ALT,31,31,1.0,same-party
20352,20371,ALT,V,125,64,0.512,different-party
20352,20372,ALT,DD,34,18,0.5294117647058824,different-party
20352,20373,ALT,DD,33,16,0.48484848484848486,different-party
20352,20374,ALT,DD,99,32,0.32323232323232326,different-party
20352,20375,ALT,DD,78,26,0.3333333333333333,different-party
20352,20376,ALT,DD,116,41,0.35344827586206895,different-party
20352,20377,ALT,M,44,26,0.5909090909090909,different-party
20352,20378,ALT,M,124,64,0.5161290322580645,different-party
20352,20379,ALT,M,0,0,,different-party
20352,20380,ALT,M,10,5,0.5,different-party
20352,20381,ALT,ALT,106,106,1.0,same-party
20352,20382,ALT,M,17,8,0.47058823529411764,different-party
20352,20383,ALT,UFG,13,4,0.3076923076923077,different-party
20352,20384,ALT,M,85,41,0.4823529411764706,different-party
20352,20385,ALT,M,26,14,0.5384615384615384,different-party
20352,20386,ALT,M,96,48,0.5,different-party
20352,20388,ALT,UFG,23,10,0.43478260869565216,different-party
20352,20389,ALT,M,125,64,0.512,different-party
20352,20390,ALT,UFG,33,17,0.5151515151515151,different-party
20352,20391,ALT,LA,114,35,0.30701754385964913,different-party
20352,20392,ALT,LA,15,5,0.3333333333333333,different-party
20352,20393,ALT,LA,106,34,0.32075471698113206,different-party
20352,20394,ALT,LA,115,35,0.30434782608695654,different-party
20352,20395,ALT,LA,97,30,0.30927835051546393,different-party
20352,20396,ALT,LA,79,24,0.3037974683544304,different-party
20352,20397,ALT,LA,36,20,0.5555555555555556,different-party
20352,20398,ALT,LA,119,40,0.33613445378151263,different-party
20352,20399,ALT,LA,118,41,0.3474576271186441,different-party
20352,20400,ALT,LA,119,42,0.35294117647058826,different-party
20352,20411,ALT,EL,49,36,0.7346938775510204,different-party
20352,20415,ALT,M,121,62,0.512396694214876,different-party
20352,20496,ALT,M,99,51,0.5151515151515151,different-party
20352,20781,ALT,S,123,63,0.5121951219512195,different-party
20352,20798,ALT,SF,119,93,0.7815126050420168,different-party
20352,20820,ALT,LA,53,26,0.49056603773584906,different-party
20352,20917,ALT,KF,4,2,0.5,different-party
20352,20925,ALT,KF,116,65,0.5603448275862069,different-party
20352,20930,ALT,S,49,29,0.5918367346938775,different-party
20352,20962,ALT,SF,38,32,0.8421052631578947,different-party
20352,20966,ALT,KF,38,24,0.631578947368421,different-party
20352,21044,ALT,S,125,64,0.512,different-party
20352,21083,ALT,S,1,0,0.0,different-party
20352,21143,ALT,S,111,56,0.5045045045045045,different-party
20352,21159,ALT,M,105,53,0.5047619047619047,different-party
20352,21168,ALT,V,116,58,0.5,different-party
20352,21186,ALT,S,1,0,0.0,different-party
20352,21194,ALT,KF,28,19,0.6785714285714286,different-party
20352,21206,ALT,N,0,0,,different-party
20353,20354,ALT,UFG,3,2,0.6666666666666666,different-party
20353,20355,ALT,DD,36,25,0.6944444444444444,different-party
20353,20356,ALT,DF,29,13,0.4482758620689655,different-party
20353,20357,ALT,KF,43,34,0.7906976744186046,different-party
20353,20358,ALT,SF,0,0,,different-party
20353,20359,ALT,SF,45,42,0.9333333333333333,different-party
20353,20360,ALT,SF,46,43,0.9347826086956522,different-party
20353,20361,ALT,S,0,0,,different-party
20353,20362,ALT,S,45,34,0.7555555555555555,different-party
20353,20363,ALT,S,43,32,0.7441860465116279,different-party
20353,20364,ALT,S,46,34,0.7391304347826086,different-party
20353,20365,ALT,S,17,12,0.7058823529411765,different-party
20353,20366,ALT,S,4,2,0.5,different-party
20353,20367,ALT,S,45,34,0.7555555555555555,different-party
20353,20368,ALT,S,46,34,0.7391304347826086,different-party
20353,20369,ALT,KF,36,28,0.7777777777777778,different-party
20353,20370,ALT,ALT,33,32,0.9696969696969697,same-party
20353,20371,ALT,V,26,18,0.6923076923076923,different-party
20353,20372,ALT,DD,22,13,0.5909090909090909,different-party
20353,20373,ALT,DD,24,16,0.6666666666666666,different-party
20353,20374,ALT,DD,45,29,0.6444444444444445,different-party
20353,20375,ALT,DD,33,20,0.6060606060606061,different-party
20353,20376,ALT,DD,37,24,0.6486486486486487,different-party
20353,20377,ALT,M,44,32,0.7272727272727273,different-party
20353,20378,ALT,M,45,34,0.7555555555555555,different-party
20353,20379,ALT,M,0,0,,different-party
20353,20380,ALT,M,0,0,,different-party
20353,20381,ALT,ALT,42,42,1.0,same-party
20353,20382,ALT,M,1,0,0.0,different-party
20353,20383,ALT,UFG,23,19,0.8260869565217391,different-party
20353,20384,ALT,M,4,2,0.5,different-party
20353,20385,ALT,M,43,32,0.7441860465116279,different-party
20353,20386,ALT,M,20,14,0.7,different-party
20353,20388,ALT,UFG,31,22,0.7096774193548387,different-party
20353,20389,ALT,M,33,24,0.7272727272727273,different-party
20353,20390,ALT,UFG,39,24,0.6153846153846154,different-party
20353,20391,ALT,LA,24,14,0.5833333333333334,different-party
20353,20392,ALT,LA,23,17,0.7391304347826086,different-party
20353,20393,ALT,LA,23,19,0.8260869565217391,different-party
20353,20394,ALT,LA,35,26,0.7428571428571429,different-party
20353,20395,ALT,LA,30,20,0.6666666666666666,different-party
20353,20396,ALT,LA,17,9,0.5294117647058824,different-party
20353,20397,ALT,LA,12,7,0.5833333333333334,different-party
20353,20398,ALT,LA,39,26,0.6666666666666666,different-party
20353,20399,ALT,LA,26,15,0.5769230769230769,different-party
20353,20400,ALT,LA,46,31,0.6739130434782609,different-party
20353,20411,ALT,EL,30,27,0.9,different-party
20353,20415,ALT,M,42,32,0.7619047619047619,different-party
20353,20496,ALT,M,36,28,0.7777777777777778,different-party
20353,20781,ALT,S,43,32,0.7441860465116279,different-party
20353,20798,ALT,SF,43,40,0.9302325581395349,different-party
20353,20820,ALT,LA,39,26,0.6666666666666666,different-party
20353,20917,ALT,KF,4,2,0.5,different-party
20353,20925,ALT,KF,45,35,0.7777777777777778,different-party
20353,20930,ALT,S,36,26,0.7222222222222222,different-party
20353,20962,ALT,SF,34,32,0.9411764705882353,different-party
20353,20966,ALT,KF,36,28,0.7777777777777778,different-party
20353,21044,ALT,S,46,34,0.7391304347826086,different-party
20353,21083,ALT,S,1,0,0.0,different-party
20353,21143,ALT,S,19,13,0.6842105263157895,different-party
20353,21159,ALT,M,43,31,0.7209302325581395,different-party
20353,21168,ALT,V,4,2,0.5,different-party
20353,21186,ALT,S,1,0,0.0,different-party
20353,21194,ALT,KF,40,31,0.775,different-party
20353,21206,ALT,N,0,0,,different-party
20354,20355,UFG,DD,6,3,0.5,different-party
20354,20356,UFG,DF,4,1,0.25,different-party
20354,20357,UFG,KF,6,3,0.5,different-party
20354,20358,UFG,SF,0,0,,different-party
20354,20359,UFG,SF,6,3,0.5,different-party
20354,20360,UFG,SF,5,3,0.6,different-party
20354,20361,UFG,S,3,0,0.0,different-party
20354,20362,UFG,S,3,0,0.0,different-party
20354,20363,UFG,S,6,0,0.0,different-party
20354,20364,UFG,S,4,0,0.0,different-party
20354,20365,UFG,S,4,0,0.0,different-party
20354,20366,UFG,S,4,0,0.0,different-party
20354,20367,UFG,S,5,0,0.0,different-party
20354,20368,UFG,S,4,0,0.0,different-party
20354,20369,UFG,KF,5,2,0.4,different-party
20354,20370,UFG,ALT,5,3,0.6,different-party
20354,20371,UFG,V,4,0,0.0,different-party
20354,20372,UFG,DD,2,1,0.5,different-party
20354,20373,UFG,DD,4,2,0.5,different-party
20354,20374,UFG,DD,5,2,0.4,different-party
20354,20375,UFG,DD,2,1,0.5,different-party
20354,20376,UFG,DD,6,3,0.5,different-party
20354,20377,UFG,M,4,0,0.0,different-party
20354,20378,UFG,M,5,0,0.0,different-party
20354,20379,UFG,M,0,0,,different-party
20354,20380,UFG,M,2,0,0.0,different-party
20354,20381,UFG,ALT,5,3,0.6,different-party
20354,20382,UFG,M,4,0,0.0,different-party
20354,20383,UFG,UFG,3,1,0.3333333333333333,same-party
20354,20384,UFG,M,1,0,0.0,different-party
20354,20385,UFG,M,6,0,0.0,different-party
20354,20386,UFG,M,1,0,0.0,different-party
20354,20388,UFG,UFG,2,0,0.0,same-party
20354,20389,UFG,M,6,0,0.0,different-party
20354,20390,UFG,UFG,4,2,0.5,same-party
20354,20391,UFG,LA,4,2,0.5,different-party
20354,20392,UFG,LA,4,2,0.5,different-party
20354,20393,UFG,LA,5,3,0.6,different-party
20354,20394,UFG,LA,5,2,0.4,different-party
20354,20395,UFG,LA,5,2,0.4,different-party
20354,20396,UFG,LA,1,1,1.0,different-party
20354,20397,UFG,LA,1,1,1.0,different-party
20354,20398,UFG,LA,4,2,0.5,different-party
20354,20399,UFG,LA,3,2,0.6666666666666666,different-party
20354,20400,UFG,LA,6,3,0.5,different-party
20354,20411,UFG,EL,5,3,0.6,different-party
20354,20415,UFG,M,5,0,0.0,different-party
20354,20496,UFG,M,4,0,0.0,different-party
20354,20781,UFG,S,5,0,0.0,different-party
20354,20798,UFG,SF,6,3,0.5,different-party
20354,20820,UFG,LA,4,1,0.25,different-party
20354,20917,UFG,KF,1,1,1.0,different-party
20354,20925,UFG,KF,4,2,0.5,different-party
20354,20930,UFG,S,3,0,0.0,different-party
20354,20962,UFG,SF,6,3,0.5,different-party
20354,20966,UFG,KF,6,3,0.5,different-party
20354,21044,UFG,S,6,0,0.0,different-party
20354,21083,UFG,S,1,0,0.0,different-party
20354,21143,UFG,S,4,0,0.0,different-party
20354,21159,UFG,M,3,0,0.0,different-party
20354,21168,UFG,V,4,0,0.0,different-party
20354,21186,UFG,S,1,0,0.0,different-party
20354,21194,UFG,KF,5,3,0.6,different-party
20354,21206,UFG,N,0,0,,different-party
20355,20356,DD,DF,59,45,0.7627118644067796,different-party
20355,20357,DD,KF,64,48,0.75,different-party
20355,20358,DD,SF,3,2,0.6666666666666666,different-party
20355,20359,DD,SF,76,47,0.618421052631579,different-party
20355,20360,DD,SF,79,51,0.6455696202531646,different-party
20355,20361,DD,S,15,7,0.4666666666666667,different-party
20355,20362,DD,S,70,49,0.7,different-party
20355,20363,DD,S,74,50,0.6756756756756757,different-party
20355,20364,DD,S,68,46,0.6764705882352942,different-party
20355,20365,DD,S,54,33,0.6111111111111112,different-party
20355,20366,DD,S,30,14,0.4666666666666667,different-party
20355,20367,DD,S,81,56,0.691358024691358,different-party
20355,20368,DD,S,59,40,0.6779661016949152,different-party
20355,20369,DD,KF,69,49,0.7101449275362319,different-party
20355,20370,DD,ALT,63,34,0.5396825396825397,different-party
20355,20371,DD,V,60,41,0.6833333333333333,different-party
20355,20372,DD,DD,30,30,1.0,same-party
20355,20373,DD,DD,46,46,1.0,same-party
20355,20374,DD,DD,57,57,1.0,same-party
20355,20375,DD,DD,24,24,1.0,same-party
20355,20376,DD,DD,74,74,1.0,same-party
20355,20377,DD,M,65,42,0.6461538461538462,different-party
20355,20378,DD,M,81,56,0.691358024691358,different-party
20355,20379,DD,M,0,0,,different-party
20355,20380,DD,M,10,6,0.6,different-party
20355,20381,DD,ALT,64,36,0.5625,different-party
20355,20382,DD,M,18,7,0.3888888888888889,different-party
20355,20383,DD,UFG,43,31,0.7209302325581395,different-party
20355,20384,DD,M,11,5,0.45454545454545453,different-party
20355,20385,DD,M,58,37,0.6379310344827587,different-party
20355,20386,DD,M,34,27,0.7941176470588235,different-party
20355,20388,DD,UFG,41,32,0.7804878048780488,different-party
20355,20389,DD,M,80,54,0.675,different-party
20355,20390,DD,UFG,54,42,0.7777777777777778,different-party
20355,20391,DD,LA,61,52,0.8524590163934426,different-party
20355,20392,DD,LA,42,32,0.7619047619047619,different-party
20355,20393,DD,LA,62,51,0.8225806451612904,different-party
20355,20394,DD,LA,72,60,0.8333333333333334,different-party
20355,20395,DD,LA,48,37,0.7708333333333334,different-party
20355,20396,DD,LA,7,6,0.8571428571428571,different-party
20355,20397,DD,LA,37,31,0.8378378378378378,different-party
20355,20398,DD,LA,68,55,0.8088235294117647,different-party
20355,20399,DD,LA,50,45,0.9,different-party
20355,20400,DD,LA,77,62,0.8051948051948052,different-party
20355,20411,DD,EL,60,28,0.4666666666666667,different-party
20355,20415,DD,M,79,53,0.6708860759493671,different-party
20355,20496,DD,M,60,42,0.7,different-party
20355,20781,DD,S,74,50,0.6756756756756757,different-party
20355,20798,DD,SF,74,47,0.6351351351351351,different-party
20355,20820,DD,LA,74,60,0.8108108108108109,different-party
20355,20917,DD,KF,4,3,0.75,different-party
20355,20925,DD,KF,73,55,0.7534246575342466,different-party
20355,20930,DD,S,66,49,0.7424242424242424,different-party
20355,20962,DD,SF,70,42,0.6,different-party
20355,20966,DD,KF,62,45,0.7258064516129032,different-party
20355,21044,DD,S,83,56,0.6746987951807228,different-party
20355,21083,DD,S,2,0,0.0,different-party
20355,21143,DD,S,49,32,0.6530612244897959,different-party
20355,21159,DD,M,59,44,0.7457627118644068,different-party
20355,21168,DD,V,51,31,0.6078431372549019,different-party
20355,21186,DD,S,2,0,0.0,different-party
20355,21194,DD,KF,43,33,0.7674418604651163,different-party
20355,21206,DD,N,0,0,,different-party
20356,20357,DF,KF,53,35,0.660377358490566,different-party
20356,20358,DF,SF,3,2,0.6666666666666666,different-party
20356,20359,DF,SF,138,49,0.35507246376811596,different-party
20356,20360,DF,SF,69,33,0.4782608695652174,different-party
20356,20361,DF,S,9,5,0.5555555555555556,different-party
20356,20362,DF,S,130,53,0.4076923076923077,different-party
20356,20363,DF,S,138,54,0.391304347826087,different-party
20356,20364,DF,S,129,49,0.3798449612403101,different-party
20356,20365,DF,S,125,46,0.368,different-party
20356,20366,DF,S,19,11,0.5789473684210527,different-party
20356,20367,DF,S,144,59,0.4097222222222222,different-party
20356,20368,DF,S,111,44,0.3963963963963964,different-party
20356,20369,DF,KF,126,53,0.42063492063492064,different-party
20356,20370,DF,ALT,62,26,0.41935483870967744,different-party
20356,20371,DF,V,122,45,0.36885245901639346,different-party
20356,20372,DF,DD,35,25,0.7142857142857143,different-party
20356,20373,DF,DD,35,25,0.7142857142857143,different-party
20356,20374,DF,DD,110,83,0.7545454545454545,different-party
20356,20375,DF,DD,105,79,0.7523809523809524,different-party
20356,20376,DF,DD,144,108,0.75,different-party
20356,20377,DF,M,60,33,0.55,different-party
20356,20378,DF,M,143,59,0.4125874125874126,different-party
20356,20379,DF,M,0,0,,different-party
20356,20380,DF,M,9,5,0.5555555555555556,different-party
20356,20381,DF,ALT,129,48,0.37209302325581395,different-party
20356,20382,DF,M,10,5,0.5,different-party
20356,20383,DF,UFG,32,22,0.6875,different-party
20356,20384,DF,M,78,18,0.23076923076923078,different-party
20356,20385,DF,M,47,30,0.6382978723404256,different-party
20356,20386,DF,M,99,34,0.3434343434343434,different-party
20356,20388,DF,UFG,38,23,0.6052631578947368,different-party
20356,20389,DF,M,134,53,0.39552238805970147,different-party
20356,20390,DF,UFG,63,38,0.6031746031746031,different-party
20356,20391,DF,LA,116,67,0.5775862068965517,different-party
20356,20392,DF,LA,35,21,0.6,different-party
20356,20393,DF,LA,132,74,0.5606060606060606,different-party
20356,20394,DF,LA,115,64,0.5565217391304348,different-party
20356,20395,DF,LA,125,71,0.568,different-party
20356,20396,DF,LA,85,45,0.5294117647058824,different-party
20356,20397,DF,LA,34,23,0.6764705882352942,different-party
20356,20398,DF,LA,136,78,0.5735294117647058,different-party
20356,20399,DF,LA,119,69,0.5798319327731093,different-party
20356,20400,DF,LA,138,78,0.5652173913043478,different-party
20356,20411,DF,EL,58,23,0.39655172413793105,different-party
20356,20415,DF,M,144,59,0.4097222222222222,different-party
20356,20496,DF,M,129,51,0.3953488372093023,different-party
20356,20781,DF,S,138,54,0.391304347826087,different-party
20356,20798,DF,SF,138,52,0.37681159420289856,different-party
20356,20820,DF,LA,76,52,0.6842105263157895,different-party
20356,20917,DF,KF,0,0,,different-party
20356,20925,DF,KF,134,55,0.41044776119402987,different-party
20356,20930,DF,S,64,36,0.5625,different-party
20356,20962,DF,SF,68,32,0.47058823529411764,different-party
20356,20966,DF,KF,47,32,0.6808510638297872,different-party
20356,21044,DF,S,144,59,0.4097222222222222,different-party
20356,21083,DF,S,1,0,0.0,different-party
20356,21143,DF,S,110,38,0.34545454545454546,different-party
20356,21159,DF,M,130,52,0.4,different-party
20356,21168,DF,V,115,40,0.34782608695652173,different-party
20356,21186,DF,S,1,0,0.0,different-party
20356,21194,DF,KF,51,33,0.6470588235294118,different-party
20356,21206,DF,N,0,0,,different-party
20357,20358,KF,SF,3,2,0.6666666666666666,different-party
20357,20359,KF,SF,67,46,0.6865671641791045,different-party
20357,20360,KF,SF,70,48,0.6857142857142857,different-party
20357,20361,KF,S,15,11,0.7333333333333333,different-party
20357,20362,KF,S,61,56,0.9180327868852459,different-party
20357,20363,KF,S,65,58,0.8923076923076924,different-party
20357,20364,KF,S,59,54,0.9152542372881356,different-party
20357,20365,KF,S,45,37,0.8222222222222222,different-party
20357,20366,KF,S,29,22,0.7586206896551724,different-party
20357,20367,KF,S,72,64,0.8888888888888888,different-party
20357,20368,KF,S,65,59,0.9076923076923077,different-party
20357,20369,KF,KF,61,60,0.9836065573770492,same-party
20357,20370,KF,ALT,58,39,0.6724137931034483,different-party
20357,20371,KF,V,51,43,0.8431372549019608,different-party
20357,20372,KF,DD,37,30,0.8108108108108109,different-party
20357,20373,KF,DD,54,41,0.7592592592592593,different-party
20357,20374,KF,DD,63,48,0.7619047619047619,different-party
20357,20375,KF,DD,30,23,0.7666666666666667,different-party
20357,20376,KF,DD,65,47,0.7230769230769231,different-party
20357,20377,KF,M,57,51,0.8947368421052632,different-party
20357,20378,KF,M,73,65,0.8904109589041096,different-party
20357,20379,KF,M,0,0,,different-party
20357,20380,KF,M,10,7,0.7,different-party
20357,20381,KF,ALT,73,45,0.6164383561643836,different-party
20357,20382,KF,M,17,12,0.7058823529411765,different-party
20357,20383,KF,UFG,42,38,0.9047619047619048,different-party
20357,20384,KF,M,7,5,0.7142857142857143,different-party
20357,20385,KF,M,68,59,0.8676470588235294,different-party
20357,20386,KF,M,29,27,0.9310344827586207,different-party
20357,20388,KF,UFG,40,37,0.925,different-party
20357,20389,KF,M,61,54,0.8852459016393442,different-party
20357,20390,KF,UFG,63,50,0.7936507936507936,different-party
20357,20391,KF,LA,54,44,0.8148148148148148,different-party
20357,20392,KF,LA,38,32,0.8421052631578947,different-party
20357,20393,KF,LA,47,41,0.8723404255319149,different-party
20357,20394,KF,LA,54,48,0.8888888888888888,different-party
20357,20395,KF,LA,58,47,0.8103448275862069,different-party
20357,20396,KF,LA,14,11,0.7857142857142857,different-party
20357,20397,KF,LA,18,16,0.8888888888888888,different-party
20357,20398,KF,LA,62,53,0.8548387096774194,different-party
20357,20399,KF,LA,41,35,0.8536585365853658,different-party
20357,20400,KF,LA,68,57,0.8382352941176471,different-party
20357,20411,KF,EL,45,25,0.5555555555555556,different-party
20357,20415,KF,M,73,65,0.8904109589041096,different-party
20357,20496,KF,M,51,45,0.8823529411764706,different-party
20357,20781,KF,S,66,59,0.8939393939393939,different-party
20357,20798,KF,SF,65,47,0.7230769230769231,different-party
20357,20820,KF,LA,68,58,0.8529411764705882,different-party
20357,20917,KF,KF,1,1,1.0,same-party
20357,20925,KF,KF,64,62,0.96875,same-party
20357,20930,KF,S,48,44,0.9166666666666666,different-party
20357,20962,KF,SF,65,46,0.7076923076923077,different-party
20357,20966,KF,KF,58,56,0.9655172413793104,same-party
20357,21044,KF,S,74,65,0.8783783783783784,different-party
20357,21083,KF,S,1,0,0.0,different-party
20357,21143,KF,S,43,37,0.8604651162790697,different-party
20357,21159,KF,M,51,46,0.9019607843137255,different-party
20357,21168,KF,V,32,26,0.8125,different-party
20357,21186,KF,S,1,0,0.0,different-party
20357,21194,KF,KF,52,52,1.0,same-party
20357,21206,KF,N,0,0,,different-party
20358,20359,SF,SF,3,3,1.0,same-party
20358,20360,SF,SF,3,3,1.0,same-party
20358,20361,SF,S,0,0,,different-party
20358,20362,SF,S,0,0,,different-party
20358,20363,SF,S,3,2,0.6666666666666666,different-party
20358,20364,SF,S,3,2,0.6666666666666666,different-party
20358,20365,SF,S,3,2,0.6666666666666666,different-party
20358,20366,SF,S,3,2,0.6666666666666666,different-party
20358,20367,SF,S,3,2,0.6666666666666666,different-party
20358,20368,SF,S,3,2,0.6666666666666666,different-party
20358,20369,SF,KF,0,0,,different-party
20358,20370,SF,ALT,3,2,0.6666666666666666,different-party
20358,20371,SF,V,0,0,,different-party
20358,20372,SF,DD,3,2,0.6666666666666666,different-party
20358,20373,SF,DD,3,2,0.6666666666666666,different-party
20358,20374,SF,DD,0,0,,different-party
20358,20375,SF,DD,0,0,,different-party
20358,20376,SF,DD,3,2,0.6666666666666666,different-party
20358,20377,SF,M,3,2,0.6666666666666666,different-party
20358,20378,SF,M,3,2,0.6666666666666666,different-party
20358,20379,SF,M,0,0,,different-party
20358,20380,SF,M,0,0,,different-party
20358,20381,SF,ALT,3,2,0.6666666666666666,different-party
20358,20382,SF,M,0,0,,different-party
20358,20383,SF,UFG,0,0,,different-party
20358,20384,SF,M,0,0,,different-party
20358,20385,SF,M,3,2,0.6666666666666666,different-party
20358,20386,SF,M,3,2,0.6666666666666666,different-party
20358,20388,SF,UFG,3,2,0.6666666666666666,different-party
20358,20389,SF,M,3,2,0.6666666666666666,different-party
20358,20390,SF,UFG,3,1,0.3333333333333333,different-party
20358,20391,SF,LA,3,2,0.6666666666666666,different-party
20358,20392,SF,LA,0,0,,different-party
20358,20393,SF,LA,3,2,0.6666666666666666,different-party
20358,20394,SF,LA,0,0,,different-party
20358,20395,SF,LA,0,0,,different-party
20358,20396,SF,LA,0,0,,different-party
20358,20397,SF,LA,3,2,0.6666666666666666,different-party
20358,20398,SF,LA,3,2,0.6666666666666666,different-party
20358,20399,SF,LA,3,2,0.6666666666666666,different-party
20358,20400,SF,LA,3,2,0.6666666666666666,different-party
20358,20411,SF,EL,0,0,,different-party
20358,20415,SF,M,3,2,0.6666666666666666,different-party
20358,20496,SF,M,3,2,0.6666666666666666,different-party
20358,20781,SF,S,3,2,0.6666666666666666,different-party
20358,20798,SF,SF,3,3,1.0,same-party
20358,20820,SF,LA,3,2,0.6666666666666666,different-party
20358,20917,SF,KF,0,0,,different-party
20358,20925,SF,KF,3,2,0.6666666666666666,different-party
20358,20930,SF,S,3,2,0.6666666666666666,different-party
20358,20962,SF,SF,3,3,1.0,same-party
20358,20966,SF,KF,3,2,0.6666666666666666,different-party
20358,21044,SF,S,3,2,0.6666666666666666,different-party
20358,21083,SF,S,0,0,,different-party
20358,21143,SF,S,3,2,0.6666666666666666,different-party
20358,21159,SF,M,0,0,,different-party
20358,21168,SF,V,3,2,0.6666666666666666,different-party
20358,21186,SF,S,0,0,,different-party
20358,21194,SF,KF,3,2,0.6666666666666666,different-party
20358,21206,SF,N,0,0,,different-party
20359,20360,SF,SF,82,82,1.0,same-party
20359,20361,SF,S,15,10,0.6666666666666666,different-party
20359,20362,SF,S,146,99,0.678082191780822,different-party
20359,20363,SF,S,159,105,0.660377358490566,different-party
20359,20364,SF,S,152,101,0.6644736842105263,different-party
20359,20365,SF,S,132,82,0.6212121212121212,different-party
20359,20366,SF,S,23,13,0.5652173913043478,different-party
20359,20367,SF,S,159,106,0.6666666666666666,different-party
20359,20368,SF,S,128,83,0.6484375,different-party
20359,20369,SF,KF,133,85,0.6390977443609023,different-party
20359,20370,SF,ALT,66,57,0.8636363636363636,different-party
20359,20371,SF,V,138,86,0.6231884057971014,different-party
20359,20372,SF,DD,47,26,0.5531914893617021,different-party
20359,20373,SF,DD,49,27,0.5510204081632653,different-party
20359,20374,SF,DD,132,53,0.4015151515151515,different-party
20359,20375,SF,DD,109,43,0.3944954128440367,different-party
20359,20376,SF,DD,152,65,0.4276315789473684,different-party
20359,20377,SF,M,77,59,0.7662337662337663,different-party
20359,20378,SF,M,159,106,0.6666666666666666,different-party
20359,20379,SF,M,0,0,,different-party
20359,20380,SF,M,10,6,0.6,different-party
20359,20381,SF,ALT,142,116,0.8169014084507042,different-party
20359,20382,SF,M,18,10,0.5555555555555556,different-party
20359,20383,SF,UFG,36,25,0.6944444444444444,different-party
20359,20384,SF,M,86,50,0.5813953488372093,different-party
20359,20385,SF,M,61,45,0.7377049180327869,different-party
20359,20386,SF,M,109,67,0.6146788990825688,different-party
20359,20388,SF,UFG,49,32,0.6530612244897959,different-party
20359,20389,SF,M,149,97,0.6510067114093959,different-party
20359,20390,SF,UFG,67,39,0.582089552238806,different-party
20359,20391,SF,LA,130,49,0.3769230769230769,different-party
20359,20392,SF,LA,36,25,0.6944444444444444,different-party
20359,20393,SF,LA,130,59,0.45384615384615384,different-party
20359,20394,SF,LA,137,61,0.44525547445255476,different-party
20359,20395,SF,LA,127,54,0.4251968503937008,different-party
20359,20396,SF,LA,91,32,0.3516483516483517,different-party
20359,20397,SF,LA,40,25,0.625,different-party
20359,20398,SF,LA,153,69,0.45098039215686275,different-party
20359,20399,SF,LA,134,55,0.41044776119402987,different-party
20359,20400,SF,LA,155,73,0.47096774193548385,different-party
20359,20411,SF,EL,69,54,0.782608695652174,different-party
20359,20415,SF,M,157,103,0.6560509554140127,different-party
20359,20496,SF,M,135,90,0.6666666666666666,different-party
20359,20781,SF,S,159,105,0.660377358490566,different-party
20359,20798,SF,SF,153,153,1.0,same-party
20359,20820,SF,LA,87,53,0.6091954022988506,different-party
20359,20917,SF,KF,4,3,0.75,different-party
20359,20925,SF,KF,151,105,0.695364238410596,different-party
20359,20930,SF,S,74,55,0.7432432432432432,different-party
20359,20962,SF,SF,73,73,1.0,same-party
20359,20966,SF,KF,64,48,0.75,different-party
20359,21044,SF,S,161,106,0.6583850931677019,different-party
20359,21083,SF,S,2,0,0.0,different-party
20359,21143,SF,S,125,77,0.616,different-party
20359,21159,SF,M,137,91,0.6642335766423357,different-party
20359,21168,SF,V,120,73,0.6083333333333333,different-party
20359,21186,SF,S,2,0,0.0,different-party
20359,21194,SF,KF,62,47,0.7580645161290323,different-party
20359,21206,SF,N,0,0,,different-party
20360,20361,SF,S,11,6,0.5454545454545454,different-party
20360,20362,SF,S,76,59,0.7763157894736842,different-party
20360,20363,SF,S,80,58,0.725,different-party
20360,20364,SF,S,74,55,0.7432432432432432,different-party
20360,20365,SF,S,60,42,0.7,different-party
20360,20366,SF,S,26,16,0.6153846153846154,different-party
20360,20367,SF,S,87,66,0.7586206896551724,different-party
20360,20368,SF,S,65,48,0.7384615384615385,different-party
20360,20369,SF,KF,75,54,0.72,different-party
20360,20370,SF,ALT,69,62,0.8985507246376812,different-party
20360,20371,SF,V,66,46,0.696969696969697,different-party
20360,20372,SF,DD,40,22,0.55,different-party
20360,20373,SF,DD,52,31,0.5961538461538461,different-party
20360,20374,SF,DD,63,40,0.6349206349206349,different-party
20360,20375,SF,DD,34,24,0.7058823529411765,different-party
20360,20376,SF,DD,80,50,0.625,different-party
20360,20377,SF,M,71,57,0.8028169014084507,different-party
20360,20378,SF,M,87,66,0.7586206896551724,different-party
20360,20379,SF,M,0,0,,different-party
20360,20380,SF,M,9,5,0.5555555555555556,different-party
20360,20381,SF,ALT,70,66,0.9428571428571428,different-party
20360,20382,SF,M,14,6,0.42857142857142855,different-party
20360,20383,SF,UFG,39,28,0.717948717948718,different-party
20360,20384,SF,M,10,6,0.6,different-party
20360,20385,SF,M,64,48,0.75,different-party
20360,20386,SF,M,44,30,0.6818181818181818,different-party
20360,20388,SF,UFG,41,28,0.6829268292682927,different-party
20360,20389,SF,M,76,56,0.7368421052631579,different-party
20360,20390,SF,UFG,64,36,0.5625,different-party
20360,20391,SF,LA,67,36,0.5373134328358209,different-party
20360,20392,SF,LA,42,30,0.7142857142857143,different-party
20360,20393,SF,LA,62,42,0.6774193548387096,different-party
20360,20394,SF,LA,68,43,0.6323529411764706,different-party
20360,20395,SF,LA,54,34,0.6296296296296297,different-party
20360,20396,SF,LA,17,10,0.5882352941176471,different-party
20360,20397,SF,LA,37,24,0.6486486486486487,different-party
20360,20398,SF,LA,74,44,0.5945945945945946,different-party
20360,20399,SF,LA,60,33,0.55,different-party
20360,20400,SF,LA,83,54,0.6506024096385542,different-party
20360,20411,SF,EL,60,49,0.8166666666666667,different-party
20360,20415,SF,M,85,63,0.7411764705882353,different-party
20360,20496,SF,M,70,53,0.7571428571428571,different-party
20360,20781,SF,S,80,58,0.725,different-party
20360,20798,SF,SF,80,80,1.0,same-party
20360,20820,SF,LA,80,50,0.625,different-party
20360,20917,SF,KF,4,3,0.75,different-party
20360,20925,SF,KF,79,62,0.7848101265822784,different-party
20360,20930,SF,S,66,52,0.7878787878787878,different-party
20360,20962,SF,SF,76,76,1.0,same-party
20360,20966,SF,KF,58,43,0.7413793103448276,different-party
20360,21044,SF,S,89,66,0.7415730337078652,different-party
20360,21083,SF,S,2,0,0.0,different-party
20360,21143,SF,S,56,36,0.6428571428571429,different-party
20360,21159,SF,M,69,55,0.7971014492753623,different-party
20360,21168,SF,V,47,32,0.6808510638297872,different-party
20360,21186,SF,S,2,0,0.0,different-party
20360,21194,SF,KF,53,39,0.7358490566037735,different-party
20360,21206,SF,N,0,0,,different-party
20361,20362,S,S,6,6,1.0,same-party
20361,20363,S,S,15,15,1.0,same-party
20361,20364,S,S,6,6,1.0,same-party
20361,20365,S,S,15,15,1.0,same-party
20361,20366,S,S,15,15,1.0,same-party
20361,20367,S,S,15,15,1.0,same-party
20361,20368,S,S,6,6,1.0,same-party
20361,20369,S,KF,15,10,0.6666666666666666,different-party
20361,20370,S,ALT,15,8,0.5333333333333333,different-party
20361,20371,S,V,15,15,1.0,different-party
20361,20372,S,DD,9,6,0.6666666666666666,different-party
20361,20373,S,DD,15,7,0.4666666666666667,different-party
20361,20374,S,DD,14,6,0.42857142857142855,different-party
20361,20375,S,DD,0,0,,different-party
20361,20376,S,DD,15,7,0.4666666666666667,different-party
20361,20377,S,M,6,6,1.0,different-party
20361,20378,S,M,15,15,1.0,different-party
20361,20379,S,M,0,0,,different-party
20361,20380,S,M,10,10,1.0,different-party
20361,20381,S,ALT,15,8,0.5333333333333333,different-party
20361,20382,S,M,15,15,1.0,different-party
20361,20383,S,UFG,6,4,0.6666666666666666,different-party
20361,20384,S,M,3,3,1.0,different-party
20361,20385,S,M,15,15,1.0,different-party
20361,20386,S,M,0,0,,different-party
20361,20388,S,UFG,0,0,,different-party
20361,20389,S,M,15,15,1.0,different-party
20361,20390,S,UFG,9,5,0.5555555555555556,different-party
20361,20391,S,LA,15,9,0.6,different-party
20361,20392,S,LA,11,7,0.6363636363636364,different-party
20361,20393,S,LA,9,6,0.6666666666666666,different-party
20361,20394,S,LA,15,9,0.6,different-party
20361,20395,S,LA,15,10,0.6666666666666666,different-party
20361,20396,S,LA,0,0,,different-party
20361,20397,S,LA,0,0,,different-party
20361,20398,S,LA,13,7,0.5384615384615384,different-party
20361,20399,S,LA,9,6,0.6666666666666666,different-party
20361,20400,S,LA,15,9,0.6,different-party
20361,20411,S,EL,9,5,0.5555555555555556,different-party
20361,20415,S,M,15,15,1.0,different-party
20361,20496,S,M,9,9,1.0,different-party
20361,20781,S,S,15,15,1.0,same-party
20361,20798,S,SF,15,10,0.6666666666666666,different-party
20361,20820,S,LA,13,8,0.6153846153846154,different-party
20361,20917,S,KF,0,0,,different-party
20361,20925,S,KF,6,5,0.8333333333333334,different-party
20361,20930,S,S,0,0,,same-party
20361,20962,S,SF,15,10,0.6666666666666666,different-party
20361,20966,S,KF,15,11,0.7333333333333333,different-party
20361,21044,S,S,15,15,1.0,same-party
20361,21083,S,S,0,0,,same-party
20361,21143,S,S,14,14,1.0,same-party
20361,21159,S,M,0,0,,different-party
20361,21168,S,V,15,15,1.0,different-party
20361,21186,S,S,0,0,,same-party
20361,21194,S,KF,9,6,0.6666666666666666,different-party
20361,21206,S,N,0,0,,different-party
20362,20363,S,S,144,144,1.0,same-party
20362,20364,S,S,147,147,1.0,same-party
20362,20365,S,S,124,124,1.0,same-party
20362,20366,S,S,17,17,1.0,same-party
20362,20367,S,S,152,152,1.0,same-party
20362,20368,S,S,131,131,1.0,same-party
20362,20369,S,KF,131,124,0.9465648854961832,different-party
20362,20370,S,ALT,61,47,0.7704918032786885,different-party
20362,20371,S,V,133,133,1.0,different-party
20362,20372,S,DD,33,26,0.7878787878787878,different-party
20362,20373,S,DD,43,30,0.6976744186046512,different-party
20362,20374,S,DD,125,57,0.456,different-party
20362,20375,S,DD,107,42,0.3925233644859813,different-party
20362,20376,S,DD,144,65,0.4513888888888889,different-party
20362,20377,S,M,78,78,1.0,different-party
20362,20378,S,M,152,152,1.0,different-party
20362,20379,S,M,0,0,,different-party
20362,20380,S,M,1,1,1.0,different-party
20362,20381,S,ALT,135,78,0.5777777777777777,different-party
20362,20382,S,M,8,8,1.0,different-party
20362,20383,S,UFG,43,37,0.8604651162790697,different-party
20362,20384,S,M,83,83,1.0,different-party
20362,20385,S,M,55,55,1.0,different-party
20362,20386,S,M,105,104,0.9904761904761905,different-party
20362,20388,S,UFG,45,42,0.9333333333333333,different-party
20362,20389,S,M,140,140,1.0,different-party
20362,20390,S,UFG,59,42,0.711864406779661,different-party
20362,20391,S,LA,124,81,0.6532258064516129,different-party
20362,20392,S,LA,33,27,0.8181818181818182,different-party
20362,20393,S,LA,122,82,0.6721311475409836,different-party
20362,20394,S,LA,129,90,0.6976744186046512,different-party
20362,20395,S,LA,122,81,0.6639344262295082,different-party
20362,20396,S,LA,89,52,0.5842696629213483,different-party
20362,20397,S,LA,40,28,0.7,different-party
20362,20398,S,LA,141,95,0.6737588652482269,different-party
20362,20399,S,LA,120,77,0.6416666666666667,different-party
20362,20400,S,LA,147,98,0.6666666666666666,different-party
20362,20411,S,EL,57,33,0.5789473684210527,different-party
20362,20415,S,M,150,150,1.0,different-party
20362,20496,S,M,124,124,1.0,different-party
20362,20781,S,S,145,145,1.0,same-party
20362,20798,S,SF,144,102,0.7083333333333334,different-party
20362,20820,S,LA,81,61,0.7530864197530864,different-party
20362,20917,S,KF,3,2,0.6666666666666666,different-party
20362,20925,S,KF,152,142,0.9342105263157895,different-party
20362,20930,S,S,75,75,1.0,same-party
20362,20962,S,SF,67,54,0.8059701492537313,different-party
20362,20966,S,KF,56,47,0.8392857142857143,different-party
20362,21044,S,S,153,153,1.0,same-party
20362,21083,S,S,1,1,1.0,same-party
20362,21143,S,S,112,112,1.0,same-party
20362,21159,S,M,141,141,1.0,different-party
20362,21168,S,V,111,111,1.0,different-party
20362,21186,S,S,1,1,1.0,same-party
20362,21194,S,KF,47,41,0.8723404255319149,different-party
20362,21206,S,N,0,0,,different-party
20363,20364,S,S,150,150,1.0,same-party
20363,20365,S,S,130,130,1.0,same-party
20363,20366,S,S,21,21,1.0,same-party
20363,20367,S,S,157,157,1.0,same-party
20363,20368,S,S,126,126,1.0,same-party
20363,20369,S,KF,131,123,0.9389312977099237,different-party
20363,20370,S,ALT,64,45,0.703125,different-party
20363,20371,S,V,136,136,1.0,different-party
20363,20372,S,DD,47,34,0.723404255319149,different-party
20363,20373,S,DD,47,31,0.6595744680851063,different-party
20363,20374,S,DD,130,60,0.46153846153846156,different-party
20363,20375,S,DD,109,43,0.3944954128440367,different-party
20363,20376,S,DD,150,67,0.44666666666666666,different-party
20363,20377,S,M,75,75,1.0,different-party
20363,20378,S,M,157,157,1.0,different-party
20363,20379,S,M,0,0,,different-party
20363,20380,S,M,10,10,1.0,different-party
20363,20381,S,ALT,140,76,0.5428571428571428,different-party
20363,20382,S,M,18,18,1.0,different-party
20363,20383,S,UFG,34,31,0.9117647058823529,different-party
20363,20384,S,M,86,86,1.0,different-party
20363,20385,S,M,59,59,1.0,different-party
20363,20386,S,M,109,108,0.9908256880733946,different-party
20363,20388,S,UFG,47,45,0.9574468085106383,different-party
20363,20389,S,M,149,149,1.0,different-party
20363,20390,S,UFG,67,47,0.7014925373134329,different-party
20363,20391,S,LA,128,83,0.6484375,different-party
20363,20392,S,LA,36,28,0.7777777777777778,different-party
20363,20393,S,LA,128,85,0.6640625,different-party
20363,20394,S,LA,135,94,0.6962962962962963,different-party
20363,20395,S,LA,127,84,0.6614173228346457,different-party
20363,20396,S,LA,89,51,0.5730337078651685,different-party
20363,20397,S,LA,40,27,0.675,different-party
20363,20398,S,LA,153,103,0.673202614379085,different-party
20363,20399,S,LA,132,85,0.6439393939393939,different-party
20363,20400,S,LA,153,101,0.6601307189542484,different-party
20363,20411,S,EL,69,38,0.5507246376811594,different-party
20363,20415,S,M,155,155,1.0,different-party
20363,20496,S,M,133,133,1.0,different-party
20363,20781,S,S,157,157,1.0,same-party
20363,20798,S,SF,153,103,0.673202614379085,different-party
20363,20820,S,LA,87,65,0.7471264367816092,different-party
20363,20917,S,KF,4,2,0.5,different-party
20363,20925,S,KF,149,138,0.9261744966442953,different-party
20363,20930,S,S,72,72,1.0,same-party
20363,20962,S,SF,71,53,0.7464788732394366,different-party
20363,20966,S,KF,62,49,0.7903225806451613,different-party
20363,21044,S,S,159,159,1.0,same-party
20363,21083,S,S,2,2,1.0,same-party
20363,21143,S,S,125,125,1.0,same-party
20363,21159,S,M,135,135,1.0,different-party
20363,21168,S,V,120,120,1.0,different-party
20363,21186,S,S,2,2,1.0,same-party
20363,21194,S,KF,62,50,0.8064516129032258,different-party
20363,21206,S,N,0,0,,different-party
20364,20365,S,S,124,124,1.0,same-party
20364,20366,S,S,15,15,1.0,same-party
20364,20367,S,S,151,151,1.0,same-party
20364,20368,S,S,129,129,1.0,same-party
20364,20369,S,KF,125,119,0.952,different-party
20364,20370,S,ALT,58,42,0.7241379310344828,different-party
20364,20371,S,V,130,130,1.0,different-party
20364,20372,S,DD,38,28,0.7368421052631579,different-party
20364,20373,S,DD,41,27,0.6585365853658537,different-party
20364,20374,S,DD,125,57,0.456,different-party
20364,20375,S,DD,109,43,0.3944954128440367,different-party
20364,20376,S,DD,144,63,0.4375,different-party
20364,20377,S,M,78,78,1.0,different-party
20364,20378,S,M,151,151,1.0,different-party
20364,20379,S,M,0,0,,different-party
20364,20380,S,M,1,1,1.0,different-party
20364,20381,S,ALT,134,73,0.5447761194029851,different-party
20364,20382,S,M,9,9,1.0,different-party
20364,20383,S,UFG,37,32,0.8648648648648649,different-party
20364,20384,S,M,86,86,1.0,different-party
20364,20385,S,M,53,53,1.0,different-party
20364,20386,S,M,109,108,0.9908256880733946,different-party
20364,20388,S,UFG,50,47,0.94,different-party
20364,20389,S,M,140,140,1.0,different-party
20364,20390,S,UFG,58,42,0.7241379310344828,different-party
20364,20391,S,LA,122,79,0.6475409836065574,different-party
20364,20392,S,LA,27,22,0.8148148148148148,different-party
20364,20393,S,LA,122,81,0.6639344262295082,different-party
20364,20394,S,LA,129,90,0.6976744186046512,different-party
20364,20395,S,LA,118,77,0.652542372881356,different-party
20364,20396,S,LA,92,53,0.5760869565217391,different-party
20364,20397,S,LA,40,27,0.675,different-party
20364,20398,S,LA,146,99,0.678082191780822,different-party
20364,20399,S,LA,126,81,0.6428571428571429,different-party
20364,20400,S,LA,147,97,0.6598639455782312,different-party
20364,20411,S,EL,60,33,0.55,different-party
20364,20415,S,M,149,149,1.0,different-party
20364,20496,S,M,127,127,1.0,different-party
20364,20781,S,S,150,150,1.0,same-party
20364,20798,S,SF,144,98,0.6805555555555556,different-party
20364,20820,S,LA,80,60,0.75,different-party
20364,20917,S,KF,4,2,0.5,different-party
20364,20925,S,KF,152,140,0.9210526315789473,different-party
20364,20930,S,S,75,75,1.0,same-party
20364,20962,S,SF,65,50,0.7692307692307693,different-party
20364,20966,S,KF,56,45,0.8035714285714286,different-party
20364,21044,S,S,153,153,1.0,same-party
20364,21083,S,S,2,2,1.0,same-party
20364,21143,S,S,116,116,1.0,same-party
20364,21159,S,M,138,138,1.0,different-party
20364,21168,S,V,111,111,1.0,different-party
20364,21186,S,S,2,2,1.0,same-party
20364,21194,S,KF,53,44,0.8301886792452831,different-party
20364,21206,S,N,0,0,,different-party
20365,20366,S,S,30,30,1.0,same-party
20365,20367,S,S,137,137,1.0,same-party
20365,20368,S,S,106,106,1.0,same-party
20365,20369,S,KF,120,111,0.925,different-party
20365,20370,S,ALT,53,37,0.6981132075471698,different-party
20365,20371,S,V,136,136,1.0,different-party
20365,20372,S,DD,38,25,0.6578947368421053,different-party
20365,20373,S,DD,47,28,0.5957446808510638,different-party
20365,20374,S,DD,104,39,0.375,different-party
20365,20375,S,DD,89,29,0.3258426966292135,different-party
20365,20376,S,DD,139,59,0.4244604316546763,different-party
20365,20377,S,M,57,57,1.0,different-party
20365,20378,S,M,137,137,1.0,different-party
20365,20379,S,M,0,0,,different-party
20365,20380,S,M,10,10,1.0,different-party
20365,20381,S,ALT,120,62,0.5166666666666667,different-party
20365,20382,S,M,18,18,1.0,different-party
20365,20383,S,UFG,23,18,0.782608695652174,different-party
20365,20384,S,M,86,86,1.0,different-party
20365,20385,S,M,39,39,1.0,different-party
20365,20386,S,M,100,99,0.99,different-party
20365,20388,S,UFG,22,21,0.9545454545454546,different-party
20365,20389,S,M,126,126,1.0,different-party
20365,20390,S,UFG,44,25,0.5681818181818182,different-party
20365,20391,S,LA,128,81,0.6328125,different-party
20365,20392,S,LA,22,15,0.6818181818181818,different-party
20365,20393,S,LA,118,75,0.635593220338983,different-party
20365,20394,S,LA,109,69,0.6330275229357798,different-party
20365,20395,S,LA,113,71,0.6283185840707964,different-party
20365,20396,S,LA,92,53,0.5760869565217391,different-party
20365,20397,S,LA,38,24,0.631578947368421,different-party
20365,20398,S,LA,124,76,0.6129032258064516,different-party
20365,20399,S,LA,126,78,0.6190476190476191,different-party
20365,20400,S,LA,133,81,0.6090225563909775,different-party
20365,20411,S,EL,40,19,0.475,different-party
20365,20415,S,M,135,135,1.0,different-party
20365,20496,S,M,116,116,1.0,different-party
20365,20781,S,S,130,130,1.0,same-party
20365,20798,S,SF,130,85,0.6538461538461539,different-party
20365,20820,S,LA,64,43,0.671875,different-party
20365,20917,S,KF,4,2,0.5,different-party
20365,20925,S,KF,130,118,0.9076923076923077,different-party
20365,20930,S,S,52,52,1.0,same-party
20365,20962,S,SF,60,43,0.7166666666666667,different-party
20365,20966,S,KF,42,28,0.6666666666666666,different-party
20365,21044,S,S,139,139,1.0,same-party
20365,21083,S,S,2,2,1.0,same-party
20365,21143,S,S,117,117,1.0,same-party
20365,21159,S,M,118,118,1.0,different-party
20365,21168,S,V,126,126,1.0,different-party
20365,21186,S,S,2,2,1.0,same-party
20365,21194,S,KF,33,22,0.6666666666666666,different-party
20365,21206,S,N,0,0,,different-party
20366,20367,S,S,28,28,1.0,same-party
20366,20368,S,S,21,21,1.0,same-party
20366,20369,S,KF,25,18,0.72,different-party
20366,20370,S,ALT,28,17,0.6071428571428571,different-party
20366,20371,S,V,27,27,1.0,different-party
20366,20372,S,DD,12,7,0.5833333333333334,different-party
20366,20373,S,DD,30,14,0.4666666666666667,different-party
20366,20374,S,DD,19,8,0.42105263157894735,different-party
20366,20375,S,DD,1,0,0.0,different-party
20366,20376,S,DD,30,14,0.4666666666666667,different-party
20366,20377,S,M,20,20,1.0,different-party
20366,20378,S,M,28,28,1.0,different-party
20366,20379,S,M,0,0,,different-party
20366,20380,S,M,10,10,1.0,different-party
20366,20381,S,ALT,29,17,0.5862068965517241,different-party
20366,20382,S,M,18,18,1.0,different-party
20366,20383,S,UFG,17,12,0.7058823529411765,different-party
20366,20384,S,M,6,6,1.0,different-party
20366,20385,S,M,29,29,1.0,different-party
20366,20386,S,M,4,4,1.0,different-party
20366,20388,S,UFG,7,6,0.8571428571428571,different-party
20366,20389,S,M,27,27,1.0,different-party
20366,20390,S,UFG,19,10,0.5263157894736842,different-party
20366,20391,S,LA,30,20,0.6666666666666666,different-party
20366,20392,S,LA,19,13,0.6842105263157895,different-party
20366,20393,S,LA,22,16,0.7272727272727273,different-party
20366,20394,S,LA,19,12,0.631578947368421,different-party
20366,20395,S,LA,22,16,0.7272727272727273,different-party
20366,20396,S,LA,4,2,0.5,different-party
20366,20397,S,LA,11,8,0.7272727272727273,different-party
20366,20398,S,LA,18,11,0.6111111111111112,different-party
20366,20399,S,LA,17,11,0.6470588235294118,different-party
20366,20400,S,LA,30,20,0.6666666666666666,different-party
20366,20411,S,EL,10,5,0.5,different-party
20366,20415,S,M,29,29,1.0,different-party
20366,20496,S,M,16,16,1.0,different-party
20366,20781,S,S,22,22,1.0,same-party
20366,20798,S,SF,27,18,0.6666666666666666,different-party
20366,20820,S,LA,24,17,0.7083333333333334,different-party
20366,20917,S,KF,1,0,0.0,different-party
20366,20925,S,KF,21,16,0.7619047619047619,different-party
20366,20930,S,S,13,13,1.0,same-party
20366,20962,S,SF,29,20,0.6896551724137931,different-party
20366,20966,S,KF,30,22,0.7333333333333333,different-party
20366,21044,S,S,30,30,1.0,same-party
20366,21083,S,S,2,2,1.0,same-party
20366,21143,S,S,20,20,1.0,same-party
20366,21159,S,M,10,10,1.0,different-party
20366,21168,S,V,27,27,1.0,different-party
20366,21186,S,S,2,2,1.0,same-party
20366,21194,S,KF,14,9,0.6428571428571429,different-party
20366,21206,S,N,0,0,,different-party
20367,20368,S,S,133,133,1.0,same-party
20367,20369,S,KF,139,129,0.9280575539568345,different-party
20367,20370,S,ALT,72,53,0.7361111111111112,different-party
20367,20371,S,V,143,143,1.0,different-party
20367,20372,S,DD,47,34,0.723404255319149,different-party
20367,20373,S,DD,54,37,0.6851851851851852,different-party
20367,20374,S,DD,132,62,0.4696969696969697,different-party
20367,20375,S,DD,109,43,0.3944954128440367,different-party
20367,20376,S,DD,157,73,0.46496815286624205,different-party
20367,20377,S,M,82,82,1.0,different-party
20367,20378,S,M,165,165,1.0,different-party
20367,20379,S,M,0,0,,different-party
20367,20380,S,M,10,10,1.0,different-party
20367,20381,S,ALT,148,84,0.5675675675675675,different-party
20367,20382,S,M,16,16,1.0,different-party
20367,20383,S,UFG,42,36,0.8571428571428571,different-party
20367,20384,S,M,84,84,1.0,different-party
20367,20385,S,M,66,66,1.0,different-party
20367,20386,S,M,108,107,0.9907407407407407,different-party
20367,20388,S,UFG,50,47,0.94,different-party
20367,20389,S,M,153,153,1.0,different-party
20367,20390,S,UFG,73,50,0.684931506849315,different-party
20367,20391,S,LA,135,89,0.6592592592592592,different-party
20367,20392,S,LA,41,32,0.7804878048780488,different-party
20367,20393,S,LA,136,92,0.6764705882352942,different-party
20367,20394,S,LA,137,95,0.6934306569343066,different-party
20367,20395,S,LA,132,88,0.6666666666666666,different-party
20367,20396,S,LA,91,53,0.5824175824175825,different-party
20367,20397,S,LA,45,32,0.7111111111111111,different-party
20367,20398,S,LA,152,102,0.6710526315789473,different-party
20367,20399,S,LA,134,87,0.6492537313432836,different-party
20367,20400,S,LA,160,107,0.66875,different-party
20367,20411,S,EL,68,38,0.5588235294117647,different-party
20367,20415,S,M,163,163,1.0,different-party
20367,20496,S,M,136,136,1.0,different-party
20367,20781,S,S,158,158,1.0,same-party
20367,20798,S,SF,157,109,0.6942675159235668,different-party
20367,20820,S,LA,92,69,0.75,different-party
20367,20917,S,KF,3,2,0.6666666666666666,different-party
20367,20925,S,KF,156,144,0.9230769230769231,different-party
20367,20930,S,S,80,80,1.0,same-party
20367,20962,S,SF,78,61,0.782051282051282,different-party
20367,20966,S,KF,69,55,0.7971014492753623,different-party
20367,21044,S,S,166,166,1.0,same-party
20367,21083,S,S,1,1,1.0,same-party
20367,21143,S,S,123,123,1.0,same-party
20367,21159,S,M,143,143,1.0,different-party
20367,21168,S,V,124,124,1.0,different-party
20367,21186,S,S,1,1,1.0,same-party
20367,21194,S,KF,61,50,0.819672131147541,different-party
20367,21206,S,N,0,0,,different-party
20368,20369,S,KF,116,109,0.9396551724137931,different-party
20368,20370,S,ALT,49,37,0.7551020408163265,different-party
20368,20371,S,V,112,112,1.0,different-party
20368,20372,S,DD,31,26,0.8387096774193549,different-party
20368,20373,S,DD,47,31,0.6595744680851063,different-party
20368,20374,S,DD,125,57,0.456,different-party
20368,20375,S,DD,100,39,0.39,different-party
20368,20376,S,DD,126,53,0.42063492063492064,different-party
20368,20377,S,M,60,60,1.0,different-party
20368,20378,S,M,133,133,1.0,different-party
20368,20379,S,M,0,0,,different-party
20368,20380,S,M,1,1,1.0,different-party
20368,20381,S,ALT,131,75,0.5725190839694656,different-party
20368,20382,S,M,9,9,1.0,different-party
20368,20383,S,UFG,43,37,0.8604651162790697,different-party
20368,20384,S,M,77,77,1.0,different-party
20368,20385,S,M,59,59,1.0,different-party
20368,20386,S,M,94,94,1.0,different-party
20368,20388,S,UFG,41,38,0.926829268292683,different-party
20368,20389,S,M,122,122,1.0,different-party
20368,20390,S,UFG,55,41,0.7454545454545455,different-party
20368,20391,S,LA,113,74,0.6548672566371682,different-party
20368,20392,S,LA,33,27,0.8181818181818182,different-party
20368,20393,S,LA,104,72,0.6923076923076923,different-party
20368,20394,S,LA,114,80,0.7017543859649122,different-party
20368,20395,S,LA,115,78,0.6782608695652174,different-party
20368,20396,S,LA,83,49,0.5903614457831325,different-party
20368,20397,S,LA,22,18,0.8181818181818182,different-party
20368,20398,S,LA,122,85,0.6967213114754098,different-party
20368,20399,S,LA,102,67,0.6568627450980392,different-party
20368,20400,S,LA,129,88,0.6821705426356589,different-party
20368,20411,S,EL,36,20,0.5555555555555556,different-party
20368,20415,S,M,131,131,1.0,different-party
20368,20496,S,M,112,112,1.0,different-party
20368,20781,S,S,126,126,1.0,same-party
20368,20798,S,SF,126,86,0.6825396825396826,different-party
20368,20820,S,LA,62,51,0.8225806451612904,different-party
20368,20917,S,KF,4,2,0.5,different-party
20368,20925,S,KF,134,126,0.9402985074626866,different-party
20368,20930,S,S,57,57,1.0,same-party
20368,20962,S,SF,56,43,0.7678571428571429,different-party
20368,20966,S,KF,53,46,0.8679245283018868,different-party
20368,21044,S,S,135,135,1.0,same-party
20368,21083,S,S,2,2,1.0,same-party
20368,21143,S,S,101,101,1.0,same-party
20368,21159,S,M,120,120,1.0,different-party
20368,21168,S,V,93,93,1.0,different-party
20368,21186,S,S,2,2,1.0,same-party
20368,21194,S,KF,44,40,0.9090909090909091,different-party
20368,21206,S,N,0,0,,different-party
20369,20370,KF,ALT,70,49,0.7,different-party
20369,20371,KF,V,120,111,0.925,different-party
20369,20372,KF,DD,28,22,0.7857142857142857,different-party
20369,20373,KF,DD,42,30,0.7142857142857143,different-party
20369,20374,KF,DD,118,55,0.4661016949152542,different-party
20369,20375,KF,DD,94,39,0.4148936170212766,different-party
20369,20376,KF,DD,140,71,0.5071428571428571,different-party
20369,20377,KF,M,62,55,0.8870967741935484,different-party
20369,20378,KF,M,140,130,0.9285714285714286,different-party
20369,20379,KF,M,0,0,,different-party
20369,20380,KF,M,10,6,0.6,different-party
20369,20381,KF,ALT,122,66,0.5409836065573771,different-party
20369,20382,KF,M,16,11,0.6875,different-party
20369,20383,KF,UFG,42,38,0.9047619047619048,different-party
20369,20384,KF,M,70,68,0.9714285714285714,different-party
20369,20385,KF,M,55,46,0.8363636363636363,different-party
20369,20386,KF,M,91,89,0.978021978021978,different-party
20369,20388,KF,UFG,29,26,0.896551724137931,different-party
20369,20389,KF,M,127,119,0.937007874015748,different-party
20369,20390,KF,UFG,51,39,0.7647058823529411,different-party
20369,20391,KF,LA,118,79,0.6694915254237288,different-party
20369,20392,KF,LA,41,35,0.8536585365853658,different-party
20369,20393,KF,LA,119,84,0.7058823529411765,different-party
20369,20394,KF,LA,124,89,0.717741935483871,different-party
20369,20395,KF,LA,119,84,0.7058823529411765,different-party
20369,20396,KF,LA,77,50,0.6493506493506493,different-party
20369,20397,KF,LA,24,17,0.7083333333333334,different-party
20369,20398,KF,LA,126,88,0.6984126984126984,different-party
20369,20399,KF,LA,107,72,0.6728971962616822,different-party
20369,20400,KF,LA,134,94,0.7014925373134329,different-party
20369,20411,KF,EL,50,28,0.56,different-party
20369,20415,KF,M,137,128,0.9343065693430657,different-party
20369,20496,KF,M,127,120,0.9448818897637795,different-party
20369,20781,KF,S,132,124,0.9393939393939394,different-party
20369,20798,KF,SF,131,86,0.6564885496183206,different-party
20369,20820,KF,LA,71,56,0.7887323943661971,different-party
20369,20917,KF,KF,3,3,1.0,same-party
20369,20925,KF,KF,130,128,0.9846153846153847,same-party
20369,20930,KF,S,54,50,0.9259259259259259,different-party
20369,20962,KF,SF,76,55,0.7236842105263158,different-party
20369,20966,KF,KF,48,46,0.9583333333333334,same-party
20369,21044,KF,S,140,130,0.9285714285714286,different-party
20369,21083,KF,S,0,0,,different-party
20369,21143,KF,S,107,101,0.9439252336448598,different-party
20369,21159,KF,M,123,118,0.959349593495935,different-party
20369,21168,KF,V,107,100,0.9345794392523364,different-party
20369,21186,KF,S,0,0,,different-party
20369,21194,KF,KF,39,39,1.0,same-party
20369,21206,KF,N,0,0,,different-party
20370,20371,ALT,V,50,36,0.72,different-party
20370,20372,ALT,DD,22,11,0.5,different-party
20370,20373,ALT,DD,38,21,0.5526315789473685,different-party
20370,20374,ALT,DD,48,28,0.5833333333333334,different-party
20370,20375,ALT,DD,30,19,0.6333333333333333,different-party
20370,20376,ALT,DD,73,40,0.547945205479452,different-party
20370,20377,ALT,M,62,46,0.7419354838709677,different-party
20370,20378,ALT,M,73,53,0.726027397260274,different-party
20370,20379,ALT,M,0,0,,different-party
20370,20380,ALT,M,10,5,0.5,different-party
20370,20381,ALT,ALT,58,57,0.9827586206896551,same-party
20370,20382,ALT,M,16,8,0.5,different-party
20370,20383,ALT,UFG,36,27,0.75,different-party
20370,20384,ALT,M,4,2,0.5,different-party
20370,20385,ALT,M,58,42,0.7241379310344828,different-party
20370,20386,ALT,M,28,20,0.7142857142857143,different-party
20370,20388,ALT,UFG,26,18,0.6923076923076923,different-party
20370,20389,ALT,M,60,42,0.7,different-party
20370,20390,ALT,UFG,48,25,0.5208333333333334,different-party
20370,20391,ALT,LA,53,26,0.49056603773584906,different-party
20370,20392,ALT,LA,38,25,0.6578947368421053,different-party
20370,20393,ALT,LA,55,34,0.6181818181818182,different-party
20370,20394,ALT,LA,54,31,0.5740740740740741,different-party
20370,20395,ALT,LA,52,33,0.6346153846153846,different-party
20370,20396,ALT,LA,13,8,0.6153846153846154,different-party
20370,20397,ALT,LA,24,12,0.5,different-party
20370,20398,ALT,LA,62,33,0.532258064516129,different-party
20370,20399,ALT,LA,40,19,0.475,different-party
20370,20400,ALT,LA,73,42,0.5753424657534246,different-party
20370,20411,ALT,EL,44,37,0.8409090909090909,different-party
20370,20415,ALT,M,73,53,0.726027397260274,different-party
20370,20496,ALT,M,60,44,0.7333333333333333,different-party
20370,20781,ALT,S,66,46,0.696969696969697,different-party
20370,20798,ALT,SF,70,61,0.8714285714285714,different-party
20370,20820,ALT,LA,68,39,0.5735294117647058,different-party
20370,20917,ALT,KF,0,0,,different-party
20370,20925,ALT,KF,63,49,0.7777777777777778,different-party
20370,20930,ALT,S,47,36,0.7659574468085106,different-party
20370,20962,ALT,SF,73,64,0.8767123287671232,different-party
20370,20966,ALT,KF,48,33,0.6875,different-party
20370,21044,ALT,S,73,53,0.726027397260274,different-party
20370,21083,ALT,S,0,0,,different-party
20370,21143,ALT,S,43,28,0.6511627906976745,different-party
20370,21159,ALT,M,54,44,0.8148148148148148,different-party
20370,21168,ALT,V,40,26,0.65,different-party
20370,21186,ALT,S,0,0,,different-party
20370,21194,ALT,KF,42,29,0.6904761904761905,different-party
20370,21206,ALT,N,0,0,,different-party
20371,20372,V,DD,44,33,0.75,different-party
20371,20373,V,DD,53,36,0.6792452830188679,different-party
20371,20374,V,DD,113,48,0.4247787610619469,different-party
20371,20375,V,DD,89,29,0.3258426966292135,different-party
20371,20376,V,DD,136,58,0.4264705882352941,different-party
20371,20377,V,M,63,63,1.0,different-party
20371,20378,V,M,143,143,1.0,different-party
20371,20379,V,M,0,0,,different-party
20371,20380,V,M,10,10,1.0,different-party
20371,20381,V,ALT,126,67,0.5317460317460317,different-party
20371,20382,V,M,18,18,1.0,different-party
20371,20383,V,UFG,23,18,0.782608695652174,different-party
20371,20384,V,M,86,86,1.0,different-party
20371,20385,V,M,45,45,1.0,different-party
20371,20386,V,M,106,105,0.9905660377358491,different-party
20371,20388,V,UFG,27,26,0.9629629629629629,different-party
20371,20389,V,M,132,132,1.0,different-party
20371,20390,V,UFG,50,32,0.64,different-party
20371,20391,V,LA,134,87,0.6492537313432836,different-party
20371,20392,V,LA,22,15,0.6818181818181818,different-party
20371,20393,V,LA,115,72,0.6260869565217392,different-party
20371,20394,V,LA,118,78,0.6610169491525424,different-party
20371,20395,V,LA,113,71,0.6283185840707964,different-party
20371,20396,V,LA,92,53,0.5760869565217391,different-party
20371,20397,V,LA,43,29,0.6744186046511628,different-party
20371,20398,V,LA,130,82,0.6307692307692307,different-party
20371,20399,V,LA,132,84,0.6363636363636364,different-party
20371,20400,V,LA,139,87,0.6258992805755396,different-party
20371,20411,V,EL,49,23,0.46938775510204084,different-party
20371,20415,V,M,141,141,1.0,different-party
20371,20496,V,M,113,113,1.0,different-party
20371,20781,V,S,136,136,1.0,different-party
20371,20798,V,SF,136,89,0.6544117647058824,different-party
20371,20820,V,LA,70,49,0.7,different-party
20371,20917,V,KF,4,2,0.5,different-party
20371,20925,V,KF,136,124,0.9117647058823529,different-party
20371,20930,V,S,58,58,1.0,different-party
20371,20962,V,SF,57,41,0.7192982456140351,different-party
20371,20966,V,KF,48,34,0.7083333333333334,different-party
20371,21044,V,S,145,145,1.0,different-party
20371,21083,V,S,2,2,1.0,different-party
20371,21143,V,S,122,122,1.0,different-party
20371,21159,V,M,124,124,1.0,different-party
20371,21168,V,V,123,123,1.0,same-party
20371,21186,V,S,2,2,1.0,different-party
20371,21194,V,KF,39,28,0.717948717948718,different-party
20371,21206,V,N,0,0,,different-party
20372,20373,DD,DD,38,38,1.0,same-party
20372,20374,DD,DD,36,36,1.0,same-party
20372,20375,DD,DD,20,20,1.0,same-party
20372,20376,DD,DD,38,38,1.0,same-party
20372,20377,DD,M,32,22,0.6875,different-party
20372,20378,DD,M,47,34,0.723404255319149,different-party
20372,20379,DD,M,0,0,,different-party
20372,20380,DD,M,9,6,0.6666666666666666,different-party
20372,20381,DD,ALT,44,22,0.5,different-party
20372,20382,DD,M,9,6,0.6666666666666666,different-party
20372,20383,DD,UFG,6,6,1.0,different-party
20372,20384,DD,M,12,7,0.5833333333333334,different-party
20372,20385,DD,M,31,23,0.7419354838709677,different-party
20372,20386,DD,M,28,23,0.8214285714285714,different-party
20372,20388,DD,UFG,24,17,0.7083333333333334,different-party
20372,20389,DD,M,37,27,0.7297297297297297,different-party
20372,20390,DD,UFG,44,37,0.8409090909090909,different-party
20372,20391,DD,LA,38,34,0.8947368421052632,different-party
20372,20392,DD,LA,12,11,0.9166666666666666,different-party
20372,20393,DD,LA,25,22,0.88,different-party
20372,20394,DD,LA,27,26,0.9629629629629629,different-party
20372,20395,DD,LA,32,29,0.90625,different-party
20372,20396,DD,LA,20,17,0.85,different-party
20372,20397,DD,LA,21,17,0.8095238095238095,different-party
20372,20398,DD,LA,42,38,0.9047619047619048,different-party
20372,20399,DD,LA,47,42,0.8936170212765957,different-party
20372,20400,DD,LA,41,36,0.8780487804878049,different-party
20372,20411,DD,EL,31,12,0.3870967741935484,different-party
20372,20415,DD,M,44,31,0.7045454545454546,different-party
20372,20496,DD,M,31,23,0.7419354838709677,different-party
20372,20781,DD,S,46,33,0.717391304347826,different-party
20372,20798,DD,SF,41,24,0.5853658536585366,different-party
20372,20820,DD,LA,42,38,0.9047619047619048,different-party
20372,20917,DD,KF,3,2,0.6666666666666666,different-party
20372,20925,DD,KF,38,31,0.8157894736842105,different-party
20372,20930,DD,S,28,21,0.75,different-party
20372,20962,DD,SF,28,13,0.4642857142857143,different-party
20372,20966,DD,KF,31,23,0.7419354838709677,different-party
20372,21044,DD,S,47,34,0.723404255319149,different-party
20372,21083,DD,S,0,0,,different-party
20372,21143,DD,S,36,28,0.7777777777777778,different-party
20372,21159,DD,M,31,23,0.7419354838709677,different-party
20372,21168,DD,V,28,18,0.6428571428571429,different-party
20372,21186,DD,S,0,0,,different-party
20372,21194,DD,KF,38,29,0.7631578947368421,different-party
20372,21206,DD,N,0,0,,different-party
20373,20374,DD,DD,45,45,1.0,same-party
20373,20375,DD,DD,12,12,1.0,same-party
20373,20376,DD,DD,47,47,1.0,same-party
20373,20377,DD,M,40,25,0.625,different-party
20373,20378,DD,M,54,37,0.6851851851851852,different-party
20373,20379,DD,M,0,0,,different-party
20373,20380,DD,M,10,6,0.6,different-party
20373,20381,DD,ALT,54,28,0.5185185185185185,different-party
20373,20382,DD,M,18,7,0.3888888888888889,different-party
20373,20383,DD,UFG,23,16,0.6956521739130435,different-party
20373,20384,DD,M,9,3,0.3333333333333333,different-party
20373,20385,DD,M,48,30,0.625,different-party
20373,20386,DD,M,29,23,0.7931034482758621,different-party
20373,20388,DD,UFG,21,18,0.8571428571428571,different-party
20373,20389,DD,M,43,28,0.6511627906976745,different-party
20373,20390,DD,UFG,44,35,0.7954545454545454,different-party
20373,20391,DD,LA,56,48,0.8571428571428571,different-party
20373,20392,DD,LA,20,16,0.8,different-party
20373,20393,DD,LA,28,25,0.8928571428571429,different-party
20373,20394,DD,LA,35,31,0.8857142857142857,different-party
20373,20395,DD,LA,38,32,0.8421052631578947,different-party
20373,20396,DD,LA,15,13,0.8666666666666667,different-party
20373,20397,DD,LA,20,16,0.8,different-party
20373,20398,DD,LA,43,37,0.8604651162790697,different-party
20373,20399,DD,LA,43,39,0.9069767441860465,different-party
20373,20400,DD,LA,50,42,0.84,different-party
20373,20411,DD,EL,25,10,0.4,different-party
20373,20415,DD,M,54,36,0.6666666666666666,different-party
20373,20496,DD,M,33,23,0.696969696969697,different-party
20373,20781,DD,S,47,31,0.6595744680851063,different-party
20373,20798,DD,SF,47,27,0.574468085106383,different-party
20373,20820,DD,LA,49,42,0.8571428571428571,different-party
20373,20917,DD,KF,2,1,0.5,different-party
20373,20925,DD,KF,47,36,0.7659574468085106,different-party
20373,20930,DD,S,29,23,0.7931034482758621,different-party
20373,20962,DD,SF,45,24,0.5333333333333333,different-party
20373,20966,DD,KF,40,28,0.7,different-party
20373,21044,DD,S,56,37,0.6607142857142857,different-party
20373,21083,DD,S,2,0,0.0,different-party
20373,21143,DD,S,44,29,0.6590909090909091,different-party
20373,21159,DD,M,32,25,0.78125,different-party
20373,21168,DD,V,34,19,0.5588235294117647,different-party
20373,21186,DD,S,2,0,0.0,different-party
20373,21194,DD,KF,33,26,0.7878787878787878,different-party
20373,21206,DD,N,0,0,,different-party
20374,20375,DD,DD,100,100,1.0,same-party
20374,20376,DD,DD,124,124,1.0,same-party
20374,20377,DD,M,50,34,0.68,different-party
20374,20378,DD,M,132,62,0.4696969696969697,different-party
20374,20379,DD,M,0,0,,different-party
20374,20380,DD,M,9,5,0.5555555555555556,different-party
20374,20381,DD,ALT,130,52,0.4,different-party
20374,20382,DD,M,16,6,0.375,different-party
20374,20383,DD,UFG,37,26,0.7027027027027027,different-party
20374,20384,DD,M,76,20,0.2631578947368421,different-party
20374,20385,DD,M,57,38,0.6666666666666666,different-party
20374,20386,DD,M,90,37,0.4111111111111111,different-party
20374,20388,DD,UFG,38,31,0.8157894736842105,different-party
20374,20389,DD,M,120,53,0.44166666666666665,different-party
20374,20390,DD,UFG,54,43,0.7962962962962963,different-party
20374,20391,DD,LA,111,78,0.7027027027027027,different-party
20374,20392,DD,LA,35,26,0.7428571428571429,different-party
20374,20393,DD,LA,102,68,0.6666666666666666,different-party
20374,20394,DD,LA,122,84,0.6885245901639344,different-party
20374,20395,DD,LA,117,78,0.6666666666666666,different-party
20374,20396,DD,LA,82,52,0.6341463414634146,different-party
20374,20397,DD,LA,12,11,0.9166666666666666,different-party
20374,20398,DD,LA,126,88,0.6984126984126984,different-party
20374,20399,DD,LA,106,76,0.7169811320754716,different-party
20374,20400,DD,LA,127,88,0.6929133858267716,different-party
20374,20411,DD,EL,43,22,0.5116279069767442,different-party
20374,20415,DD,M,130,59,0.45384615384615384,different-party
20374,20496,DD,M,117,52,0.4444444444444444,different-party
20374,20781,DD,S,131,60,0.4580152671755725,different-party
20374,20798,DD,SF,124,49,0.3951612903225806,different-party
20374,20820,DD,LA,59,49,0.8305084745762712,different-party
20374,20917,DD,KF,3,2,0.6666666666666666,different-party
20374,20925,DD,KF,124,61,0.49193548387096775,different-party
20374,20930,DD,S,47,35,0.7446808510638298,different-party
20374,20962,DD,SF,54,31,0.5740740740740741,different-party
20374,20966,DD,KF,51,37,0.7254901960784313,different-party
20374,21044,DD,S,133,62,0.46616541353383456,different-party
20374,21083,DD,S,1,0,0.0,different-party
20374,21143,DD,S,105,42,0.4,different-party
20374,21159,DD,M,113,52,0.46017699115044247,different-party
20374,21168,DD,V,91,30,0.32967032967032966,different-party
20374,21186,DD,S,1,0,0.0,different-party
20374,21194,DD,KF,48,38,0.7916666666666666,different-party
20374,21206,DD,N,0,0,,different-party
20375,20376,DD,DD,109,109,1.0,same-party
20375,20377,DD,M,40,26,0.65,different-party
20375,20378,DD,M,108,43,0.39814814814814814,different-party
20375,20379,DD,M,0,0,,different-party
20375,20380,DD,M,0,0,,different-party
20375,20381,DD,ALT,106,43,0.4056603773584906,different-party
20375,20382,DD,M,1,0,0.0,different-party
20375,20383,DD,UFG,21,15,0.7142857142857143,different-party
20375,20384,DD,M,79,22,0.27848101265822783,different-party
20375,20385,DD,M,30,21,0.7,different-party
20375,20386,DD,M,75,22,0.29333333333333333,different-party
20375,20388,DD,UFG,30,18,0.6,different-party
20375,20389,DD,M,99,36,0.36363636363636365,different-party
20375,20390,DD,UFG,40,29,0.725,different-party
20375,20391,DD,LA,78,48,0.6153846153846154,different-party
20375,20392,DD,LA,24,17,0.7083333333333334,different-party
20375,20393,DD,LA,94,58,0.6170212765957447,different-party
20375,20394,DD,LA,89,54,0.6067415730337079,different-party
20375,20395,DD,LA,105,68,0.6476190476190476,different-party
20375,20396,DD,LA,88,56,0.6363636363636364,different-party
20375,20397,DD,LA,13,10,0.7692307692307693,different-party
20375,20398,DD,LA,106,69,0.6509433962264151,different-party
20375,20399,DD,LA,89,57,0.6404494382022472,different-party
20375,20400,DD,LA,109,71,0.6513761467889908,different-party
20375,20411,DD,EL,29,18,0.6206896551724138,different-party
20375,20415,DD,M,106,40,0.37735849056603776,different-party
20375,20496,DD,M,100,39,0.39,different-party
20375,20781,DD,S,108,42,0.3888888888888889,different-party
20375,20798,DD,SF,109,43,0.3944954128440367,different-party
20375,20820,DD,LA,40,31,0.775,different-party
20375,20917,DD,KF,3,2,0.6666666666666666,different-party
20375,20925,DD,KF,108,48,0.4444444444444444,different-party
20375,20930,DD,S,38,22,0.5789473684210527,different-party
20375,20962,DD,SF,30,20,0.6666666666666666,different-party
20375,20966,DD,KF,33,25,0.7575757575757576,different-party
20375,21044,DD,S,109,43,0.3944954128440367,different-party
20375,21083,DD,S,1,0,0.0,different-party
20375,21143,DD,S,77,22,0.2857142857142857,different-party
20375,21159,DD,M,108,43,0.39814814814814814,different-party
20375,21168,DD,V,79,22,0.27848101265822783,different-party
20375,21186,DD,S,1,0,0.0,different-party
20375,21194,DD,KF,40,31,0.775,different-party
20375,21206,DD,N,0,0,,different-party
20376,20377,DD,M,75,44,0.5866666666666667,different-party
20376,20378,DD,M,157,73,0.46496815286624205,different-party
20376,20379,DD,M,0,0,,different-party
20376,20380,DD,M,10,6,0.6,different-party
20376,20381,DD,ALT,140,59,0.42142857142857143,different-party
20376,20382,DD,M,18,7,0.3888888888888889,different-party
20376,20383,DD,UFG,43,31,0.7209302325581395,different-party
20376,20384,DD,M,86,24,0.27906976744186046,different-party
20376,20385,DD,M,59,35,0.5932203389830508,different-party
20376,20386,DD,M,100,40,0.4,different-party
20376,20388,DD,UFG,42,28,0.6666666666666666,different-party
20376,20389,DD,M,146,64,0.4383561643835616,different-party
20376,20390,DD,UFG,64,47,0.734375,different-party
20376,20391,DD,LA,128,90,0.703125,different-party
20376,20392,DD,LA,42,32,0.7619047619047619,different-party
20376,20393,DD,LA,137,96,0.7007299270072993,different-party
20376,20394,DD,LA,129,89,0.689922480620155,different-party
20376,20395,DD,LA,133,91,0.6842105263157895,different-party
20376,20396,DD,LA,92,60,0.6521739130434783,different-party
20376,20397,DD,LA,38,30,0.7894736842105263,different-party
20376,20398,DD,LA,144,100,0.6944444444444444,different-party
20376,20399,DD,LA,126,90,0.7142857142857143,different-party
20376,20400,DD,LA,153,107,0.6993464052287581,different-party
20376,20411,DD,EL,60,28,0.4666666666666667,different-party
20376,20415,DD,M,155,70,0.45161290322580644,different-party
20376,20496,DD,M,136,64,0.47058823529411764,different-party
20376,20781,DD,S,150,67,0.44666666666666666,different-party
20376,20798,DD,SF,150,65,0.43333333333333335,different-party
20376,20820,DD,LA,84,67,0.7976190476190477,different-party
20376,20917,DD,KF,4,3,0.75,different-party
20376,20925,DD,KF,149,76,0.5100671140939598,different-party
20376,20930,DD,S,72,45,0.625,different-party
20376,20962,DD,SF,80,47,0.5875,different-party
20376,20966,DD,KF,62,43,0.6935483870967742,different-party
20376,21044,DD,S,159,73,0.4591194968553459,different-party
20376,21083,DD,S,2,0,0.0,different-party
20376,21143,DD,S,117,46,0.39316239316239315,different-party
20376,21159,DD,M,138,64,0.463768115942029,different-party
20376,21168,DD,V,126,50,0.3968253968253968,different-party
20376,21186,DD,S,2,0,0.0,different-party
20376,21194,DD,KF,53,39,0.7358490566037735,different-party
20376,21206,DD,N,0,0,,different-party
20377,20378,M,M,83,83,1.0,same-party
20377,20379,M,M,0,0,,same-party
20377,20380,M,M,1,1,1.0,same-party
20377,20381,M,ALT,65,44,0.676923076923077,different-party
20377,20382,M,M,8,8,1.0,same-party
20377,20383,M,UFG,34,28,0.8235294117647058,different-party
20377,20384,M,M,17,17,1.0,same-party
20377,20385,M,M,57,57,1.0,same-party
20377,20386,M,M,38,37,0.9736842105263158,same-party
20377,20388,M,UFG,41,38,0.926829268292683,different-party
20377,20389,M,M,71,71,1.0,same-party
20377,20390,M,UFG,55,37,0.6727272727272727,different-party
20377,20391,M,LA,55,39,0.7090909090909091,different-party
20377,20392,M,LA,30,25,0.8333333333333334,different-party
20377,20393,M,LA,54,39,0.7222222222222222,different-party
20377,20394,M,LA,55,43,0.7818181818181819,different-party
20377,20395,M,LA,50,35,0.7,different-party
20377,20396,M,LA,26,14,0.5384615384615384,different-party
20377,20397,M,LA,45,32,0.7111111111111111,different-party
20377,20398,M,LA,71,52,0.7323943661971831,different-party
20377,20399,M,LA,53,36,0.6792452830188679,different-party
20377,20400,M,LA,84,61,0.7261904761904762,different-party
20377,20411,M,EL,52,30,0.5769230769230769,different-party
20377,20415,M,M,80,80,1.0,same-party
20377,20496,M,M,52,52,1.0,same-party
20377,20781,M,S,75,75,1.0,different-party
20377,20798,M,SF,81,64,0.7901234567901234,different-party
20377,20820,M,LA,77,57,0.7402597402597403,different-party
20377,20917,M,KF,4,2,0.5,different-party
20377,20925,M,KF,83,71,0.8554216867469879,different-party
20377,20930,M,S,67,67,1.0,different-party
20377,20962,M,SF,63,52,0.8253968253968254,different-party
20377,20966,M,KF,59,48,0.8135593220338984,different-party
20377,21044,M,S,84,84,1.0,different-party
20377,21083,M,S,1,1,1.0,different-party
20377,21143,M,S,43,43,1.0,different-party
20377,21159,M,M,71,71,1.0,same-party
20377,21168,M,V,44,44,1.0,different-party
20377,21186,M,S,1,1,1.0,different-party
20377,21194,M,KF,50,42,0.84,different-party
20377,21206,M,N,0,0,,different-party
20378,20379,M,M,0,0,,same-party
20378,20380,M,M,10,10,1.0,same-party
20378,20381,M,ALT,148,84,0.5675675675675675,different-party
20378,20382,M,M,16,16,1.0,same-party
20378,20383,M,UFG,42,36,0.8571428571428571,different-party
20378,20384,M,M,84,84,1.0,same-party
20378,20385,M,M,67,67,1.0,same-party
20378,20386,M,M,108,107,0.9907407407407407,same-party
20378,20388,M,UFG,49,46,0.9387755102040817,different-party
20378,20389,M,M,153,153,1.0,same-party
20378,20390,M,UFG,72,50,0.6944444444444444,different-party
20378,20391,M,LA,135,90,0.6666666666666666,different-party
20378,20392,M,LA,41,33,0.8048780487804879,different-party
20378,20393,M,LA,136,92,0.6764705882352942,different-party
20378,20394,M,LA,138,96,0.6956521739130435,different-party
20378,20395,M,LA,133,89,0.6691729323308271,different-party
20378,20396,M,LA,91,53,0.5824175824175825,different-party
20378,20397,M,LA,44,32,0.7272727272727273,different-party
20378,20398,M,LA,152,103,0.6776315789473685,different-party
20378,20399,M,LA,133,87,0.6541353383458647,different-party
20378,20400,M,LA,160,108,0.675,different-party
20378,20411,M,EL,68,38,0.5588235294117647,different-party
20378,20415,M,M,163,163,1.0,same-party
20378,20496,M,M,135,135,1.0,same-party
20378,20781,M,S,158,158,1.0,different-party
20378,20798,M,SF,157,109,0.6942675159235668,different-party
20378,20820,M,LA,92,70,0.7608695652173914,different-party
20378,20917,M,KF,3,2,0.6666666666666666,different-party
20378,20925,M,KF,156,145,0.9294871794871795,different-party
20378,20930,M,S,80,80,1.0,different-party
20378,20962,M,SF,79,61,0.7721518987341772,different-party
20378,20966,M,KF,69,56,0.8115942028985508,different-party
20378,21044,M,S,166,166,1.0,different-party
20378,21083,M,S,0,0,,different-party
20378,21143,M,S,123,123,1.0,different-party
20378,21159,M,M,143,143,1.0,same-party
20378,21168,M,V,124,124,1.0,different-party
20378,21186,M,S,0,0,,different-party
20378,21194,M,KF,60,50,0.8333333333333334,different-party
20378,21206,M,N,0,0,,different-party
20379,20380,M,M,0,0,,same-party
20379,20381,M,ALT,0,0,,different-party
20379,20382,M,M,0,0,,same-party
20379,20383,M,UFG,0,0,,different-party
20379,20384,M,M,0,0,,same-party
20379,20385,M,M,0,0,,same-party
20379,20386,M,M,0,0,,same-party
20379,20388,M,UFG,0,0,,different-party
20379,20389,M,M,0,0,,same-party
20379,20390,M,UFG,0,0,,different-party
20379,20391,M,LA,0,0,,different-party
20379,20392,M,LA,0,0,,different-party
20379,20393,M,LA,0,0,,different-party
20379,20394,M,LA,0,0,,different-party
20379,20395,M,LA,0,0,,different-party
20379,20396,M,LA,0,0,,different-party
20379,20397,M,LA,0,0,,different-party
20379,20398,M,LA,0,0,,different-party
20379,20399,M,LA,0,0,,different-party
20379,20400,M,LA,0,0,,different-party
20379,20411,M,EL,0,0,,different-party
20379,20415,M,M,0,0,,same-party
20379,20496,M,M,0,0,,same-party
20379,20781,M,S,0,0,,different-party
20379,20798,M,SF,0,0,,different-party
20379,20820,M,LA,0,0,,different-party
20379,20917,M,KF,0,0,,different-party
20379,20925,M,KF,0,0,,different-party
20379,20930,M,S,0,0,,different-party
20379,20962,M,SF,0,0,,different-party
20379,20966,M,KF,0,0,,different-party
20379,21044,M,S,0,0,,different-party
20379,21083,M,S,0,0,,different-party
20379,21143,M,S,0,0,,different-party
20379,21159,M,M,0,0,,same-party
20379,21168,M,V,0,0,,different-party
20379,21186,M,S,0,0,,different-party
20379,21194,M,KF,0,0,,different-party
20379,21206,M,N,0,0,,different-party
20380,20381,M,ALT,10,5,0.5,different-party
20380,20382,M,M,10,10,1.0,same-party
20380,20383,M,UFG,1,0,0.0,different-party
20380,20384,M,M,0,0,,same-party
20380,20385,M,M,10,10,1.0,same-party
20380,20386,M,M,0,0,,same-party
20380,20388,M,UFG,0,0,,different-party
20380,20389,M,M,10,10,1.0,same-party
20380,20390,M,UFG,9,5,0.5555555555555556,different-party
20380,20391,M,LA,10,6,0.6,different-party
20380,20392,M,LA,9,6,0.6666666666666666,different-party
20380,20393,M,LA,9,6,0.6666666666666666,different-party
20380,20394,M,LA,10,6,0.6,different-party
20380,20395,M,LA,10,7,0.7,different-party
20380,20396,M,LA,0,0,,different-party
20380,20397,M,LA,0,0,,different-party
20380,20398,M,LA,8,4,0.5,different-party
20380,20399,M,LA,9,6,0.6666666666666666,different-party
20380,20400,M,LA,10,6,0.6,different-party
20380,20411,M,EL,9,5,0.5555555555555556,different-party
20380,20415,M,M,10,10,1.0,same-party
20380,20496,M,M,9,9,1.0,same-party
20380,20781,M,S,10,10,1.0,different-party
20380,20798,M,SF,10,6,0.6,different-party
20380,20820,M,LA,8,5,0.625,different-party
20380,20917,M,KF,0,0,,different-party
20380,20925,M,KF,1,0,0.0,different-party
20380,20930,M,S,0,0,,different-party
20380,20962,M,SF,10,6,0.6,different-party
20380,20966,M,KF,10,6,0.6,different-party
20380,21044,M,S,10,10,1.0,different-party
20380,21083,M,S,0,0,,different-party
20380,21143,M,S,10,10,1.0,different-party
20380,21159,M,M,0,0,,same-party
20380,21168,M,V,10,10,1.0,different-party
20380,21186,M,S,0,0,,different-party
20380,21194,M,KF,9,6,0.6666666666666666,different-party
20380,21206,M,N,0,0,,different-party
20381,20382,ALT,M,17,8,0.47058823529411764,different-party
20381,20383,ALT,UFG,43,28,0.6511627906976745,different-party
20381,20384,ALT,M,82,39,0.47560975609756095,different-party
20381,20385,ALT,M,67,47,0.7014925373134329,different-party
20381,20386,ALT,M,93,47,0.5053763440860215,different-party
20381,20388,ALT,UFG,50,28,0.56,different-party
20381,20389,ALT,M,136,74,0.5441176470588235,different-party
20381,20390,ALT,UFG,73,39,0.5342465753424658,different-party
20381,20391,ALT,LA,120,42,0.35,different-party
20381,20392,ALT,LA,39,26,0.6666666666666666,different-party
20381,20393,ALT,LA,121,51,0.4214876033057851,different-party
20381,20394,ALT,LA,120,47,0.39166666666666666,different-party
20381,20395,ALT,LA,133,55,0.41353383458646614,different-party
20381,20396,ALT,LA,88,29,0.32954545454545453,different-party
20381,20397,ALT,LA,27,19,0.7037037037037037,different-party
20381,20398,ALT,LA,138,56,0.4057971014492754,different-party
20381,20399,ALT,LA,116,42,0.3620689655172414,different-party
20381,20400,ALT,LA,143,64,0.44755244755244755,different-party
20381,20411,ALT,EL,53,45,0.8490566037735849,different-party
20381,20415,ALT,M,149,84,0.5637583892617449,different-party
20381,20496,ALT,M,118,65,0.5508474576271186,different-party
20381,20781,ALT,S,142,77,0.5422535211267606,different-party
20381,20798,ALT,SF,140,115,0.8214285714285714,different-party
20381,20820,ALT,LA,78,47,0.6025641025641025,different-party
20381,20917,ALT,KF,0,0,,different-party
20381,20925,ALT,KF,139,86,0.6187050359712231,different-party
20381,20930,ALT,S,62,41,0.6612903225806451,different-party
20381,20962,ALT,SF,64,58,0.90625,different-party
20381,20966,ALT,KF,67,49,0.7313432835820896,different-party
20381,21044,ALT,S,149,84,0.5637583892617449,different-party
20381,21083,ALT,S,1,0,0.0,different-party
20381,21143,ALT,S,109,54,0.4954128440366973,different-party
20381,21159,ALT,M,125,72,0.576,different-party
20381,21168,ALT,V,107,52,0.48598130841121495,different-party
20381,21186,ALT,S,1,0,0.0,different-party
20381,21194,ALT,KF,61,44,0.7213114754098361,different-party
20381,21206,ALT,N,0,0,,different-party
20382,20383,M,UFG,8,6,0.75,different-party
20382,20384,M,M,6,6,1.0,same-party
20382,20385,M,M,17,17,1.0,same-party
20382,20386,M,M,1,1,1.0,same-party
20382,20388,M,UFG,1,1,1.0,different-party
20382,20389,M,M,18,18,1.0,same-party
20382,20390,M,UFG,10,5,0.5,different-party
20382,20391,M,LA,18,10,0.5555555555555556,different-party
20382,20392,M,LA,13,8,0.6153846153846154,different-party
20382,20393,M,LA,10,6,0.6,different-party
20382,20394,M,LA,16,10,0.625,different-party
20382,20395,M,LA,16,11,0.6875,different-party
20382,20396,M,LA,1,0,0.0,different-party
20382,20397,M,LA,2,0,0.0,different-party
20382,20398,M,LA,15,8,0.5333333333333333,different-party
20382,20399,M,LA,11,6,0.5454545454545454,different-party
20382,20400,M,LA,18,10,0.5555555555555556,different-party
20382,20411,M,EL,10,5,0.5,different-party
20382,20415,M,M,17,17,1.0,same-party
20382,20496,M,M,10,10,1.0,same-party
20382,20781,M,S,17,17,1.0,different-party
20382,20798,M,SF,18,10,0.5555555555555556,different-party
20382,20820,M,LA,15,9,0.6,different-party
20382,20917,M,KF,1,0,0.0,different-party
20382,20925,M,KF,9,6,0.6666666666666666,different-party
20382,20930,M,S,1,1,1.0,different-party
20382,20962,M,SF,17,10,0.5882352941176471,different-party
20382,20966,M,KF,18,12,0.6666666666666666,different-party
20382,21044,M,S,18,18,1.0,different-party
20382,21083,M,S,2,2,1.0,different-party
20382,21143,M,S,17,17,1.0,different-party
20382,21159,M,M,1,1,1.0,same-party
20382,21168,M,V,18,18,1.0,different-party
20382,21186,M,S,2,2,1.0,different-party
20382,21194,M,KF,11,6,0.5454545454545454,different-party
20382,21206,M,N,0,0,,different-party
20383,20384,UFG,M,7,6,0.8571428571428571,different-party
20383,20385,UFG,M,36,30,0.8333333333333334,different-party
20383,20386,UFG,M,6,6,1.0,different-party
20383,20388,UFG,UFG,30,26,0.8666666666666667,same-party
20383,20389,UFG,M,40,36,0.9,different-party
20383,20390,UFG,UFG,33,26,0.7878787878787878,same-party
20383,20391,UFG,LA,23,20,0.8695652173913043,different-party
20383,20392,UFG,LA,30,28,0.9333333333333333,different-party
20383,20393,UFG,LA,34,32,0.9411764705882353,different-party
20383,20394,UFG,LA,36,33,0.9166666666666666,different-party
20383,20395,UFG,LA,39,37,0.9487179487179487,different-party
20383,20396,UFG,LA,3,2,0.6666666666666666,different-party
20383,20397,UFG,LA,7,6,0.8571428571428571,different-party
20383,20398,UFG,LA,34,31,0.9117647058823529,different-party
20383,20399,UFG,LA,10,8,0.8,different-party
20383,20400,UFG,LA,37,33,0.8918918918918919,different-party
20383,20411,UFG,EL,26,17,0.6538461538461539,different-party
20383,20415,UFG,M,43,37,0.8604651162790697,different-party
20383,20496,UFG,M,30,27,0.9,different-party
20383,20781,UFG,S,36,31,0.8611111111111112,different-party
20383,20798,UFG,SF,34,27,0.7941176470588235,different-party
20383,20820,UFG,LA,40,37,0.925,different-party
20383,20917,UFG,KF,0,0,,different-party
20383,20925,UFG,KF,42,37,0.8809523809523809,different-party
20383,20930,UFG,S,35,31,0.8857142857142857,different-party
20383,20962,UFG,SF,42,31,0.7380952380952381,different-party
20383,20966,UFG,KF,37,32,0.8648648648648649,different-party
20383,21044,UFG,S,43,37,0.8604651162790697,different-party
20383,21083,UFG,S,1,1,1.0,different-party
20383,21143,UFG,S,13,11,0.8461538461538461,different-party
20383,21159,UFG,M,34,30,0.8823529411764706,different-party
20383,21168,UFG,V,20,17,0.85,different-party
20383,21186,UFG,S,1,1,1.0,different-party
20383,21194,UFG,KF,21,20,0.9523809523809523,different-party
20383,21206,UFG,N,0,0,,different-party
20384,20385,M,M,5,5,1.0,same-party
20384,20386,M,M,68,68,1.0,same-party
20384,20388,M,UFG,12,12,1.0,different-party
20384,20389,M,M,86,86,1.0,same-party
20384,20390,M,UFG,12,6,0.5,different-party
20384,20391,M,LA,75,44,0.5866666666666667,different-party
20384,20392,M,LA,7,4,0.5714285714285714,different-party
20384,20393,M,LA,78,45,0.5769230769230769,different-party
20384,20394,M,LA,75,46,0.6133333333333333,different-party
20384,20395,M,LA,81,48,0.5925925925925926,different-party
20384,20396,M,LA,79,45,0.569620253164557,different-party
20384,20397,M,LA,14,6,0.42857142857142855,different-party
20384,20398,M,LA,82,48,0.5853658536585366,different-party
20384,20399,M,LA,82,47,0.573170731707317,different-party
20384,20400,M,LA,84,48,0.5714285714285714,different-party
20384,20411,M,EL,12,6,0.5,different-party
20384,20415,M,M,82,82,1.0,same-party
20384,20496,M,M,72,72,1.0,same-party
20384,20781,M,S,84,84,1.0,different-party
20384,20798,M,SF,84,48,0.5714285714285714,different-party
20384,20820,M,LA,16,9,0.5625,different-party
20384,20917,M,KF,4,2,0.5,different-party
20384,20925,M,KF,86,78,0.9069767441860465,different-party
20384,20930,M,S,21,21,1.0,different-party
20384,20962,M,SF,7,4,0.5714285714285714,different-party
20384,20966,M,KF,18,10,0.5555555555555556,different-party
20384,21044,M,S,86,86,1.0,different-party
20384,21083,M,S,2,2,1.0,different-party
20384,21143,M,S,73,73,1.0,different-party
20384,21159,M,M,81,81,1.0,same-party
20384,21168,M,V,86,86,1.0,different-party
20384,21186,M,S,2,2,1.0,different-party
20384,21194,M,KF,11,4,0.36363636363636365,different-party
20384,21206,M,N,0,0,,different-party
20385,20386,M,M,23,23,1.0,same-party
20385,20388,M,UFG,34,31,0.9117647058823529,different-party
20385,20389,M,M,55,55,1.0,same-party
20385,20390,M,UFG,57,40,0.7017543859649122,different-party
20385,20391,M,LA,48,35,0.7291666666666666,different-party
20385,20392,M,LA,38,31,0.8157894736842105,different-party
20385,20393,M,LA,41,33,0.8048780487804879,different-party
20385,20394,M,LA,48,39,0.8125,different-party
20385,20395,M,LA,52,40,0.7692307692307693,different-party
20385,20396,M,LA,14,8,0.5714285714285714,different-party
20385,20397,M,LA,18,16,0.8888888888888888,different-party
20385,20398,M,LA,56,44,0.7857142857142857,different-party
20385,20399,M,LA,35,26,0.7428571428571429,different-party
20385,20400,M,LA,68,53,0.7794117647058824,different-party
20385,20411,M,EL,39,24,0.6153846153846154,different-party
20385,20415,M,M,67,67,1.0,same-party
20385,20496,M,M,45,45,1.0,same-party
20385,20781,M,S,60,60,1.0,different-party
20385,20798,M,SF,65,50,0.7692307692307693,different-party
20385,20820,M,LA,62,50,0.8064516129032258,different-party
20385,20917,M,KF,1,0,0.0,different-party
20385,20925,M,KF,58,52,0.896551724137931,different-party
20385,20930,M,S,42,42,1.0,different-party
20385,20962,M,SF,59,46,0.7796610169491526,different-party
20385,20966,M,KF,58,50,0.8620689655172413,different-party
20385,21044,M,S,68,68,1.0,different-party
20385,21083,M,S,1,1,1.0,different-party
20385,21143,M,S,37,37,1.0,different-party
20385,21159,M,M,46,46,1.0,same-party
20385,21168,M,V,26,26,1.0,different-party
20385,21186,M,S,1,1,1.0,different-party
20385,21194,M,KF,52,46,0.8846153846153846,different-party
20385,21206,M,N,0,0,,different-party
20386,20388,M,UFG,17,17,1.0,different-party
20386,20389,M,M,99,98,0.98989898989899,same-party
20386,20390,M,UFG,28,22,0.7857142857142857,different-party
20386,20391,M,LA,109,74,0.6788990825688074,different-party
20386,20392,M,LA,0,0,,different-party
20386,20393,M,LA,90,59,0.6555555555555556,different-party
20386,20394,M,LA,95,65,0.6842105263157895,different-party
20386,20395,M,LA,81,51,0.6296296296296297,different-party
20386,20396,M,LA,76,45,0.5921052631578947,different-party
20386,20397,M,LA,27,22,0.8148148148148148,different-party
20386,20398,M,LA,108,74,0.6851851851851852,different-party
20386,20399,M,LA,109,74,0.6788990825688074,different-party
20386,20400,M,LA,103,68,0.6601941747572816,different-party
20386,20411,M,EL,31,12,0.3870967741935484,different-party
20386,20415,M,M,108,107,0.9907407407407407,same-party
20386,20496,M,M,99,98,0.98989898989899,same-party
20386,20781,M,S,108,107,0.9907407407407407,different-party
20386,20798,M,SF,103,65,0.6310679611650486,different-party
20386,20820,M,LA,43,35,0.813953488372093,different-party
20386,20917,M,KF,1,0,0.0,different-party
20386,20925,M,KF,109,106,0.9724770642201835,different-party
20386,20930,M,S,40,39,0.975,different-party
20386,20962,M,SF,35,24,0.6857142857142857,different-party
20386,20966,M,KF,13,12,0.9230769230769231,different-party
20386,21044,M,S,109,108,0.9908256880733946,different-party
20386,21083,M,S,1,1,1.0,different-party
20386,21143,M,S,108,107,0.9907407407407407,different-party
20386,21159,M,M,102,101,0.9901960784313726,same-party
20386,21168,M,V,90,89,0.9888888888888889,different-party
20386,21186,M,S,1,1,1.0,different-party
20386,21194,M,KF,23,21,0.9130434782608695,different-party
20386,21206,M,N,0,0,,different-party
20388,20389,UFG,M,47,45,0.9574468085106383,different-party
20388,20390,UFG,UFG,47,38,0.8085106382978723,same-party
20388,20391,UFG,LA,21,20,0.9523809523809523,different-party
20388,20392,UFG,LA,21,16,0.7619047619047619,different-party
20388,20393,UFG,LA,40,31,0.775,different-party
20388,20394,UFG,LA,37,33,0.8918918918918919,different-party
20388,20395,UFG,LA,35,26,0.7428571428571429,different-party
20388,20396,UFG,LA,12,7,0.5833333333333334,different-party
20388,20397,UFG,LA,20,14,0.7,different-party
20388,20398,UFG,LA,47,37,0.7872340425531915,different-party
20388,20399,UFG,LA,30,24,0.8,different-party
20388,20400,UFG,LA,44,34,0.7727272727272727,different-party
20388,20411,UFG,EL,43,23,0.5348837209302325,different-party
20388,20415,UFG,M,50,47,0.94,different-party
20388,20496,UFG,M,33,30,0.9090909090909091,different-party
20388,20781,UFG,S,49,46,0.9387755102040817,different-party
20388,20798,UFG,SF,41,28,0.6829268292682927,different-party
20388,20820,UFG,LA,47,37,0.7872340425531915,different-party
20388,20917,UFG,KF,0,0,,different-party
20388,20925,UFG,KF,49,40,0.8163265306122449,different-party
20388,20930,UFG,S,49,46,0.9387755102040817,different-party
20388,20962,UFG,SF,32,23,0.71875,different-party
20388,20966,UFG,KF,44,35,0.7954545454545454,different-party
20388,21044,UFG,S,50,47,0.94,different-party
20388,21083,UFG,S,1,1,1.0,different-party
20388,21143,UFG,S,17,17,1.0,different-party
20388,21159,UFG,M,43,40,0.9302325581395349,different-party
20388,21168,UFG,V,19,19,1.0,different-party
20388,21186,UFG,S,1,1,1.0,different-party
20388,21194,UFG,KF,41,32,0.7804878048780488,different-party
20388,21206,UFG,N,0,0,,different-party
20389,20390,M,UFG,63,45,0.7142857142857143,different-party
20389,20391,M,LA,124,82,0.6612903225806451,different-party
20389,20392,M,LA,42,33,0.7857142857142857,different-party
20389,20393,M,LA,134,90,0.6716417910447762,different-party
20389,20394,M,LA,135,94,0.6962962962962963,different-party
20389,20395,M,LA,123,83,0.6747967479674797,different-party
20389,20396,M,LA,79,45,0.569620253164557,different-party
20389,20397,M,LA,46,32,0.6956521739130435,different-party
20389,20398,M,LA,143,97,0.6783216783216783,different-party
20389,20399,M,LA,122,79,0.6475409836065574,different-party
20389,20400,M,LA,149,100,0.6711409395973155,different-party
20389,20411,M,EL,69,38,0.5507246376811594,different-party
20389,20415,M,M,151,151,1.0,same-party
20389,20496,M,M,123,123,1.0,same-party
20389,20781,M,S,147,147,1.0,different-party
20389,20798,M,SF,149,101,0.6778523489932886,different-party
20389,20820,M,LA,83,64,0.7710843373493976,different-party
20389,20917,M,KF,4,2,0.5,different-party
20389,20925,M,KF,145,134,0.9241379310344827,different-party
20389,20930,M,S,78,78,1.0,different-party
20389,20962,M,SF,67,51,0.7611940298507462,different-party
20389,20966,M,KF,68,54,0.7941176470588235,different-party
20389,21044,M,S,155,155,1.0,different-party
20389,21083,M,S,2,2,1.0,different-party
20389,21143,M,S,115,115,1.0,different-party
20389,21159,M,M,131,131,1.0,same-party
20389,21168,M,V,126,126,1.0,different-party
20389,21186,M,S,2,2,1.0,different-party
20389,21194,M,KF,52,41,0.7884615384615384,different-party
20389,21206,M,N,0,0,,different-party
20390,20391,UFG,LA,44,35,0.7954545454545454,different-party
20390,20392,UFG,LA,36,27,0.75,different-party
20390,20393,UFG,LA,52,41,0.7884615384615384,different-party
20390,20394,UFG,LA,44,38,0.8636363636363636,different-party
20390,20395,UFG,LA,60,46,0.7666666666666667,different-party
20390,20396,UFG,LA,19,15,0.7894736842105263,different-party
20390,20397,UFG,LA,27,22,0.8148148148148148,different-party
20390,20398,UFG,LA,65,54,0.8307692307692308,different-party
20390,20399,UFG,LA,47,40,0.851063829787234,different-party
20390,20400,UFG,LA,67,53,0.7910447761194029,different-party
20390,20411,UFG,EL,53,26,0.49056603773584906,different-party
20390,20415,UFG,M,73,50,0.684931506849315,different-party
20390,20496,UFG,M,49,34,0.6938775510204082,different-party
20390,20781,UFG,S,67,47,0.7014925373134329,different-party
20390,20798,UFG,SF,67,40,0.5970149253731343,different-party
20390,20820,UFG,LA,71,58,0.8169014084507042,different-party
20390,20917,UFG,KF,0,0,,different-party
20390,20925,UFG,KF,63,50,0.7936507936507936,different-party
20390,20930,UFG,S,53,40,0.7547169811320755,different-party
20390,20962,UFG,SF,54,29,0.5370370370370371,different-party
20390,20966,UFG,KF,57,46,0.8070175438596491,different-party
20390,21044,UFG,S,73,50,0.684931506849315,different-party
20390,21083,UFG,S,1,0,0.0,different-party
20390,21143,UFG,S,37,26,0.7027027027027027,different-party
20390,21159,UFG,M,56,39,0.6964285714285714,different-party
20390,21168,UFG,V,34,20,0.5882352941176471,different-party
20390,21186,UFG,S,1,0,0.0,different-party
20390,21194,UFG,KF,61,49,0.8032786885245902,different-party
20390,21206,UFG,N,0,0,,different-party
20391,20392,LA,LA,20,20,1.0,same-party
20391,20393,LA,LA,109,109,1.0,same-party
20391,20394,LA,LA,116,116,1.0,same-party
20391,20395,LA,LA,104,103,0.9903846153846154,same-party
20391,20396,LA,LA,81,81,1.0,same-party
20391,20397,LA,LA,35,35,1.0,same-party
20391,20398,LA,LA,124,124,1.0,same-party
20391,20399,LA,LA,124,124,1.0,same-party
20391,20400,LA,LA,131,131,1.0,same-party
20391,20411,LA,EL,40,15,0.375,different-party
20391,20415,LA,M,135,90,0.6666666666666666,different-party
20391,20496,LA,M,114,72,0.631578947368421,different-party
20391,20781,LA,S,128,84,0.65625,different-party
20391,20798,LA,SF,128,50,0.390625,different-party
20391,20820,LA,LA,64,64,1.0,same-party
20391,20917,LA,KF,2,2,1.0,different-party
20391,20925,LA,KF,128,89,0.6953125,different-party
20391,20930,LA,S,50,38,0.76,different-party
20391,20962,LA,SF,60,31,0.5166666666666667,different-party
20391,20966,LA,KF,40,33,0.825,different-party
20391,21044,LA,S,137,90,0.656934306569343,different-party
20391,21083,LA,S,2,0,0.0,different-party
20391,21143,LA,S,125,81,0.648,different-party
20391,21159,LA,M,113,73,0.6460176991150443,different-party
20391,21168,LA,V,115,73,0.6347826086956522,different-party
20391,21186,LA,S,2,0,0.0,different-party
20391,21194,LA,KF,33,27,0.8181818181818182,different-party
20391,21206,LA,N,0,0,,different-party
20392,20393,LA,LA,34,34,1.0,same-party
20392,20394,LA,LA,35,35,1.0,same-party
20392,20395,LA,LA,38,37,0.9736842105263158,same-party
20392,20396,LA,LA,3,3,1.0,same-party
20392,20397,LA,LA,10,10,1.0,same-party
20392,20398,LA,LA,31,31,1.0,same-party
20392,20399,LA,LA,13,13,1.0,same-party
20392,20400,LA,LA,42,42,1.0,same-party
20392,20411,LA,EL,29,19,0.6551724137931034,different-party
20392,20415,LA,M,39,31,0.7948717948717948,different-party
20392,20496,LA,M,33,26,0.7878787878787878,different-party
20392,20781,LA,S,35,28,0.8,different-party
20392,20798,LA,SF,42,30,0.7142857142857143,different-party
20392,20820,LA,LA,37,37,1.0,same-party
20392,20917,LA,KF,3,3,1.0,different-party
20392,20925,LA,KF,32,28,0.875,different-party
20392,20930,LA,S,29,25,0.8620689655172413,different-party
20392,20962,LA,SF,38,27,0.7105263157894737,different-party
20392,20966,LA,KF,42,35,0.8333333333333334,different-party
20392,21044,LA,S,42,33,0.7857142857142857,different-party
20392,21083,LA,S,1,0,0.0,different-party
20392,21143,LA,S,13,8,0.6153846153846154,different-party
20392,21159,LA,M,29,25,0.8620689655172413,different-party
20392,21168,LA,V,22,15,0.6818181818181818,different-party
20392,21186,LA,S,1,0,0.0,different-party
20392,21194,LA,KF,30,26,0.8666666666666667,different-party
20392,21206,LA,N,0,0,,different-party
20393,20394,LA,LA,118,118,1.0,same-party
20393,20395,LA,LA,115,114,0.991304347826087,same-party
20393,20396,LA,LA,79,79,1.0,same-party
20393,20397,LA,LA,34,34,1.0,same-party
20393,20398,LA,LA,125,125,1.0,same-party
20393,20399,LA,LA,112,112,1.0,same-party
20393,20400,LA,LA,131,131,1.0,same-party
20393,20411,LA,EL,59,28,0.4745762711864407,different-party
20393,20415,LA,M,136,92,0.6764705882352942,different-party
20393,20496,LA,M,121,83,0.6859504132231405,different-party
20393,20781,LA,S,129,86,0.6666666666666666,different-party
20393,20798,LA,SF,128,60,0.46875,different-party
20393,20820,LA,LA,65,65,1.0,same-party
20393,20917,LA,KF,1,1,1.0,different-party
20393,20925,LA,KF,127,90,0.7086614173228346,different-party
20393,20930,LA,S,68,50,0.7352941176470589,different-party
20393,20962,LA,SF,62,42,0.6774193548387096,different-party
20393,20966,LA,KF,50,42,0.84,different-party
20393,21044,LA,S,137,92,0.6715328467153284,different-party
20393,21083,LA,S,1,0,0.0,different-party
20393,21143,LA,S,100,64,0.64,different-party
20393,21159,LA,M,124,82,0.6612903225806451,different-party
20393,21168,LA,V,115,73,0.6347826086956522,different-party
20393,21186,LA,S,1,0,0.0,different-party
20393,21194,LA,KF,41,35,0.8536585365853658,different-party
20393,21206,LA,N,0,0,,different-party
20394,20395,LA,LA,108,107,0.9907407407407407,same-party
20394,20396,LA,LA,72,72,1.0,same-party
20394,20397,LA,LA,26,26,1.0,same-party
20394,20398,LA,LA,130,130,1.0,same-party
20394,20399,LA,LA,111,111,1.0,same-party
20394,20400,LA,LA,132,132,1.0,same-party
20394,20411,LA,EL,59,29,0.4915254237288136,different-party
20394,20415,LA,M,135,94,0.6962962962962963,different-party
20394,20496,LA,M,122,83,0.680327868852459,different-party
20394,20781,LA,S,136,95,0.6985294117647058,different-party
20394,20798,LA,SF,129,57,0.4418604651162791,different-party
20394,20820,LA,LA,64,64,1.0,same-party
20394,20917,LA,KF,3,3,1.0,different-party
20394,20925,LA,KF,128,93,0.7265625,different-party
20394,20930,LA,S,62,50,0.8064516129032258,different-party
20394,20962,LA,SF,60,37,0.6166666666666667,different-party
20394,20966,LA,KF,51,45,0.8823529411764706,different-party
20394,21044,LA,S,138,96,0.6956521739130435,different-party
20394,21083,LA,S,0,0,,different-party
20394,21143,LA,S,110,72,0.6545454545454545,different-party
20394,21159,LA,M,118,82,0.6949152542372882,different-party
20394,21168,LA,V,106,67,0.6320754716981132,different-party
20394,21186,LA,S,0,0,,different-party
20394,21194,LA,KF,38,34,0.8947368421052632,different-party
20394,21206,LA,N,0,0,,different-party
20395,20396,LA,LA,85,85,1.0,same-party
20395,20397,LA,LA,15,15,1.0,same-party
20395,20398,LA,LA,125,124,0.992,same-party
20395,20399,LA,LA,100,99,0.99,same-party
20395,20400,LA,LA,127,126,0.9921259842519685,same-party
20395,20411,LA,EL,44,24,0.5454545454545454,different-party
20395,20415,LA,M,133,89,0.6691729323308271,different-party
20395,20496,LA,M,111,76,0.6846846846846847,different-party
20395,20781,LA,S,127,84,0.6614173228346457,different-party
20395,20798,LA,SF,127,57,0.44881889763779526,different-party
20395,20820,LA,LA,65,64,0.9846153846153847,same-party
20395,20917,LA,KF,0,0,,different-party
20395,20925,LA,KF,123,86,0.6991869918699187,different-party
20395,20930,LA,S,47,36,0.7659574468085106,different-party
20395,20962,LA,SF,58,36,0.6206896551724138,different-party
20395,20966,LA,KF,51,41,0.803921568627451,different-party
20395,21044,LA,S,133,89,0.6691729323308271,different-party
20395,21083,LA,S,0,0,,different-party
20395,21143,LA,S,97,61,0.6288659793814433,different-party
20395,21159,LA,M,116,77,0.6637931034482759,different-party
20395,21168,LA,V,103,65,0.6310679611650486,different-party
20395,21186,LA,S,0,0,,different-party
20395,21194,LA,KF,48,39,0.8125,different-party
20395,21206,LA,N,0,0,,different-party
20396,20397,LA,LA,13,13,1.0,same-party
20396,20398,LA,LA,85,85,1.0,same-party
20396,20399,LA,LA,92,92,1.0,same-party
20396,20400,LA,LA,92,92,1.0,same-party
20396,20411,LA,EL,10,4,0.4,different-party
20396,20415,LA,M,88,51,0.5795454545454546,different-party
20396,20496,LA,M,82,49,0.5975609756097561,different-party
20396,20781,LA,S,89,52,0.5842696629213483,different-party
20396,20798,LA,SF,89,30,0.33707865168539325,different-party
20396,20820,LA,LA,19,19,1.0,same-party
20396,20917,LA,KF,4,4,1.0,different-party
20396,20925,LA,KF,92,60,0.6521739130434783,different-party
20396,20930,LA,S,22,11,0.5,different-party
20396,20962,LA,SF,14,8,0.5714285714285714,different-party
20396,20966,LA,KF,16,14,0.875,different-party
20396,21044,LA,S,92,53,0.5760869565217391,different-party
20396,21083,LA,S,1,0,0.0,different-party
20396,21143,LA,S,77,45,0.5844155844155844,different-party
20396,21159,LA,M,92,53,0.5760869565217391,different-party
20396,21168,LA,V,79,45,0.569620253164557,different-party
20396,21186,LA,S,1,0,0.0,different-party
20396,21194,LA,KF,20,15,0.75,different-party
20396,21206,LA,N,0,0,,different-party
20397,20398,LA,LA,36,36,1.0,same-party
20397,20399,LA,LA,40,40,1.0,same-party
20397,20400,LA,LA,46,46,1.0,same-party
20397,20411,LA,EL,33,12,0.36363636363636365,different-party
20397,20415,LA,M,42,30,0.7142857142857143,different-party
20397,20496,LA,M,22,15,0.6818181818181818,different-party
20397,20781,LA,S,38,27,0.7105263157894737,different-party
20397,20798,LA,SF,46,30,0.6521739130434783,different-party
20397,20820,LA,LA,42,42,1.0,same-party
20397,20917,LA,KF,4,4,1.0,different-party
20397,20925,LA,KF,46,37,0.8043478260869565,different-party
20397,20930,LA,S,45,32,0.7111111111111111,different-party
20397,20962,LA,SF,25,16,0.64,different-party
20397,20966,LA,KF,31,27,0.8709677419354839,different-party
20397,21044,LA,S,46,32,0.6956521739130435,different-party
20397,21083,LA,S,2,0,0.0,different-party
20397,21143,LA,S,28,21,0.75,different-party
20397,21159,LA,M,40,27,0.675,different-party
20397,21168,LA,V,38,24,0.631578947368421,different-party
20397,21186,LA,S,2,0,0.0,different-party
20397,21194,LA,KF,22,20,0.9090909090909091,different-party
20397,21206,LA,N,0,0,,different-party
20398,20399,LA,LA,126,126,1.0,same-party
20398,20400,LA,LA,147,147,1.0,same-party
20398,20411,LA,EL,66,31,0.4696969696969697,different-party
20398,20415,LA,M,153,103,0.673202614379085,different-party
20398,20496,LA,M,128,86,0.671875,different-party
20398,20781,LA,S,153,103,0.673202614379085,different-party
20398,20798,LA,SF,147,67,0.4557823129251701,different-party
20398,20820,LA,LA,85,85,1.0,same-party
20398,20917,LA,KF,0,0,,different-party
20398,20925,LA,KF,145,105,0.7241379310344828,different-party
20398,20930,LA,S,68,53,0.7794117647058824,different-party
20398,20962,LA,SF,68,39,0.5735294117647058,different-party
20398,20966,LA,KF,56,48,0.8571428571428571,different-party
20398,21044,LA,S,153,103,0.673202614379085,different-party
20398,21083,LA,S,1,0,0.0,different-party
20398,21143,LA,S,122,79,0.6475409836065574,different-party
20398,21159,LA,M,131,88,0.6717557251908397,different-party
20398,21168,LA,V,114,70,0.6140350877192983,different-party
20398,21186,LA,S,1,0,0.0,different-party
20398,21194,LA,KF,59,50,0.847457627118644,different-party
20398,21206,LA,N,0,0,,different-party
20399,20400,LA,LA,129,129,1.0,same-party
20399,20411,LA,EL,49,18,0.3673469387755102,different-party
20399,20415,LA,M,131,85,0.648854961832061,different-party
20399,20496,LA,M,116,74,0.6379310344827587,different-party
20399,20781,LA,S,132,86,0.6515151515151515,different-party
20399,20798,LA,SF,126,51,0.40476190476190477,different-party
20399,20820,LA,LA,60,60,1.0,same-party
20399,20917,LA,KF,4,4,1.0,different-party
20399,20925,LA,KF,126,89,0.7063492063492064,different-party
20399,20930,LA,S,55,39,0.7090909090909091,different-party
20399,20962,LA,SF,47,24,0.5106382978723404,different-party
20399,20966,LA,KF,38,33,0.868421052631579,different-party
20399,21044,LA,S,135,87,0.6444444444444445,different-party
20399,21083,LA,S,2,0,0.0,different-party
20399,21143,LA,S,119,78,0.6554621848739496,different-party
20399,21159,LA,M,118,74,0.6271186440677966,different-party
20399,21168,LA,V,113,70,0.6194690265486725,different-party
20399,21186,LA,S,2,0,0.0,different-party
20399,21194,LA,KF,42,34,0.8095238095238095,different-party
20399,21206,LA,N,0,0,,different-party
20400,20411,LA,EL,63,32,0.5079365079365079,different-party
20400,20415,LA,M,158,106,0.6708860759493671,different-party
20400,20496,LA,M,130,86,0.6615384615384615,different-party
20400,20781,LA,S,153,102,0.6666666666666666,different-party
20400,20798,LA,SF,159,76,0.4779874213836478,different-party
20400,20820,LA,LA,87,87,1.0,same-party
20400,20917,LA,KF,4,4,1.0,different-party
20400,20925,LA,KF,152,110,0.7236842105263158,different-party
20400,20930,LA,S,75,56,0.7466666666666667,different-party
20400,20962,LA,SF,74,47,0.6351351351351351,different-party
20400,20966,LA,KF,71,61,0.8591549295774648,different-party
20400,21044,LA,S,162,108,0.6666666666666666,different-party
20400,21083,LA,S,2,0,0.0,different-party
20400,21143,LA,S,119,75,0.6302521008403361,different-party
20400,21159,LA,M,139,92,0.6618705035971223,different-party
20400,21168,LA,V,120,73,0.6083333333333333,different-party
20400,21186,LA,S,2,0,0.0,different-party
20400,21194,LA,KF,62,53,0.8548387096774194,different-party
20400,21206,LA,N,0,0,,different-party
20411,20415,EL,M,68,38,0.5588235294117647,different-party
20411,20496,EL,M,50,29,0.58,different-party
20411,20781,EL,S,68,38,0.5588235294117647,different-party
20411,20798,EL,SF,63,49,0.7777777777777778,different-party
20411,20820,EL,LA,66,32,0.48484848484848486,different-party
20411,20917,EL,KF,1,1,1.0,different-party
20411,20925,EL,KF,59,34,0.576271186440678,different-party
20411,20930,EL,S,60,33,0.55,different-party
20411,20962,EL,SF,51,42,0.8235294117647058,different-party
20411,20966,EL,KF,48,28,0.5833333333333334,different-party
20411,21044,EL,S,69,38,0.5507246376811594,different-party
20411,21083,EL,S,1,0,0.0,different-party
20411,21143,EL,S,39,17,0.4358974358974359,different-party
20411,21159,EL,M,56,31,0.5535714285714286,different-party
20411,21168,EL,V,40,19,0.475,different-party
20411,21186,EL,S,1,0,0.0,different-party
20411,21194,EL,KF,48,28,0.5833333333333334,different-party
20411,21206,EL,N,0,0,,different-party
20415,20496,M,M,133,133,1.0,same-party
20415,20781,M,S,157,157,1.0,different-party
20415,20798,M,SF,155,106,0.6838709677419355,different-party
20415,20820,M,LA,93,70,0.7526881720430108,different-party
20415,20917,M,KF,0,0,,different-party
20415,20925,M,KF,154,143,0.9285714285714286,different-party
20415,20930,M,S,77,77,1.0,different-party
20415,20962,M,SF,79,61,0.7721518987341772,different-party
20415,20966,M,KF,67,54,0.8059701492537313,different-party
20415,21044,M,S,164,164,1.0,different-party
20415,21083,M,S,1,1,1.0,different-party
20415,21143,M,S,124,124,1.0,different-party
20415,21159,M,M,140,140,1.0,same-party
20415,21168,M,V,122,122,1.0,different-party
20415,21186,M,S,1,1,1.0,different-party
20415,21194,M,KF,61,50,0.819672131147541,different-party
20415,21206,M,N,0,0,,different-party
20496,20781,M,S,134,134,1.0,different-party
20496,20798,M,SF,127,87,0.6850393700787402,different-party
20496,20820,M,LA,62,48,0.7741935483870968,different-party
20496,20917,M,KF,3,2,0.6666666666666666,different-party
20496,20925,M,KF,126,121,0.9603174603174603,different-party
20496,20930,M,S,56,56,1.0,different-party
20496,20962,M,SF,66,50,0.7575757575757576,different-party
20496,20966,M,KF,39,32,0.8205128205128205,different-party
20496,21044,M,S,136,136,1.0,different-party
20496,21083,M,S,1,1,1.0,different-party
20496,21143,M,S,110,110,1.0,different-party
20496,21159,M,M,122,122,1.0,same-party
20496,21168,M,V,103,103,1.0,different-party
20496,21186,M,S,1,1,1.0,different-party
20496,21194,M,KF,43,37,0.8604651162790697,different-party
20496,21206,M,N,0,0,,different-party
20781,20798,S,SF,151,102,0.6754966887417219,different-party
20781,20820,S,LA,87,65,0.7471264367816092,different-party
20781,20917,S,KF,2,2,1.0,different-party
20781,20925,S,KF,149,139,0.9328859060402684,different-party
20781,20930,S,S,72,72,1.0,same-party
20781,20962,S,SF,72,54,0.75,different-party
20781,20966,S,KF,62,50,0.8064516129032258,different-party
20781,21044,S,S,159,159,1.0,same-party
20781,21083,S,S,1,1,1.0,same-party
20781,21143,S,S,124,124,1.0,same-party
20781,21159,S,M,135,135,1.0,different-party
20781,21168,S,V,118,118,1.0,different-party
20781,21186,S,S,1,1,1.0,same-party
20781,21194,S,KF,61,50,0.819672131147541,different-party
20781,21206,S,N,0,0,,different-party
20798,20820,SF,LA,87,56,0.6436781609195402,different-party
20798,20917,SF,KF,4,3,0.75,different-party
20798,20925,SF,KF,149,106,0.7114093959731543,different-party
20798,20930,SF,S,72,58,0.8055555555555556,different-party
20798,20962,SF,SF,71,71,1.0,same-party
20798,20966,SF,KF,68,51,0.75,different-party
20798,21044,SF,S,159,109,0.6855345911949685,different-party
20798,21083,SF,S,2,0,0.0,different-party
20798,21143,SF,S,119,75,0.6302521008403361,different-party
20798,21159,SF,M,136,94,0.6911764705882353,different-party
20798,21168,SF,V,120,77,0.6416666666666667,different-party
20798,21186,SF,S,2,0,0.0,different-party
20798,21194,SF,KF,62,47,0.7580645161290323,different-party
20798,21206,SF,N,0,0,,different-party
20820,20917,LA,KF,0,0,,different-party
20820,20925,LA,KF,85,70,0.8235294117647058,different-party
20820,20930,LA,S,68,55,0.8088235294117647,different-party
20820,20962,LA,SF,74,45,0.6081081081081081,different-party
20820,20966,LA,KF,62,53,0.8548387096774194,different-party
20820,21044,LA,S,93,70,0.7526881720430108,different-party
20820,21083,LA,S,1,0,0.0,different-party
20820,21143,LA,S,56,41,0.7321428571428571,different-party
20820,21159,LA,M,71,54,0.7605633802816901,different-party
20820,21168,LA,V,54,37,0.6851851851851852,different-party
20820,21186,LA,S,1,0,0.0,different-party
20820,21194,LA,KF,59,51,0.864406779661017,different-party
20820,21206,LA,N,0,0,,different-party
20917,20925,KF,KF,4,4,1.0,same-party
20917,20930,KF,S,4,2,0.5,different-party
20917,20962,KF,SF,1,1,1.0,different-party
20917,20966,KF,KF,4,4,1.0,same-party
20917,21044,KF,S,4,2,0.5,different-party
20917,21083,KF,S,1,0,0.0,different-party
20917,21143,KF,S,1,0,0.0,different-party
20917,21159,KF,M,4,2,0.5,different-party
20917,21168,KF,V,4,2,0.5,different-party
20917,21186,KF,S,1,0,0.0,different-party
20917,21194,KF,KF,1,1,1.0,same-party
20917,21206,KF,N,0,0,,different-party
20925,20930,KF,S,80,70,0.875,different-party
20925,20962,KF,SF,70,56,0.8,different-party
20925,20966,KF,KF,61,61,1.0,same-party
20925,21044,KF,S,158,145,0.9177215189873418,different-party
20925,21083,KF,S,2,0,0.0,different-party
20925,21143,KF,S,116,112,0.9655172413793104,different-party
20925,21159,KF,M,143,132,0.9230769230769231,different-party
20925,21168,KF,V,117,107,0.9145299145299145,different-party
20925,21186,KF,S,2,0,0.0,different-party
20925,21194,KF,KF,52,52,1.0,same-party
20925,21206,KF,N,0,0,,different-party
20930,20962,S,SF,54,43,0.7962962962962963,different-party
20930,20966,S,KF,54,44,0.8148148148148148,different-party
20930,21044,S,S,81,81,1.0,same-party
20930,21083,S,S,1,1,1.0,same-party
20930,21143,S,S,39,39,1.0,same-party
20930,21159,S,M,74,74,1.0,different-party
20930,21168,S,V,49,49,1.0,different-party
20930,21186,S,S,1,1,1.0,same-party
20930,21194,S,KF,42,35,0.8333333333333334,different-party
20930,21206,S,N,0,0,,different-party
20962,20966,SF,KF,49,37,0.7551020408163265,different-party
20962,21044,SF,S,80,61,0.7625,different-party
20962,21083,SF,S,1,0,0.0,different-party
20962,21143,SF,S,50,34,0.68,different-party
20962,21159,SF,M,60,49,0.8166666666666667,different-party
20962,21168,SF,V,47,33,0.7021276595744681,different-party
20962,21186,SF,S,1,0,0.0,different-party
20962,21194,SF,KF,43,32,0.7441860465116279,different-party
20962,21206,SF,N,0,0,,different-party
20966,21044,KF,S,71,56,0.7887323943661971,different-party
20966,21083,KF,S,2,0,0.0,different-party
20966,21143,KF,S,28,22,0.7857142857142857,different-party
20966,21159,KF,M,48,38,0.7916666666666666,different-party
20966,21168,KF,V,39,26,0.6666666666666666,different-party
20966,21186,KF,S,2,0,0.0,different-party
20966,21194,KF,KF,52,52,1.0,same-party
20966,21206,KF,N,0,0,,different-party
21044,21083,S,S,2,2,1.0,same-party
21044,21143,S,S,125,125,1.0,same-party
21044,21159,S,M,144,144,1.0,different-party
21044,21168,S,V,126,126,1.0,different-party
21044,21186,S,S,2,2,1.0,same-party
21044,21194,S,KF,62,50,0.8064516129032258,different-party
21044,21206,S,N,0,0,,different-party
21083,21143,S,S,2,2,1.0,same-party
21083,21159,S,M,1,1,1.0,different-party
21083,21168,S,V,2,2,1.0,different-party
21083,21186,S,S,2,2,1.0,same-party
21083,21194,S,KF,2,0,0.0,different-party
21083,21206,S,N,0,0,,different-party
21143,21159,S,M,103,103,1.0,different-party
21143,21168,S,V,107,107,1.0,different-party
21143,21186,S,S,2,2,1.0,same-party
21143,21194,S,KF,32,26,0.8125,different-party
21143,21206,S,N,0,0,,different-party
21159,21168,M,V,105,105,1.0,different-party
21159,21186,M,S,1,1,1.0,different-party
21159,21194,M,KF,46,38,0.8260869565217391,different-party
21159,21206,M,N,0,0,,different-party
21168,21186,V,S,2,2,1.0,different-party
21168,21194,V,KF,23,13,0.5652173913043478,different-party
21168,21206,V,N,0,0,,different-party
21186,21194,S,KF,2,0,0.0,different-party
21186,21206,S,N,0,0,,different-party
21194,21206,KF,N,0,0,,different-party
