politician_id,politician_name,party,2,3,4,5,6,7,8,9,10,11,12,13,14,15,16,17,18,19,20,21,22,23,24,25,26,27,28,29,30,31,32,33,34,35,36,37,38,39,40,41,42,43,44,45,46,47,48,50,51,52,53,54,55,56,57,58,59,60,61,62,63,64,66,67,68,69,70,71,73,74,75,76,77,78,79,80,81,82,84,85,86,87,88,89,90,91,92,93,94,95,96,97,98,99,100,101,102,103,104,105,106,107,108,109,110,111,112,113,114,115,116,117,118,119,120,121,122,123,124,125,126,127,128,129,130,131,132,133,134,135,136,137,138,139,140,141,142,143,144,145,146,147,148,149,150,151,171,172,173,174,175,176,183,184,185,186,187,188,189,190,191,205,206,207,208,209,211,212
12,Nicolai Wammen,S,Fravær,Fravær,Fravær,Fravær,Fravær,Fravær,Fravær,Fravær,Fravær,Fravær,Fravær,Fravær,Fravær,Fravær,Fravær,Fravær,Fravær,Fravær,Fravær,Fravær,Fravær,Fravær,Fravær,Fravær,Fravær,Fravær,Fravær,Fravær,Fravær,Fravær,Fravær,Fravær,Fravær,Fravær,Fravær,Fravær,Imod,Imod,Imod,Imod,Imod,Imod,Imod,Imod,Imod,Imod,Imod,Imod,Imod,Imod,Imod,Imod,Imod,Imod,Imod,Imod,Imod,Imod,Imod,Imod,Imod,For,Imod,Imod,Imod,Imod,Imod,Imod,Imod,Imod,Imod,Imod,Imod,Imod,Imod,Imod,Imod,Imod,Imod,Imod,Imod,Imod,Imod,Imod,Imod,Imod,Imod,Imod,Imod,Imod,For,Imod,Imod,Imod,Imod,Imod,Imod,Imod,Imod,Imod,Imod,Imod,For,For,For,Fravær,Fravær,Fravær,Fravær,Fravær,Fravær,Fravær,Fravær,Fravær,Fravær,Fravær,Fravær,Fravær,Fravær,Fravær,Fravær,Fravær,Fravær,Fravær,Fravær,Fravær,Fravær,Fravær,Fravær,Fravær,Fravær,Fravær,Fravær,Fravær,Fravær,Fravær,Fravær,Fravær,Fravær,Fravær,Fravær,Fravær,Fravær,Fravær,Fravær,Fravær,Fravær,Fravær,Fravær,Fravær,Fravær,Fravær,Fravær,Fravær,Fravær,Fravær,Fravær,Fravær,Fravær,Fravær,Fravær,Fravær,Fravær,Fravær,For,Fravær,Fravær,Fravær
18,Alex Ahrendtsen,DF,Imod,Imod,For,For,For,Fravær,Fravær,Fravær,Fravær,Fravær,Fravær,Hverken for eller imod,Imod,For,For,For,Hverken for eller imod,For,For,For,Fravær,Fravær,Fravær,Fravær,Fravær,Fravær,Fravær,Fravær,Fravær,Fravær,Fravær,Fravær,Fravær,Fravær,Fravær,Fravær,For,For,For,Imod,For,For,For,For,Imod,For,For,Hverken for eller imod,For,For,For,For,For,For,Imod,For,For,For,Hverken for eller imod,Hverken for eller imod,For,For,Imod,For,For,For,For,For,For,For,Imod,Imod,Imod,For,For,For,For,Imod,For,For,For,For,For,For,Imod,For,For,For,For,For,Hverken for eller imod,For,For,For,For,For,For,For,Imod,Imod,For,Imod,Fravær,Fravær,Fravær,Fravær,Fravær,Fravær,Fravær,Fravær,Fravær,Fravær,Fravær,Fravær,Fravær,Fravær,Fravær,Imod,For,For,For,For,For,Hverken for eller imod,Hverken for eller imod,Imod,Hverken for eller imod,Imod,For,Imod,For,For,For,For,For,For,For,For,For,Hverken for eller imod,Imod,For,For,Imod,Imod,Imod,Imod,For,Hverken for eller imod,For,Imod,Imod,Imod,For,For,For,For,For,For,For,Imod,For,Imod,For,Imod,For,For,Imod
34,Søren Espersen,DD,Fravær,Imod,Imod,For,For,For,For,For,Imod,For,Imod,Fravær,Fravær,Fravær,Fravær,Fravær,Fravær,Fravær,Fravær,Fravær,Fravær,Fravær,Fravær,Fravær,Fravær,Fravær,Fravær,Fravær,Fravær,Fravær,For,For,Imod,Imod,Imod,Imod,For,For,For,Imod,For,For,For,For,For,For,For,Hverken for eller imod,For,For,For,For,Hverken for eller imod,For,Imod,Imod,For,Imod,Hverken for eller imod,Hverken for eller imod,For,For,Imod,For,For,For,For,For,For,For,Imod,Imod,Imod,For,For,For,For,For,For,Imod,Hverken for eller imod,Hverken for eller imod,Imod,For,For,For,Hverken for eller imod,For,Hverken for eller imod,For,For,For,For,Hverken for eller imod,For,Hverken for eller imod,For,For,Imod,Imod,For,Imod,For,For,For,For,For,Imod,For,For,For,For,For,For,For,For,For,For,For,For,For,For,For,For,For,Imod,Fravær,Fravær,Fravær,Fravær,Fravær,Fravær,Fravær,Fravær,Fravær,Fravær,Fravær,Fravær,Fravær,Fravær,Fravær,Fravær,Fravær,Fravær,Fravær,Fravær,Imod,For,Hverken for eller imod,Fravær,Fravær,Fravær,Fravær,Fravær,Fravær,Fravær,Fravær,Fravær,Fravær,Fravær,Fravær,Fravær,Fravær,Fravær,Fravær,Fravær,Fravær,Fravær
38,Astrid Krag,S,Fravær,Fravær,Fravær,Fravær,Fravær,For,For,For,For,For,For,Fravær,Fravær,For,For,For,For,Imod,Imod,Imod,Fravær,Fravær,Fravær,Fravær,Fravær,Fravær,Fravær,Fravær,Fravær,Fravær,Fravær,Fravær,Fravær,Fravær,Fravær,Fravær,Fravær,Fravær,Fravær,Fravær,Fravær,Fravær,Fravær,Fravær,Fravær,Fravær,Fravær,Fravær,Fravær,Fravær,Fravær,Fravær,Fravær,Fravær,Fravær,Fravær,Fravær,Fravær,Fravær,Fravær,Fravær,Fravær,Fravær,Fravær,Fravær,Fravær,Fravær,Fravær,Fravær,Fravær,Fravær,Fravær,Fravær,Fravær,Fravær,Fravær,Fravær,Fravær,Fravær,Fravær,Fravær,Fravær,Fravær,Fravær,Fravær,Fravær,Fravær,Fravær,Fravær,Fravær,Fravær,Fravær,Fravær,Fravær,Fravær,Fravær,Fravær,Fravær,Fravær,Fravær,Fravær,Fravær,For,For,For,For,For,For,For,For,For,For,For,Imod,Imod,Imod,Imod,Fravær,Fravær,Fravær,Fravær,Fravær,Fravær,Fravær,Fravær,Fravær,For,For,For,For,For,For,For,For,For,For,For,For,For,For,For,For,For,For,For,Imod,Fravær,Fravær,Fravær,For,For,Imod,For,For,For,For,For,Imod,Imod,Imod,Imod,Fravær,Fravær,Fravær,Fravær,Fravær,Fravær,Fravær
43,Pia Olsen Dyhr,SF,Fravær,Fravær,Fravær,Fravær,Fravær,Fravær,Fravær,Fravær,Fravær,Fravær,Fravær,Fravær,Fravær,Fravær,Fravær,Fravær,Fravær,Fravær,Fravær,Fravær,Fravær,Fravær,Fravær,Fravær,Fravær,Fravær,Fravær,Fravær,Fravær,Fravær,For,For,Fravær,Fravær,Fravær,Fravær,Fravær,Fravær,Fravær,Fravær,Fravær,Fravær,Fravær,Fravær,Fravær,Fravær,Fravær,Fravær,Fravær,Fravær,Fravær,Fravær,Fravær,Fravær,Fravær,Fravær,Fravær,Fravær,Fravær,Fravær,Fravær,Fravær,Fravær,Fravær,Fravær,Fravær,Fravær,Fravær,Fravær,Fravær,Fravær,Fravær,Fravær,Fravær,Fravær,Fravær,Fravær,Fravær,Fravær,Fravær,Fravær,Fravær,Fravær,Fravær,Fravær,Fravær,Fravær,Fravær,Fravær,Fravær,Fravær,Fravær,Fravær,Fravær,Fravær,Fravær,Fravær,Fravær,Fravær,Fravær,Fravær,Fravær,Fravær,Fravær,Fravær,Fravær,Fravær,Fravær,Fravær,Fravær,Fravær,Fravær,Fravær,Fravær,Fravær,Fravær,Fravær,Fravær,Fravær,Fravær,Fravær,Fravær,Fravær,Fravær,Fravær,Fravær,Fravær,Fravær,Fravær,Fravær,Fravær,Fravær,Fravær,Fravær,Fravær,Fravær,Fravær,Fravær,Fravær,Fravær,Fravær,Fravær,Fravær,Fravær,Fravær,Fravær,Fravær,Fravær,Fravær,Fravær,Fravær,Fravær,Fravær,Fravær,Fravær,Fravær,Fravær,Fravær,Fravær,Fravær,Fravær,Fravær,Fravær,Fravær,For,For,Fravær,For
48,Peter Skaarup,DD,Imod,Fravær,Fravær,Fravær,Fravær,Fravær,Fravær,Fravær,Fravær,Fravær,Fravær,For,Imod,For,For,Imod,For,For,For,For,Fravær,Fravær,Fravær,Fravær,Fravær,Fravær,Fravær,Fravær,Fravær,Fravær,Fravær,Fravær,Fravær,Fravær,Fravær,Fravær,Fravær,Fravær,Fravær,Fravær,Fravær,Fravær,Fravær,Fravær,Fravær,Fravær,Fravær,Fravær,Fravær,Fravær,Fravær,Fravær,Fravær,Fravær,Fravær,Fravær,Fravær,Fravær,Fravær,Fravær,Fravær,Fravær,Fravær,Fravær,Fravær,Fravær,Fravær,Fravær,Fravær,Fravær,Fravær,Fravær,Fravær,Fravær,Fravær,Fravær,Fravær,Fravær,Fravær,Fravær,Fravær,Fravær,Fravær,Fravær,Fravær,Fravær,Fravær,Fravær,Fravær,Fravær,Fravær,Fravær,Fravær,Fravær,Fravær,Fravær,Fravær,Fravær,Fravær,Fravær,Fravær,Fravær,For,For,For,For,For,Imod,For,For,For,For,For,For,For,For,For,Fravær,Fravær,Fravær,Fravær,Fravær,Fravær,Fravær,Fravær,Fravær,Fravær,Fravær,Fravær,Fravær,Fravær,Fravær,Fravær,Fravær,Fravær,Fravær,Fravær,Fravær,Fravær,Fravær,Fravær,Fravær,Fravær,Fravær,Fravær,Fravær,Imod,For,Hverken for eller imod,For,For,For,Fravær,Fravær,Fravær,Fravær,Fravær,Fravær,Fravær,Fravær,Fravær,Imod,Imod,Imod,Imod,Imod,For,Imod
49,Erling Bonnesen,V,For,Fravær,Imod,For,For,For,For,For,For,For,For,For,For,For,For,For,For,Fravær,Imod,Imod,Fravær,Fravær,Fravær,Fravær,For,For,For,For,For,Fravær,Fravær,Fravær,Imod,Imod,Imod,Imod,Imod,Imod,Imod,Imod,Imod,Imod,Imod,Imod,Imod,Imod,Imod,Imod,Imod,Imod,Imod,Imod,Imod,Imod,Imod,Imod,Imod,Imod,Imod,Imod,Imod,For,Imod,Imod,Imod,Imod,Imod,Imod,Imod,Imod,Imod,Imod,Imod,Imod,Imod,Imod,Imod,Imod,Imod,Imod,Imod,Imod,Imod,Imod,Imod,Imod,Imod,Imod,Imod,Imod,For,Imod,Imod,Imod,Imod,Imod,Imod,Imod,Imod,Imod,Imod,Imod,For,For,For,For,For,For,For,For,For,For,For,Imod,Imod,Imod,Imod,Fravær,For,For,Fravær,For,Fravær,Fravær,Fravær,Fravær,Fravær,For,For,Fravær,Fravær,Fravær,Fravær,Fravær,Fravær,Fravær,Fravær,For,Fravær,Fravær,Fravær,For,For,Fravær,Fravær,Fravær,Fravær,Fravær,For,For,For,Imod,For,For,For,For,For,Imod,Imod,Imod,Imod,For,For,For,For,For,For,For
57,Jakob Engel-Schmidt,M,For,Fravær,Imod,For,For,For,For,For,For,For,For,For,For,For,For,For,For,Imod,Imod,Imod,Fravær,Fravær,Fravær,Fravær,Fravær,Fravær,Fravær,Fravær,Fravær,Fravær,Fravær,Fravær,Fravær,Fravær,Fravær,Fravær,Fravær,Fravær,Fravær,Fravær,Fravær,Fravær,Fravær,Fravær,Fravær,Fravær,Fravær,Fravær,Fravær,Fravær,Fravær,Fravær,Fravær,Fravær,Fravær,Fravær,Fravær,Fravær,Fravær,Fravær,Fravær,Fravær,Fravær,Fravær,Fravær,Fravær,Fravær,Fravær,Fravær,Fravær,Fravær,Fravær,Fravær,Fravær,Fravær,Fravær,Fravær,Fravær,Fravær,Fravær,Fravær,Fravær,Fravær,Fravær,Fravær,Fravær,Fravær,Fravær,Fravær,Fravær,Fravær,Fravær,Fravær,Fravær,Fravær,Fravær,Fravær,Fravær,Fravær,Fravær,Fravær,Fravær,Fravær,Fravær,Fravær,Fravær,Fravær,Fravær,Fravær,Fravær,Fravær,Fravær,Fravær,Fravær,Fravær,Fravær,Fravær,For,For,For,For,For,For,For,For,Imod,For,Fravær,Fravær,For,Fravær,Fravær,Fravær,Fravær,Fravær,Fravær,Fravær,Fravær,For,For,Fravær,Fravær,Fravær,Fravær,Fravær,Fravær,Fravær,Fravær,Fravær,For,For,Imod,Fravær,Fravær,Fravær,Fravær,Fravær,Fravær,Fravær,Fravær,Fravær,Fravær,Fravær,Fravær,For,For,For,For
74,Mette Reissmann,S,Fravær,For,Fravær,Fravær,Fravær,Fravær,Fravær,Fravær,Fravær,Fravær,Fravær,Fravær,Fravær,Fravær,Fravær,Fravær,Fravær,Fravær,Fravær,Fravær,For,For,For,For,For,For,For,For,For,For,For,For,Imod,Imod,Imod,Imod,Imod,Imod,Imod,Imod,Imod,Imod,Imod,Imod,Imod,Imod,Imod,Imod,Imod,Imod,Imod,Imod,Imod,Imod,Imod,Imod,Imod,Imod,Imod,Imod,Imod,For,Imod,Imod,Imod,Imod,Imod,Imod,Imod,Imod,Imod,Imod,Imod,Imod,Imod,Imod,Imod,Imod,Imod,Imod,Imod,Imod,Imod,Imod,Imod,Imod,Imod,Imod,Imod,Imod,For,Imod,Imod,Imod,Imod,Imod,Imod,Imod,Imod,Imod,Imod,Imod,For,For,For,For,For,For,For,For,For,For,For,Imod,Imod,Imod,Imod,For,For,For,For,For,For,For,For,Imod,For,For,For,For,For,For,For,For,For,For,For,For,For,For,For,For,For,For,For,Imod,Fravær,Fravær,Fravær,Fravær,Fravær,Fravær,For,For,For,For,For,Imod,Imod,Imod,Imod,Fravær,Fravær,Fravær,Fravær,Fravær,Fravær,Fravær
80,Torsten Schack Pedersen,V,For,For,Imod,For,For,Fravær,Fravær,Fravær,Fravær,Fravær,Fravær,For,For,For,For,For,For,Imod,Imod,Imod,Fravær,Fravær,Fravær,Fravær,Fravær,Fravær,Fravær,Fravær,Fravær,Fravær,For,For,Imod,Imod,Imod,Imod,Imod,Imod,Imod,Imod,Imod,Imod,Imod,Imod,Imod,Imod,Imod,Imod,Imod,Imod,Imod,Imod,Imod,Imod,Imod,Imod,Imod,Imod,Imod,Imod,Imod,For,Imod,Imod,Imod,Imod,Imod,Imod,Imod,Imod,Imod,Imod,Imod,Imod,Imod,Imod,Imod,Imod,Imod,Imod,Imod,Imod,Imod,Imod,Imod,Imod,Imod,Imod,Imod,Imod,For,Imod,Imod,Imod,Imod,Imod,Imod,Imod,Imod,Imod,Imod,Imod,For,For,For,For,For,For,For,For,For,For,For,Imod,Imod,Imod,Imod,Fravær,Fravær,Fravær,Fravær,Fravær,Fravær,Fravær,Fravær,Fravær,For,For,For,For,For,For,For,For,For,For,For,For,For,For,For,For,For,For,For,Imod,For,For,Fravær,For,For,Imod,For,For,For,For,For,Imod,Imod,Imod,Imod,Fravær,Fravær,Fravær,Fravær,Fravær,Fravær,Fravær
82,Hans Kristian Skibby,DD,Imod,Imod,Fravær,Fravær,Fravær,For,For,For,Imod,For,Imod,Fravær,Fravær,Fravær,Fravær,Fravær,Fravær,Fravær,Fravær,Fravær,For,For,For,Hverken for eller imod,For,For,For,For,For,Imod,For,For,Imod,Imod,Imod,Imod,For,Hverken for eller imod,For,Imod,For,For,For,For,For,For,For,Hverken for eller imod,For,For,For,For,Hverken for eller imod,For,Imod,Imod,For,Imod,Hverken for eller imod,Hverken for eller imod,For,For,Imod,For,For,For,For,For,For,For,Imod,Imod,Imod,For,For,For,For,For,For,Imod,Hverken for eller imod,Hverken for eller imod,Imod,For,For,For,Hverken for eller imod,For,Hverken for eller imod,For,For,For,For,Hverken for eller imod,For,Hverken for eller imod,For,For,Imod,Imod,For,Imod,For,For,For,For,For,Imod,For,For,For,For,For,For,For,For,For,For,For,For,For,For,For,For,For,Imod,For,Imod,For,For,For,For,For,For,For,For,For,Hverken for eller imod,For,For,Imod,For,For,Imod,Imod,For,Imod,For,Hverken for eller imod,For,For,For,Fravær,Fravær,Fravær,Fravær,Fravær,Fravær,Fravær,Fravær,Fravær,Imod,Imod,Imod,Imod,Imod,For,Imod
93,Louise Elholm,V,For,For,Imod,For,For,For,For,For,For,For,For,For,For,For,For,For,For,Imod,Imod,Imod,For,For,For,For,For,For,For,For,For,For,Fravær,Fravær,Imod,Imod,Imod,Imod,Imod,Imod,Imod,Imod,Imod,Imod,Imod,Imod,Imod,Imod,Imod,Imod,Imod,Imod,Imod,Imod,Imod,Imod,Imod,Imod,Imod,Imod,Imod,Imod,Imod,For,Imod,Imod,Imod,Imod,Imod,Imod,Imod,Imod,Imod,Imod,Imod,Imod,Imod,Imod,Imod,Imod,Imod,Imod,Imod,Imod,Imod,Imod,Imod,Imod,Imod,Imod,Imod,Imod,For,Imod,Imod,Imod,Imod,Imod,Imod,Imod,Imod,Imod,Imod,Imod,For,For,For,For,For,For,For,For,For,For,For,Imod,Imod,Imod,Imod,Fravær,Fravær,Fravær,Fravær,Fravær,Fravær,Fravær,Fravær,Fravær,For,For,For,For,For,For,For,For,For,Fravær,For,For,For,For,For,For,For,For,For,Imod,For,For,For,For,For,Imod,For,For,For,For,For,Imod,Imod,Imod,Imod,For,For,For,For,For,For,For
97,Jesper Petersen,S,For,For,Imod,For,For,Fravær,Fravær,Fravær,Fravær,Fravær,Fravær,For,For,For,For,For,For,Imod,Imod,Imod,For,For,For,For,For,For,For,For,For,For,For,For,Imod,Imod,Imod,Imod,Imod,Imod,Imod,Imod,Imod,Imod,Imod,Imod,Imod,Imod,Imod,Imod,Imod,Imod,Imod,Imod,Imod,Imod,Imod,Imod,Imod,Imod,Imod,Imod,Imod,For,Imod,Imod,Imod,Imod,Imod,Imod,Imod,Imod,Imod,Imod,Imod,Imod,Imod,Imod,Imod,Imod,Imod,Imod,Imod,Imod,Imod,Imod,Imod,Imod,Imod,Imod,Imod,Imod,For,Imod,Imod,Imod,Imod,Imod,Imod,Imod,Imod,Imod,Imod,Imod,For,For,For,For,For,For,For,For,For,For,For,Imod,Imod,Imod,Imod,For,For,For,For,For,For,For,For,Imod,For,For,For,For,For,For,For,For,For,For,For,For,For,For,For,For,For,For,For,Imod,For,For,For,Fravær,Fravær,Fravær,Fravær,Fravær,Fravær,Fravær,Fravær,Fravær,Fravær,Fravær,Fravær,For,For,For,For,For,For,For
99,Ole Birk Olesen,LA,Fravær,Imod,Fravær,Fravær,Fravær,For,For,For,Imod,For,For,Fravær,Fravær,Fravær,Fravær,Fravær,Fravær,Fravær,Fravær,Fravær,For,Imod,Imod,Hverken for eller imod,For,For,For,For,For,Imod,For,For,Imod,Imod,Imod,Imod,For,Imod,For,Imod,For,Imod,For,Imod,Hverken for eller imod,Imod,For,Imod,Hverken for eller imod,For,Imod,For,Hverken for eller imod,For,Imod,Imod,For,Imod,Imod,Imod,Imod,For,Imod,Imod,For,For,Imod,Imod,Imod,Imod,Imod,Imod,Imod,Imod,For,Imod,Imod,For,Imod,Imod,Imod,For,Imod,For,Imod,Imod,Imod,Imod,Imod,For,For,For,Fravær,Hverken for eller imod,For,Hverken for eller imod,For,Hverken for eller imod,Imod,Imod,For,Imod,Hverken for eller imod,For,For,For,For,For,For,For,For,For,For,For,For,For,For,Fravær,Fravær,Fravær,Fravær,Fravær,Fravær,Fravær,Fravær,Fravær,For,For,Imod,For,For,For,For,For,For,For,For,For,For,For,For,For,For,For,For,For,Fravær,Fravær,Fravær,For,For,For,Fravær,Fravær,Fravær,Fravær,Fravær,Fravær,Fravær,Fravær,Fravær,Fravær,Fravær,Fravær,Fravær,Fravær,Fravær,Fravær
102,Jan E. Jørgensen,V,For,For,Fravær,Fravær,Fravær,For,For,For,For,For,For,For,For,For,For,For,For,Imod,Imod,Imod,For,For,For,For,For,For,For,For,For,For,For,For,Imod,Imod,Imod,Imod,Imod,Imod,Imod,Imod,Imod,Imod,Imod,Imod,Imod,Imod,Imod,Imod,Imod,Imod,Imod,Imod,Imod,Imod,Imod,Imod,Imod,Imod,Imod,Imod,Imod,For,Imod,Imod,Imod,Imod,Imod,Imod,Imod,Imod,Imod,Imod,Imod,Imod,Imod,Imod,Imod,Imod,Imod,Imod,Imod,Imod,Imod,Imod,Imod,Imod,Imod,Imod,Imod,Imod,For,Imod,Imod,Imod,Imod,Imod,Imod,Imod,Imod,Imod,Imod,Imod,For,For,For,For,For,For,For,For,For,For,For,Imod,Imod,Imod,Imod,Fravær,Fravær,Fravær,Fravær,Fravær,Fravær,Fravær,Fravær,Fravær,For,For,For,For,For,For,For,For,For,For,For,For,For,For,For,For,For,For,For,Imod,For,For,For,For,For,Imod,For,For,For,For,For,Imod,Imod,Imod,Imod,For,For,For,Hverken for eller imod,For,For,For
109,Trine Pertou Mach,EL,Fravær,Fravær,Fravær,Fravær,Fravær,For,For,For,For,For,Imod,Fravær,Fravær,Fravær,Fravær,Fravær,Fravær,Fravær,Fravær,Fravær,Imod,For,For,For,For,For,Imod,Imod,For,For,For,Imod,For,For,For,For,Fravær,Fravær,Fravær,Fravær,Fravær,Fravær,Fravær,Fravær,Fravær,Fravær,Fravær,Fravær,Fravær,Fravær,Fravær,Fravær,Fravær,Fravær,Fravær,Fravær,Fravær,Fravær,Fravær,Fravær,Fravær,Fravær,Fravær,Fravær,Fravær,Fravær,Fravær,Fravær,Fravær,Fravær,Fravær,Fravær,Fravær,Fravær,Fravær,Fravær,Fravær,Fravær,Fravær,Fravær,Fravær,Fravær,Fravær,Fravær,Fravær,Fravær,Fravær,Fravær,Fravær,Fravær,Fravær,Fravær,Fravær,Fravær,Fravær,Fravær,Fravær,Fravær,Fravær,Fravær,Fravær,Fravær,Fravær,Fravær,Fravær,Fravær,Fravær,Fravær,Fravær,Fravær,Fravær,Fravær,Fravær,Fravær,Fravær,Fravær,Fravær,Fravær,Fravær,Fravær,Fravær,Fravær,Fravær,Fravær,Fravær,Fravær,Fravær,Fravær,Fravær,Fravær,Fravær,Fravær,Fravær,Fravær,Fravær,Fravær,Fravær,Fravær,Fravær,Fravær,Fravær,Fravær,Fravær,Fravær,Fravær,Fravær,Fravær,Fravær,Fravær,For,For,For,Fravær,Fravær,Fravær,Fravær,Fravær,Fravær,Fravær,Fravær,Fravær,Imod,For,Imod,For,For,Imod,For
110,Rosa Lund,EL,Imod,Fravær,Imod,For,Imod,Fravær,Fravær,Fravær,Fravær,Fravær,Fravær,Imod,Imod,Hverken for eller imod,For,Imod,For,Imod,Imod,Imod,Fravær,Fravær,Fravær,Fravær,Fravær,Fravær,Fravær,Fravær,Fravær,Fravær,Fravær,Fravær,Fravær,Fravær,Fravær,Fravær,Fravær,Fravær,Fravær,Fravær,Fravær,Fravær,Fravær,Fravær,Fravær,Fravær,Fravær,Fravær,Fravær,Fravær,Fravær,Fravær,Fravær,Fravær,Fravær,Fravær,Fravær,Fravær,Fravær,Fravær,Fravær,Fravær,Fravær,Fravær,Fravær,Fravær,Fravær,Fravær,Fravær,Fravær,Fravær,Fravær,Fravær,Fravær,Fravær,Fravær,Fravær,Fravær,Fravær,Fravær,Fravær,Fravær,Fravær,Fravær,Fravær,Fravær,Fravær,Fravær,Fravær,Fravær,Fravær,Fravær,Fravær,Fravær,Fravær,Fravær,Fravær,Fravær,Fravær,Fravær,Fravær,Fravær,Imod,Imod,Imod,Imod,Imod,For,For,For,For,Hverken for eller imod,For,Imod,Imod,Imod,Hverken for eller imod,For,For,Imod,Imod,For,Hverken for eller imod,Imod,For,For,Fravær,Fravær,Fravær,Fravær,Fravær,Fravær,Fravær,Fravær,Fravær,Fravær,Fravær,Fravær,Fravær,Fravær,Fravær,Fravær,Fravær,Fravær,Fravær,Fravær,Imod,For,For,Fravær,Fravær,Fravær,Fravær,Fravær,Fravær,Fravær,Fravær,Fravær,Fravær,Fravær,Fravær,Fravær,Fravær,Fravær,Fravær,Fravær,Fravær,Fravær
112,Lotte Rod,RV,Imod,Imod,Imod,For,Imod,For,For,For,For,For,Imod,Imod,Imod,For,For,For,For,Imod,Imod,Imod,Fravær,Fravær,Fravær,Fravær,Fravær,Fravær,Fravær,Fravær,Fravær,Fravær,For,For,Imod,Imod,Imod,Imod,Fravær,Fravær,Fravær,Fravær,Fravær,Fravær,Fravær,Fravær,Fravær,Fravær,Fravær,Fravær,Fravær,Fravær,Fravær,Fravær,Fravær,Fravær,Fravær,Fravær,Fravær,Fravær,Fravær,Fravær,Fravær,Fravær,Fravær,Fravær,Fravær,Fravær,Fravær,Fravær,Fravær,Fravær,Fravær,Fravær,Fravær,Fravær,Fravær,Fravær,Fravær,Fravær,Fravær,Fravær,Fravær,Fravær,Fravær,Fravær,Fravær,Fravær,Fravær,Fravær,Fravær,Fravær,Fravær,Fravær,Fravær,Fravær,Fravær,Fravær,Fravær,Fravær,Fravær,Fravær,Fravær,Fravær,For,For,For,For,For,For,For,For,For,For,For,Imod,Imod,Imod,Imod,Fravær,Fravær,Fravær,Fravær,Fravær,Fravær,Fravær,Fravær,Fravær,For,For,For,For,For,For,For,For,For,For,For,For,For,For,For,For,For,For,For,For,Imod,For,For,Fravær,Fravær,Fravær,For,For,Imod,Imod,For,Hverken for eller imod,Imod,Imod,For,For,Imod,For,Imod,For,For,For
113,Jens Henrik Thulesen Dahl,DD,Fravær,Fravær,Fravær,Fravær,Fravær,Fravær,Fravær,Fravær,Fravær,Fravær,Fravær,Fravær,Fravær,Fravær,Fravær,Fravær,Fravær,Fravær,Fravær,Fravær,For,Imod,For,Hverken for eller imod,For,For,For,For,For,Imod,For,For,Imod,Imod,Imod,Imod,For,Hverken for eller imod,For,Imod,For,For,For,For,For,For,For,Hverken for eller imod,For,For,For,For,Hverken for eller imod,For,Imod,Imod,For,Imod,Hverken for eller imod,Hverken for eller imod,For,For,Imod,For,For,For,For,For,For,For,Imod,Imod,Imod,For,For,For,For,For,For,Imod,Hverken for eller imod,Hverken for eller imod,Imod,For,For,For,Hverken for eller imod,For,Hverken for eller imod,For,For,For,For,Hverken for eller imod,For,Hverken for eller imod,For,For,Imod,Imod,For,Imod,Fravær,Fravær,Fravær,Fravær,Fravær,Fravær,Fravær,Fravær,Fravær,Fravær,Fravær,Fravær,Fravær,Fravær,Fravær,For,For,For,For,For,For,For,For,Imod,Fravær,Fravær,Fravær,Fravær,Fravær,Fravær,Fravær,Fravær,Fravær,Fravær,Fravær,Fravær,Fravær,Fravær,Fravær,Fravær,Fravær,Fravær,Fravær,Fravær,Fravær,Fravær,Fravær,Fravær,Fravær,Fravær,For,For,Imod,For,For,Imod,Hverken for eller imod,For,Imod,Imod,Imod,Imod,Imod,Imod,For,Imod
118,Trine Bramsen,S,For,For,Fravær,For,For,For,For,For,For,For,For,For,For,For,For,For,For,Imod,Imod,Imod,For,For,For,For,For,For,For,For,For,For,Fravær,Fravær,Fravær,Fravær,Fravær,Fravær,Fravær,Fravær,Fravær,Fravær,Fravær,Fravær,Fravær,Fravær,Fravær,Fravær,Fravær,Fravær,Fravær,Fravær,Fravær,Fravær,Fravær,Fravær,Fravær,Fravær,Fravær,Fravær,Fravær,Fravær,Fravær,Fravær,Fravær,Fravær,Fravær,Fravær,Fravær,Fravær,Fravær,Fravær,Fravær,Fravær,Fravær,Fravær,Fravær,Fravær,Fravær,Fravær,Fravær,Fravær,Fravær,Fravær,Fravær,Fravær,Fravær,Fravær,Fravær,Fravær,Fravær,Fravær,Fravær,Fravær,Fravær,Fravær,Fravær,Fravær,Fravær,Fravær,Fravær,Fravær,Fravær,Fravær,For,For,For,For,For,For,For,For,For,For,For,Imod,Imod,Imod,Imod,Fravær,Fravær,Fravær,Fravær,Fravær,Fravær,Fravær,Fravær,Fravær,For,For,For,For,For,For,For,For,For,For,For,For,For,For,For,For,For,For,For,Imod,For,For,For,For,For,Imod,For,For,For,For,For,Imod,Imod,Imod,Imod,For,For,For,For,For,For,For
119,Dennis Flydtkjær,DD,Fravær,Imod,Imod,For,For,Fravær,Fravær,Fravær,Fravær,Fravær,Fravær,For,Imod,For,For,Imod,For,For,For,For,For,Imod,For,Hverken for eller imod,For,For,For,For,For,Imod,For,For,Imod,Imod,Imod,Imod,For,Hverken for eller imod,For,Imod,For,For,For,For,For,For,For,Hverken for eller imod,For,For,For,For,Hverken for eller imod,For,Imod,Imod,For,Imod,Hverken for eller imod,Hverken for eller imod,For,For,Imod,For,For,For,For,For,For,For,Imod,Imod,Imod,For,For,For,For,For,For,Imod,Hverken for eller imod,Hverken for eller imod,Imod,For,For,For,Hverken for eller imod,For,Hverken for eller imod,For,For,For,For,Hverken for eller imod,For,Hverken for eller imod,For,For,Imod,Imod,For,Imod,Fravær,Fravær,Fravær,Fravær,Fravær,Fravær,Fravær,Fravær,Fravær,Fravær,Fravær,Fravær,Fravær,Fravær,Fravær,Fravær,Fravær,Fravær,Fravær,Fravær,Fravær,Fravær,Fravær,Fravær,For,Imod,For,For,For,For,For,For,For,For,For,Hverken for eller imod,For,For,Imod,For,For,Imod,Imod,For,Imod,For,Hverken for eller imod,For,For,For,For,For,Imod,For,For,Imod,Hverken for eller imod,For,Imod,Imod,Imod,Imod,Imod,Imod,For,Imod
120,Benny Engelbrecht,S,Fravær,For,Imod,For,For,For,For,For,For,For,For,For,For,Fravær,Fravær,For,Fravær,Imod,Imod,Imod,For,For,For,For,For,For,For,For,For,For,For,For,Imod,Imod,Imod,Imod,Imod,Imod,Imod,Imod,Imod,Imod,Imod,Imod,Imod,Imod,Imod,Imod,Imod,Imod,Imod,Imod,Imod,Imod,Imod,Imod,Imod,Imod,Imod,Imod,Imod,For,Imod,Imod,Imod,Imod,Imod,Imod,Imod,Imod,Imod,Imod,Imod,Imod,Imod,Imod,Imod,Imod,Imod,Imod,Imod,Imod,Imod,Imod,Imod,Imod,Imod,Imod,Imod,Imod,For,Imod,Imod,Imod,Imod,Imod,Imod,Imod,Imod,Imod,Imod,Imod,For,For,For,Fravær,Fravær,Fravær,Fravær,Fravær,Fravær,Fravær,Fravær,Fravær,Fravær,Fravær,Fravær,Fravær,Fravær,Fravær,Fravær,Fravær,Fravær,Fravær,Fravær,Fravær,Fravær,Fravær,Fravær,Fravær,Fravær,Fravær,Fravær,Fravær,Fravær,Fravær,Fravær,Fravær,Fravær,Fravær,Fravær,Fravær,Fravær,For,For,Imod,Fravær,Fravær,Fravær,Fravær,Fravær,Fravær,Fravær,Fravær,Fravær,For,For,Imod,Fravær,Imod,Fravær,For,For,For,For,For,For,For
121,Karina Lorentzen Dehnhardt,SF,Fravær,Imod,Imod,For,For,Fravær,Fravær,Fravær,Fravær,Fravær,Fravær,Imod,Imod,For,For,For,For,For,For,Imod,Fravær,Fravær,Fravær,Fravær,Fravær,Fravær,Fravær,Fravær,Fravær,Fravær,Fravær,Fravær,Fravær,Fravær,Fravær,Fravær,Imod,Imod,Imod,For,Imod,Imod,Imod,Imod,For,Imod,Imod,For,For,For,For,Imod,For,Imod,Hverken for eller imod,Hverken for eller imod,Imod,For,For,For,Imod,Imod,For,For,Imod,Imod,Imod,For,For,For,For,For,Imod,For,Imod,Imod,For,Imod,Imod,Imod,Imod,Imod,For,Hverken for eller imod,Hverken for eller imod,Imod,Imod,Imod,Imod,Imod,Imod,Imod,Imod,Imod,Imod,Imod,Imod,Imod,For,For,Imod,Imod,For,For,For,Imod,Imod,For,For,For,For,For,For,Imod,Imod,Imod,Imod,Fravær,Fravær,Fravær,Fravær,Fravær,Fravær,Fravær,Fravær,Fravær,Fravær,Fravær,Fravær,Fravær,Fravær,Fravær,Fravær,Fravær,Fravær,Fravær,Fravær,Fravær,Fravær,Fravær,Fravær,Fravær,Fravær,Fravær,Fravær,Fravær,Fravær,Fravær,Fravær,For,For,For,Fravær,Fravær,Fravær,Fravær,Fravær,Fravær,Fravær,Fravær,Fravær,Imod,For,Imod,For,For,For,For
125,Hans Christian Schmidt,V,Fravær,For,Imod,For,For,Fravær,Fravær,Fravær,Fravær,Fravær,Fravær,For,For,For,For,For,For,Imod,Imod,Imod,For,For,For,For,For,For,For,For,For,For,Fravær,Fravær,Fravær,Fravær,Fravær,Fravær,Imod,Imod,Imod,Imod,Imod,Imod,Imod,Imod,Imod,Imod,Imod,Imod,Imod,Imod,Imod,Imod,Imod,Imod,Imod,Imod,Imod,Imod,Imod,Imod,Imod,For,Imod,Imod,Imod,Imod,Imod,Imod,Imod,Imod,Imod,Imod,Imod,Imod,Imod,Imod,Imod,Imod,Imod,Imod,Imod,Imod,Imod,Imod,Imod,Imod,Imod,Imod,Imod,Imod,For,Imod,Imod,Imod,Imod,Imod,Imod,Imod,Imod,Imod,Imod,Imod,Fravær,Fravær,Fravær,Fravær,Fravær,Fravær,Fravær,Fravær,Fravær,Fravær,Fravær,Fravær,Fravær,Fravær,Fravær,Fravær,Fravær,Fravær,Fravær,Fravær,Fravær,Fravær,Fravær,Fravær,For,Fravær,Fravær,Fravær,Fravær,Fravær,Fravær,Fravær,Fravær,Fravær,Fravær,Fravær,Fravær,Fravær,Fravær,Fravær,Fravær,Fravær,Fravær,Fravær,Fravær,For,For,Fravær,For,Imod,Fravær,Fravær,Fravær,Fravær,Fravær,Fravær,Fravær,Fravær,Fravær,Fravær,Fravær,Fravær,Fravær,Fravær,Fravær,Fravær
127,Preben Bang Henriksen,V,Fravær,Fravær,Imod,For,For,For,For,For,For,For,For,For,For,For,For,For,For,Imod,Imod,Imod,For,For,For,For,For,For,For,For,For,For,For,For,Imod,Imod,Imod,Imod,Imod,Imod,Imod,Imod,Imod,Imod,Imod,Imod,Imod,Imod,Imod,Imod,Imod,Imod,Imod,Imod,Imod,Imod,Imod,Imod,Imod,Imod,Imod,Imod,Imod,For,Imod,Imod,Imod,Imod,Imod,Imod,Imod,Imod,Imod,Imod,Imod,Imod,Imod,Imod,Imod,Imod,Imod,Imod,Imod,Imod,Imod,Imod,Imod,Imod,Imod,Imod,Imod,Imod,For,Imod,Imod,Imod,Imod,Imod,Imod,Imod,Imod,Imod,Imod,Imod,Fravær,Fravær,Fravær,Fravær,Fravær,Fravær,Fravær,Fravær,Fravær,Fravær,Fravær,Fravær,Fravær,Fravær,Fravær,For,For,For,For,For,For,For,For,Imod,For,For,For,For,For,For,For,For,For,For,For,For,For,For,For,For,For,For,For,For,Fravær,Fravær,Fravær,For,For,Imod,For,For,For,For,For,Imod,Imod,Imod,Imod,For,For,For,For,For,For,For
130,Sophie Løhde,V,Fravær,Fravær,Fravær,Fravær,Fravær,Fravær,Fravær,Fravær,Fravær,Fravær,Fravær,Fravær,Fravær,Fravær,Fravær,Fravær,Fravær,Fravær,Fravær,Fravær,For,For,For,For,For,For,For,For,For,For,For,For,Imod,Imod,Imod,Imod,Fravær,Fravær,Fravær,Fravær,Fravær,Fravær,Fravær,Fravær,Fravær,Fravær,Fravær,Fravær,Fravær,Fravær,Fravær,Fravær,Fravær,Fravær,Fravær,Fravær,Fravær,Fravær,Fravær,Fravær,Fravær,Fravær,Fravær,Fravær,Fravær,Fravær,Fravær,Fravær,Fravær,Fravær,Fravær,Fravær,Fravær,Fravær,Fravær,Fravær,Fravær,Fravær,Fravær,Fravær,Fravær,Fravær,Fravær,Fravær,Fravær,Fravær,Fravær,Fravær,Fravær,Fravær,Fravær,Fravær,Fravær,Fravær,Fravær,Fravær,Fravær,Fravær,Fravær,Fravær,Fravær,Fravær,Fravær,Fravær,Fravær,Fravær,Fravær,Fravær,Fravær,Fravær,Fravær,Fravær,Fravær,Fravær,Fravær,Fravær,Fravær,For,For,For,For,For,For,For,For,Imod,Fravær,Fravær,Fravær,Fravær,Fravær,Fravær,Fravær,Fravær,Fravær,Fravær,Fravær,Fravær,Fravær,Fravær,Fravær,Fravær,Fravær,Fravær,Fravær,Fravær,For,For,For,Fravær,Fravær,Fravær,For,For,For,For,For,Imod,Imod,Imod,Imod,Fravær,Fravær,Fravær,Fravær,Fravær,Fravær,Fravær
134,Christian Friis Bach,V,Fravær,Fravær,Fravær,Fravær,Fravær,For,For,For,For,For,For,Fravær,Fravær,Fravær,Fravær,Fravær,Fravær,Fravær,Fravær,Fravær,For,For,For,For,For,For,For,For,For,For,Fravær,Fravær,Fravær,Fravær,Fravær,Fravær,Fravær,Fravær,Fravær,Fravær,Fravær,Fravær,Fravær,Fravær,Fravær,Fravær,Fravær,Fravær,Fravær,Fravær,Fravær,Fravær,Fravær,Fravær,Fravær,Fravær,Fravær,Fravær,Fravær,Fravær,Fravær,Fravær,Fravær,Fravær,Fravær,Fravær,Fravær,Fravær,Fravær,Fravær,Fravær,Fravær,Fravær,Fravær,Fravær,Fravær,Fravær,Fravær,Fravær,Fravær,Fravær,Fravær,Fravær,Fravær,Fravær,Fravær,Fravær,Fravær,Fravær,Fravær,Fravær,Fravær,Fravær,Fravær,Fravær,Fravær,Fravær,Fravær,Fravær,Fravær,Fravær,Fravær,Fravær,Fravær,Fravær,Fravær,Fravær,Fravær,Fravær,Fravær,Fravær,Fravær,Fravær,Fravær,Fravær,Fravær,Fravær,Fravær,Fravær,Fravær,Fravær,Fravær,Fravær,Fravær,Fravær,Fravær,For,For,For,For,For,For,For,For,For,For,For,For,For,For,For,For,For,For,For,Imod,Fravær,Fravær,Fravær,Fravær,Fravær,Fravær,Fravær,Fravær,Fravær,Fravær,Fravær,Fravær,Fravær,Fravær,Fravær,Fravær,Fravær,Fravær,Fravær,Fravær,Fravær,Fravær
138,Mette Frederiksen,S,Fravær,Fravær,Fravær,Fravær,Fravær,Fravær,Fravær,Fravær,Fravær,Fravær,Fravær,Fravær,Fravær,Fravær,Fravær,Fravær,Fravær,Fravær,Fravær,Fravær,Fravær,Fravær,Fravær,Fravær,Fravær,Fravær,Fravær,Fravær,Fravær,Fravær,Fravær,Fravær,Fravær,Fravær,Fravær,Fravær,Fravær,Fravær,Fravær,Fravær,Fravær,Fravær,Fravær,Fravær,Fravær,Fravær,Fravær,Fravær,Fravær,Fravær,Fravær,Fravær,Fravær,Fravær,Fravær,Fravær,Fravær,Fravær,Fravær,Fravær,Fravær,Fravær,Fravær,Fravær,Fravær,Fravær,Fravær,Fravær,Fravær,Fravær,Fravær,Fravær,Fravær,Fravær,Fravær,Fravær,Fravær,Fravær,Fravær,Fravær,Fravær,Fravær,Fravær,Fravær,Fravær,Fravær,Fravær,Fravær,Fravær,Fravær,Fravær,Fravær,Fravær,Fravær,Fravær,Fravær,Fravær,Fravær,Fravær,Fravær,Fravær,Fravær,Fravær,Fravær,Fravær,Fravær,Fravær,Fravær,Fravær,Fravær,Fravær,Fravær,Fravær,Fravær,Fravær,Fravær,Fravær,Fravær,Fravær,Fravær,Fravær,Fravær,Fravær,Fravær,Fravær,Fravær,Fravær,Fravær,Fravær,Fravær,Fravær,Fravær,Fravær,Fravær,Fravær,Fravær,Fravær,Fravær,Fravær,Fravær,Fravær,Fravær,Fravær,Fravær,Fravær,Fravær,Fravær,Fravær,Fravær,Fravær,Fravær,Fravær,Fravær,Fravær,Fravær,Fravær,Fravær,Fravær,Fravær,Fravær,Fravær,Fravær,Fravær,Fravær,For,Fravær,Fravær,Fravær
139,Thomas Danielsen,V,For,For,Fravær,Fravær,Fravær,Fravær,Fravær,Fravær,Fravær,Fravær,Fravær,For,For,For,For,For,For,Imod,Imod,Imod,Fravær,Fravær,Fravær,Fravær,Fravær,Fravær,Fravær,Fravær,Fravær,Fravær,Fravær,Fravær,Fravær,Fravær,Fravær,Fravær,Fravær,Fravær,Fravær,Fravær,Fravær,Fravær,Fravær,Fravær,Fravær,Fravær,Fravær,Fravær,Fravær,Fravær,Fravær,Fravær,Fravær,Fravær,Fravær,Fravær,Fravær,Fravær,Fravær,Fravær,Fravær,Fravær,Fravær,Fravær,Fravær,Fravær,Fravær,Fravær,Fravær,Fravær,Fravær,Fravær,Fravær,Fravær,Fravær,Fravær,Fravær,Fravær,Fravær,Fravær,Fravær,Fravær,Fravær,Fravær,Fravær,Fravær,Fravær,Fravær,Fravær,Fravær,Fravær,Fravær,Fravær,Fravær,Fravær,Fravær,Fravær,Fravær,Fravær,Fravær,Fravær,Fravær,Fravær,Fravær,Fravær,Fravær,Fravær,Fravær,Fravær,Fravær,Fravær,Fravær,Fravær,Fravær,Fravær,Fravær,Fravær,Fravær,For,For,For,For,For,For,For,Imod,For,For,For,For,For,For,For,For,For,For,For,For,For,For,For,For,For,For,For,Imod,For,For,For,Fravær,Fravær,Fravær,For,For,For,For,For,Imod,Imod,Imod,Imod,For,Fravær,For,Fravær,Fravær,Fravær,Fravær
141,Martin Lidegaard,RV,Imod,Fravær,Fravær,Fravær,Fravær,Fravær,Fravær,Fravær,Fravær,Fravær,Fravær,Imod,Imod,For,For,For,For,Imod,Imod,Imod,Fravær,Fravær,Fravær,Fravær,Fravær,Fravær,Fravær,Fravær,Fravær,Fravær,For,For,Imod,Imod,Imod,Imod,Fravær,Fravær,Fravær,Fravær,Fravær,Fravær,Fravær,Fravær,Fravær,Fravær,Fravær,Fravær,Fravær,Fravær,Fravær,Fravær,Fravær,Fravær,Fravær,Fravær,Fravær,Fravær,Fravær,Fravær,Fravær,Fravær,Fravær,Fravær,Fravær,Fravær,Fravær,Fravær,Fravær,Fravær,Fravær,Fravær,Fravær,Fravær,Fravær,Fravær,Fravær,Fravær,Fravær,Fravær,Fravær,Fravær,Fravær,Fravær,Fravær,Fravær,Fravær,Fravær,Fravær,Fravær,Fravær,Fravær,Fravær,Fravær,Fravær,Fravær,Fravær,Fravær,Fravær,Fravær,Fravær,Fravær,Fravær,Fravær,Fravær,Fravær,Fravær,Fravær,Fravær,Fravær,Fravær,Fravær,Fravær,Fravær,Fravær,Fravær,Fravær,Fravær,Fravær,Fravær,Fravær,Fravær,Fravær,Fravær,Fravær,Fravær,Fravær,Fravær,Fravær,Fravær,Fravær,Fravær,Fravær,Fravær,Fravær,Fravær,Fravær,Fravær,Fravær,Fravær,Fravær,Fravær,Fravær,Fravær,Fravær,Fravær,Fravær,Fravær,Fravær,Fravær,Fravær,Fravær,Fravær,Fravær,Fravær,Fravær,Fravær,Fravær,Fravær,Fravær,Fravær,Fravær,Fravær,Fravær,Fravær,Fravær,Fravær,Fravær
145,Lars Løkke Rasmussen,M,For,Fravær,Fravær,Fravær,Fravær,Fravær,Fravær,Fravær,Fravær,Fravær,Fravær,Fravær,Fravær,Fravær,Fravær,Fravær,Fravær,Fravær,Fravær,Fravær,Fravær,Fravær,Fravær,Fravær,Fravær,Fravær,Fravær,Fravær,Fravær,Fravær,Fravær,Fravær,Fravær,Fravær,Fravær,Fravær,Fravær,Fravær,Fravær,Fravær,Fravær,Fravær,Fravær,Fravær,Fravær,Fravær,Fravær,Fravær,Fravær,Fravær,Fravær,Fravær,Fravær,Fravær,Fravær,Fravær,Fravær,Fravær,Fravær,Fravær,Fravær,Fravær,Fravær,Fravær,Fravær,Fravær,Fravær,Fravær,Fravær,Fravær,Fravær,Fravær,Fravær,Fravær,Fravær,Fravær,Fravær,Fravær,Fravær,Fravær,Fravær,Fravær,Fravær,Fravær,Fravær,Fravær,Fravær,Fravær,Fravær,Fravær,Fravær,Fravær,Fravær,Fravær,Fravær,Fravær,Fravær,Fravær,Fravær,Fravær,Fravær,Fravær,Fravær,Fravær,Fravær,Fravær,Fravær,Fravær,Fravær,Fravær,Fravær,Fravær,Fravær,Fravær,Fravær,Fravær,Fravær,Fravær,Fravær,Fravær,Fravær,Fravær,Fravær,Fravær,Fravær,Fravær,Fravær,Fravær,Fravær,Fravær,Fravær,Fravær,Fravær,Fravær,Fravær,Fravær,Fravær,Fravær,Fravær,Fravær,Fravær,Fravær,Fravær,Fravær,Fravær,Fravær,Fravær,Fravær,Fravær,Fravær,Fravær,Fravær,Fravær,Fravær,Fravær,Fravær,Fravær,Fravær,Fravær,Fravær,Fravær,Fravær,Fravær,Fravær,Fravær,Fravær,Fravær,Fravær
152,Ida Auken,S,For,Fravær,Imod,For,For,For,For,For,For,For,For,For,For,For,For,For,For,Imod,Imod,Imod,For,For,For,For,For,For,For,For,For,For,For,For,Imod,Imod,Imod,Imod,Imod,Imod,Imod,Imod,Imod,Imod,Imod,Imod,Imod,Imod,Imod,Imod,Imod,Imod,Imod,Imod,Imod,Imod,Imod,Imod,Imod,Imod,Imod,Imod,Imod,For,Imod,Imod,Imod,Imod,Imod,Imod,Imod,Imod,Imod,Imod,Imod,Imod,Imod,Imod,Imod,Imod,Imod,Imod,Imod,Imod,Imod,Imod,Imod,Imod,Imod,Imod,Imod,Imod,For,Imod,Imod,Imod,Imod,Imod,Imod,Imod,Imod,Imod,Imod,Imod,For,For,For,For,For,For,For,For,For,For,For,Imod,Imod,Imod,Imod,For,For,For,For,For,For,For,For,Imod,Fravær,Fravær,Fravær,Fravær,Fravær,Fravær,Fravær,Fravær,Fravær,Fravær,Fravær,Fravær,Fravær,Fravær,Fravær,Fravær,Fravær,Fravær,Fravær,Fravær,For,For,For,Fravær,Fravær,Fravær,For,For,For,For,For,Imod,Imod,Imod,Imod,For,For,For,For,For,For,For
154,Mogens Jensen,S,Fravær,Fravær,Imod,For,For,For,For,For,For,For,For,Fravær,Fravær,Fravær,Fravær,Fravær,Fravær,Fravær,Fravær,Fravær,Fravær,Fravær,Fravær,Fravær,Fravær,Fravær,Fravær,Fravær,Fravær,Fravær,Fravær,Fravær,Fravær,Fravær,Fravær,Fravær,Fravær,Fravær,Fravær,Fravær,Fravær,Fravær,Fravær,Fravær,Fravær,Fravær,Fravær,Fravær,Fravær,Fravær,Fravær,Fravær,Fravær,Fravær,Fravær,Fravær,Fravær,Fravær,Fravær,Fravær,Fravær,Fravær,Fravær,Fravær,Fravær,Fravær,Fravær,Fravær,Fravær,Fravær,Fravær,Fravær,Fravær,Fravær,Fravær,Fravær,Fravær,Fravær,Fravær,Fravær,Fravær,Fravær,Fravær,Fravær,Fravær,Fravær,Fravær,Fravær,Fravær,Fravær,Fravær,Fravær,Fravær,Fravær,Fravær,Fravær,Fravær,Fravær,Fravær,Fravær,Fravær,Fravær,For,For,For,For,For,For,For,For,For,For,For,Imod,Imod,Imod,Imod,Fravær,Fravær,Fravær,Fravær,Fravær,Fravær,Fravær,Fravær,Fravær,Fravær,Fravær,Fravær,Fravær,Fravær,Fravær,Fravær,Fravær,Fravær,Fravær,Fravær,Fravær,Fravær,Fravær,Fravær,Fravær,Fravær,Fravær,Fravær,Fravær,For,For,For,Fravær,Fravær,Fravær,Fravær,Fravær,Fravær,Fravær,Fravær,Fravær,Fravær,Fravær,Fravær,Fravær,Fravær,Fravær,Fravær,Fravær,Fravær,Fravær
162,Karina Adsbøl,DD,Fravær,Imod,Fravær,Fravær,Fravær,For,For,For,Imod,For,Imod,For,Imod,For,For,Imod,For,For,For,For,Fravær,Fravær,Fravær,Fravær,Fravær,Fravær,Fravær,Fravær,Fravær,Fravær,Fravær,Fravær,Fravær,Fravær,Fravær,Fravær,Fravær,Fravær,Fravær,Fravær,Fravær,Fravær,Fravær,Fravær,Fravær,Fravær,Fravær,Fravær,Fravær,Fravær,Fravær,Fravær,Fravær,Fravær,Fravær,Fravær,Fravær,Fravær,Fravær,Fravær,Fravær,Fravær,Fravær,Fravær,Fravær,Fravær,Fravær,Fravær,Fravær,Fravær,Fravær,Fravær,Fravær,Fravær,Fravær,Fravær,Fravær,Fravær,Fravær,Fravær,Fravær,Fravær,Fravær,Fravær,Fravær,Fravær,Fravær,Fravær,Fravær,Fravær,Fravær,Fravær,Fravær,Fravær,Fravær,Fravær,Fravær,Fravær,Fravær,Fravær,Fravær,Fravær,For,For,For,For,For,Imod,For,For,For,For,For,For,For,For,For,For,For,For,For,For,For,For,For,Imod,Fravær,Fravær,Fravær,Fravær,Fravær,Fravær,Fravær,Fravær,Fravær,Fravær,Fravær,Fravær,Fravær,Fravær,Fravær,Fravær,Fravær,Fravær,Fravær,Fravær,Imod,For,Hverken for eller imod,Fravær,Fravær,Fravær,For,For,Imod,For,For,Imod,Hverken for eller imod,For,Imod,Fravær,Fravær,Fravær,Fravær,Fravær,Fravær,Fravær
164,Hans Andersen,V,For,For,Imod,For,For,For,For,For,For,For,For,Fravær,Fravær,Fravær,Fravær,Fravær,Fravær,Fravær,Fravær,Fravær,For,For,For,For,For,For,For,For,For,For,For,For,Imod,Imod,Imod,Imod,Fravær,Fravær,Fravær,Fravær,Fravær,Fravær,Fravær,Fravær,Fravær,Fravær,Fravær,Fravær,Fravær,Fravær,Fravær,Fravær,Fravær,Fravær,Fravær,Fravær,Fravær,Fravær,Fravær,Fravær,Fravær,Fravær,Fravær,Fravær,Fravær,Fravær,Fravær,Fravær,Fravær,Fravær,Fravær,Fravær,Fravær,Fravær,Fravær,Fravær,Fravær,Fravær,Fravær,Fravær,Fravær,Fravær,Fravær,Fravær,Fravær,Fravær,Fravær,Fravær,Fravær,Fravær,Fravær,Fravær,Fravær,Fravær,Fravær,Fravær,Fravær,Fravær,Fravær,Fravær,Fravær,Fravær,For,For,For,For,For,For,For,For,For,For,For,Imod,Imod,Imod,Imod,For,For,For,For,For,For,For,For,Imod,For,For,For,For,For,For,For,For,For,For,For,For,For,For,For,For,For,For,For,Imod,For,For,For,For,For,Imod,For,Fravær,Fravær,Fravær,Fravær,Fravær,Fravær,Fravær,Fravær,For,For,For,For,For,For,For
168,Anni Matthiesen,V,For,For,Imod,For,For,For,For,For,For,For,For,Fravær,Fravær,Fravær,Fravær,Fravær,Fravær,Fravær,Fravær,Fravær,For,For,For,For,For,For,For,For,For,For,For,For,Imod,Imod,Imod,Imod,Imod,Imod,Imod,Imod,Imod,Imod,Imod,Imod,Imod,Imod,Imod,Imod,Imod,Imod,Imod,Imod,Imod,Imod,Imod,Imod,Imod,Imod,Imod,Imod,Imod,For,Imod,Imod,Imod,Imod,Imod,Imod,Imod,Imod,Imod,Imod,Imod,Imod,Imod,Imod,Imod,Imod,Imod,Imod,Imod,Imod,Imod,Imod,Imod,Imod,Imod,Imod,Imod,Imod,For,Imod,Imod,Imod,Imod,Imod,Imod,Imod,Imod,Imod,Imod,Imod,For,For,For,For,For,For,For,For,For,For,For,Imod,Imod,Imod,Imod,For,For,For,For,For,For,For,For,Imod,For,For,For,For,For,For,For,For,For,For,For,For,For,For,For,For,For,For,For,Imod,Fravær,Fravær,Fravær,Fravær,Fravær,Fravær,For,For,For,For,For,Imod,Imod,Imod,Imod,For,For,For,For,For,For,For
173,Jacob Jensen,V,Fravær,For,Fravær,Fravær,Fravær,For,For,For,For,For,For,Fravær,Fravær,For,For,For,For,Fravær,Imod,Imod,Fravær,Fravær,Fravær,Fravær,Fravær,Fravær,Fravær,Fravær,Fravær,Fravær,For,For,Fravær,Fravær,Fravær,Fravær,Fravær,Fravær,Fravær,Fravær,Fravær,Fravær,Fravær,Fravær,Fravær,Fravær,Fravær,Fravær,Fravær,Fravær,Fravær,Fravær,Fravær,Fravær,Fravær,Fravær,Fravær,Fravær,Fravær,Fravær,Fravær,Fravær,Fravær,Fravær,Fravær,Fravær,Fravær,Fravær,Fravær,Fravær,Fravær,Fravær,Fravær,Fravær,Fravær,Fravær,Fravær,Fravær,Fravær,Fravær,Fravær,Fravær,Fravær,Fravær,Fravær,Fravær,Fravær,Fravær,Fravær,Fravær,Fravær,Fravær,Fravær,Fravær,Fravær,Fravær,Fravær,Fravær,Fravær,Fravær,Fravær,Fravær,Fravær,Fravær,Fravær,Fravær,Fravær,Fravær,Fravær,Fravær,Fravær,Fravær,Fravær,Fravær,Fravær,Fravær,Fravær,For,For,For,Fravær,Fravær,Fravær,Fravær,For,Imod,Fravær,Fravær,Fravær,Fravær,Fravær,Fravær,Fravær,Fravær,Fravær,Fravær,Fravær,Fravær,Fravær,Fravær,Fravær,Fravær,Fravær,Fravær,Fravær,Fravær,For,For,For,Fravær,Fravær,Fravær,Fravær,Fravær,Fravær,Fravær,Fravær,Fravær,Fravær,Fravær,Fravær,Fravær,Fravær,Fravær,Fravær,Fravær,Fravær,Fravær
176,Søren Søndergaard,EL,Imod,Fravær,Imod,For,Imod,Fravær,Fravær,Fravær,Fravær,Fravær,Fravær,Imod,Imod,Hverken for eller imod,For,Imod,For,Imod,Imod,Imod,Imod,For,For,For,For,For,Imod,Imod,For,For,For,Imod,For,For,For,For,Imod,Imod,Imod,For,Imod,Hverken for eller imod,Hverken for eller imod,Imod,Hverken for eller imod,Imod,Imod,For,Hverken for eller imod,For,For,Imod,For,Imod,For,For,Imod,For,For,For,Hverken for eller imod,Imod,For,For,Imod,Imod,Imod,For,For,For,For,For,For,For,Imod,Imod,For,Imod,Hverken for eller imod,For,For,Imod,For,For,For,Imod,For,Hverken for eller imod,Imod,Imod,Imod,Imod,Imod,Imod,Imod,Imod,Imod,Imod,For,For,Imod,Imod,Fravær,Fravær,Fravær,Fravær,Fravær,Fravær,Fravær,Fravær,Fravær,Fravær,Fravær,Fravær,Fravær,Fravær,Fravær,Fravær,Fravær,Fravær,Fravær,Fravær,Fravær,Fravær,Fravær,Fravær,Fravær,Fravær,Fravær,Fravær,Fravær,Fravær,Fravær,Fravær,Fravær,Fravær,Fravær,Fravær,Fravær,Fravær,Fravær,Fravær,Fravær,Fravær,Fravær,Fravær,Imod,For,For,For,For,Imod,Fravær,Fravær,Fravær,Fravær,Fravær,Fravær,Fravær,Fravær,Fravær,Fravær,Fravær,Fravær,Fravær,Fravær,Fravær,Fravær
180,Peter Juel-Jensen,V,For,For,Imod,For,For,For,For,For,For,For,For,For,For,For,For,For,For,Imod,Imod,Imod,For,For,For,For,For,For,For,For,For,For,For,For,Imod,Imod,Imod,Imod,Imod,Imod,Imod,Imod,Imod,Imod,Imod,Imod,Imod,Imod,Imod,Imod,Imod,Imod,Imod,Imod,Imod,Imod,Imod,Imod,Imod,Imod,Imod,Imod,Imod,For,Imod,Imod,Imod,Imod,Imod,Imod,Imod,Imod,Imod,Imod,Imod,Imod,Imod,Imod,Imod,Imod,Imod,Imod,Imod,Imod,Imod,Imod,Imod,Imod,Imod,Imod,Imod,Imod,For,Imod,Imod,Imod,Imod,Imod,Imod,Imod,Imod,Imod,Imod,Imod,For,For,For,For,For,For,For,For,For,For,For,Imod,Imod,Imod,Imod,Fravær,Fravær,Fravær,Fravær,Fravær,Fravær,Fravær,Fravær,Fravær,For,For,For,For,For,For,For,For,For,For,For,For,For,For,For,For,For,For,For,Imod,Fravær,Fravær,Fravær,For,For,Imod,For,For,For,For,For,Imod,Imod,Imod,Imod,Fravær,Fravær,Fravær,Fravær,Fravær,Fravær,Fravær
182,Inger Støjberg,DD,Imod,Fravær,Fravær,Fravær,Fravær,Fravær,Fravær,Fravær,Fravær,Fravær,Fravær,For,Imod,For,For,Imod,For,For,For,For,Fravær,Fravær,Fravær,Fravær,Fravær,Fravær,Fravær,Fravær,Fravær,Fravær,Fravær,Fravær,Fravær,Fravær,Fravær,Fravær,For,Hverken for eller imod,For,Imod,For,For,For,For,For,For,For,Hverken for eller imod,For,For,For,For,Hverken for eller imod,For,Imod,Imod,For,Imod,Hverken for eller imod,Hverken for eller imod,For,For,Imod,For,For,For,For,For,For,For,Imod,Imod,Imod,For,For,For,For,For,For,Imod,Hverken for eller imod,Hverken for eller imod,Imod,For,For,For,Hverken for eller imod,For,Hverken for eller imod,For,For,For,For,Hverken for eller imod,For,Hverken for eller imod,For,Fravær,Imod,Imod,For,Imod,Fravær,Fravær,Fravær,Fravær,Fravær,Fravær,Fravær,Fravær,Fravær,Fravær,Fravær,Fravær,Fravær,Fravær,Fravær,Fravær,Fravær,Fravær,Fravær,Fravær,Fravær,Fravær,Fravær,Fravær,Fravær,Fravær,Fravær,Fravær,Fravær,Fravær,Fravær,Fravær,Fravær,Fravær,Fravær,Fravær,Fravær,Fravær,Fravær,Fravær,Fravær,Fravær,Fravær,Fravær,Fravær,Fravær,Fravær,For,For,For,Fravær,Fravær,Fravær,Fravær,Fravær,Fravær,Fravær,Fravær,Fravær,Fravær,Fravær,Fravær,Fravær,Fravær,Fravær,Fravær
191,Zenia Stampe,RV,Imod,Imod,Imod,For,Imod,Fravær,Fravær,Fravær,Fravær,Fravær,Fravær,Fravær,Fravær,Fravær,Fravær,Fravær,Fravær,Fravær,Fravær,Fravær,For,For,For,For,For,For,For,Imod,For,For,For,For,Imod,Imod,Imod,Imod,Imod,Imod,Imod,Imod,Imod,Imod,Imod,Imod,For,Imod,Imod,Imod,Imod,Imod,Imod,Imod,Imod,Imod,Imod,Imod,Imod,Imod,Imod,Imod,Imod,Imod,Imod,Imod,Imod,Imod,Imod,Imod,Imod,Imod,Imod,For,For,Imod,Imod,Imod,Imod,Imod,Imod,Imod,Imod,Imod,Imod,Imod,For,Imod,Imod,Imod,Imod,Imod,For,Imod,Imod,Imod,Imod,Imod,Imod,Imod,Imod,For,Imod,For,Fravær,Fravær,Fravær,Fravær,Fravær,Fravær,Fravær,Fravær,Fravær,Fravær,Fravær,Fravær,Fravær,Fravær,Fravær,For,For,For,For,For,For,For,For,Imod,For,For,For,For,For,For,For,For,For,For,For,For,For,For,For,For,For,For,For,For,Imod,For,For,For,For,For,For,For,Imod,Imod,For,Hverken for eller imod,Imod,Imod,For,Fravær,Fravær,Fravær,Fravær,Fravær,Fravær,Fravær
199,Karsten Hønge,SF,Imod,Fravær,Imod,For,For,For,For,For,For,For,For,Imod,Imod,For,For,For,For,For,For,Imod,For,For,For,For,For,For,Imod,Imod,For,For,Fravær,Fravær,Fravær,Fravær,Fravær,Fravær,Imod,Imod,Imod,For,Imod,Imod,Imod,Imod,For,Imod,Imod,For,For,For,For,Imod,For,Imod,Hverken for eller imod,Hverken for eller imod,Imod,For,For,For,Imod,Imod,For,For,Imod,Imod,Imod,For,For,For,For,For,Imod,For,Imod,Imod,For,Imod,Imod,Imod,Imod,Imod,For,Hverken for eller imod,Hverken for eller imod,Imod,Imod,Imod,Imod,Imod,Imod,Imod,Imod,Imod,Imod,Imod,Imod,Imod,For,For,Imod,Imod,Fravær,Fravær,Fravær,Fravær,Fravær,Fravær,Fravær,Fravær,Fravær,Fravær,Fravær,Fravær,Fravær,Fravær,Fravær,For,For,For,For,For,Hverken for eller imod,Imod,For,For,Fravær,Fravær,Fravær,Fravær,Fravær,Fravær,Fravær,Fravær,Fravær,Fravær,Fravær,Fravær,Fravær,Fravær,Fravær,Fravær,Fravær,Fravær,Fravær,Fravær,Fravær,Fravær,Fravær,For,For,For,For,For,Imod,Imod,For,For,Imod,Imod,For,Fravær,Fravær,Fravær,Fravær,Fravær,Fravær,Fravær
201,Thomas Jensen,S,For,Fravær,Fravær,Fravær,Fravær,Fravær,Fravær,Fravær,Fravær,Fravær,Fravær,For,For,For,For,For,For,Imod,Imod,Imod,For,For,For,For,For,For,For,For,For,For,For,For,Imod,Imod,Imod,Imod,Imod,Imod,Imod,Imod,Imod,Imod,Imod,Imod,Imod,Imod,Imod,Imod,Imod,Imod,Imod,Imod,Imod,Imod,Imod,Imod,Imod,Imod,Imod,Imod,Imod,For,Imod,Imod,Imod,Imod,Imod,Imod,Imod,Imod,Imod,Imod,Imod,Imod,Imod,Imod,Imod,Imod,Imod,Imod,Imod,Imod,Imod,Imod,Imod,Imod,Imod,Imod,Imod,Imod,For,Imod,Imod,Imod,Imod,Imod,Imod,Imod,Imod,Imod,Imod,Imod,Fravær,Fravær,Fravær,Fravær,Fravær,Fravær,Fravær,Fravær,Fravær,Fravær,Fravær,Fravær,Fravær,Fravær,Fravær,For,For,For,For,For,For,For,For,Imod,For,For,For,For,For,For,For,For,For,For,For,For,For,For,For,For,For,For,For,Imod,For,For,For,For,For,Imod,For,For,For,For,For,Imod,Imod,Imod,Imod,For,For,For,For,For,For,For
206,Troels Lund Poulsen,V,Fravær,Fravær,Fravær,Fravær,Fravær,Fravær,Fravær,Fravær,Fravær,Fravær,Fravær,Fravær,Fravær,Fravær,Fravær,Fravær,Fravær,Fravær,Fravær,Fravær,Fravær,Fravær,Fravær,Fravær,Fravær,Fravær,Fravær,Fravær,Fravær,Fravær,Fravær,Fravær,Fravær,Fravær,Fravær,Fravær,Fravær,Fravær,Fravær,Fravær,Fravær,Fravær,Fravær,Fravær,Fravær,Fravær,Fravær,Fravær,Fravær,Fravær,Fravær,Fravær,Fravær,Fravær,Fravær,Fravær,Fravær,Fravær,Fravær,Fravær,Fravær,Fravær,Fravær,Fravær,Fravær,Fravær,Fravær,Fravær,Fravær,Fravær,Fravær,Fravær,Fravær,Fravær,Fravær,Fravær,Fravær,Fravær,Fravær,Fravær,Fravær,Fravær,Fravær,Fravær,Fravær,Fravær,Fravær,Fravær,Fravær,Fravær,Fravær,Fravær,Fravær,Fravær,Fravær,Fravær,Fravær,Fravær,Fravær,Fravær,Fravær,Fravær,Fravær,Fravær,Fravær,Fravær,Fravær,Fravær,Fravær,Fravær,Fravær,Fravær,Fravær,Fravær,Fravær,Fravær,Fravær,Fravær,Fravær,Fravær,Fravær,Fravær,Fravær,Fravær,Fravær,Fravær,Fravær,Fravær,Fravær,Fravær,Fravær,Fravær,Fravær,Fravær,Fravær,Fravær,Fravær,Fravær,Fravær,Fravær,Fravær,Fravær,Fravær,Fravær,Fravær,Fravær,Fravær,Fravær,Fravær,Fravær,Fravær,Fravær,Fravær,Fravær,Fravær,Fravær,Fravær,Fravær,Fravær,Fravær,Fravær,Fravær,Fravær,Fravær,For,Fravær,Fravær,Fravær
208,Simon Kollerup,S,For,For,Imod,For,For,Fravær,Fravær,Fravær,Fravær,Fravær,Fravær,For,For,For,For,For,For,Imod,Imod,Imod,For,For,For,For,For,For,For,For,For,For,Fravær,Fravær,Fravær,Fravær,Fravær,Fravær,Imod,Imod,Imod,Imod,Imod,Imod,Imod,Imod,Imod,Imod,Imod,Imod,Imod,Imod,Imod,Imod,Imod,Imod,Imod,Imod,Imod,Imod,Imod,Imod,Imod,For,Imod,Imod,Imod,Imod,Imod,Imod,Imod,Imod,Imod,Imod,Imod,Imod,Imod,Imod,Imod,Imod,Imod,Imod,Imod,Imod,Imod,Imod,Imod,Imod,Imod,Imod,Imod,Imod,For,Imod,Imod,Imod,Imod,Imod,Imod,Imod,Imod,Imod,Imod,Imod,Fravær,Fravær,Fravær,Fravær,Fravær,Fravær,Fravær,Fravær,Fravær,Fravær,Fravær,Fravær,Fravær,Fravær,Fravær,For,Fravær,Fravær,For,For,For,For,Fravær,Fravær,Fravær,Fravær,Fravær,Fravær,Fravær,Fravær,Fravær,Fravær,Fravær,Fravær,Fravær,Fravær,Fravær,Fravær,Fravær,Fravær,Fravær,Fravær,Fravær,Fravær,Fravær,Fravær,Fravær,For,For,Imod,Fravær,Fravær,Fravær,Fravær,Fravær,Fravær,Fravær,Fravær,Fravær,For,For,For,For,For,For,For
213,Jens Joel,S,For,Fravær,Fravær,Fravær,Fravær,For,For,For,For,For,For,For,For,For,For,For,For,Imod,Imod,Imod,For,For,For,For,For,For,For,For,Fravær,For,For,For,Imod,Imod,Imod,Imod,Imod,Imod,Imod,Imod,Imod,Imod,Imod,Imod,Imod,Imod,Imod,Imod,Imod,Imod,Imod,Imod,Imod,Imod,Imod,Imod,Imod,Imod,Imod,Imod,Imod,For,Imod,Imod,Imod,Imod,Imod,Imod,Imod,Imod,Imod,Imod,Imod,Imod,Imod,Imod,Imod,Imod,Imod,Imod,Imod,Imod,Imod,Imod,Imod,Imod,Imod,Imod,Imod,Imod,For,Imod,Imod,Imod,Imod,Imod,Imod,Imod,Imod,Imod,Imod,Imod,Fravær,Fravær,Fravær,Fravær,Fravær,Fravær,Fravær,Fravær,Fravær,Fravær,Fravær,Fravær,Fravær,Fravær,Fravær,For,For,For,For,For,For,For,For,Fravær,For,For,For,For,For,For,For,For,For,For,For,For,For,For,For,For,For,For,For,Imod,For,For,For,For,For,Imod,For,For,For,For,For,Imod,Imod,Imod,Imod,For,For,For,For,For,For,For
214,Jeppe Bruus,S,For,For,Fravær,Fravær,Fravær,For,For,For,For,For,For,For,For,For,For,For,For,Imod,Imod,Imod,For,For,For,For,For,For,For,For,For,For,For,For,Imod,Imod,Imod,Imod,Fravær,Fravær,Fravær,Fravær,Fravær,Fravær,Fravær,Fravær,Fravær,Fravær,Fravær,Fravær,Fravær,Fravær,Fravær,Fravær,Fravær,Fravær,Fravær,Fravær,Fravær,Fravær,Fravær,Fravær,Fravær,Fravær,Fravær,Fravær,Fravær,Fravær,Fravær,Fravær,Fravær,Fravær,Fravær,Fravær,Fravær,Fravær,Fravær,Fravær,Fravær,Fravær,Fravær,Fravær,Fravær,Fravær,Fravær,Fravær,Fravær,Fravær,Fravær,Fravær,Fravær,Fravær,Fravær,Fravær,Fravær,Fravær,Fravær,Fravær,Fravær,Fravær,Fravær,Fravær,Fravær,Fravær,For,For,For,For,For,For,For,For,For,For,For,Imod,Imod,Imod,Imod,Fravær,Fravær,Fravær,Fravær,Fravær,Fravær,Fravær,Fravær,Fravær,Fravær,Fravær,Fravær,Fravær,Fravær,Fravær,Fravær,Fravær,Fravær,Fravær,Fravær,Fravær,Fravær,Fravær,Fravær,Fravær,Fravær,Fravær,Fravær,Fravær,For,For,For,For,For,Imod,For,For,For,For,For,Imod,Imod,Imod,Imod,Fravær,Fravær,Fravær,Fravær,Fravær,Fravær,Fravær
217,Lars Christian Lilleholt,V,Fravær,Fravær,Fravær,Fravær,Fravær,Fravær,Fravær,Fravær,Fravær,Fravær,Fravær,For,For,For,For,For,Fravær,Imod,Imod,Imod,For,For,For,For,For,For,For,For,For,For,Fravær,Fravær,Fravær,Fravær,Fravær,Fravær,,,,,,,,,,,,,,,,,,,,,,,,,,,,,,,,,,,,,,,,,,,,,,,,,,,,,,,,,,,,,,,,,,,,,,,,,,,,,,,,,,,,,,,,,,,,,,,,,,,,,,,,,,,,,,,,,,,,,,,,,,,,,,,,,,,,
219,Lisbeth Bech-Nielsen,SF,Imod,Fravær,Imod,For,For,Fravær,Fravær,Fravær,Fravær,Fravær,Fravær,Fravær,Fravær,Fravær,Fravær,Fravær,Fravær,Fravær,Fravær,Fravær,Fravær,Fravær,Fravær,Fravær,Fravær,Fravær,Fravær,Fravær,Fravær,Fravær,For,For,For,For,For,For,Fravær,Fravær,Fravær,Fravær,Fravær,Fravær,Fravær,Fravær,Fravær,Fravær,Fravær,Fravær,Fravær,Fravær,Fravær,Fravær,Fravær,Fravær,Fravær,Fravær,Fravær,Fravær,Fravær,Fravær,Fravær,Fravær,Fravær,Fravær,Fravær,Fravær,Fravær,Fravær,Fravær,Fravær,Fravær,Fravær,Fravær,Fravær,Fravær,Fravær,Fravær,Fravær,Fravær,Fravær,Fravær,Fravær,Fravær,Fravær,Fravær,Fravær,Fravær,Fravær,Fravær,Fravær,Fravær,Fravær,Fravær,Fravær,Fravær,Fravær,Fravær,Fravær,Fravær,Fravær,Fravær,Fravær,Fravær,Fravær,Fravær,Fravær,Fravær,Fravær,Fravær,Fravær,Fravær,Fravær,Fravær,Fravær,Fravær,Fravær,Fravær,For,For,For,For,For,Hverken for eller imod,Imod,For,For,Fravær,Fravær,Fravær,Fravær,Fravær,Fravær,Fravær,Fravær,Fravær,Fravær,Fravær,Fravær,Fravær,Fravær,Fravær,Fravær,Fravær,Fravær,Fravær,Fravær,Fravær,Fravær,Fravær,Fravær,Fravær,Fravær,For,For,Imod,Imod,For,For,Imod,Imod,For,Fravær,Fravær,Fravær,Fravær,Fravær,Fravær,Fravær
220,Morten Bødskov,S,Fravær,Fravær,Fravær,Fravær,Fravær,Fravær,Fravær,Fravær,Fravær,Fravær,Fravær,For,For,For,For,For,For,Fravær,Fravær,Fravær,Fravær,Fravær,Fravær,Fravær,Fravær,Fravær,Fravær,Fravær,Fravær,Fravær,Fravær,Fravær,Fravær,Fravær,Fravær,Fravær,Fravær,Fravær,Fravær,Fravær,Fravær,Fravær,Fravær,Fravær,Fravær,Fravær,Fravær,Fravær,Fravær,Fravær,Fravær,Fravær,Fravær,Fravær,Fravær,Fravær,Fravær,Fravær,Fravær,Fravær,Fravær,Fravær,Fravær,Fravær,Fravær,Fravær,Fravær,Fravær,Fravær,Fravær,Fravær,Fravær,Fravær,Fravær,Fravær,Fravær,Fravær,Fravær,Fravær,Fravær,Fravær,Fravær,Fravær,Fravær,Fravær,Fravær,Fravær,Fravær,Fravær,Fravær,Fravær,Fravær,Fravær,Fravær,Fravær,Fravær,Fravær,Fravær,Fravær,Fravær,Fravær,Fravær,Fravær,Fravær,Fravær,Fravær,Fravær,Fravær,Fravær,For,For,For,For,Imod,Imod,Imod,Imod,Fravær,Fravær,Fravær,Fravær,Fravær,Fravær,Fravær,Fravær,Imod,Fravær,Fravær,Fravær,Fravær,Fravær,Fravær,Fravær,Fravær,Fravær,Fravær,Fravær,Fravær,Fravær,Fravær,Fravær,Fravær,Fravær,Fravær,Fravær,Fravær,Fravær,Fravær,Fravær,Fravær,Fravær,Fravær,Fravær,Fravær,Fravær,Fravær,Fravær,Fravær,Fravær,Fravær,Fravær,Fravær,Fravær,Fravær,Fravær,Fravær,Fravær,Fravær
224,Flemming Møller Mortensen,S,Fravær,For,Fravær,Fravær,Fravær,For,For,For,For,For,For,For,For,For,For,For,For,Imod,Imod,Imod,For,For,For,For,For,For,For,For,For,For,For,For,Imod,Imod,Imod,Imod,Fravær,Fravær,Fravær,Fravær,Fravær,Fravær,Imod,Imod,Imod,Imod,Imod,Imod,Imod,Imod,Imod,Imod,Imod,Imod,Imod,Imod,Imod,Imod,Imod,Imod,Imod,For,Imod,Imod,Imod,Imod,Imod,Imod,Imod,Imod,Imod,Imod,Imod,Imod,Imod,Imod,Imod,Imod,Imod,Imod,Imod,Imod,Imod,Imod,Imod,Imod,Imod,Imod,Imod,Imod,For,Imod,Imod,Imod,Imod,Imod,Imod,Imod,Imod,Imod,Imod,Imod,For,For,For,For,For,For,For,For,For,For,For,Imod,Imod,Imod,Imod,Fravær,Fravær,Fravær,Fravær,Fravær,Fravær,Fravær,Fravær,Fravær,For,For,For,For,For,For,For,For,For,For,For,For,For,For,For,For,For,For,For,Imod,Fravær,Fravær,Fravær,For,For,Imod,Fravær,Fravær,Fravær,Fravær,Fravær,Fravær,Fravær,Fravær,Fravær,Fravær,Fravær,Fravær,Fravær,Fravær,Fravær,Fravær
238,Morten Messerschmidt,DF,Fravær,Fravær,Fravær,Fravær,Fravær,Fravær,Fravær,Fravær,Fravær,Fravær,Fravær,Fravær,Fravær,Fravær,Fravær,Fravær,Fravær,Fravær,Fravær,Fravær,Fravær,Fravær,Fravær,Fravær,Fravær,Fravær,Fravær,Fravær,Fravær,Fravær,Fravær,Fravær,Fravær,Fravær,Fravær,Fravær,Fravær,Fravær,Fravær,Fravær,Fravær,Fravær,Fravær,Fravær,Fravær,Fravær,Fravær,Fravær,Fravær,Fravær,Fravær,Fravær,Fravær,Fravær,Fravær,Fravær,Fravær,Fravær,Fravær,Fravær,Fravær,Fravær,Fravær,Fravær,Fravær,Fravær,Fravær,Fravær,Fravær,Fravær,Fravær,Fravær,Fravær,Fravær,Fravær,Fravær,Fravær,Fravær,Fravær,Fravær,Fravær,Fravær,Fravær,Fravær,Fravær,Fravær,Fravær,Fravær,Fravær,Fravær,Fravær,Fravær,Fravær,Fravær,Fravær,Fravær,Fravær,Fravær,Fravær,Fravær,Fravær,Fravær,Fravær,Fravær,Fravær,Fravær,Fravær,Fravær,Fravær,Fravær,Fravær,Fravær,Fravær,Fravær,Fravær,Fravær,Fravær,Fravær,Fravær,Fravær,Fravær,Fravær,Fravær,Fravær,Fravær,Fravær,Fravær,Fravær,Fravær,Fravær,Fravær,Fravær,Fravær,Fravær,Fravær,Fravær,Fravær,Fravær,Fravær,Fravær,Fravær,Fravær,Fravær,Fravær,Fravær,Fravær,Fravær,Fravær,Fravær,Fravær,Fravær,Fravær,Fravær,Fravær,Fravær,Fravær,Fravær,Fravær,Fravær,Fravær,Fravær,For,Imod,For,Imod,For,For,Imod
244,Magnus Heunicke,S,For,For,Imod,For,For,For,For,For,For,For,For,Fravær,Fravær,Fravær,Fravær,Fravær,Fravær,Fravær,Fravær,Fravær,For,For,For,For,For,For,For,For,For,For,Fravær,Fravær,Fravær,Fravær,Fravær,Fravær,Fravær,Fravær,Fravær,Fravær,Fravær,Fravær,Fravær,Fravær,Fravær,Fravær,Fravær,Fravær,Fravær,Fravær,Fravær,Fravær,Fravær,Fravær,Fravær,Fravær,Fravær,Fravær,Fravær,Fravær,Fravær,Fravær,Fravær,Fravær,Fravær,Fravær,Fravær,Fravær,Fravær,Fravær,Fravær,Fravær,Fravær,Fravær,Fravær,Fravær,Fravær,Fravær,Fravær,Fravær,Fravær,Fravær,Fravær,Fravær,Fravær,Fravær,Fravær,Fravær,Fravær,Fravær,Fravær,Fravær,Fravær,Fravær,Fravær,Fravær,Fravær,Fravær,Fravær,Fravær,Fravær,Fravær,Fravær,Fravær,Fravær,Fravær,Fravær,Fravær,Fravær,Fravær,Fravær,Fravær,Fravær,Fravær,Fravær,Fravær,Fravær,Fravær,Fravær,Fravær,Fravær,Fravær,Fravær,Fravær,Fravær,Fravær,For,For,For,For,For,For,For,For,For,For,For,For,For,For,For,For,For,For,For,Imod,For,For,For,For,For,Imod,For,For,For,For,For,Imod,Imod,Imod,Imod,Fravær,Fravær,Fravær,For,Fravær,Fravær,Fravær
252,Pia Kjærsgaard,DF,Fravær,Fravær,For,Imod,For,Fravær,Fravær,Fravær,Fravær,Fravær,Fravær,Fravær,Fravær,Fravær,Fravær,Fravær,Fravær,Fravær,Fravær,Fravær,Imod,Imod,Imod,Hverken for eller imod,For,For,For,For,For,Imod,Fravær,Fravær,Fravær,Fravær,Fravær,Fravær,Fravær,Fravær,Fravær,Fravær,Fravær,Fravær,Fravær,Fravær,Fravær,Fravær,Fravær,Fravær,Fravær,Fravær,Fravær,Fravær,Fravær,Fravær,Fravær,Fravær,Fravær,Fravær,Fravær,Fravær,Fravær,Fravær,Fravær,Fravær,Fravær,Fravær,Fravær,Fravær,Fravær,Fravær,Fravær,Fravær,Fravær,Fravær,Fravær,Fravær,Fravær,Fravær,Fravær,Fravær,Fravær,Fravær,Fravær,Fravær,Fravær,Fravær,Fravær,Fravær,Fravær,Fravær,Fravær,Fravær,Fravær,Fravær,Fravær,Fravær,Fravær,Fravær,Fravær,Fravær,Fravær,Fravær,Imod,Imod,Imod,For,For,Imod,For,For,For,For,For,For,For,For,For,Imod,For,For,For,Imod,For,Hverken for eller imod,Hverken for eller imod,Imod,Hverken for eller imod,Imod,For,Imod,For,For,For,For,For,For,For,For,For,Hverken for eller imod,Imod,For,For,Imod,Imod,Imod,Fravær,Fravær,Fravær,For,Imod,Imod,Fravær,Fravær,Fravær,Fravær,Fravær,Fravær,Fravær,Fravær,Fravær,Fravær,Fravær,For,Imod,For,For,Imod
257,Bjarne Laustsen,S,Fravær,For,Imod,For,For,For,For,For,For,For,For,For,For,For,For,For,For,Imod,Imod,Imod,Fravær,Fravær,Fravær,Fravær,Fravær,Fravær,Fravær,Fravær,Fravær,Fravær,For,For,Imod,Imod,Imod,Imod,Imod,Imod,Imod,Imod,Imod,Imod,Imod,Imod,Imod,Imod,Imod,Imod,Imod,Imod,Imod,Imod,Imod,Imod,Imod,Imod,Imod,Imod,Imod,Imod,Imod,For,Imod,Imod,Imod,Imod,Imod,Imod,Imod,Imod,Imod,Imod,Imod,Imod,Fravær,Imod,Imod,Imod,Imod,Imod,Imod,Imod,Imod,Imod,Imod,Imod,Imod,Imod,Imod,Imod,For,Imod,Imod,Imod,Imod,Imod,Imod,Imod,Imod,Imod,Imod,Imod,For,For,For,For,For,For,For,For,For,For,For,Imod,Imod,Imod,Imod,For,For,For,For,For,For,For,For,Imod,For,For,For,For,For,For,For,For,For,For,For,For,For,For,For,For,For,For,For,Imod,For,For,For,Fravær,Fravær,Fravær,For,For,For,For,For,For,Imod,Imod,Imod,Fravær,Fravær,Fravær,Fravær,Fravær,Fravær,Fravær
260,Leif Lahn Jensen,S,Fravær,Fravær,Fravær,Fravær,Fravær,Fravær,Fravær,Fravær,Fravær,Fravær,Fravær,For,For,For,For,For,For,Imod,Imod,Imod,Fravær,Fravær,Fravær,Fravær,Fravær,Fravær,Fravær,Fravær,Fravær,Fravær,For,For,Imod,Imod,Imod,Imod,Imod,Imod,Imod,Imod,Imod,Imod,Imod,Imod,Imod,Imod,Imod,Imod,Imod,Imod,Imod,Imod,Imod,Imod,Imod,Imod,Imod,Imod,Imod,Imod,Imod,For,Imod,Imod,Imod,Imod,Imod,Imod,Imod,Imod,Imod,Imod,Imod,Imod,Imod,Imod,Imod,Imod,Imod,Imod,Imod,Imod,Imod,Imod,Imod,Imod,Imod,Imod,Imod,Imod,For,Imod,Imod,Imod,Imod,Imod,Imod,Imod,Imod,Imod,Imod,Imod,Fravær,Fravær,Fravær,Fravær,Fravær,Fravær,Fravær,Fravær,Fravær,Fravær,Fravær,Fravær,Fravær,Fravær,Fravær,For,For,For,For,For,For,For,For,Imod,For,For,For,For,For,For,For,For,For,For,For,For,For,For,For,For,For,For,For,Imod,Fravær,Fravær,Fravær,Fravær,Fravær,Fravær,Fravær,Fravær,Fravær,Fravær,Fravær,Fravær,Fravær,Fravær,Fravær,For,For,For,For,For,For,For
262,Sjúrður Skaale,JF,For,Fravær,Fravær,Fravær,Fravær,Fravær,Fravær,Fravær,Fravær,Fravær,Fravær,Fravær,Fravær,Fravær,Fravær,Fravær,Fravær,Fravær,Fravær,Fravær,Fravær,Fravær,Fravær,Fravær,Fravær,Fravær,Fravær,Fravær,Fravær,Fravær,Fravær,Fravær,Fravær,Fravær,Fravær,Fravær,Fravær,Fravær,Fravær,Fravær,Fravær,Fravær,Fravær,Fravær,Fravær,Fravær,Fravær,Fravær,Fravær,Fravær,Fravær,Fravær,Fravær,Fravær,Fravær,Fravær,Fravær,Fravær,Fravær,Fravær,Fravær,Fravær,Fravær,Fravær,Fravær,Fravær,Fravær,Fravær,Fravær,Fravær,Fravær,Fravær,Fravær,Fravær,Fravær,Fravær,Fravær,Fravær,Fravær,Fravær,Fravær,Fravær,Fravær,Fravær,Fravær,Fravær,Fravær,Fravær,Fravær,Fravær,Fravær,Fravær,Fravær,Fravær,Fravær,Fravær,Fravær,Fravær,Fravær,Fravær,Fravær,Fravær,Fravær,Fravær,Fravær,Fravær,Fravær,Fravær,Fravær,Fravær,Fravær,Fravær,Fravær,Fravær,Fravær,Fravær,Fravær,Fravær,Fravær,Fravær,Fravær,Fravær,Fravær,Fravær,Fravær,Fravær,Fravær,Fravær,Fravær,Fravær,Fravær,Fravær,Fravær,Fravær,Fravær,Fravær,Fravær,Fravær,Fravær,Fravær,Fravær,Fravær,Fravær,Fravær,Fravær,Fravær,Fravær,Fravær,Fravær,Fravær,Fravær,Fravær,Fravær,Fravær,Fravær,Fravær,Fravær,Fravær,Fravær,Fravær,Fravær,Fravær,Fravær,Fravær,Fravær,Fravær,Fravær,Fravær
266,Rasmus Horn Langhoff,S,Fravær,For,Imod,For,For,Fravær,Fravær,Fravær,Fravær,Fravær,Fravær,For,For,For,For,For,For,Imod,Imod,Imod,Fravær,Fravær,Fravær,Fravær,Fravær,Fravær,Fravær,Fravær,Fravær,Fravær,For,For,Imod,Imod,Imod,Imod,Imod,Imod,Imod,Imod,Imod,Imod,Imod,Imod,Imod,Imod,Imod,Imod,Imod,Imod,Imod,Imod,Imod,Imod,Imod,Imod,Imod,Imod,Imod,Imod,Imod,For,Imod,Imod,Imod,Imod,Imod,Imod,Imod,Imod,Imod,Imod,Imod,Imod,Imod,Imod,Imod,Imod,Imod,Imod,Imod,Imod,Imod,Imod,Imod,Imod,Imod,Imod,Imod,Imod,For,Imod,Imod,Imod,Imod,Fravær,Imod,Imod,Imod,Imod,Imod,Imod,For,For,For,For,For,For,For,For,For,For,For,Imod,Imod,Imod,Imod,For,For,For,For,For,For,For,For,Imod,Fravær,Fravær,Fravær,Fravær,Fravær,Fravær,Fravær,Fravær,Fravær,Fravær,Fravær,Fravær,Fravær,Fravær,Fravær,Fravær,Fravær,Fravær,Fravær,Fravær,For,For,For,Fravær,Fravær,Fravær,For,For,For,For,For,Imod,Imod,Imod,Imod,For,For,For,For,For,For,For
273,Per Husted,S,For,For,Imod,For,For,For,For,For,For,For,For,Fravær,Fravær,Fravær,Fravær,Fravær,Fravær,Fravær,Fravær,Fravær,For,For,For,For,For,For,For,For,For,For,For,For,Imod,Imod,Imod,Imod,Imod,Imod,Imod,Imod,Imod,Imod,Imod,Imod,Imod,Imod,Imod,Imod,Imod,Imod,Imod,Imod,Imod,Imod,Imod,Imod,Imod,Imod,Imod,Imod,Imod,For,Imod,Imod,Imod,Imod,Imod,Imod,Imod,Imod,Imod,Imod,Imod,Imod,Imod,Imod,Imod,Imod,Imod,Imod,Imod,Imod,Imod,Imod,Imod,Imod,Imod,Imod,Imod,Imod,For,Imod,Imod,Imod,Imod,Imod,Imod,Imod,Imod,Imod,Imod,Imod,For,For,For,For,For,For,For,For,For,For,For,Imod,Imod,Imod,Imod,For,For,For,For,For,For,For,For,Imod,For,For,For,For,For,For,For,For,For,For,For,For,For,For,For,For,For,For,For,Imod,For,For,For,For,For,Imod,For,For,For,For,For,Imod,Imod,Imod,Imod,For,For,For,For,For,For,For
278,Karin Gaardsted,S,For,For,Imod,For,For,For,For,For,For,For,For,For,For,For,For,For,For,Imod,Imod,Imod,For,For,For,For,For,For,For,For,For,For,For,For,Imod,Imod,Imod,Imod,Imod,Imod,Imod,Imod,Imod,Imod,Imod,Imod,Imod,Imod,Imod,Imod,Imod,Imod,Imod,Imod,Imod,Imod,Imod,Imod,Imod,Imod,Imod,Imod,Imod,For,Imod,Imod,Imod,Imod,Imod,Imod,Imod,Imod,Imod,Imod,Imod,Imod,Imod,Imod,Imod,Imod,Imod,Imod,Imod,Imod,Imod,Imod,Imod,Imod,Imod,Imod,Imod,Imod,For,Imod,Imod,Imod,Imod,Imod,Imod,Imod,Imod,Imod,Imod,Imod,For,For,For,For,For,For,For,For,For,For,For,Imod,Imod,Imod,Imod,For,For,For,For,For,For,For,For,Imod,For,For,For,For,For,For,For,For,For,For,For,For,For,For,For,For,For,Fravær,Fravær,Fravær,Fravær,Fravær,Fravær,For,For,Imod,For,For,For,For,For,Imod,Imod,Imod,Imod,For,For,For,For,For,For,For
286,Ane Halsboe-Jørgensen,S,For,Fravær,Imod,For,For,For,For,For,For,For,For,For,For,For,For,For,Fravær,Imod,Imod,Imod,For,For,For,For,For,For,For,For,For,For,Fravær,Fravær,Fravær,Fravær,Fravær,Fravær,Imod,Imod,Imod,Imod,Imod,Imod,Imod,Imod,Imod,Imod,Imod,Imod,Imod,Imod,Imod,Imod,Imod,Imod,Imod,Imod,Imod,Imod,Imod,Imod,Imod,For,Imod,Imod,Imod,Imod,Imod,Imod,Imod,Imod,Imod,Imod,Imod,Imod,Imod,Imod,Imod,Imod,Imod,Imod,Imod,Imod,Imod,Imod,Imod,Imod,Imod,Imod,Imod,Imod,For,Imod,Imod,Imod,Imod,Imod,Imod,Imod,Imod,Imod,Imod,Imod,For,For,For,For,For,For,For,For,For,For,For,Imod,Imod,Imod,Imod,For,For,For,For,For,For,For,For,Imod,For,For,For,For,For,For,For,For,For,For,For,For,For,For,For,For,For,For,For,Imod,For,For,For,For,For,Imod,For,For,For,For,For,Imod,Imod,Imod,Imod,Fravær,For,For,For,For,For,For
667,Søren Egge Rasmussen,EL,Imod,Imod,Imod,For,Imod,For,For,For,For,For,Imod,Fravær,Fravær,Fravær,Fravær,Fravær,Fravær,Fravær,Fravær,Fravær,Fravær,Fravær,Fravær,Fravær,Fravær,Fravær,Fravær,Fravær,Fravær,Fravær,Fravær,Fravær,Fravær,Fravær,Fravær,Fravær,Imod,Imod,Imod,For,Imod,Hverken for eller imod,Hverken for eller imod,Imod,Hverken for eller imod,Imod,Imod,For,Hverken for eller imod,For,For,Imod,For,Imod,For,For,Imod,For,For,For,Hverken for eller imod,Imod,For,For,Imod,Imod,Imod,For,For,For,For,For,For,For,Imod,Imod,For,Imod,Hverken for eller imod,For,For,Imod,For,For,For,Imod,For,Hverken for eller imod,Imod,Imod,Imod,Imod,Imod,Imod,Imod,Imod,Imod,Imod,For,For,Imod,Imod,Imod,Imod,Imod,Imod,Imod,For,For,For,For,Hverken for eller imod,For,Imod,Imod,Imod,Hverken for eller imod,Fravær,Fravær,Fravær,Fravær,Fravær,Fravær,Fravær,Fravær,Fravær,For,For,For,For,For,Imod,Hverken for eller imod,For,For,For,For,Imod,For,For,For,For,For,Imod,Imod,For,Imod,For,For,For,For,For,For,For,Imod,Imod,For,For,Imod,Imod,For,Fravær,Fravær,Fravær,Fravær,Fravær,Fravær,Fravær
1146,Marlene Harpsøe,DD,Imod,Imod,Fravær,Fravær,Fravær,For,For,For,Imod,For,Imod,For,Imod,For,For,Imod,For,For,For,For,For,Imod,For,Hverken for eller imod,For,For,For,For,For,Imod,For,For,Imod,Imod,Imod,Imod,Fravær,Fravær,Fravær,Fravær,Fravær,Fravær,Fravær,Fravær,Fravær,Fravær,Fravær,Fravær,Fravær,Fravær,Fravær,Fravær,Fravær,Fravær,Fravær,Fravær,Fravær,Fravær,Fravær,Fravær,Fravær,Fravær,Fravær,Fravær,Fravær,Fravær,Fravær,Fravær,Fravær,Fravær,Fravær,Fravær,Fravær,Fravær,Fravær,Fravær,Fravær,Fravær,Fravær,Fravær,Fravær,Fravær,Fravær,Fravær,Fravær,Fravær,Fravær,Fravær,Fravær,Fravær,Fravær,Fravær,Fravær,Fravær,Fravær,Fravær,Fravær,Fravær,Fravær,Fravær,Fravær,Fravær,For,For,For,For,For,Imod,For,For,For,For,For,For,For,For,For,Fravær,Fravær,Fravær,Fravær,Fravær,Fravær,Fravær,Fravær,Fravær,For,Imod,For,For,For,For,For,For,For,For,For,Hverken for eller imod,For,For,Imod,For,For,Imod,Imod,For,Fravær,Fravær,Fravær,Fravær,Fravær,Fravær,For,For,Imod,For,For,Imod,Hverken for eller imod,For,Imod,Fravær,Fravær,Fravær,Fravær,Fravær,Fravær,Fravær
1454,Rasmus Jarlov,KF,,,,,,Fravær,Fravær,Fravær,Fravær,Fravær,Fravær,Imod,Imod,For,For,For,For,For,For,For,Fravær,Fravær,Fravær,Fravær,Fravær,Fravær,Fravær,Fravær,Fravær,Fravær,For,For,Imod,Imod,Imod,Imod,Fravær,Fravær,Fravær,Fravær,Fravær,Fravær,Fravær,Fravær,Fravær,Fravær,Fravær,Fravær,Fravær,Fravær,Fravær,Fravær,Fravær,Fravær,Fravær,Fravær,Fravær,Fravær,Fravær,Fravær,Fravær,Fravær,Fravær,Fravær,Fravær,Fravær,Fravær,Fravær,Fravær,Fravær,Fravær,Fravær,Fravær,Fravær,Fravær,Fravær,Fravær,Fravær,Fravær,Fravær,Fravær,Fravær,Fravær,Fravær,Fravær,Fravær,Fravær,Fravær,Fravær,Fravær,Fravær,Fravær,Fravær,Fravær,Fravær,Fravær,Fravær,Fravær,Fravær,Fravær,Fravær,Fravær,For,For,For,For,For,For,For,For,For,For,For,Imod,Imod,Imod,Imod,Fravær,Fravær,Fravær,Fravær,Fravær,Fravær,Fravær,Fravær,Fravær,For,For,For,For,For,For,For,For,For,For,For,For,For,For,For,For,For,For,For,For,Fravær,Fravær,Fravær,Fravær,Fravær,Fravær,Fravær,Fravær,Fravær,Fravær,Fravær,Fravær,Fravær,Fravær,Fravær,For,Imod,For,Imod,Fravær,For,For
1619,Yildiz Akdogan,S,For,Fravær,Fravær,Fravær,Fravær,For,For,For,For,For,For,For,For,For,For,For,For,Imod,Imod,Imod,Fravær,Fravær,Fravær,Fravær,Fravær,Fravær,Fravær,Fravær,Fravær,Fravær,For,For,Imod,Imod,Imod,Imod,Imod,Imod,Imod,Imod,Imod,Imod,Imod,Imod,Imod,Imod,Imod,Imod,Imod,Imod,Imod,Imod,Imod,Imod,Imod,Imod,Imod,Imod,Imod,Imod,Imod,For,Imod,Imod,Imod,Imod,Imod,Imod,Imod,Imod,Imod,Imod,Imod,Imod,Imod,Imod,Imod,Imod,Imod,Imod,Imod,Imod,Imod,Imod,Imod,Imod,Imod,Imod,Imod,Imod,For,Imod,Imod,Imod,Imod,Imod,Imod,Imod,Imod,Imod,Imod,Imod,For,For,For,For,For,For,For,For,For,For,For,Imod,Imod,Imod,Imod,For,For,For,For,For,For,For,For,Imod,For,For,For,For,For,For,For,For,For,For,For,For,For,For,For,For,For,For,For,Imod,Fravær,Fravær,Fravær,For,For,Imod,For,For,For,For,For,Imod,Imod,Imod,Imod,Fravær,Fravær,Fravær,For,For,For,For
1845,Søren Gade,V,For,For,Imod,For,For,For,For,For,For,For,For,Fravær,Fravær,Fravær,Fravær,Fravær,Fravær,Fravær,Fravær,Fravær,Fravær,Fravær,Fravær,Fravær,Fravær,Fravær,Fravær,Fravær,Fravær,Fravær,For,For,Imod,Imod,Imod,Imod,Imod,Imod,Imod,Imod,Imod,Imod,Imod,Imod,Imod,Imod,Imod,Imod,Imod,Imod,Imod,Imod,Imod,Imod,Imod,Imod,Imod,Imod,Imod,Imod,Imod,For,Imod,Imod,Imod,Imod,Imod,Imod,Imod,Imod,Imod,Imod,Imod,Imod,Imod,Imod,Imod,Imod,Imod,Imod,Imod,Imod,Imod,Imod,Imod,Imod,Imod,Imod,Imod,Imod,For,Imod,Imod,Imod,Imod,Imod,Imod,Imod,Imod,Imod,Imod,Imod,For,For,For,For,For,For,For,For,For,For,For,Imod,Imod,Imod,Imod,For,For,For,For,For,For,For,For,Imod,Fravær,Fravær,Fravær,Fravær,Fravær,Fravær,Fravær,Fravær,Fravær,Fravær,Fravær,Fravær,Fravær,Fravær,Fravær,Fravær,Fravær,Fravær,Fravær,Fravær,For,For,For,Fravær,Fravær,Fravær,Fravær,Fravær,Fravær,Fravær,Fravær,Fravær,Fravær,Fravær,Fravær,Fravær,Fravær,Fravær,Fravær,Fravær,Fravær,Fravær
11702,Per Larsen,KF,Imod,Fravær,Fravær,Fravær,Fravær,For,For,For,For,For,Imod,Fravær,Fravær,Fravær,Fravær,Fravær,Fravær,Fravær,Fravær,Fravær,Fravær,Fravær,Fravær,Fravær,Fravær,Fravær,Fravær,Fravær,Fravær,Fravær,For,For,Imod,Imod,Imod,Imod,Imod,Imod,Imod,Imod,Imod,Imod,Imod,Imod,Imod,Imod,Imod,Imod,Imod,Imod,Imod,Imod,Imod,Imod,Imod,Imod,Imod,Imod,Imod,Imod,Imod,For,Imod,Imod,Imod,Imod,Imod,Imod,Imod,Imod,Imod,Imod,Imod,Imod,Imod,Imod,Imod,Imod,Imod,Imod,Imod,Imod,Imod,Imod,Imod,Imod,Imod,Imod,Imod,Imod,For,Imod,Imod,Imod,Imod,Imod,Imod,Imod,Imod,Imod,Imod,Imod,For,For,For,For,For,For,For,For,For,For,For,Imod,Imod,Imod,Imod,For,For,For,For,For,For,For,For,Imod,Fravær,Fravær,Fravær,Fravær,Fravær,Fravær,Fravær,Fravær,Fravær,Fravær,Fravær,Fravær,Fravær,Fravær,Fravær,Fravær,Fravær,Fravær,Fravær,Fravær,For,For,For,For,For,For,For,For,For,For,For,Hverken for eller imod,For,For,Imod,For,For,For,Imod,For,For,For
15757,Aaja Chemnitz,IA,Fravær,Fravær,Fravær,Fravær,Fravær,Fravær,Fravær,Fravær,Fravær,Fravær,Fravær,Fravær,Fravær,Fravær,Fravær,Fravær,Fravær,Fravær,Fravær,Fravær,Fravær,Fravær,Fravær,Fravær,Fravær,Fravær,Fravær,Fravær,Fravær,Fravær,Fravær,Fravær,Fravær,Fravær,Fravær,Fravær,Fravær,Fravær,Fravær,Fravær,Fravær,Fravær,Fravær,Fravær,Fravær,Fravær,Fravær,Fravær,Fravær,Fravær,Fravær,Fravær,Fravær,Fravær,Fravær,Fravær,Fravær,Fravær,Fravær,Fravær,Fravær,Fravær,Fravær,Fravær,Fravær,Fravær,Fravær,Fravær,Fravær,Fravær,Fravær,Fravær,Fravær,Fravær,Fravær,Fravær,Fravær,Fravær,Fravær,Fravær,Fravær,Fravær,Fravær,Fravær,Fravær,Fravær,Fravær,Fravær,Fravær,Fravær,Fravær,Fravær,Fravær,Fravær,Fravær,Fravær,Fravær,Fravær,Fravær,Fravær,Fravær,Fravær,Fravær,Fravær,Fravær,Fravær,Fravær,Fravær,Fravær,Fravær,Fravær,Fravær,Fravær,Fravær,Fravær,Fravær,Fravær,Fravær,Fravær,Fravær,Fravær,Fravær,Fravær,Fravær,Fravær,Fravær,Fravær,Fravær,Fravær,Fravær,Fravær,Fravær,Fravær,Fravær,Fravær,Fravær,Fravær,Fravær,Fravær,Fravær,Fravær,Fravær,Fravær,Fravær,Fravær,Fravær,Fravær,Fravær,Fravær,Fravær,Fravær,Fravær,Fravær,Fravær,Fravær,Fravær,Fravær,Fravær,Fravær,Fravær,Fravær,Fravær,Fravær,Fravær,Fravær,Fravær,Fravær,Fravær
15760,Lea Wermelin,S,For,For,Imod,For,For,For,For,For,For,For,For,Fravær,Fravær,Fravær,Fravær,Fravær,Fravær,Fravær,Fravær,Fravær,For,For,For,For,For,For,For,For,For,For,Fravær,Fravær,Fravær,Fravær,Fravær,Fravær,Fravær,Fravær,Fravær,Fravær,Fravær,Fravær,Fravær,Fravær,Fravær,Fravær,Fravær,Fravær,Fravær,Fravær,Fravær,Fravær,Fravær,Fravær,Fravær,Fravær,Fravær,Fravær,Fravær,Fravær,Fravær,Fravær,Fravær,Fravær,Fravær,Fravær,Fravær,Fravær,Fravær,Fravær,Fravær,Fravær,Fravær,Fravær,Fravær,Fravær,Fravær,Fravær,Fravær,Fravær,Fravær,Fravær,Fravær,Fravær,Fravær,Fravær,Fravær,Fravær,Fravær,Fravær,Fravær,Fravær,Fravær,Fravær,Fravær,Fravær,Fravær,Fravær,Fravær,Fravær,Fravær,Fravær,For,For,For,For,For,For,For,For,For,For,For,Imod,Imod,Imod,Imod,For,For,For,For,For,For,For,For,Imod,Fravær,Fravær,Fravær,Fravær,Fravær,Fravær,Fravær,Fravær,Fravær,Fravær,Fravær,Fravær,Fravær,Fravær,Fravær,Fravær,Fravær,Fravær,Fravær,Fravær,Fravær,Fravær,Fravær,For,For,Imod,For,For,For,For,For,Imod,Imod,Imod,Imod,For,For,For,For,For,For,For
15762,Christian Rabjerg Madsen,S,For,For,Fravær,Fravær,Fravær,For,For,For,For,For,For,For,For,For,For,For,For,Imod,Imod,Imod,Fravær,Fravær,Fravær,Fravær,Fravær,Fravær,Fravær,Fravær,Fravær,Fravær,For,For,Fravær,Fravær,Fravær,Fravær,Imod,Imod,Imod,Imod,Imod,Imod,Imod,Imod,Imod,Imod,Imod,Imod,Imod,Imod,Imod,Imod,Imod,Imod,Imod,Imod,Imod,Imod,Imod,Imod,Imod,For,Imod,Imod,Imod,Imod,Imod,Imod,Imod,Imod,Imod,Imod,Imod,Imod,Imod,Imod,Imod,Imod,Imod,Imod,Imod,Imod,Imod,Imod,Imod,Imod,Imod,Imod,Imod,Imod,For,Imod,Imod,Imod,Imod,Imod,Imod,Imod,Imod,Imod,Imod,Imod,For,For,For,For,For,For,For,For,For,For,For,Imod,Imod,Imod,Imod,Fravær,Fravær,Fravær,Fravær,Fravær,Fravær,Fravær,Fravær,Fravær,For,For,For,For,For,For,For,For,For,For,For,For,For,For,For,For,For,For,For,Imod,For,For,For,For,For,Imod,Fravær,Fravær,Fravær,Fravær,Fravær,Fravær,Fravær,Fravær,Fravær,For,For,For,For,For,For,For
15763,Peter Kofod,DF,Imod,Imod,Fravær,Fravær,Fravær,For,Imod,For,For,For,For,Hverken for eller imod,Imod,For,For,For,Hverken for eller imod,For,For,For,Imod,Imod,Imod,For,For,For,For,For,For,Imod,For,For,Imod,Imod,Imod,Imod,For,For,For,Imod,For,For,For,For,Imod,For,For,Hverken for eller imod,For,For,For,For,For,For,Imod,For,For,For,Hverken for eller imod,Hverken for eller imod,For,For,Imod,For,For,For,For,For,For,For,Imod,Imod,Imod,For,For,For,For,Imod,For,For,For,For,For,For,Imod,For,For,For,For,For,Hverken for eller imod,For,For,For,For,For,For,For,Imod,Imod,For,Imod,Imod,Imod,Imod,For,For,Imod,For,For,For,For,For,For,For,For,For,Fravær,Fravær,Fravær,Fravær,Fravær,Fravær,Fravær,Fravær,Fravær,Fravær,Fravær,Fravær,Fravær,Fravær,Fravær,Fravær,Fravær,Fravær,Fravær,Fravær,Fravær,Fravær,Fravær,Fravær,Fravær,Fravær,Fravær,Fravær,Fravær,Fravær,Fravær,Fravær,For,Imod,Imod,Imod,For,For,For,For,For,For,For,Imod,For,Imod,For,Imod,For,For,Imod
15770,Mattias Tesfaye,S,For,For,Imod,For,For,Fravær,Fravær,Fravær,Fravær,Fravær,Fravær,Fravær,Fravær,Fravær,Fravær,Fravær,Fravær,Fravær,Fravær,Fravær,Fravær,Fravær,Fravær,Fravær,Fravær,Fravær,Fravær,Fravær,Fravær,Fravær,For,For,Imod,Imod,Imod,Imod,Fravær,Fravær,Fravær,Fravær,Fravær,Fravær,Fravær,Fravær,Fravær,Fravær,Fravær,Fravær,Fravær,Fravær,Fravær,Fravær,Fravær,Fravær,Fravær,Fravær,Fravær,Fravær,Fravær,Fravær,Fravær,Fravær,Fravær,Fravær,Fravær,Fravær,Fravær,Fravær,Fravær,Fravær,Fravær,Fravær,Fravær,Fravær,Fravær,Fravær,Fravær,Fravær,Fravær,Fravær,Fravær,Fravær,Fravær,Fravær,Fravær,Fravær,Fravær,Fravær,Fravær,Fravær,Fravær,Fravær,Fravær,Fravær,Fravær,Fravær,Fravær,Fravær,Fravær,Fravær,Fravær,Fravær,For,For,For,Fravær,Fravær,Fravær,Fravær,Fravær,Fravær,Fravær,Fravær,Fravær,Fravær,Fravær,Fravær,For,For,For,For,For,For,For,For,Imod,For,For,For,For,For,For,For,For,For,For,For,For,For,For,For,For,For,For,For,Imod,For,For,For,Fravær,Fravær,Fravær,For,For,For,For,For,Imod,Imod,Imod,Imod,For,For,For,For,For,For,For
15774,Lise Bech,DD,Imod,Imod,Imod,For,For,For,For,For,Imod,For,Imod,For,Imod,For,For,Imod,For,For,For,For,Fravær,Fravær,Fravær,Fravær,Fravær,Fravær,Fravær,Fravær,Fravær,Fravær,Fravær,Fravær,Fravær,Fravær,Fravær,Fravær,Fravær,Fravær,Fravær,Fravær,Fravær,Fravær,Fravær,Fravær,Fravær,Fravær,Fravær,Fravær,Fravær,Fravær,Fravær,Fravær,Fravær,Fravær,Fravær,Fravær,Fravær,Fravær,Fravær,Fravær,Fravær,Fravær,Fravær,Fravær,Fravær,Fravær,Fravær,Fravær,Fravær,Fravær,Fravær,Fravær,Fravær,Fravær,Fravær,Fravær,Fravær,Fravær,Fravær,Fravær,Fravær,Fravær,Fravær,Fravær,Fravær,Fravær,Fravær,Fravær,Fravær,Fravær,Fravær,Fravær,Fravær,Fravær,Fravær,Fravær,Fravær,Fravær,Fravær,Fravær,Fravær,Fravær,Fravær,Fravær,Fravær,Fravær,Fravær,Fravær,Fravær,Fravær,Fravær,Fravær,Fravær,Fravær,Fravær,Fravær,Fravær,Fravær,Fravær,Fravær,Fravær,Fravær,Fravær,Fravær,Fravær,Fravær,For,Imod,For,For,For,For,For,For,For,For,For,Hverken for eller imod,For,For,Imod,For,For,Imod,Imod,For,Fravær,Fravær,Fravær,For,For,For,Fravær,Fravær,Fravær,Fravær,Fravær,Fravær,Fravær,Fravær,Fravær,Imod,Imod,Imod,Imod,Imod,For,Imod
15775,Torsten Gejl,ALT,Imod,Imod,Fravær,Fravær,Fravær,For,For,For,For,For,For,Fravær,Fravær,Fravær,Fravær,Fravær,Fravær,Fravær,Fravær,Fravær,Fravær,Fravær,Fravær,Fravær,Fravær,Fravær,Fravær,Fravær,Fravær,Fravær,For,Imod,Imod,For,For,For,Imod,Imod,Imod,For,Imod,Imod,Imod,For,For,Imod,Imod,For,For,For,For,Hverken for eller imod,For,For,For,Imod,Imod,Hverken for eller imod,Hverken for eller imod,Hverken for eller imod,Imod,Imod,Hverken for eller imod,For,Imod,Imod,Imod,Imod,For,For,For,For,For,For,Imod,Imod,For,Imod,Imod,For,For,Imod,Hverken for eller imod,For,For,Imod,Hverken for eller imod,Imod,Imod,Imod,Imod,Imod,Imod,Imod,Imod,Imod,Imod,Imod,Hverken for eller imod,For,Imod,For,Fravær,Fravær,Fravær,Fravær,Fravær,Fravær,Fravær,Fravær,Fravær,Fravær,Fravær,Fravær,Fravær,Fravær,Fravær,Fravær,Fravær,Fravær,Fravær,Fravær,Fravær,Fravær,Fravær,Fravær,Fravær,Fravær,Fravær,Fravær,Fravær,Fravær,Fravær,Fravær,Fravær,Fravær,Fravær,Fravær,Fravær,Fravær,Fravær,Fravær,Fravær,Fravær,Fravær,Fravær,Imod,Hverken for eller imod,For,Fravær,Fravær,Fravær,Fravær,Fravær,Fravær,Fravær,Fravær,Fravær,Fravær,Fravær,Fravær,Fravær,Fravær,Fravær,Fravær,Fravær,Fravær,Fravær
15776,Peter Hummelgaard,S,Fravær,For,Imod,For,For,For,For,For,For,For,For,For,For,For,For,For,For,Imod,Imod,Imod,For,For,For,For,For,For,For,For,For,For,Fravær,Fravær,Fravær,Fravær,Fravær,Fravær,Fravær,Fravær,Fravær,Fravær,Fravær,Fravær,Fravær,Fravær,Fravær,Fravær,Fravær,Fravær,Fravær,Fravær,Fravær,Fravær,Fravær,Fravær,Fravær,Fravær,Fravær,Fravær,Fravær,Fravær,Fravær,Fravær,Fravær,Fravær,Fravær,Fravær,Fravær,Fravær,Fravær,Fravær,Fravær,Fravær,Fravær,Fravær,Fravær,Fravær,Fravær,Fravær,Fravær,Fravær,Fravær,Fravær,Fravær,Fravær,Fravær,Fravær,Fravær,Fravær,Fravær,Fravær,Fravær,Fravær,Fravær,Fravær,Fravær,Fravær,Fravær,Fravær,Fravær,Fravær,Fravær,Fravær,For,For,For,For,For,For,For,For,For,For,For,Imod,Imod,Imod,Imod,For,For,For,For,For,For,For,For,Imod,Fravær,Fravær,Fravær,Fravær,Fravær,Fravær,Fravær,Fravær,Fravær,Fravær,Fravær,Fravær,Fravær,Fravær,Fravær,Fravær,Fravær,Fravær,Fravær,Fravær,For,For,For,For,For,Imod,For,For,For,For,For,Imod,Imod,Imod,Imod,For,For,For,For,For,For,For
15777,Pelle Dragsted,EL,Imod,Fravær,Fravær,Fravær,Fravær,Fravær,Fravær,Fravær,Fravær,Fravær,Fravær,Fravær,Fravær,Fravær,Fravær,Fravær,Fravær,Fravær,Fravær,Fravær,Fravær,Fravær,Fravær,Fravær,Fravær,Fravær,Fravær,Fravær,Fravær,Fravær,Fravær,Fravær,Fravær,Fravær,Fravær,Fravær,Fravær,Fravær,Imod,For,Fravær,Hverken for eller imod,Fravær,Imod,Hverken for eller imod,Imod,Imod,For,Hverken for eller imod,For,For,Imod,For,Imod,For,For,Imod,For,For,For,Hverken for eller imod,Imod,For,For,Imod,Imod,Imod,For,For,For,For,For,For,For,Imod,Imod,For,Imod,Hverken for eller imod,For,For,Imod,For,For,For,Imod,For,Hverken for eller imod,Imod,Imod,Imod,Imod,Imod,Imod,Imod,Imod,Imod,Imod,For,For,Imod,Imod,Fravær,Fravær,Fravær,Fravær,Fravær,Fravær,Fravær,Fravær,Fravær,Fravær,Fravær,Fravær,Fravær,Fravær,Fravær,Fravær,Fravær,Fravær,Fravær,Fravær,Fravær,Fravær,Fravær,Fravær,Fravær,Fravær,Fravær,Fravær,Fravær,Fravær,Fravær,Fravær,Fravær,Fravær,Fravær,Fravær,Fravær,Fravær,Fravær,Fravær,Fravær,Fravær,Fravær,Fravær,Imod,For,For,For,For,Imod,Fravær,Fravær,Fravær,Fravær,Fravær,Fravær,Fravær,Fravær,Fravær,Imod,For,Imod,For,For,Imod,For
15779,Carsten Bach,LA,Fravær,Imod,For,For,For,For,For,For,Imod,For,For,For,Imod,Imod,For,For,For,For,For,For,For,Imod,Imod,Hverken for eller imod,For,For,For,For,For,Imod,Fravær,Fravær,Fravær,Fravær,Fravær,Fravær,Fravær,Fravær,Fravær,Fravær,Fravær,Fravær,Fravær,Fravær,Fravær,Fravær,Fravær,Fravær,Fravær,Fravær,Fravær,Fravær,Fravær,Fravær,Fravær,Fravær,Fravær,Fravær,Fravær,Fravær,Fravær,Fravær,Fravær,Fravær,Fravær,Fravær,Fravær,Fravær,Fravær,Fravær,Fravær,Fravær,Fravær,Fravær,Fravær,Fravær,Fravær,Fravær,Fravær,Fravær,Fravær,Fravær,Fravær,Fravær,Fravær,Fravær,Fravær,Fravær,Fravær,Fravær,Fravær,Fravær,Fravær,Fravær,Fravær,Fravær,Fravær,Fravær,Fravær,Fravær,Fravær,Fravær,Fravær,Fravær,Fravær,Fravær,Fravær,Fravær,Fravær,Fravær,Fravær,Fravær,Fravær,Fravær,Fravær,Fravær,Fravær,For,For,For,For,For,For,For,For,Imod,Fravær,Fravær,Fravær,Fravær,Fravær,Fravær,Fravær,Fravær,Fravær,Fravær,Fravær,Fravær,Fravær,Fravær,Fravær,Fravær,Fravær,Fravær,Fravær,Fravær,For,For,For,For,For,For,For,For,Imod,For,For,Imod,Hverken for eller imod,For,Imod,For,Imod,For,Imod,For,For,Imod
15787,Kaare Dybvad Bek,S,Fravær,For,Imod,For,For,For,For,For,For,For,For,For,For,For,For,For,Fravær,Imod,Imod,Imod,For,For,For,For,For,For,For,For,For,For,For,For,Imod,Imod,Imod,Imod,Imod,Imod,Imod,Imod,Imod,Imod,Imod,Imod,Imod,Imod,Imod,Imod,Imod,Imod,Imod,Imod,Imod,Imod,Imod,Imod,Imod,Imod,Imod,Imod,Imod,For,Imod,Imod,Imod,Imod,Imod,Imod,Imod,Imod,Imod,Imod,Imod,Imod,Imod,Imod,Imod,Imod,Imod,Imod,Imod,Imod,Imod,Imod,Imod,Imod,Imod,Imod,Imod,Imod,For,Imod,Imod,Imod,Imod,Imod,Imod,Imod,Imod,Imod,Imod,Imod,Fravær,Fravær,Fravær,Fravær,Fravær,Fravær,Fravær,Fravær,Fravær,Fravær,Fravær,Fravær,Fravær,Fravær,Fravær,For,For,For,For,For,For,For,For,Imod,For,For,For,For,For,For,For,For,For,For,For,For,For,For,For,For,For,For,For,Imod,Fravær,Fravær,Fravær,Fravær,Fravær,Fravær,For,For,For,For,For,Imod,Imod,Imod,Imod,For,For,For,For,For,For,For
15793,Mette Abildgaard,KF,Imod,Fravær,Fravær,Fravær,Fravær,Fravær,Fravær,Fravær,Fravær,Fravær,Fravær,Imod,Imod,For,For,For,For,For,For,For,For,For,For,Hverken for eller imod,For,For,For,For,For,For,Fravær,Fravær,Fravær,Fravær,Fravær,Fravær,Imod,Imod,Imod,Imod,Imod,Imod,Imod,Imod,Imod,Imod,Imod,Imod,Imod,Imod,Imod,Imod,Imod,Imod,Imod,Imod,Imod,Imod,Imod,Imod,Imod,For,Imod,Imod,Imod,Imod,Imod,Imod,Imod,Imod,Imod,Imod,Imod,Imod,Imod,Imod,Imod,Imod,Imod,Imod,Imod,Imod,Imod,Imod,Imod,Imod,Imod,Imod,Imod,Imod,For,Imod,Imod,Imod,Imod,Imod,Imod,Imod,Imod,Imod,Imod,Imod,Fravær,Fravær,Fravær,Fravær,Fravær,Fravær,Fravær,Fravær,Fravær,Fravær,Fravær,Fravær,Fravær,Fravær,Fravær,For,For,For,For,For,For,For,For,Imod,Fravær,Fravær,Fravær,Fravær,Fravær,Fravær,Fravær,Fravær,Fravær,Fravær,Fravær,Fravær,Fravær,Fravær,Fravær,Fravær,Fravær,Fravær,Fravær,Fravær,For,For,For,Fravær,Fravær,Fravær,For,For,For,For,For,Hverken for eller imod,For,For,Imod,Fravær,Fravær,Fravær,Fravær,Fravær,Fravær,Fravær
16180,Kasper Roug,S,For,For,Imod,Fravær,Fravær,Fravær,Fravær,Fravær,Fravær,Fravær,Fravær,For,For,For,For,For,For,Imod,Imod,Imod,For,For,For,For,For,For,For,For,For,For,Fravær,Fravær,Fravær,Fravær,Fravær,Fravær,Fravær,Fravær,Fravær,Fravær,Fravær,Fravær,Fravær,Fravær,Fravær,Fravær,Fravær,Fravær,Fravær,Fravær,Fravær,Fravær,Fravær,Fravær,Fravær,Fravær,Fravær,Fravær,Fravær,Fravær,Fravær,Fravær,Fravær,Fravær,Fravær,Fravær,Fravær,Fravær,Fravær,Fravær,Fravær,Fravær,Fravær,Fravær,Fravær,Fravær,Fravær,Fravær,Fravær,Fravær,Fravær,Fravær,Fravær,Fravær,Fravær,Fravær,Fravær,Fravær,Fravær,Fravær,Fravær,Fravær,Fravær,Fravær,Fravær,Fravær,Fravær,Fravær,Fravær,Fravær,Fravær,Fravær,Fravær,Fravær,Fravær,Fravær,Fravær,Fravær,Fravær,Fravær,Fravær,Fravær,Fravær,Fravær,Fravær,Fravær,Fravær,For,For,For,For,For,For,For,For,Fravær,For,For,For,For,For,For,For,For,For,For,For,For,For,For,For,For,For,For,For,Imod,For,For,For,For,For,Imod,For,For,For,For,For,Imod,Imod,Imod,Imod,For,For,For,For,For,For,For
16351,Malte Larsen,S,For,For,Imod,For,For,For,For,For,For,For,For,For,For,For,For,For,For,Imod,Imod,Imod,For,For,For,For,For,For,For,For,For,For,For,For,Imod,Imod,Imod,Imod,Imod,Imod,Imod,Imod,Imod,Imod,Imod,Imod,Imod,Imod,Imod,Imod,Imod,Imod,Imod,Imod,Imod,Imod,Imod,Imod,Imod,Imod,Imod,Imod,Imod,For,Imod,Imod,Imod,Imod,Imod,Imod,Imod,Imod,Imod,Imod,Imod,Imod,Imod,Imod,Imod,Imod,Imod,Imod,Imod,Imod,Imod,Imod,Imod,Imod,Imod,Imod,Imod,Imod,For,Imod,Imod,Imod,Imod,Imod,Imod,Imod,Imod,Imod,Imod,Imod,For,For,For,For,For,For,For,For,For,For,For,Imod,Imod,Imod,Imod,For,For,For,For,For,For,For,For,Imod,For,For,For,For,For,For,For,For,For,For,For,For,For,For,For,For,For,For,For,Imod,For,For,For,Fravær,Fravær,Fravær,For,For,For,For,For,Imod,Imod,Imod,Imod,For,For,For,For,For,For,For
16503,Anne Paulin,S,Fravær,For,Fravær,Fravær,Fravær,Fravær,Fravær,Fravær,Fravær,Fravær,Fravær,Fravær,Fravær,Fravær,Fravær,Fravær,Fravær,Fravær,Fravær,Fravær,Fravær,Fravær,Fravær,Fravær,Fravær,Fravær,Fravær,Fravær,Fravær,Fravær,Fravær,Fravær,Fravær,Fravær,Fravær,Fravær,Fravær,Fravær,Fravær,Fravær,Fravær,Fravær,Fravær,Fravær,Fravær,Fravær,Fravær,Fravær,Fravær,Fravær,Fravær,Fravær,Fravær,Fravær,Fravær,Fravær,Fravær,Fravær,Fravær,Fravær,Fravær,Fravær,Fravær,Fravær,Fravær,Fravær,Fravær,Fravær,Fravær,Fravær,Fravær,Fravær,Fravær,Fravær,Fravær,Fravær,Fravær,Fravær,Fravær,Fravær,Fravær,Fravær,Fravær,Fravær,Fravær,Fravær,Fravær,Fravær,Fravær,Fravær,Fravær,Fravær,Fravær,Fravær,Fravær,Fravær,Fravær,Fravær,Fravær,Fravær,Fravær,Fravær,Fravær,Fravær,Fravær,Fravær,Fravær,Fravær,Fravær,Fravær,Fravær,Fravær,Fravær,Fravær,Fravær,Fravær,Fravær,Fravær,Fravær,Fravær,Fravær,Fravær,Fravær,Fravær,Fravær,Imod,Fravær,Fravær,Fravær,Fravær,Fravær,Fravær,Fravær,Fravær,Fravær,Fravær,Fravær,Fravær,Fravær,Fravær,Fravær,Fravær,Fravær,Fravær,Fravær,Fravær,For,For,For,For,For,Imod,For,For,For,For,For,Imod,Imod,Imod,Imod,For,For,For,For,For,For,For
16582,Peder Hvelplund,EL,Imod,Imod,Imod,For,Imod,For,For,For,For,For,Imod,Imod,Imod,Hverken for eller imod,For,Imod,For,Imod,Imod,Imod,Imod,For,For,For,For,For,Imod,Imod,For,For,Fravær,Fravær,Fravær,Fravær,Fravær,Fravær,Imod,Imod,Imod,For,Imod,Hverken for eller imod,Hverken for eller imod,Imod,Hverken for eller imod,Imod,Imod,For,Hverken for eller imod,For,For,Imod,For,Imod,For,For,Imod,For,For,For,Hverken for eller imod,Imod,For,For,Imod,Imod,Imod,For,For,For,For,For,For,For,Imod,Imod,For,Imod,Hverken for eller imod,For,For,Imod,For,For,For,Imod,For,Hverken for eller imod,Imod,Imod,Imod,Imod,Imod,Imod,Imod,Imod,Imod,Imod,For,For,Imod,Imod,Imod,Imod,Imod,Imod,Imod,For,For,For,For,Hverken for eller imod,For,Imod,Imod,Imod,Hverken for eller imod,For,For,Imod,Imod,For,Hverken for eller imod,Imod,For,For,For,For,For,For,For,Imod,Hverken for eller imod,For,For,For,For,Imod,For,For,For,For,For,Imod,Imod,For,Imod,For,For,For,For,For,For,For,Imod,Imod,For,For,Imod,Imod,For,Imod,For,Imod,For,For,Imod,For
16728,Kirsten Normann Andersen,SF,Fravær,Imod,Fravær,Fravær,Fravær,Fravær,Fravær,Fravær,Fravær,Fravær,Fravær,Imod,Imod,For,For,For,For,For,For,Imod,For,For,For,For,For,For,Imod,Imod,For,For,For,For,For,For,For,For,Imod,Imod,Imod,For,Imod,Imod,Imod,Imod,For,Imod,Imod,For,For,For,For,Imod,For,Imod,Hverken for eller imod,Hverken for eller imod,Imod,For,For,For,Imod,Imod,For,For,Imod,Imod,Imod,For,For,For,For,For,Imod,For,Imod,Imod,For,Imod,Imod,Imod,Imod,Imod,For,Hverken for eller imod,Hverken for eller imod,Imod,Imod,Imod,Imod,Imod,Imod,Imod,Imod,Imod,Imod,Imod,Imod,Imod,For,For,Imod,Imod,Fravær,Fravær,Fravær,Fravær,Fravær,Fravær,Fravær,Fravær,Fravær,Fravær,Fravær,Fravær,Fravær,Fravær,Fravær,For,For,For,For,For,Hverken for eller imod,Imod,For,For,For,For,For,For,For,For,For,For,For,For,For,Imod,For,For,For,For,For,For,For,For,Imod,For,For,Fravær,Fravær,Fravær,Fravær,Fravær,Fravær,Fravær,Fravær,Fravær,Fravær,Fravær,Fravær,Fravær,Fravær,Fravær,Fravær,Fravær,Fravær,Fravær
17141,Brigitte Klintskov Jerkel,KF,Fravær,Imod,For,For,For,Fravær,Fravær,Fravær,Fravær,Fravær,Fravær,Fravær,Fravær,Fravær,Fravær,Fravær,Fravær,Fravær,Fravær,Fravær,Fravær,Fravær,Fravær,Fravær,Fravær,Fravær,Fravær,Fravær,Fravær,Fravær,For,For,Imod,Imod,Imod,Imod,Imod,Imod,Imod,Imod,Imod,Imod,Imod,Imod,Imod,Imod,Imod,Imod,Imod,Imod,Imod,Imod,Imod,Imod,Fravær,Imod,Imod,Imod,Imod,Imod,Imod,For,Imod,Imod,Imod,Imod,Imod,Fravær,Imod,Imod,Imod,Imod,Imod,Imod,Imod,Imod,Imod,Imod,Imod,Imod,Imod,Imod,Imod,Imod,Imod,Imod,Imod,Imod,Imod,Imod,For,Imod,Imod,Imod,Imod,Imod,Imod,Imod,Imod,Imod,Imod,Imod,For,For,For,For,For,For,For,For,For,For,For,Imod,Imod,Imod,Imod,Fravær,Fravær,Fravær,Fravær,Fravær,Fravær,Fravær,Fravær,Fravær,Fravær,Fravær,Fravær,Fravær,Fravær,Fravær,Fravær,Fravær,Fravær,Fravær,Fravær,Fravær,Fravær,Fravær,Fravær,Fravær,Fravær,Fravær,Fravær,Fravær,Fravær,Fravær,Fravær,For,For,For,Fravær,Fravær,Fravær,Fravær,Fravær,Fravær,Fravær,Fravær,Fravær,Fravær,Fravær,Fravær,Fravær,Fravær,Fravær,Fravær
17628,Carl Valentin,SF,,,,,,,,,,,,,,,,,,,,,,,,,,,,,,,,,,,,,,,,,,,,,,,,,,,,,,,,,,,,,,,,,,,,,,,,,,,,,,,,,,,,,,,,,,,,,,,,,,,,,,,,,,,,,,,,,,,,,,,,,,,,,,,,,,,,,,,,,,,,,,,,,,,,,,,,,For,For,Imod,Imod,For,For,Imod,Imod,For,Fravær,Fravær,Fravær,For,For,For,For
17629,Mads Fuglede,DD,Fravær,Fravær,Fravær,Fravær,Fravær,Fravær,Fravær,Fravær,Fravær,Fravær,Fravær,Fravær,Fravær,Fravær,Fravær,Fravær,Fravær,Fravær,Fravær,Fravær,For,Imod,For,Hverken for eller imod,For,For,For,For,For,Imod,Fravær,Fravær,Fravær,Fravær,Fravær,Fravær,Fravær,Fravær,Fravær,Fravær,Fravær,Fravær,Fravær,Fravær,Fravær,Fravær,Fravær,Fravær,Fravær,Fravær,Fravær,Fravær,Fravær,Fravær,Fravær,Fravær,Fravær,Fravær,Fravær,Fravær,Fravær,Fravær,Fravær,Fravær,Fravær,Fravær,Fravær,Fravær,Fravær,Fravær,Fravær,Fravær,Fravær,Fravær,Fravær,Fravær,Fravær,Fravær,Fravær,Fravær,Fravær,Fravær,Fravær,Fravær,Fravær,Fravær,Fravær,Fravær,Fravær,Fravær,Fravær,Fravær,Fravær,Fravær,Fravær,Fravær,Fravær,Fravær,Fravær,Fravær,Fravær,Fravær,For,For,For,For,For,Imod,For,For,For,For,For,For,For,For,For,For,For,For,For,For,For,For,For,Imod,For,Imod,For,For,For,For,For,For,For,For,For,Hverken for eller imod,For,For,Imod,For,For,Imod,Imod,For,Imod,For,Hverken for eller imod,Fravær,Fravær,Fravær,For,For,Imod,For,For,Imod,Hverken for eller imod,For,Imod,Fravær,Fravær,Fravær,Fravær,Fravær,Fravær,Fravær
18688,Aki-Matilda Høegh-Dam,N,,,Fravær,Fravær,Fravær,Fravær,Fravær,Fravær,Fravær,Fravær,Fravær,Fravær,Fravær,Fravær,Fravær,Fravær,Fravær,Fravær,Fravær,Fravær,Fravær,Fravær,Fravær,Fravær,Fravær,Fravær,Fravær,Fravær,Fravær,Fravær,Fravær,Fravær,Fravær,Fravær,Fravær,Fravær,Fravær,Fravær,Fravær,Fravær,Fravær,Fravær,Fravær,Fravær,Fravær,Fravær,Fravær,Fravær,Fravær,Fravær,Fravær,Fravær,Fravær,Fravær,Fravær,Fravær,Fravær,Fravær,Fravær,Fravær,Fravær,Fravær,Fravær,Fravær,Fravær,Fravær,Fravær,Fravær,Fravær,Fravær,Fravær,Fravær,Fravær,Fravær,Fravær,Fravær,Fravær,Fravær,Fravær,Fravær,Fravær,Fravær,Fravær,Fravær,Fravær,Fravær,Fravær,Fravær,Fravær,Fravær,Fravær,Fravær,Fravær,Fravær,Fravær,Fravær,Fravær,Fravær,Fravær,Fravær,Fravær,Fravær,Fravær,Fravær,Fravær,Fravær,Fravær,Fravær,Fravær,Fravær,Fravær,Fravær,Fravær,Fravær,Fravær,Fravær,Fravær,Fravær,Fravær,Fravær,Fravær,Fravær,Fravær,Fravær,Fravær,Fravær,Fravær,Fravær,Fravær,Fravær,Fravær,Fravær,Fravær,Fravær,Fravær,Fravær,Fravær,Fravær,Fravær,Fravær,Fravær,Fravær,Fravær,Fravær,Fravær,Fravær,Fravær,Fravær,Fravær,Fravær,Fravær,Fravær,Fravær,Fravær,Fravær,Fravær,Fravær,Fravær,Fravær,Fravær,Fravær,Fravær,Fravær,Fravær,Fravær,Fravær,Fravær,Fravær
18693,Mai Villadsen,EL,Fravær,Imod,Fravær,For,For,For,For,For,For,For,Imod,Fravær,Fravær,Fravær,Fravær,Fravær,Fravær,Fravær,Fravær,Fravær,Imod,For,For,For,For,For,Imod,Imod,For,For,For,Imod,For,For,For,For,Fravær,Fravær,Fravær,Fravær,Fravær,Fravær,Fravær,Fravær,Fravær,Fravær,Fravær,Fravær,Fravær,Fravær,Fravær,Fravær,Fravær,Fravær,Fravær,Fravær,Fravær,Fravær,Fravær,Fravær,Fravær,Fravær,Fravær,Fravær,Fravær,Fravær,Fravær,Fravær,Fravær,Fravær,Fravær,Fravær,Fravær,Fravær,Fravær,Fravær,Fravær,Fravær,Fravær,Fravær,Fravær,Fravær,Fravær,Fravær,Fravær,Fravær,Fravær,Fravær,Fravær,Fravær,Fravær,Fravær,Fravær,Fravær,Fravær,Fravær,Fravær,Fravær,Fravær,Fravær,Fravær,Fravær,Fravær,Fravær,Fravær,Fravær,Fravær,Fravær,Fravær,Fravær,Fravær,Fravær,Fravær,Fravær,Fravær,Fravær,Fravær,For,For,Imod,Imod,For,Hverken for eller imod,Imod,For,For,For,For,For,For,For,Imod,Hverken for eller imod,For,For,For,For,Imod,For,For,For,For,For,Imod,Imod,For,Fravær,Fravær,Fravær,Fravær,Fravær,Fravær,For,For,Imod,Imod,For,For,Imod,Imod,For,Imod,For,Imod,For,For,Imod,For
18694,Victoria Velasquez,EL,Fravær,Imod,Imod,For,Imod,For,For,For,For,For,Imod,Imod,Imod,Hverken for eller imod,For,Imod,For,Imod,Imod,Imod,Imod,For,For,For,For,For,Imod,Imod,For,For,For,Imod,For,For,For,For,Imod,Imod,Imod,For,Imod,Hverken for eller imod,Hverken for eller imod,Imod,Hverken for eller imod,Imod,Imod,For,Hverken for eller imod,For,For,Imod,Fravær,Imod,For,For,Imod,For,For,For,Hverken for eller imod,Imod,For,For,Imod,Imod,Imod,For,For,For,For,For,For,For,Imod,Imod,For,Imod,Hverken for eller imod,For,For,Imod,For,For,For,Imod,For,Hverken for eller imod,Imod,Imod,Imod,Imod,Imod,Imod,Imod,Imod,Imod,Imod,For,For,Imod,Imod,Imod,Imod,Imod,Imod,Imod,For,For,For,For,Hverken for eller imod,For,Imod,Imod,Imod,Hverken for eller imod,For,For,Imod,Imod,For,Hverken for eller imod,Imod,For,For,For,For,For,For,For,Imod,Hverken for eller imod,For,For,For,For,Imod,For,For,For,For,For,Imod,Imod,For,Imod,For,For,Fravær,Fravær,Fravær,For,For,Imod,Imod,For,For,Imod,Imod,For,Imod,For,For,For,For,Imod,For
18695,Kim Valentin,V,For,For,Imod,For,For,Fravær,Fravær,Fravær,Fravær,Fravær,Fravær,Fravær,Fravær,Fravær,Fravær,Fravær,Fravær,Fravær,Fravær,Fravær,For,For,For,For,For,For,For,For,For,For,For,For,Imod,Imod,Imod,Imod,Imod,Imod,Imod,Imod,Imod,Imod,Imod,Imod,Imod,Imod,Imod,Imod,Imod,Imod,Imod,Imod,Imod,Imod,Imod,Imod,Imod,Imod,Imod,Imod,Imod,For,Imod,Imod,Imod,Imod,Imod,Imod,Imod,Imod,Imod,Imod,Imod,Imod,Imod,Imod,Imod,Imod,Imod,Imod,Imod,Imod,Imod,Imod,Imod,Imod,Imod,Imod,Imod,Imod,For,Imod,Imod,Imod,Imod,Imod,Imod,Imod,Imod,Imod,Imod,Imod,For,For,For,For,For,For,For,For,For,For,For,Imod,Imod,Imod,Imod,For,For,For,For,For,For,For,For,Imod,For,For,For,For,For,For,For,For,For,For,For,For,For,For,For,For,For,For,For,Imod,For,For,For,For,For,Imod,For,For,For,For,For,Imod,Imod,Imod,Imod,For,For,For,For,For,For,For
18696,Morten Dahlin,V,For,Fravær,Imod,Fravær,For,For,For,For,For,For,For,For,For,For,For,For,For,Imod,Imod,Imod,Fravær,Fravær,Fravær,Fravær,Fravær,Fravær,Fravær,Fravær,Fravær,Fravær,For,For,Imod,Imod,Imod,Imod,Fravær,Fravær,Fravær,Fravær,Fravær,Fravær,Fravær,Fravær,Fravær,Fravær,Fravær,Fravær,Fravær,Fravær,Fravær,Fravær,Fravær,Fravær,Fravær,Fravær,Fravær,Fravær,Fravær,Fravær,Fravær,Fravær,Fravær,Fravær,Fravær,Fravær,Fravær,Fravær,Fravær,Fravær,Fravær,Fravær,Fravær,Fravær,Fravær,Fravær,Fravær,Fravær,Fravær,Fravær,Fravær,Fravær,Fravær,Fravær,Fravær,Fravær,Fravær,Fravær,Fravær,Fravær,Fravær,Fravær,Fravær,Fravær,Fravær,Fravær,Fravær,Fravær,Fravær,Fravær,Fravær,Fravær,Fravær,Fravær,Fravær,Fravær,Fravær,Fravær,Fravær,Fravær,Fravær,Fravær,Fravær,Fravær,Fravær,Fravær,Fravær,For,For,For,For,For,For,For,For,Imod,For,For,For,For,For,For,For,For,For,Fravær,For,For,For,For,For,For,For,For,For,Imod,For,For,For,For,For,Imod,For,For,For,For,For,Imod,Imod,Imod,Imod,For,For,For,For,For,For,For
18698,Marlene Ambo-Rasmussen,V,,,,,,,,,,,,,,,,,,,,,,,,,,,,,,,,,,,,,Fravær,Fravær,Fravær,Fravær,Fravær,Fravær,Fravær,Fravær,Fravær,Fravær,Fravær,Fravær,Fravær,Fravær,Fravær,Fravær,Fravær,Fravær,Fravær,Fravær,Fravær,Fravær,Fravær,Fravær,Fravær,Fravær,Fravær,Fravær,Fravær,Fravær,Fravær,Fravær,Fravær,Fravær,Fravær,Fravær,Fravær,Fravær,Fravær,Fravær,Fravær,Fravær,Fravær,Fravær,Fravær,Fravær,Fravær,Fravær,Fravær,Fravær,Fravær,Fravær,Fravær,Fravær,Fravær,Fravær,Fravær,Fravær,Fravær,Fravær,Fravær,Fravær,Fravær,Fravær,Fravær,Fravær,For,For,For,For,For,For,For,For,For,For,For,Imod,Imod,Imod,Imod,For,For,For,For,For,For,For,For,Imod,For,For,For,For,For,For,For,For,For,For,For,For,For,For,For,For,For,For,For,Imod,For,For,For,For,For,Imod,For,For,For,For,For,Imod,Imod,Imod,Imod,For,For,For,For,For,For,For
18699,Christoffer Aagaard Melson,V,For,For,Fravær,Fravær,Fravær,For,For,For,For,For,For,For,For,For,For,For,For,Imod,Imod,Imod,For,For,For,For,For,For,For,For,For,For,For,For,Imod,Imod,Imod,Imod,Imod,Imod,Imod,Imod,Imod,Imod,Imod,Imod,Imod,Imod,Imod,Imod,Imod,Imod,Imod,Imod,Imod,Imod,Imod,Imod,Imod,Imod,Imod,Imod,Imod,For,Imod,Imod,Imod,Imod,Imod,Imod,Imod,Imod,Imod,Imod,Imod,Imod,Imod,Imod,Imod,Imod,Imod,Imod,Imod,Imod,Imod,Imod,Imod,Imod,Imod,Imod,Imod,Imod,For,Imod,Imod,Imod,Imod,Imod,Imod,Imod,Fravær,Imod,Imod,Imod,For,For,For,For,For,For,For,For,For,For,For,Imod,Imod,Imod,Imod,For,For,For,For,For,For,For,For,Imod,For,For,For,For,For,For,For,For,For,For,For,For,For,For,For,For,For,For,For,Imod,For,For,For,Fravær,Fravær,Fravær,For,For,For,For,For,Imod,Imod,Imod,Imod,For,For,For,For,For,For,For
18700,Heidi Bank,V,Fravær,Fravær,Imod,For,For,Fravær,Fravær,Fravær,Fravær,Fravær,Fravær,For,For,For,For,For,Fravær,Imod,Imod,Imod,For,For,For,For,For,For,For,For,For,For,Fravær,Fravær,Fravær,Fravær,Fravær,Fravær,Fravær,Fravær,Fravær,Fravær,Fravær,Fravær,Fravær,Fravær,Fravær,Fravær,Fravær,Fravær,Fravær,Fravær,Fravær,Fravær,Fravær,Fravær,Fravær,Fravær,Fravær,Fravær,Fravær,Fravær,Fravær,Fravær,Fravær,Fravær,Fravær,Fravær,Fravær,Fravær,Fravær,Fravær,Fravær,Fravær,Fravær,Fravær,Fravær,Fravær,Fravær,Fravær,Fravær,Fravær,Fravær,Fravær,Fravær,Fravær,Fravær,Fravær,Fravær,Fravær,Fravær,Fravær,Fravær,Fravær,Fravær,Fravær,Fravær,Fravær,Fravær,Fravær,Fravær,Fravær,Fravær,Fravær,Fravær,Fravær,Fravær,Fravær,Fravær,Fravær,Fravær,Fravær,Fravær,Fravær,Fravær,Fravær,Fravær,Fravær,Fravær,Fravær,Fravær,Fravær,Fravær,For,For,For,For,Imod,For,For,For,For,For,For,For,For,For,For,For,For,For,For,For,For,For,For,For,Imod,For,For,For,For,For,Imod,Fravær,Fravær,Fravær,Fravær,Fravær,Fravær,Fravær,Fravær,Fravær,For,For,For,For,For,For,For
18701,Marie Bjerre,V,For,Fravær,Fravær,Fravær,Fravær,Fravær,Fravær,Fravær,Fravær,Fravær,Fravær,Fravær,Fravær,Fravær,Fravær,Fravær,Fravær,Fravær,Fravær,Fravær,For,For,For,For,For,For,For,For,For,For,For,For,Imod,Imod,Imod,Imod,Fravær,Fravær,Fravær,Fravær,Fravær,Fravær,Fravær,Fravær,Fravær,Fravær,Fravær,Fravær,Fravær,Fravær,Fravær,Fravær,Fravær,Fravær,Fravær,Fravær,Fravær,Fravær,Fravær,Fravær,Fravær,Fravær,Fravær,Fravær,Fravær,Fravær,Fravær,Fravær,Fravær,Fravær,Fravær,Fravær,Fravær,Fravær,Fravær,Fravær,Fravær,Fravær,Fravær,Fravær,Fravær,Fravær,Fravær,Fravær,Fravær,Fravær,Fravær,Fravær,Fravær,Fravær,Fravær,Fravær,Fravær,Fravær,Fravær,Fravær,Fravær,Fravær,Fravær,Fravær,Fravær,Fravær,Fravær,Fravær,Fravær,Fravær,Fravær,Fravær,Fravær,Fravær,Fravær,Fravær,Fravær,Fravær,Fravær,Fravær,Fravær,Fravær,Fravær,Fravær,Fravær,Fravær,Fravær,Fravær,Fravær,Fravær,Fravær,Fravær,Fravær,Fravær,Fravær,Fravær,Fravær,Fravær,Fravær,Fravær,Fravær,Fravær,Fravær,Fravær,Fravær,Fravær,Fravær,Fravær,Fravær,Fravær,For,For,For,For,For,Imod,Fravær,Fravær,Fravær,Fravær,Fravær,Fravær,Fravær,Fravær,Fravær,Fravær,For,Fravær,For,For,For,For
18703,Alex Vanopslagh,LA,Imod,Fravær,Fravær,Fravær,Fravær,Fravær,Fravær,Fravær,Fravær,Fravær,Fravær,Fravær,Fravær,Fravær,Fravær,Fravær,Fravær,Fravær,Fravær,Fravær,Fravær,Fravær,Fravær,Fravær,Fravær,Fravær,Fravær,Fravær,Fravær,Fravær,Fravær,Fravær,Fravær,Fravær,Fravær,Fravær,Fravær,Fravær,Fravær,Fravær,Fravær,Fravær,Fravær,Fravær,Fravær,Fravær,Fravær,Fravær,Fravær,Fravær,Fravær,Fravær,Fravær,Fravær,Fravær,Fravær,Fravær,Fravær,Fravær,Fravær,Fravær,Fravær,Fravær,Fravær,Fravær,Fravær,Fravær,Fravær,Fravær,Fravær,Fravær,Fravær,Fravær,Fravær,Fravær,Fravær,Fravær,Fravær,Fravær,Fravær,Fravær,Fravær,Fravær,Fravær,Fravær,Fravær,Fravær,Fravær,Fravær,Fravær,Fravær,Fravær,Fravær,Fravær,Fravær,Fravær,Fravær,Fravær,Fravær,Fravær,Fravær,Fravær,Fravær,Fravær,Fravær,Fravær,Fravær,Fravær,Fravær,Fravær,Fravær,Fravær,Fravær,Fravær,Fravær,Fravær,Fravær,Fravær,Fravær,Fravær,Fravær,Fravær,Fravær,Fravær,Fravær,Fravær,Fravær,Fravær,Fravær,Fravær,Fravær,Fravær,Fravær,Fravær,Fravær,Fravær,Fravær,Fravær,Fravær,Fravær,Fravær,Fravær,Fravær,Fravær,Fravær,Fravær,Fravær,Fravær,Fravær,Fravær,Fravær,Fravær,Fravær,Fravær,Fravær,Fravær,Fravær,Fravær,Fravær,Fravær,Fravær,Fravær,Fravær,Fravær,Fravær,Fravær,Fravær,Fravær
18704,Halime Oguz,SF,Imod,Imod,Imod,For,For,For,For,For,For,For,For,Imod,Imod,For,For,For,For,For,For,Imod,For,For,For,For,For,For,Imod,Imod,For,For,For,For,For,For,For,For,Fravær,Fravær,Fravær,Fravær,Fravær,Fravær,Fravær,Fravær,Fravær,Fravær,Fravær,Fravær,Fravær,Fravær,Fravær,Fravær,Fravær,Fravær,Fravær,Fravær,Fravær,Fravær,Fravær,Fravær,Fravær,Fravær,Fravær,Fravær,Fravær,Fravær,Fravær,Fravær,Fravær,Fravær,Fravær,Fravær,Fravær,Fravær,Fravær,Fravær,Fravær,Fravær,Fravær,Fravær,Fravær,Fravær,Fravær,Fravær,Fravær,Fravær,Fravær,Fravær,Fravær,Fravær,Fravær,Fravær,Fravær,Fravær,Fravær,Fravær,Fravær,Fravær,Fravær,Fravær,Fravær,Fravær,For,For,For,Imod,Imod,For,For,For,For,For,For,Imod,Imod,Imod,Imod,Fravær,Fravær,Fravær,Fravær,Fravær,Fravær,Fravær,Fravær,Fravær,For,For,For,For,For,For,For,For,For,For,For,Imod,For,For,For,For,For,For,For,For,Imod,For,For,For,For,For,,,,,,,,,,,,,,,,
18707,Astrid Carøe,SF,Imod,Imod,Imod,For,For,For,For,For,For,For,For,Imod,Imod,For,For,For,For,For,For,Imod,For,For,For,For,For,For,Imod,Imod,For,For,For,For,For,For,For,For,Imod,Imod,Imod,For,Imod,Imod,Imod,Imod,For,Imod,Imod,For,For,For,For,Imod,For,Imod,Hverken for eller imod,Hverken for eller imod,Imod,For,For,For,Imod,Imod,For,For,Imod,Imod,Imod,For,For,For,For,For,Imod,For,Imod,Imod,For,Imod,Imod,Imod,Imod,Imod,For,Hverken for eller imod,Hverken for eller imod,Imod,Imod,Imod,Imod,Imod,Imod,Imod,Imod,Imod,Imod,Imod,Imod,Imod,For,For,Imod,Imod,For,For,For,Imod,Imod,For,For,For,For,For,For,Imod,Imod,Imod,Imod,Fravær,Fravær,Fravær,Fravær,Fravær,Fravær,Fravær,Fravær,Fravær,For,For,For,For,For,For,For,For,For,For,For,Imod,For,For,For,For,For,For,For,For,Imod,For,For,For,For,For,For,For,Imod,Imod,For,For,Imod,Imod,For,Imod,For,Imod,Fravær,Fravær,For,For
18708,Charlotte Broman Mølbæk,SF,Fravær,Fravær,Imod,For,For,For,For,For,For,For,For,Imod,Imod,For,For,For,For,For,For,Imod,Fravær,Fravær,Fravær,Fravær,Fravær,Fravær,Fravær,Fravær,Fravær,Fravær,Fravær,Fravær,Fravær,Fravær,Fravær,Fravær,Imod,Imod,Imod,For,Imod,Imod,Imod,Imod,For,Imod,Imod,For,For,For,For,Imod,For,Imod,Hverken for eller imod,Hverken for eller imod,Imod,For,For,For,Imod,Imod,For,For,Imod,Imod,Imod,For,For,For,For,For,Imod,For,Imod,Imod,For,Imod,Imod,Imod,Imod,Imod,For,Hverken for eller imod,Hverken for eller imod,Imod,Imod,Imod,Imod,Imod,Imod,Imod,Imod,Imod,Imod,Imod,Imod,Imod,For,For,Imod,Imod,Fravær,Fravær,Fravær,Fravær,Fravær,Fravær,Fravær,Fravær,Fravær,Fravær,Fravær,Fravær,Fravær,Fravær,Fravær,Fravær,Fravær,Fravær,Fravær,Fravær,Fravær,Fravær,Fravær,Fravær,For,For,For,For,For,For,For,For,For,For,For,Imod,For,For,For,For,For,For,For,For,Fravær,Fravær,Fravær,Fravær,Fravær,Fravær,Fravær,Fravær,Fravær,Fravær,Fravær,Fravær,Fravær,Fravær,Fravær,Fravær,Fravær,Fravær,Fravær,Fravær,Fravær,Fravær
18709,Signe Munk,SF,Imod,Imod,Fravær,Fravær,Fravær,Fravær,Fravær,Fravær,Fravær,Fravær,Fravær,Fravær,Fravær,Fravær,Fravær,Fravær,Fravær,Fravær,Fravær,Fravær,For,For,For,For,For,For,Imod,Imod,For,For,For,Fravær,For,For,For,For,Imod,Imod,Imod,For,Imod,Imod,Imod,Imod,For,Imod,Imod,For,For,For,For,Imod,For,Imod,Hverken for eller imod,Hverken for eller imod,Imod,For,For,For,Imod,Imod,For,For,Imod,Imod,Imod,For,For,For,For,For,Imod,For,Imod,Imod,For,Imod,Imod,Imod,Imod,Imod,For,Hverken for eller imod,Hverken for eller imod,Imod,Imod,Imod,Imod,Imod,Imod,Imod,Imod,Imod,Imod,Imod,Imod,Imod,For,For,Imod,Imod,Fravær,Fravær,Fravær,Fravær,Fravær,Fravær,Fravær,Fravær,Fravær,Fravær,Fravær,Fravær,Fravær,Fravær,Fravær,For,For,For,For,For,Hverken for eller imod,Imod,For,For,Fravær,Fravær,Fravær,Fravær,Fravær,Fravær,Fravær,Fravær,Fravær,Fravær,Fravær,Fravær,Fravær,Fravær,Fravær,Fravær,Fravær,Fravær,Fravær,Fravær,Fravær,Fravær,Fravær,Fravær,Fravær,Fravær,Fravær,Fravær,Fravær,Fravær,Fravær,Fravær,Fravær,Fravær,Fravær,Imod,For,Imod,For,For,For,For
18713,Mona Juul,KF,Imod,Fravær,For,For,For,For,For,For,For,For,Imod,Imod,Imod,For,For,For,For,For,For,For,For,For,For,Hverken for eller imod,For,For,For,For,For,For,Fravær,Fravær,Fravær,Fravær,Fravær,Fravær,For,For,Imod,Imod,Imod,Imod,Imod,Imod,Imod,Imod,Imod,Imod,Imod,Imod,Imod,Imod,Imod,Imod,Imod,Imod,Imod,Imod,Imod,Imod,Imod,For,Imod,Imod,Imod,Imod,Imod,Imod,Imod,Imod,Imod,Imod,Imod,Imod,Imod,Imod,Imod,Imod,Imod,Imod,Imod,Imod,Imod,Imod,Imod,Imod,Imod,Imod,Imod,Imod,For,Imod,Imod,Imod,Imod,Imod,Imod,Imod,Imod,Imod,Imod,Imod,For,For,For,For,For,For,For,For,For,For,For,Imod,Imod,Imod,Imod,Fravær,Fravær,Fravær,Fravær,Fravær,Fravær,Fravær,Fravær,Fravær,Fravær,Fravær,Fravær,Fravær,Fravær,Fravær,Fravær,Fravær,Fravær,Fravær,Fravær,Fravær,Fravær,Fravær,Fravær,Fravær,Fravær,Fravær,Fravær,Fravær,Fravær,Fravær,Fravær,Fravær,Fravær,Fravær,Fravær,Fravær,Fravær,Fravær,Fravær,Fravær,Fravær,Fravær,Fravær,Fravær,Fravær,Fravær,Fravær,Fravær,Fravær,Fravær
18715,Henrik Møller,S,For,For,Imod,For,For,For,For,For,For,For,For,Fravær,Fravær,Fravær,Fravær,Fravær,Fravær,Fravær,Fravær,Fravær,For,For,For,For,For,For,For,For,For,For,Fravær,Fravær,Fravær,Fravær,Fravær,Fravær,Fravær,Fravær,Fravær,Fravær,Fravær,Fravær,Fravær,Fravær,Fravær,Fravær,Fravær,Fravær,Fravær,Fravær,Fravær,Fravær,Fravær,Fravær,Fravær,Fravær,Fravær,Fravær,Fravær,Fravær,Fravær,Fravær,Fravær,Fravær,Fravær,Fravær,Fravær,Fravær,Fravær,Fravær,Fravær,Fravær,Fravær,Fravær,Fravær,Fravær,Fravær,Fravær,Fravær,Fravær,Fravær,Fravær,Fravær,Fravær,Fravær,Fravær,Fravær,Fravær,Fravær,Fravær,Fravær,Fravær,Fravær,Fravær,Fravær,Fravær,Fravær,Fravær,Fravær,Fravær,Fravær,Fravær,For,For,For,For,For,For,For,For,For,For,For,Imod,Imod,Imod,Imod,For,For,For,For,For,For,For,For,Imod,For,For,For,For,For,For,For,For,For,For,For,For,For,For,For,For,For,For,For,Imod,For,For,For,For,For,Imod,Fravær,Fravær,Fravær,Fravær,Fravær,Fravær,Fravær,Fravær,Fravær,Fravær,Fravær,Fravær,Fravær,Fravær,Fravær,Fravær
18716,Rasmus Stoklund,S,Fravær,For,Imod,For,For,For,For,For,For,For,For,Fravær,Fravær,Fravær,Fravær,Fravær,Fravær,Fravær,Fravær,Fravær,For,For,For,For,For,For,For,For,For,For,Fravær,Fravær,Fravær,Fravær,Fravær,Fravær,Fravær,Fravær,Fravær,Fravær,Fravær,Fravær,Fravær,Fravær,Fravær,Fravær,Fravær,Fravær,Fravær,Fravær,Fravær,Fravær,Fravær,Fravær,Fravær,Fravær,Fravær,Fravær,Fravær,Fravær,Fravær,Fravær,Fravær,Fravær,Fravær,Fravær,Fravær,Fravær,Fravær,Fravær,Fravær,Fravær,Fravær,Fravær,Fravær,Fravær,Fravær,Fravær,Fravær,Fravær,Fravær,Fravær,Fravær,Fravær,Fravær,Fravær,Fravær,Fravær,Fravær,Fravær,Fravær,Fravær,Fravær,Fravær,Fravær,Fravær,Fravær,Fravær,Fravær,Fravær,Fravær,Fravær,Fravær,Fravær,Fravær,Fravær,Fravær,Fravær,Fravær,Fravær,Fravær,Fravær,Fravær,Fravær,Fravær,Fravær,Fravær,For,For,For,For,For,For,For,For,Imod,For,For,For,For,For,For,For,For,For,For,For,For,For,For,For,For,For,For,For,Imod,For,For,For,For,For,Imod,For,For,For,For,For,Imod,Imod,Imod,Imod,For,For,For,For,For,For,For
18717,Bjørn Brandenborg,S,,,Imod,For,For,For,For,For,For,For,For,For,For,For,For,For,For,Imod,Imod,Imod,For,For,For,For,For,For,For,For,For,For,For,For,Imod,Imod,Imod,Imod,Imod,Imod,Imod,Imod,Imod,Imod,Imod,Imod,Imod,Imod,Imod,Imod,Imod,Imod,Imod,Imod,Imod,Imod,Imod,Imod,Imod,Imod,Imod,Imod,Imod,For,Imod,Imod,Imod,Imod,Imod,Imod,Imod,Imod,Imod,Imod,Imod,Imod,Imod,Imod,Imod,Imod,Imod,Imod,Imod,Imod,Imod,Imod,Imod,Imod,Imod,Imod,Imod,Imod,For,Imod,Imod,Imod,Imod,Imod,Imod,Imod,Imod,Imod,Imod,Imod,For,For,For,For,For,For,For,For,For,For,For,Imod,Imod,Imod,Imod,Fravær,For,For,For,For,For,For,For,Imod,Fravær,Fravær,Fravær,Fravær,Fravær,Fravær,Fravær,Fravær,Fravær,Fravær,Fravær,Fravær,Fravær,Fravær,Fravær,Fravær,Fravær,Fravær,Fravær,Fravær,Fravær,Fravær,Fravær,Fravær,Fravær,Fravær,For,For,For,For,For,Imod,Imod,Imod,Imod,For,For,Fravær,For,For,For,For
18718,Anders Kronborg,S,For,For,Imod,Fravær,Fravær,For,For,For,For,For,For,For,For,For,For,For,For,Imod,Imod,Imod,For,For,For,For,For,For,For,For,For,For,For,For,Imod,Imod,Imod,Imod,Imod,Imod,Imod,Imod,Imod,Imod,Imod,Imod,Imod,Imod,Imod,Imod,Imod,Imod,Imod,Imod,Imod,Imod,Imod,Imod,Imod,Imod,Imod,Imod,Imod,For,Imod,Imod,Imod,Imod,Imod,Imod,Imod,Imod,Imod,Imod,Imod,Imod,Imod,Imod,Imod,Imod,Imod,Imod,Imod,Imod,Imod,Imod,Imod,Fravær,Imod,Imod,Imod,Imod,For,Imod,Imod,Imod,Imod,Imod,Imod,Imod,Imod,Imod,Imod,Imod,Fravær,Fravær,Fravær,For,For,For,For,For,For,For,For,Imod,Imod,Imod,Imod,For,For,For,For,For,For,For,For,Imod,For,For,For,For,For,For,For,For,For,For,For,For,For,For,For,For,For,For,For,Imod,For,For,For,For,For,Imod,For,For,For,For,For,Imod,Imod,Imod,Imod,For,Fravær,For,For,For,For,For
18719,Birgitte Vind,S,For,Fravær,Imod,For,For,For,For,For,For,For,For,For,For,For,For,For,For,Imod,Imod,Imod,Fravær,Fravær,Fravær,Fravær,Fravær,Fravær,Fravær,Fravær,Fravær,Fravær,For,For,Imod,Imod,Imod,Imod,Fravær,Fravær,Fravær,Fravær,Fravær,Imod,Imod,Imod,Imod,Imod,Imod,Imod,Imod,Imod,Imod,Imod,Imod,Imod,Imod,Imod,Imod,Imod,Imod,Imod,Imod,For,Imod,Imod,Imod,Imod,Imod,Imod,Imod,Imod,Imod,Imod,Imod,Imod,Imod,Imod,Imod,Imod,Imod,Imod,Imod,Imod,Imod,Imod,Imod,Imod,Imod,Imod,Imod,Imod,For,Imod,Imod,Imod,Imod,Imod,Imod,Imod,Imod,Imod,Imod,Imod,Fravær,Fravær,Fravær,For,For,For,For,For,For,For,For,Imod,Imod,Imod,Imod,Fravær,Fravær,Fravær,Fravær,Fravær,Fravær,Fravær,Fravær,Fravær,Fravær,Fravær,Fravær,Fravær,Fravær,Fravær,Fravær,Fravær,Fravær,Fravær,Fravær,Fravær,Fravær,Fravær,Fravær,Fravær,Fravær,Fravær,Fravær,Fravær,For,For,For,For,For,Imod,Fravær,Fravær,Fravær,Fravær,Fravær,Fravær,Fravær,Fravær,Fravær,For,For,For,For,For,For,For
18720,Camilla Fabricius,S,For,For,Fravær,Fravær,Fravær,For,For,For,For,For,For,For,For,For,For,For,For,Imod,Imod,Imod,For,For,For,For,For,For,For,For,For,For,For,For,Imod,Imod,Imod,Imod,Imod,Imod,Imod,Imod,Imod,Imod,Imod,Imod,Imod,Imod,Imod,Imod,Imod,Imod,Imod,Imod,Imod,Imod,Imod,Imod,Imod,Imod,Imod,Imod,Imod,For,Imod,Imod,Imod,Imod,Imod,Imod,Imod,Imod,Imod,Imod,Imod,Imod,Imod,Imod,Imod,Imod,Imod,Imod,Imod,Imod,Imod,Imod,Imod,Imod,Imod,Imod,Imod,Imod,For,Imod,Imod,Imod,Imod,Imod,Imod,Imod,Imod,Imod,Imod,Imod,For,For,For,For,For,For,For,For,For,For,For,Imod,Imod,Imod,Imod,Fravær,For,For,For,For,For,For,For,Imod,For,For,For,For,For,For,For,For,For,For,For,For,For,For,For,For,For,For,For,Imod,Fravær,Fravær,Fravær,For,For,Imod,For,For,For,For,For,Imod,Imod,Imod,Imod,Fravær,Fravær,Fravær,Fravær,Fravær,Fravær,Fravær
18721,Mette Thiesen,DF,Imod,Imod,For,Imod,For,For,Imod,For,For,For,For,Hverken for eller imod,Imod,For,For,For,Hverken for eller imod,For,For,For,Fravær,Imod,Imod,For,For,For,For,For,For,Imod,For,For,Imod,Imod,Imod,Imod,Fravær,Fravær,Fravær,Fravær,Fravær,Fravær,Fravær,Fravær,Fravær,Fravær,Fravær,Fravær,Fravær,Fravær,Fravær,Fravær,Fravær,Fravær,Fravær,Fravær,Fravær,Fravær,Fravær,Fravær,Fravær,Fravær,Fravær,Fravær,Fravær,Fravær,Fravær,Fravær,Fravær,Fravær,Fravær,Fravær,Fravær,Fravær,Fravær,Fravær,Fravær,Fravær,Fravær,Fravær,Fravær,Fravær,Fravær,Fravær,Fravær,Fravær,Fravær,Fravær,Fravær,Fravær,Fravær,Fravær,Fravær,Fravær,Fravær,Fravær,Fravær,Fravær,Fravær,Fravær,Fravær,Fravær,Imod,Imod,Imod,For,For,Imod,For,For,For,For,For,For,For,For,For,Imod,For,For,For,For,For,Hverken for eller imod,Hverken for eller imod,Imod,Hverken for eller imod,Imod,For,Imod,For,For,For,For,For,For,For,For,For,Hverken for eller imod,Imod,For,For,Imod,Imod,Imod,Imod,For,Hverken for eller imod,Fravær,Fravær,Fravær,Fravær,Fravær,Fravær,Fravær,Fravær,Fravær,Fravær,Fravær,Fravær,For,Imod,For,Imod,For,For,Imod
18722,Peter Seier Christensen,UFG,Fravær,Fravær,Fravær,Fravær,Fravær,Fravær,Fravær,Fravær,Fravær,Fravær,Fravær,Fravær,Fravær,Fravær,Fravær,Fravær,Fravær,Fravær,Fravær,Fravær,Fravær,Fravær,Fravær,Fravær,Fravær,Fravær,Fravær,Fravær,Fravær,Fravær,Fravær,Fravær,Fravær,Fravær,Fravær,Fravær,Fravær,Fravær,Fravær,Fravær,Fravær,Fravær,Fravær,Fravær,Fravær,Fravær,Fravær,Fravær,Fravær,Fravær,Fravær,Fravær,Fravær,Fravær,Fravær,Fravær,Fravær,Fravær,Fravær,Fravær,Fravær,Fravær,Fravær,Fravær,Fravær,Fravær,Fravær,Fravær,Fravær,Fravær,Fravær,Fravær,Fravær,Fravær,Fravær,Fravær,Fravær,Fravær,Fravær,Fravær,Fravær,Fravær,Fravær,Fravær,Fravær,Fravær,Fravær,Fravær,Fravær,Fravær,Fravær,Fravær,Fravær,Fravær,Fravær,Fravær,Fravær,Fravær,Fravær,Fravær,Fravær,Fravær,Fravær,Fravær,Fravær,Fravær,Fravær,Fravær,Fravær,Fravær,Fravær,Fravær,Fravær,Fravær,Fravær,Fravær,Fravær,Fravær,Fravær,Fravær,Fravær,Fravær,Fravær,Fravær,Fravær,Fravær,Fravær,Fravær,Fravær,Fravær,Fravær,Fravær,Fravær,Fravær,Fravær,Fravær,Fravær,Fravær,Fravær,Fravær,Fravær,Fravær,Fravær,Fravær,Fravær,Fravær,Fravær,Fravær,Fravær,Fravær,Fravær,Fravær,Fravær,Fravær,Fravær,Fravær,Fravær,Fravær,Fravær,Fravær,Fravær,Fravær,Fravær,Fravær,Fravær,Fravær,Fravær,Fravær
18723,Pernille Vermund,LA,Imod,Imod,For,For,For,Fravær,Fravær,Fravær,Fravær,Fravær,Fravær,Fravær,Fravær,Fravær,Fravær,Fravær,Fravær,Fravær,Fravær,Fravær,Fravær,Fravær,Fravær,Fravær,Fravær,Fravær,Fravær,Fravær,Fravær,Fravær,For,For,Imod,Imod,Imod,Imod,Fravær,Fravær,Fravær,Fravær,Fravær,Fravær,Fravær,Fravær,Fravær,Fravær,Fravær,Fravær,Fravær,Fravær,Fravær,Fravær,Fravær,Fravær,Fravær,Fravær,Fravær,Fravær,Fravær,Fravær,Fravær,Fravær,Fravær,Fravær,Fravær,Fravær,Fravær,Fravær,Fravær,Fravær,Fravær,Fravær,Fravær,Fravær,Fravær,Fravær,Fravær,Fravær,Fravær,Fravær,Fravær,Fravær,Fravær,Fravær,Fravær,Fravær,Fravær,Fravær,Fravær,Fravær,Fravær,Fravær,Fravær,Fravær,Fravær,Fravær,Fravær,Fravær,Fravær,Fravær,Fravær,Fravær,Fravær,Fravær,Fravær,Fravær,Fravær,Fravær,Fravær,Fravær,Fravær,Fravær,Fravær,Fravær,Fravær,Fravær,Fravær,For,For,For,For,For,For,For,For,Imod,For,For,Imod,For,For,For,For,For,For,For,For,For,For,For,For,For,For,For,For,For,For,For,For,For,For,For,Fravær,Fravær,Fravær,Fravær,Fravær,Fravær,Fravær,Fravær,Fravær,For,Imod,For,Imod,For,For,Imod
18724,Lars Boje Mathiesen,UFG,Fravær,Imod,For,Hverken for eller imod,For,Imod,Imod,For,Imod,For,Hverken for eller imod,For,Imod,Hverken for eller imod,For,For,For,For,For,For,Hverken for eller imod,Imod,Imod,Imod,For,For,For,For,For,Imod,For,For,Fravær,Fravær,Fravær,Fravær,Fravær,Fravær,Fravær,Fravær,Fravær,Fravær,Fravær,Fravær,Fravær,Fravær,Fravær,Fravær,Fravær,Fravær,Fravær,Fravær,Fravær,Fravær,Fravær,Fravær,Fravær,Fravær,Fravær,Fravær,Fravær,Fravær,Fravær,Fravær,Fravær,Fravær,Fravær,Fravær,Fravær,Fravær,Fravær,Fravær,Fravær,Fravær,Fravær,Fravær,Fravær,Fravær,Fravær,Fravær,Fravær,Fravær,Fravær,Fravær,Fravær,Fravær,Fravær,Fravær,Fravær,Fravær,Fravær,Fravær,Fravær,Fravær,Fravær,Fravær,Fravær,Fravær,Fravær,Fravær,Fravær,Fravær,Imod,Imod,Imod,For,For,Imod,For,Hverken for eller imod,For,For,For,For,For,For,For,Imod,For,Hverken for eller imod,Hverken for eller imod,For,For,For,For,Imod,Hverken for eller imod,Imod,Imod,Imod,Hverken for eller imod,For,For,Hverken for eller imod,Hverken for eller imod,For,For,Hverken for eller imod,For,Hverken for eller imod,Imod,For,For,Imod,Imod,For,Imod,For,Fravær,For,For,For,Fravær,Fravær,Fravær,Fravær,Fravær,Fravær,Fravær,Fravær,Fravær,Imod,Imod,Hverken for eller imod,Imod,Imod,Hverken for eller imod,Imod
18725,Samira Nawa,RV,Fravær,Fravær,Fravær,Fravær,Fravær,For,For,For,For,For,Imod,Imod,Imod,For,For,For,For,Imod,Imod,Imod,For,For,For,For,For,For,For,Imod,For,For,For,For,Imod,Imod,Imod,Imod,Imod,Imod,Imod,Imod,Imod,Imod,Imod,Imod,For,Imod,Imod,Imod,Imod,Imod,Imod,Imod,Imod,Imod,Imod,Imod,Imod,Imod,Imod,Imod,Imod,Imod,Imod,Imod,Imod,Imod,Imod,Imod,Imod,Imod,Imod,For,For,Imod,Imod,Imod,Imod,Imod,Imod,Imod,Imod,Imod,Imod,Imod,For,Imod,Imod,Imod,Imod,Imod,For,Imod,Imod,Imod,Imod,Imod,Imod,Imod,For,For,Imod,For,For,For,For,For,For,For,For,For,For,For,For,Imod,Imod,Imod,Imod,Fravær,Fravær,Fravær,Fravær,Fravær,Fravær,Fravær,Fravær,Fravær,Fravær,Fravær,Fravær,Fravær,Fravær,Fravær,Fravær,Fravær,Fravær,Fravær,Fravær,Fravær,Fravær,Fravær,Fravær,Fravær,Fravær,Fravær,Fravær,Fravær,Imod,For,For,For,For,For,Fravær,Fravær,Fravær,Fravær,Fravær,Fravær,Fravær,Fravær,Fravær,For,Imod,For,Imod,For,For,For
18726,Stinus Lindgreen,RV,Fravær,Fravær,Imod,For,Imod,For,For,For,For,For,Imod,Fravær,Fravær,Fravær,Fravær,Fravær,Fravær,Fravær,Fravær,Fravær,For,For,For,For,For,For,For,Imod,For,For,Fravær,Fravær,Fravær,Fravær,Fravær,Fravær,Fravær,Fravær,Fravær,Fravær,Fravær,Fravær,Fravær,Fravær,Fravær,Fravær,Fravær,Fravær,Fravær,Fravær,Fravær,Fravær,Fravær,Fravær,Fravær,Fravær,Fravær,Fravær,Fravær,Fravær,Fravær,Fravær,Fravær,Fravær,Fravær,Fravær,Fravær,Fravær,Fravær,Fravær,Fravær,Fravær,Fravær,Fravær,Fravær,Fravær,Fravær,Fravær,Fravær,Fravær,Fravær,Fravær,Fravær,Fravær,Fravær,Fravær,Fravær,Fravær,Fravær,Fravær,Fravær,Fravær,Fravær,Fravær,Fravær,Fravær,Fravær,Fravær,Fravær,Fravær,Fravær,Fravær,For,For,For,For,For,For,For,For,For,For,For,Imod,Imod,Imod,Imod,For,For,For,For,For,For,For,For,Imod,For,For,For,For,For,For,For,For,For,For,For,For,For,For,For,For,For,For,For,For,Fravær,Fravær,Fravær,For,For,For,For,For,Imod,Imod,For,Hverken for eller imod,Imod,Imod,For,For,Imod,For,Imod,For,For,For
18729,Katrine Robsøe,RV,Imod,Imod,Imod,For,Imod,For,For,For,For,For,Imod,Imod,Imod,For,For,For,For,Imod,Imod,Imod,For,For,For,For,For,For,For,Imod,For,For,Fravær,Fravær,Fravær,Fravær,Fravær,Fravær,Imod,Imod,Imod,Imod,Imod,Imod,Imod,Imod,For,Imod,Imod,Imod,Imod,Imod,Imod,Imod,Imod,Imod,Imod,Imod,Imod,Imod,Imod,Imod,Imod,Imod,Imod,Imod,Imod,Imod,Imod,Imod,Imod,Imod,Imod,For,For,Imod,Imod,Imod,Imod,Imod,Imod,Imod,Imod,Imod,Imod,Imod,For,Imod,Imod,Imod,Imod,Imod,For,Imod,Imod,Imod,Imod,Imod,Imod,Imod,For,For,Imod,For,For,For,For,For,For,For,For,For,For,For,For,Imod,Imod,Imod,Imod,For,For,For,For,For,For,For,For,Imod,Fravær,Fravær,Fravær,Fravær,Fravær,Fravær,Fravær,Fravær,Fravær,Fravær,Fravær,Fravær,Fravær,Fravær,Fravær,Fravær,Fravær,Fravær,Fravær,Fravær,Fravær,Fravær,Fravær,For,For,For,For,For,Imod,Imod,For,Hverken for eller imod,Imod,Imod,For,For,Imod,For,Imod,For,For,For
18882,Tanja Larsson,S,,,Fravær,Fravær,Fravær,For,For,For,For,For,For,Fravær,Fravær,Fravær,Fravær,Fravær,Fravær,Fravær,Fravær,Fravær,Fravær,Fravær,Fravær,Fravær,Fravær,Fravær,Fravær,Fravær,Fravær,Fravær,Fravær,Fravær,Fravær,Fravær,Fravær,Fravær,Fravær,Fravær,Fravær,Fravær,Fravær,Fravær,Fravær,Fravær,Fravær,Fravær,Fravær,Fravær,Fravær,Fravær,Fravær,Fravær,Fravær,Fravær,Fravær,Fravær,Fravær,Fravær,Fravær,Fravær,Fravær,Fravær,Fravær,Fravær,Fravær,Fravær,Fravær,Fravær,Fravær,Fravær,Fravær,Fravær,Fravær,Fravær,Fravær,Fravær,Fravær,Fravær,Fravær,Fravær,Fravær,Fravær,Fravær,Fravær,Fravær,Fravær,Fravær,Fravær,Fravær,Fravær,Fravær,Fravær,Fravær,Fravær,Fravær,Fravær,Fravær,Fravær,Fravær,Fravær,Fravær,Fravær,Fravær,Fravær,Fravær,Fravær,Fravær,Fravær,Fravær,Fravær,Fravær,Fravær,Fravær,Fravær,Fravær,Fravær,Fravær,Fravær,Fravær,Fravær,Fravær,Fravær,Fravær,Fravær,Fravær,Fravær,Fravær,Fravær,Fravær,Fravær,Fravær,Fravær,Fravær,Fravær,Fravær,Fravær,Fravær,Fravær,Fravær,Fravær,Fravær,Fravær,Fravær,Fravær,Fravær,Fravær,Fravær,Fravær,Fravær,For,For,Imod,For,For,For,For,For,Imod,Imod,Imod,Imod,For,For,For,For,For,For,For
19000,Theresa Berg Andersen,SF,Imod,Imod,Imod,For,For,For,For,For,For,For,For,Imod,Imod,For,For,For,For,For,For,Imod,Fravær,Fravær,Fravær,Fravær,Fravær,Fravær,Fravær,Fravær,Fravær,Fravær,For,For,For,For,For,For,Fravær,Fravær,Fravær,Fravær,Fravær,Fravær,Fravær,Fravær,Fravær,Fravær,Fravær,Fravær,Fravær,Fravær,Fravær,Fravær,Fravær,Fravær,Fravær,Fravær,Fravær,Fravær,Fravær,Fravær,Fravær,Fravær,Fravær,Fravær,Fravær,Fravær,Fravær,Fravær,Fravær,Fravær,Fravær,Fravær,Fravær,Fravær,Fravær,Fravær,Fravær,Fravær,Fravær,Fravær,Fravær,Fravær,Fravær,Fravær,Fravær,Fravær,Fravær,Fravær,Fravær,Fravær,Fravær,Fravær,Fravær,Fravær,Fravær,Fravær,Fravær,Fravær,Fravær,Fravær,Fravær,Fravær,For,For,For,Imod,Imod,For,For,For,For,For,For,Imod,Imod,Imod,Imod,For,For,For,For,For,Hverken for eller imod,Imod,For,For,For,For,For,For,For,For,For,For,For,For,For,Imod,For,For,For,For,For,For,For,For,Imod,For,For,For,For,For,For,For,Imod,Imod,For,For,Imod,Imod,For,Imod,For,Imod,For,For,For,For
19928,Kim Aas,S,For,For,Imod,For,For,Fravær,Fravær,Fravær,Fravær,Fravær,Fravær,Fravær,Fravær,Fravær,Fravær,Fravær,Fravær,Fravær,Fravær,Fravær,For,For,For,For,For,For,For,For,For,For,For,For,Imod,Imod,Imod,Imod,Imod,Imod,Imod,Imod,Imod,Imod,Imod,Imod,Imod,Imod,Imod,Imod,Imod,Imod,Imod,Imod,Imod,Imod,Imod,Imod,Imod,Imod,Imod,Imod,Imod,For,Imod,Imod,Imod,Imod,Imod,Imod,Imod,Imod,Imod,Imod,Imod,Imod,Imod,Imod,Imod,Imod,Imod,Imod,Imod,Imod,Imod,Imod,Imod,Imod,Imod,Imod,Imod,Imod,For,Imod,Imod,Imod,Imod,Imod,Imod,Imod,Imod,Imod,Imod,Imod,For,For,For,For,For,For,For,For,For,For,For,Imod,Imod,Imod,Imod,Fravær,Fravær,Fravær,Fravær,Fravær,Fravær,Fravær,Fravær,Fravær,For,For,For,For,For,For,For,For,For,For,For,For,For,For,For,For,For,For,For,Imod,For,For,For,For,For,Imod,Fravær,Fravær,Fravær,Fravær,Fravær,Fravær,Fravær,Fravær,Fravær,For,For,For,For,For,For,For
20349,Anna Falkenberg,SP,Fravær,Fravær,Fravær,Fravær,Fravær,Fravær,Fravær,Fravær,Fravær,Fravær,Fravær,Fravær,Fravær,Fravær,Fravær,Fravær,Fravær,Fravær,Fravær,Fravær,Fravær,Fravær,Fravær,Fravær,Fravær,Fravær,Fravær,Fravær,Fravær,Fravær,For,For,Imod,Imod,Imod,Imod,Imod,Imod,Imod,Imod,Imod,Imod,Imod,Imod,Imod,Imod,Imod,Imod,Imod,Imod,Imod,Imod,Imod,Imod,Imod,Imod,Imod,Imod,Imod,Imod,Imod,For,Imod,Imod,Imod,Imod,Imod,Imod,Imod,Imod,Imod,Imod,Imod,Imod,Imod,Imod,Imod,Imod,Imod,Imod,Imod,Imod,Imod,Imod,Imod,Imod,Imod,Imod,Imod,Imod,For,Imod,Imod,Imod,Imod,Imod,Imod,Imod,Imod,Imod,Imod,Imod,Fravær,Fravær,Fravær,Fravær,Fravær,Fravær,Fravær,Fravær,Fravær,Fravær,Fravær,Fravær,Fravær,Fravær,Fravær,Fravær,Fravær,Fravær,Fravær,Fravær,Fravær,Fravær,Fravær,Fravær,Fravær,Fravær,Fravær,Fravær,Fravær,Fravær,Fravær,Fravær,Fravær,Fravær,Fravær,Fravær,Fravær,Fravær,Fravær,Fravær,Fravær,Fravær,Fravær,Fravær,Fravær,Fravær,Fravær,Fravær,Fravær,Fravær,Fravær,Fravær,Fravær,Fravær,Fravær,Fravær,Fravær,Fravær,Fravær,Fravær,Fravær,Fravær,Fravær,Fravær,Fravær,Fravær
20350,Nick Zimmermann,DF,Fravær,Imod,For,Imod,For,For,Imod,For,For,For,For,Fravær,Fravær,Fravær,Fravær,Fravær,Fravær,Fravær,Fravær,Fravær,Fravær,Fravær,Fravær,Fravær,Fravær,Fravær,Fravær,Fravær,Fravær,Fravær,Fravær,Fravær,Fravær,Fravær,Fravær,Fravær,Fravær,Fravær,Fravær,Fravær,Fravær,Fravær,Fravær,Fravær,Fravær,Fravær,Fravær,Fravær,Fravær,Fravær,Fravær,Fravær,Fravær,Fravær,Fravær,Fravær,Fravær,Fravær,Fravær,Fravær,Fravær,Fravær,Fravær,Fravær,Fravær,Fravær,Fravær,Fravær,Fravær,Fravær,Fravær,Fravær,Fravær,Fravær,Fravær,Fravær,Fravær,Fravær,Fravær,Fravær,Fravær,Fravær,Fravær,Fravær,Fravær,Fravær,Fravær,Fravær,Fravær,Fravær,Fravær,Fravær,Fravær,Fravær,Fravær,Fravær,Fravær,Fravær,Fravær,Fravær,Fravær,Fravær,Fravær,Fravær,Fravær,Fravær,Fravær,Fravær,Fravær,Fravær,Fravær,Fravær,Fravær,Fravær,Fravær,Fravær,Fravær,Imod,For,For,For,For,For,Hverken for eller imod,Hverken for eller imod,Imod,Fravær,Fravær,Fravær,Fravær,Fravær,Fravær,Fravær,Fravær,Fravær,Fravær,Fravær,Fravær,Fravær,Fravær,Fravær,Fravær,Fravær,Fravær,Fravær,Fravær,Imod,For,Hverken for eller imod,For,Imod,Imod,Imod,For,For,For,For,For,For,For,Imod,Fravær,Fravær,Fravær,Fravær,Fravær,Fravær,Fravær
20351,Franciska Rosenkilde,ALT,Imod,Fravær,Fravær,Fravær,Fravær,Fravær,Fravær,Fravær,Fravær,Fravær,Fravær,Fravær,Fravær,Fravær,Fravær,Fravær,Fravær,Fravær,Fravær,Fravær,Fravær,Fravær,Fravær,Fravær,Fravær,Fravær,Fravær,Fravær,Fravær,Fravær,Fravær,Fravær,Fravær,Fravær,Fravær,Fravær,Fravær,Fravær,Fravær,Fravær,Fravær,Fravær,Fravær,Fravær,Fravær,Fravær,Fravær,Fravær,Fravær,Fravær,Fravær,Fravær,Fravær,Fravær,Fravær,Fravær,Fravær,Fravær,Fravær,Fravær,Fravær,Fravær,Fravær,Fravær,Fravær,Fravær,Fravær,Fravær,Fravær,Fravær,Fravær,Fravær,Fravær,Fravær,Fravær,Fravær,Fravær,Fravær,Fravær,Fravær,Fravær,Fravær,Fravær,Fravær,Fravær,Fravær,Fravær,Fravær,Fravær,Fravær,Fravær,Fravær,Fravær,Fravær,Fravær,Fravær,Fravær,Fravær,Fravær,Fravær,Fravær,Fravær,Fravær,Fravær,Fravær,Fravær,Fravær,Fravær,Fravær,Fravær,Fravær,Fravær,Fravær,Fravær,Fravær,Fravær,Fravær,Fravær,Fravær,Fravær,Fravær,Fravær,Fravær,Fravær,Fravær,Fravær,Fravær,Fravær,Fravær,Fravær,Fravær,Fravær,Fravær,Fravær,Fravær,Fravær,Fravær,Fravær,Fravær,Fravær,Fravær,Fravær,Fravær,Fravær,Fravær,Fravær,Fravær,Fravær,Fravær,Fravær,Fravær,Fravær,Fravær,Fravær,Fravær,Fravær,Fravær,Fravær,Fravær,Fravær,Fravær,Fravær,Fravær,Fravær,Fravær,Fravær,Fravær,Fravær
20352,Helene Brydensholt,ALT,Fravær,Imod,Imod,For,Imod,Fravær,Fravær,Fravær,Fravær,Fravær,Fravær,Imod,Imod,For,For,For,For,For,For,For,Fravær,Fravær,Fravær,Fravær,Fravær,Fravær,Fravær,Fravær,Fravær,Fravær,For,Imod,For,For,For,For,Imod,Imod,Imod,For,Imod,Imod,Imod,For,For,Imod,Imod,For,For,For,For,Hverken for eller imod,For,For,For,Imod,Imod,Hverken for eller imod,Hverken for eller imod,Hverken for eller imod,Imod,Imod,Hverken for eller imod,For,Imod,Imod,Imod,Imod,For,For,For,For,For,For,Imod,Imod,For,Imod,Imod,For,For,Imod,Hverken for eller imod,For,For,Imod,Hverken for eller imod,Imod,Imod,Imod,Imod,Imod,Imod,Imod,Imod,Imod,Imod,Imod,Hverken for eller imod,For,Imod,For,For,For,For,Imod,Hverken for eller imod,For,For,For,For,Hverken for eller imod,Hverken for eller imod,Imod,Imod,Imod,Imod,For,For,For,For,For,Hverken for eller imod,Imod,For,For,Fravær,Fravær,Fravær,Fravær,Fravær,Fravær,Fravær,Fravær,Fravær,Fravær,Fravær,Fravær,Fravær,Fravær,Fravær,Fravær,Fravær,Fravær,Fravær,Fravær,Fravær,Fravær,Fravær,Fravær,Fravær,Fravær,For,For,Imod,Imod,For,For,Imod,Imod,For,Imod,For,Imod,Imod,For,Imod,For
20353,Sascha Faxe,ALT,Fravær,Imod,Imod,For,Imod,Fravær,Fravær,Fravær,Fravær,Fravær,Fravær,Fravær,Fravær,Fravær,Fravær,Fravær,Fravær,Fravær,Fravær,Fravær,For,For,For,For,For,For,Imod,Imod,For,For,Fravær,Fravær,Fravær,Fravær,Fravær,Fravær,Fravær,Fravær,Fravær,Fravær,Fravær,Fravær,Fravær,Fravær,Fravær,Fravær,Fravær,Fravær,Fravær,Fravær,Fravær,Fravær,Fravær,Fravær,Fravær,Fravær,Fravær,Fravær,Fravær,Fravær,Fravær,Fravær,Fravær,Fravær,Fravær,Fravær,Fravær,Fravær,Fravær,Fravær,Fravær,Fravær,Fravær,Fravær,Fravær,Fravær,Fravær,Fravær,Fravær,Fravær,Fravær,Fravær,Fravær,Fravær,Fravær,Fravær,Fravær,Fravær,Fravær,Fravær,Fravær,Fravær,Fravær,Fravær,Fravær,Fravær,Fravær,Fravær,Fravær,Fravær,Fravær,Fravær,Fravær,Fravær,Fravær,Fravær,Fravær,Fravær,Fravær,Fravær,Fravær,Fravær,Fravær,Fravær,Fravær,Fravær,Fravær,For,For,For,For,For,Hverken for eller imod,Imod,For,For,For,For,For,For,For,Imod,Hverken for eller imod,For,For,For,For,Imod,For,For,For,For,For,For,For,For,Fravær,Fravær,Fravær,For,For,For,Fravær,Fravær,Fravær,Fravær,Fravær,Fravær,Fravær,Fravær,Fravær,Fravær,Fravær,Fravær,Fravær,Fravær,Fravær,Fravær
20354,Theresa Scavenius,UFG,Fravær,Imod,Fravær,Fravær,Fravær,Fravær,Fravær,Fravær,Fravær,Fravær,Fravær,Fravær,Fravær,Fravær,Fravær,Fravær,Fravær,Fravær,Fravær,Fravær,Fravær,Fravær,Fravær,Fravær,Fravær,Fravær,Fravær,Fravær,Fravær,Fravær,Fravær,Fravær,Fravær,Fravær,Fravær,Fravær,Fravær,Fravær,Fravær,Fravær,Fravær,Fravær,Fravær,Fravær,Fravær,Fravær,Fravær,Fravær,Fravær,Fravær,Fravær,Fravær,Fravær,Fravær,Fravær,Fravær,Fravær,Fravær,Fravær,Fravær,Fravær,Fravær,Fravær,Fravær,Fravær,Fravær,Fravær,Fravær,Fravær,Fravær,Fravær,Fravær,Fravær,Fravær,Fravær,Fravær,Fravær,Fravær,Fravær,Fravær,Fravær,Fravær,Fravær,Fravær,Fravær,Fravær,Fravær,Fravær,Fravær,Fravær,Fravær,Fravær,Fravær,Fravær,Fravær,Fravær,Fravær,Fravær,Fravær,Fravær,Fravær,Fravær,Fravær,Fravær,Fravær,Fravær,Fravær,Fravær,Fravær,Fravær,Fravær,Fravær,Fravær,Fravær,Fravær,Fravær,Fravær,Fravær,Fravær,Fravær,Fravær,Fravær,Fravær,Fravær,Fravær,Fravær,Fravær,Fravær,Fravær,Fravær,Fravær,Fravær,Fravær,Fravær,Imod,Fravær,Fravær,Fravær,Fravær,Fravær,Fravær,Fravær,Fravær,Fravær,Fravær,For,Fravær,Fravær,Fravær,Fravær,Fravær,Fravær,Fravær,Fravær,Fravær,Fravær,Fravær,Fravær,Fravær,For,For,Fravær,Fravær,Fravær,Fravær,Fravær,Imod,Fravær
20355,Kim Edberg Andersen,DD,Imod,Imod,Imod,For,For,For,For,For,Imod,For,Imod,Fravær,Fravær,Fravær,Fravær,Fravær,Fravær,Fravær,Fravær,Fravær,Fravær,Fravær,Fravær,Fravær,Fravær,Fravær,Fravær,Fravær,Fravær,Fravær,For,For,Imod,Imod,Imod,Imod,Fravær,Fravær,Fravær,Fravær,Fravær,Fravær,Fravær,Fravær,Fravær,Fravær,Fravær,Fravær,Fravær,Fravær,Fravær,Fravær,Fravær,Fravær,Fravær,Fravær,Fravær,Fravær,Fravær,Fravær,Fravær,Fravær,Fravær,Fravær,Fravær,Fravær,Fravær,Fravær,Fravær,Fravær,Fravær,Fravær,Fravær,Fravær,Fravær,Fravær,Fravær,Fravær,Fravær,Fravær,Fravær,Fravær,Fravær,Fravær,Fravær,Fravær,Fravær,Fravær,Fravær,Fravær,Fravær,Fravær,Fravær,Fravær,Fravær,Fravær,Fravær,Fravær,Fravær,Fravær,Fravær,Fravær,For,For,For,For,For,Imod,For,For,For,For,For,For,For,For,For,For,For,For,For,For,For,For,For,Imod,For,Imod,For,For,For,For,For,For,For,For,For,Hverken for eller imod,For,For,Imod,For,For,Imod,Imod,For,Imod,For,Hverken for eller imod,For,For,For,For,For,Imod,For,For,Imod,Hverken for eller imod,For,Imod,Imod,Imod,Imod,Imod,Imod,For,Imod
20356,Mikkel Bjørn,DF,Imod,Fravær,Fravær,Fravær,Fravær,For,Imod,For,For,For,For,Hverken for eller imod,Imod,For,For,For,Hverken for eller imod,For,For,For,Imod,Imod,Imod,For,For,For,For,For,For,Imod,For,For,Imod,Imod,Imod,Imod,For,For,For,Imod,For,For,For,For,Imod,For,For,Hverken for eller imod,For,For,For,For,For,For,Imod,For,For,For,Hverken for eller imod,Hverken for eller imod,For,For,Imod,For,For,For,For,For,For,For,Imod,Imod,Imod,For,For,For,For,Imod,For,For,For,For,For,For,Imod,For,For,For,For,For,Hverken for eller imod,For,For,For,For,For,For,For,Imod,Imod,For,Imod,Imod,Imod,Imod,For,For,Imod,For,For,For,For,For,For,For,For,For,Fravær,Fravær,Fravær,Fravær,Fravær,Fravær,Fravær,Fravær,Fravær,Hverken for eller imod,Imod,For,Imod,For,For,For,For,For,For,For,For,For,For,Imod,Fravær,For,Imod,Imod,Imod,Imod,For,Hverken for eller imod,Fravær,Fravær,Fravær,Imod,For,For,For,For,For,For,For,Imod,Fravær,Fravær,Fravær,Fravær,Fravær,Fravær,Fravær
20357,Lise Bertelsen,KF,Fravær,Imod,Fravær,Fravær,Fravær,For,For,For,For,For,Imod,Fravær,Fravær,Fravær,Fravær,Fravær,Fravær,Fravær,Fravær,Fravær,For,For,For,Hverken for eller imod,For,For,For,For,For,For,For,For,Imod,Imod,Imod,Imod,Fravær,Fravær,Fravær,Fravær,Fravær,Fravær,Fravær,Fravær,Fravær,Fravær,Fravær,Fravær,Fravær,Fravær,Fravær,Fravær,Fravær,Fravær,Fravær,Fravær,Fravær,Fravær,Fravær,Fravær,Fravær,Fravær,Fravær,Fravær,Fravær,Fravær,Fravær,Fravær,Fravær,Fravær,Fravær,Fravær,Fravær,Fravær,Fravær,Fravær,Fravær,Fravær,Fravær,Fravær,Fravær,Fravær,Fravær,Fravær,Fravær,Fravær,Fravær,Fravær,Fravær,Fravær,Fravær,Fravær,Fravær,Fravær,Fravær,Fravær,Fravær,Fravær,Fravær,Fravær,Fravær,Fravær,Fravær,Fravær,Fravær,Fravær,Fravær,Fravær,Fravær,Fravær,Fravær,Fravær,Fravær,Fravær,Fravær,Fravær,Fravær,For,For,For,For,For,For,For,For,Imod,For,For,For,For,For,For,For,For,For,For,For,For,For,For,For,For,For,For,For,For,For,For,For,For,For,For,For,For,For,For,For,Hverken for eller imod,For,For,Imod,For,Imod,For,For,For,For,For
20358,Marianne Bigum,SF,Fravær,Fravær,Fravær,Fravær,Fravær,Fravær,Fravær,Fravær,Fravær,Fravær,Fravær,Fravær,Fravær,Fravær,Fravær,Fravær,Fravær,Fravær,Fravær,Fravær,Fravær,Fravær,Fravær,Fravær,Fravær,Fravær,Fravær,Fravær,Fravær,Fravær,Fravær,Fravær,Fravær,Fravær,Fravær,Fravær,Fravær,Fravær,Fravær,Fravær,Fravær,Fravær,Fravær,Fravær,Fravær,Fravær,Fravær,Fravær,Fravær,Fravær,Fravær,Fravær,Fravær,Fravær,Fravær,Fravær,Fravær,Fravær,Fravær,Fravær,Fravær,Fravær,Fravær,Fravær,Fravær,Fravær,Fravær,Fravær,Fravær,Fravær,Fravær,Fravær,Fravær,Fravær,Fravær,Fravær,Fravær,Fravær,Fravær,Fravær,Fravær,Fravær,Fravær,Fravær,Fravær,Fravær,Fravær,Fravær,Fravær,Fravær,Fravær,Fravær,Fravær,Fravær,Fravær,Fravær,Fravær,Fravær,Fravær,Fravær,Fravær,Fravær,Fravær,Fravær,Fravær,Fravær,Fravær,Fravær,Fravær,Fravær,Fravær,Fravær,Fravær,Fravær,Fravær,Fravær,Fravær,Fravær,Fravær,Fravær,Fravær,Fravær,Fravær,Fravær,Fravær,Fravær,Fravær,Fravær,Fravær,Fravær,Fravær,Fravær,Fravær,Fravær,Fravær,Fravær,Fravær,Fravær,Fravær,Fravær,Fravær,Fravær,Fravær,Fravær,Fravær,Fravær,Imod,For,For,Fravær,Fravær,Fravær,Fravær,Fravær,Fravær,Fravær,Fravær,Fravær,Fravær,Fravær,Fravær,Fravær,Fravær,Fravær,Fravær,Fravær,Fravær,Fravær
20359,Sigurd Agersnap,SF,Imod,Imod,Imod,For,For,Fravær,Fravær,Fravær,Fravær,Fravær,Fravær,Imod,Imod,For,For,For,For,For,For,Imod,For,For,For,For,For,For,Imod,Imod,For,For,For,For,For,For,For,For,Imod,Imod,Imod,For,Imod,Imod,Imod,Imod,For,Imod,Imod,For,For,For,For,Imod,For,Imod,Hverken for eller imod,Hverken for eller imod,Imod,For,For,For,Imod,Imod,For,For,Imod,Imod,Imod,For,For,For,For,For,Imod,For,Imod,Imod,For,Imod,Imod,Imod,Imod,Imod,For,Hverken for eller imod,Hverken for eller imod,Imod,Imod,Imod,Imod,Imod,Imod,Imod,Imod,Imod,Imod,Imod,Imod,Imod,For,For,Imod,Imod,For,For,For,Imod,Imod,For,For,For,For,For,For,Imod,Imod,Imod,Imod,For,For,For,For,For,Hverken for eller imod,Imod,For,For,For,For,For,For,For,For,For,For,For,For,For,Imod,For,For,For,For,For,For,For,For,Imod,For,For,Fravær,For,For,For,For,Imod,Imod,For,For,Imod,Imod,For,Imod,For,Imod,For,For,For,For
20360,Sofie Lippert,SF,Imod,Imod,Imod,For,For,For,For,For,For,For,For,Fravær,Fravær,Fravær,Fravær,Fravær,Fravær,Fravær,Fravær,Fravær,For,For,For,For,For,For,Imod,Imod,For,For,For,For,For,For,For,For,Fravær,Fravær,Fravær,Fravær,Fravær,Fravær,Fravær,Fravær,Fravær,Fravær,Fravær,Fravær,Fravær,Fravær,Fravær,Fravær,Fravær,Fravær,Fravær,Fravær,Fravær,Fravær,Fravær,Fravær,Fravær,Fravær,Fravær,Fravær,Fravær,Fravær,Fravær,Fravær,Fravær,Fravær,Fravær,Fravær,Fravær,Fravær,Fravær,Fravær,Fravær,Fravær,Fravær,Fravær,Fravær,Fravær,Fravær,Fravær,Fravær,Fravær,Fravær,Fravær,Fravær,Fravær,Fravær,Fravær,Fravær,Fravær,Fravær,Fravær,Fravær,Fravær,Fravær,Fravær,Fravær,Fravær,For,For,For,Imod,Imod,For,For,For,For,For,For,Imod,Imod,Imod,Imod,For,For,For,For,For,Hverken for eller imod,Imod,For,For,For,For,For,For,For,For,For,For,For,For,For,Imod,For,For,For,For,For,For,For,For,Imod,For,For,For,For,For,For,For,Imod,Imod,For,For,Imod,Imod,For,Imod,For,Imod,Fravær,Fravær,Fravær,Fravær
20361,Fie Hækkerup,S,,,,,,,,,,,,,,,,,,,,,,,,,,,,,,,,,,,,,,,,,,,,,,,,,,,,,,,,,,,,,,,,,,,,,,,,,,,,,,,,,,,,,,,,,,,,,,,,,,,,,,,,,,,,,,,,,,,,,,,,,,,,,,,,,,,,,,,,,,,,,,,,,,,,,,,,,For,For,For,For,For,Imod,Imod,Imod,Imod,For,For,Fravær,For,For,For,For
20362,Thomas Monberg,S,For,Fravær,Imod,For,For,For,For,For,For,For,For,Fravær,Fravær,For,For,For,For,Imod,Imod,Imod,For,For,For,For,For,For,For,For,For,For,For,For,Imod,Imod,Imod,Imod,Imod,Imod,Imod,Imod,Imod,Imod,Imod,Imod,Imod,Imod,Imod,Imod,Imod,Imod,Imod,Imod,Imod,Imod,Imod,Imod,Imod,Imod,Imod,Imod,Imod,For,Imod,Imod,Imod,Imod,Imod,Imod,Imod,Imod,Imod,Imod,Imod,Imod,Imod,Imod,Imod,Imod,Imod,Imod,Imod,Imod,Imod,Imod,Imod,Imod,Imod,Imod,Imod,Imod,For,Imod,Imod,Imod,Imod,Imod,Imod,Imod,Imod,Imod,Imod,Imod,For,For,For,For,For,For,For,For,For,For,For,Imod,Imod,Imod,Imod,For,For,For,For,For,For,For,For,Imod,For,For,For,For,For,For,For,For,For,For,For,For,For,For,For,For,For,For,For,Imod,Fravær,Fravær,Fravær,For,For,Imod,Fravær,Fravær,Fravær,Fravær,Fravær,Fravær,Fravær,Fravær,Fravær,For,For,For,For,For,For,For
20363,Sara Emil Baaring,S,For,For,Imod,For,For,Fravær,Fravær,Fravær,Fravær,Fravær,Fravær,For,For,For,For,For,For,Imod,Imod,Imod,For,For,For,For,For,For,For,For,For,For,For,For,Imod,Imod,Imod,Imod,Imod,Imod,Imod,Imod,Imod,Imod,Imod,Imod,Imod,Imod,Imod,Imod,Imod,Imod,Imod,Imod,Imod,Imod,Imod,Imod,Imod,Imod,Imod,Imod,Imod,For,Imod,Imod,Imod,Imod,Imod,Imod,Imod,Imod,Imod,Imod,Imod,Imod,Imod,Imod,Imod,Imod,Imod,Imod,Imod,Imod,Imod,Imod,Imod,Imod,Imod,Imod,Imod,Imod,For,Imod,Imod,Imod,Imod,Imod,Imod,Imod,Imod,Imod,Imod,Imod,For,For,For,For,For,For,For,For,For,For,For,Imod,Imod,Imod,Imod,For,For,For,For,For,For,For,For,Imod,For,For,For,For,For,For,For,For,For,For,For,For,For,For,For,For,For,For,For,Imod,For,For,For,Fravær,Fravær,Fravær,For,For,For,For,For,Imod,Imod,Imod,Imod,For,For,For,For,For,For,For
20364,Frederik Vad,S,For,For,Imod,For,For,Fravær,Fravær,Fravær,Fravær,Fravær,Fravær,For,For,For,For,For,For,Imod,Imod,Imod,For,For,For,For,For,For,For,For,For,For,For,For,Imod,Imod,Imod,Imod,Imod,Imod,Imod,Imod,Imod,Imod,Imod,Imod,Imod,Imod,Imod,Imod,Imod,Imod,Imod,Imod,Imod,Imod,Imod,Imod,Imod,Imod,Imod,Imod,Imod,For,Imod,Imod,Imod,Imod,Imod,Imod,Imod,Imod,Imod,Imod,Imod,Imod,Imod,Imod,Imod,Imod,Imod,Imod,Imod,Imod,Imod,Imod,Imod,Imod,Imod,Imod,Imod,Imod,For,Imod,Imod,Imod,Imod,Imod,Imod,Imod,Imod,Imod,Imod,Imod,For,For,For,For,For,For,For,For,For,For,For,Imod,Imod,Imod,Imod,For,For,For,For,For,For,For,For,Imod,For,For,For,For,For,For,For,For,For,For,For,For,For,For,For,For,For,For,For,Imod,For,For,For,For,For,Imod,Fravær,Fravær,Fravær,Fravær,Fravær,Fravær,Fravær,Fravær,Fravær,For,For,For,For,For,For,For
20365,Matilde Powers,S,For,For,Imod,For,For,For,For,For,For,For,For,For,For,For,For,For,For,Imod,Imod,Imod,For,For,For,For,For,For,For,For,For,For,For,For,Imod,Imod,Imod,Imod,Imod,Imod,Imod,Imod,Imod,Imod,Imod,Imod,Imod,Imod,Imod,Imod,Imod,Imod,Imod,Imod,Imod,Imod,Imod,Imod,Imod,Imod,Imod,Imod,Imod,For,Imod,Imod,Imod,Imod,Imod,Imod,Imod,Imod,Imod,Imod,Imod,Imod,Imod,Imod,Imod,Imod,Imod,Imod,Imod,Imod,Imod,Imod,Imod,Imod,Imod,Imod,Imod,Imod,For,Imod,Imod,Imod,Imod,Imod,Imod,Imod,Imod,Imod,Imod,Imod,For,For,For,For,For,For,For,For,For,For,For,Imod,Imod,Imod,Imod,Fravær,Fravær,Fravær,Fravær,Fravær,Fravær,Fravær,Fravær,Fravær,Fravær,Fravær,Fravær,Fravær,Fravær,Fravær,Fravær,Fravær,Fravær,Fravær,Fravær,Fravær,Fravær,Fravær,Fravær,Fravær,Fravær,Fravær,Fravær,Fravær,For,For,For,For,For,Imod,For,For,For,For,For,Imod,Imod,Imod,Imod,For,For,For,For,For,For,For
20366,Thomas Skriver Jensen,S,For,For,Fravær,Fravær,Fravær,For,For,For,For,For,For,Fravær,Fravær,Fravær,Fravær,Fravær,Fravær,Fravær,Fravær,Fravær,Fravær,Fravær,Fravær,Fravær,Fravær,Fravær,Fravær,Fravær,Fravær,Fravær,Fravær,Fravær,Fravær,Fravær,Fravær,Fravær,Fravær,Fravær,Fravær,Fravær,Fravær,Fravær,Fravær,Fravær,Fravær,Fravær,Fravær,Fravær,Fravær,Fravær,Fravær,Fravær,Fravær,Fravær,Fravær,Fravær,Fravær,Fravær,Fravær,Fravær,Fravær,Fravær,Fravær,Fravær,Fravær,Fravær,Fravær,Fravær,Fravær,Fravær,Fravær,Fravær,Fravær,Fravær,Fravær,Fravær,Fravær,Fravær,Fravær,Fravær,Fravær,Fravær,Fravær,Fravær,Fravær,Fravær,Fravær,Fravær,Fravær,Fravær,Fravær,Fravær,Fravær,Fravær,Fravær,Fravær,Fravær,Fravær,Fravær,Fravær,Fravær,Fravær,Fravær,Fravær,Fravær,Fravær,Fravær,Fravær,Fravær,Fravær,Fravær,Fravær,Fravær,Fravær,Fravær,Fravær,Fravær,Fravær,Fravær,Fravær,Fravær,Fravær,Fravær,Fravær,Fravær,Fravær,Fravær,Fravær,Fravær,Fravær,Fravær,Fravær,Fravær,Fravær,Fravær,Fravær,Fravær,Fravær,Fravær,Fravær,Fravær,Fravær,Fravær,Fravær,Fravær,Fravær,For,For,For,For,For,Imod,For,For,For,For,For,Imod,Imod,Imod,Imod,For,For,For,For,For,For,For
20367,Kris Jensen Skriver,S,For,Fravær,Imod,For,For,For,For,For,For,For,For,For,For,For,For,For,For,Imod,Imod,Imod,For,For,For,For,For,For,For,For,For,For,For,For,Imod,Imod,Imod,Imod,Imod,Imod,Imod,Imod,Imod,Imod,Imod,Imod,Imod,Imod,Imod,Imod,Imod,Imod,Imod,Imod,Imod,Imod,Imod,Imod,Imod,Imod,Imod,Imod,Imod,For,Imod,Imod,Imod,Imod,Imod,Imod,Imod,Imod,Imod,Imod,Imod,Imod,Imod,Imod,Imod,Imod,Imod,Imod,Imod,Imod,Imod,Imod,Imod,Imod,Imod,Imod,Imod,Imod,For,Imod,Imod,Imod,Imod,Imod,Imod,Imod,Imod,Imod,Imod,Imod,For,For,For,For,For,For,For,For,For,For,For,Imod,Imod,Imod,Imod,For,For,For,For,For,For,For,For,Imod,For,For,For,For,For,For,For,For,For,For,For,For,For,For,For,For,For,For,For,Imod,For,For,For,For,For,Imod,For,For,For,For,For,Imod,Imod,Imod,Imod,For,For,Fravær,For,For,For,For
20368,Maria Durhuus,S,For,For,Imod,For,For,For,For,For,For,For,For,Fravær,Fravær,Fravær,Fravær,Fravær,Fravær,Fravær,Fravær,Fravær,For,For,For,For,For,For,For,For,For,For,For,For,Imod,Imod,Imod,Imod,Imod,Imod,Imod,Imod,Imod,Imod,Imod,Imod,Imod,Imod,Imod,Imod,Imod,Imod,Imod,Imod,Imod,Imod,Imod,Imod,Imod,Imod,Imod,Imod,Imod,For,Imod,Imod,Imod,Imod,Imod,Imod,Imod,Imod,Imod,Imod,Imod,Imod,Imod,Imod,Imod,Imod,Imod,Imod,Imod,Imod,Imod,Imod,Imod,Imod,Imod,Imod,Imod,Imod,For,Imod,Imod,Imod,Imod,Imod,Imod,Imod,Imod,Imod,Imod,Imod,Fravær,Fravær,Fravær,Fravær,Fravær,Fravær,Fravær,Fravær,Fravær,Fravær,Fravær,Fravær,Fravær,Fravær,Fravær,For,For,For,For,For,For,For,For,Imod,For,For,For,For,For,For,For,For,For,For,For,For,For,For,For,For,For,For,For,Imod,For,For,For,For,For,Imod,Fravær,Fravær,Fravær,Fravær,Fravær,Fravær,Fravær,Fravær,Fravær,For,For,For,For,For,For,For
20369,Helle Bonnesen,KF,Fravær,Fravær,For,For,For,For,For,For,For,For,Imod,Fravær,Fravær,Fravær,Fravær,Fravær,Fravær,Fravær,Fravær,Fravær,For,For,For,Hverken for eller imod,For,For,For,For,For,For,For,For,Imod,Imod,Imod,Imod,Fravær,Fravær,Fravær,Fravær,Fravær,Imod,Imod,Imod,Imod,Imod,Imod,Imod,Imod,Imod,Imod,Imod,Imod,Imod,Imod,Imod,Imod,Imod,Imod,Imod,Imod,For,Imod,Imod,Imod,Imod,Imod,Imod,Imod,Imod,Imod,Imod,Imod,Imod,Imod,Imod,Imod,Imod,Imod,Imod,Imod,Imod,Imod,Imod,Imod,Imod,Imod,Imod,Imod,Imod,For,Imod,Imod,Imod,Imod,Imod,Imod,Imod,Imod,Imod,Imod,Imod,For,For,For,For,For,For,For,For,For,For,For,Imod,Imod,Imod,Imod,Fravær,Fravær,Fravær,Fravær,Fravær,Fravær,Fravær,Fravær,Fravær,For,For,For,For,For,For,For,For,For,For,For,For,For,For,For,For,For,For,For,For,Fravær,Fravær,Fravær,For,For,For,For,For,For,For,For,Hverken for eller imod,For,For,Imod,For,Imod,For,Hverken for eller imod,For,For,For
20370,Christina Olumeko,ALT,Fravær,Fravær,Fravær,Fravær,Fravær,For,For,For,For,For,For,Fravær,Fravær,Fravær,Fravær,Fravær,Fravær,Fravær,Fravær,Fravær,For,For,For,For,For,For,For,Imod,For,For,Fravær,Fravær,Fravær,Fravær,Fravær,Fravær,Fravær,Fravær,Fravær,Fravær,Fravær,Fravær,Fravær,Fravær,Fravær,Fravær,Fravær,Fravær,Fravær,Fravær,Fravær,Fravær,Fravær,Fravær,Fravær,Fravær,Fravær,Fravær,Fravær,Fravær,Fravær,Fravær,Fravær,Fravær,Fravær,Fravær,Fravær,Fravær,Fravær,Fravær,Fravær,Fravær,Fravær,Fravær,Fravær,Fravær,Fravær,Fravær,Fravær,Fravær,Fravær,Fravær,Fravær,Fravær,Fravær,Fravær,Fravær,Fravær,Fravær,Fravær,Fravær,Fravær,Fravær,Fravær,Fravær,Fravær,Fravær,Fravær,Fravær,Fravær,Fravær,Fravær,For,For,For,Imod,Hverken for eller imod,For,For,For,For,Hverken for eller imod,Hverken for eller imod,Imod,Imod,Imod,Imod,Fravær,Fravær,Fravær,Fravær,Fravær,Fravær,Fravær,Fravær,Fravær,For,For,For,For,For,Imod,Hverken for eller imod,For,For,For,For,Imod,For,For,For,For,For,For,For,For,Imod,Hverken for eller imod,For,For,For,For,For,For,Imod,Imod,For,For,Imod,Imod,For,Imod,For,Imod,Imod,For,Imod,For
20371,Linea Søgaard-Lidell,V,For,For,Imod,For,For,For,For,For,For,For,For,For,For,For,For,For,For,Imod,Imod,Imod,For,For,For,For,For,For,For,For,For,For,For,For,Imod,Imod,Imod,Imod,Imod,Imod,Imod,Imod,Imod,Imod,Imod,Imod,Imod,Imod,Imod,Imod,Imod,Imod,Imod,Imod,Imod,Imod,Imod,Imod,Imod,Imod,Imod,Imod,Imod,For,Imod,Imod,Imod,Imod,Imod,Imod,Imod,Imod,Imod,Imod,Imod,Imod,Imod,Imod,Imod,Imod,Imod,Imod,Imod,Imod,Imod,Imod,Imod,Imod,Imod,Imod,Imod,Imod,For,Imod,Imod,Imod,Imod,Imod,Imod,Imod,Imod,Imod,Imod,Imod,For,For,For,For,For,For,For,For,For,For,For,Imod,Imod,Imod,Imod,For,For,For,For,For,For,For,For,Imod,Fravær,Fravær,Fravær,Fravær,Fravær,Fravær,Fravær,Fravær,Fravær,Fravær,Fravær,Fravær,Fravær,Fravær,Fravær,Fravær,Fravær,Fravær,Fravær,Fravær,Fravær,Fravær,Fravær,For,For,Imod,For,For,For,For,For,Imod,Imod,Imod,Imod,For,For,For,For,For,For,For
20372,Betina Kastbjerg,DD,Fravær,Fravær,Imod,For,For,Fravær,Fravær,Fravær,Fravær,Fravær,Fravær,For,Imod,Fravær,Fravær,Imod,For,For,For,For,For,Imod,For,Hverken for eller imod,For,For,For,For,For,Imod,For,For,Imod,Imod,Imod,Imod,Fravær,Fravær,Fravær,Fravær,Fravær,Fravær,Fravær,Fravær,Fravær,Fravær,Fravær,Fravær,Fravær,Fravær,Fravær,Fravær,Fravær,Fravær,Fravær,Fravær,Fravær,Fravær,Fravær,Fravær,Fravær,Fravær,Fravær,Fravær,Fravær,Fravær,Fravær,Fravær,Fravær,Fravær,Fravær,Fravær,Fravær,Fravær,Fravær,Fravær,Fravær,Fravær,Fravær,Fravær,Fravær,Fravær,Fravær,Fravær,Fravær,Fravær,Fravær,Fravær,Fravær,Fravær,Fravær,Fravær,Fravær,Fravær,Fravær,Fravær,Fravær,Fravær,Fravær,Fravær,Fravær,Fravær,Fravær,Fravær,Fravær,Fravær,Fravær,Fravær,Fravær,Fravær,Fravær,Fravær,Fravær,Fravær,Fravær,Fravær,Fravær,For,For,For,For,For,For,For,For,Imod,Fravær,Fravær,Fravær,Fravær,Fravær,Fravær,Fravær,Fravær,Fravær,Fravær,Fravær,Fravær,Fravær,Fravær,Fravær,Fravær,Fravær,Fravær,Fravær,Fravær,Imod,For,Hverken for eller imod,Fravær,Fravær,Fravær,For,For,Imod,For,For,Imod,Hverken for eller imod,For,Imod,Fravær,Fravær,Fravær,Fravær,Fravær,Fravær,Fravær
20373,Susie Jessen,DD,Imod,Imod,Imod,Fravær,Fravær,For,For,For,Imod,For,Imod,Fravær,Fravær,Fravær,Fravær,Fravær,Fravær,Fravær,Fravær,Fravær,For,Imod,For,Hverken for eller imod,For,For,For,For,For,Imod,For,For,Imod,Imod,Imod,Imod,Fravær,Fravær,Fravær,Fravær,Fravær,Fravær,Fravær,Fravær,Fravær,Fravær,Fravær,Fravær,Fravær,Fravær,Fravær,Fravær,Fravær,Fravær,Fravær,Fravær,Fravær,Fravær,Fravær,Fravær,Fravær,Fravær,Fravær,Fravær,Fravær,Fravær,Fravær,Fravær,Fravær,Fravær,Fravær,Fravær,Fravær,Fravær,Fravær,Fravær,Fravær,Fravær,Fravær,Fravær,Fravær,Fravær,Fravær,Fravær,Fravær,Fravær,Fravær,Fravær,Fravær,Fravær,Fravær,Fravær,Fravær,Fravær,Fravær,Fravær,Fravær,Fravær,Fravær,Fravær,Fravær,Fravær,Fravær,Fravær,Fravær,Fravær,Fravær,Fravær,Fravær,Fravær,Fravær,Fravær,Fravær,Fravær,Fravær,Fravær,Fravær,For,For,For,For,For,For,For,For,Imod,Fravær,Fravær,Fravær,Fravær,Fravær,Fravær,Fravær,Fravær,Fravær,Fravær,Fravær,Fravær,Fravær,Fravær,Fravær,Fravær,Fravær,Fravær,Fravær,Fravær,Imod,For,Hverken for eller imod,For,For,For,For,For,Imod,For,For,Imod,Hverken for eller imod,For,Imod,Imod,Imod,Imod,Imod,Imod,For,Imod
20374,Kenneth Fredslund Petersen,DD,Imod,Fravær,Imod,For,For,Fravær,Fravær,Fravær,Fravær,Fravær,Fravær,Fravær,Fravær,Fravær,Fravær,Fravær,Fravær,Fravær,Fravær,Fravær,For,Imod,For,Hverken for eller imod,For,For,For,For,For,Imod,For,For,Imod,Imod,Imod,Imod,For,Hverken for eller imod,For,Imod,For,For,For,For,For,For,For,Hverken for eller imod,For,For,For,For,Hverken for eller imod,For,Imod,Imod,For,Imod,Hverken for eller imod,Hverken for eller imod,For,For,Imod,For,For,For,For,For,For,For,Imod,Imod,Imod,For,For,For,For,For,For,Imod,Hverken for eller imod,Hverken for eller imod,Imod,For,For,For,Hverken for eller imod,For,Hverken for eller imod,For,For,For,For,Hverken for eller imod,For,Hverken for eller imod,For,For,Imod,Imod,For,Imod,Fravær,Fravær,Fravær,Fravær,Fravær,Fravær,Fravær,Fravær,Fravær,Fravær,Fravær,Fravær,Fravær,Fravær,Fravær,For,For,For,For,For,For,For,For,Imod,For,Imod,For,For,For,For,For,For,For,For,For,Hverken for eller imod,For,For,Imod,For,For,Imod,Imod,For,Fravær,Fravær,Fravær,For,For,For,For,For,Imod,For,Fravær,Imod,Hverken for eller imod,For,Imod,Imod,Imod,Imod,Imod,Imod,For,Imod
20375,Charlotte Munch Pasler,DD,Imod,Fravær,Imod,For,For,Fravær,Fravær,Fravær,Fravær,Fravær,Fravær,For,Imod,For,For,Imod,For,For,For,For,For,Imod,For,Hverken for eller imod,For,For,For,For,For,Imod,Fravær,Fravær,Fravær,Fravær,Fravær,Fravær,For,Hverken for eller imod,For,Imod,For,For,For,For,For,For,For,Hverken for eller imod,For,For,For,For,Hverken for eller imod,For,Imod,Imod,For,Imod,Hverken for eller imod,Hverken for eller imod,For,For,Imod,For,For,For,For,For,For,For,Imod,Imod,Imod,For,For,For,For,For,For,Imod,Hverken for eller imod,Hverken for eller imod,Imod,For,For,For,Hverken for eller imod,For,Hverken for eller imod,For,For,For,For,Hverken for eller imod,For,Hverken for eller imod,For,For,Imod,Imod,For,Imod,Fravær,Fravær,Fravær,Fravær,Fravær,Fravær,Fravær,Fravær,Fravær,Fravær,Fravær,Fravær,Fravær,Fravær,Fravær,Fravær,Fravær,Fravær,Fravær,Fravær,Fravær,Fravær,Fravær,Fravær,For,Imod,For,For,For,For,For,For,For,For,For,Hverken for eller imod,For,For,Imod,For,For,Imod,Imod,For,Fravær,Fravær,Fravær,Fravær,Fravær,Fravær,Fravær,Fravær,Fravær,Fravær,Fravær,Fravær,Fravær,Fravær,Fravær,Fravær,Fravær,Fravær,Fravær,Fravær,Fravær,Fravær
20376,Kristian Bøgsted,DD,Imod,Imod,Imod,For,For,For,For,For,Imod,For,Imod,For,Imod,For,For,Imod,For,For,For,For,For,Imod,For,Hverken for eller imod,For,For,For,For,For,Imod,For,For,Imod,Imod,Imod,Imod,For,Hverken for eller imod,For,Imod,For,For,For,For,For,For,For,Hverken for eller imod,For,For,For,For,Hverken for eller imod,For,Imod,Imod,For,Imod,Hverken for eller imod,Hverken for eller imod,For,For,Imod,For,For,For,For,For,For,For,Imod,Imod,Imod,For,For,For,For,For,For,Imod,Hverken for eller imod,Hverken for eller imod,Imod,For,For,For,Hverken for eller imod,For,Hverken for eller imod,For,For,For,For,Hverken for eller imod,For,Hverken for eller imod,For,For,Imod,Imod,For,Imod,For,For,For,For,For,Imod,For,For,For,For,For,For,For,For,For,Fravær,Fravær,Fravær,Fravær,Fravær,Fravær,Fravær,Fravær,Fravær,For,Imod,For,For,For,For,For,For,For,For,For,Hverken for eller imod,For,For,Imod,For,For,Imod,Imod,For,Imod,For,Hverken for eller imod,For,For,For,For,For,Imod,For,For,Imod,Hverken for eller imod,For,Imod,Imod,Imod,Imod,Imod,Imod,For,Imod
20377,Henrik Frandsen,M,Fravær,For,Imod,For,For,For,For,For,For,For,For,For,For,For,For,For,For,Imod,Imod,Imod,For,For,For,For,For,For,For,For,For,For,Fravær,Fravær,Fravær,Fravær,Fravær,Fravær,Fravær,Fravær,Fravær,Fravær,Fravær,Fravær,Fravær,Fravær,Fravær,Fravær,Fravær,Fravær,Fravær,Fravær,Fravær,Fravær,Fravær,Fravær,Fravær,Fravær,Fravær,Fravær,Fravær,Fravær,Fravær,Fravær,Fravær,Fravær,Fravær,Fravær,Fravær,Fravær,Fravær,Fravær,Fravær,Fravær,Fravær,Fravær,Fravær,Fravær,Fravær,Fravær,Fravær,Fravær,Fravær,Fravær,Fravær,Fravær,Fravær,Fravær,Fravær,Fravær,Fravær,Fravær,Fravær,Fravær,Fravær,Fravær,Fravær,Fravær,Fravær,Fravær,Fravær,Fravær,Fravær,Fravær,For,For,For,For,For,For,For,For,For,For,For,Imod,Imod,Imod,Imod,For,For,For,For,For,For,For,For,Imod,For,For,For,For,For,For,For,For,For,For,For,For,Fravær,Fravær,For,For,For,For,For,Imod,For,For,For,For,For,Imod,Fravær,Fravær,Fravær,Fravær,Fravær,Fravær,Fravær,Fravær,Fravær,For,For,For,For,For,For,For
20378,Rosa Eriksen,M,Fravær,Fravær,Imod,For,For,For,For,For,For,For,For,For,For,For,For,For,For,Imod,Imod,Imod,For,For,For,For,For,For,For,For,For,For,For,For,Imod,Imod,Imod,Imod,Imod,Imod,Imod,Imod,Imod,Imod,Imod,Imod,Imod,Imod,Imod,Imod,Imod,Imod,Imod,Imod,Imod,Imod,Imod,Imod,Imod,Imod,Imod,Imod,Imod,For,Imod,Imod,Imod,Imod,Imod,Imod,Imod,Imod,Imod,Imod,Imod,Imod,Imod,Imod,Imod,Imod,Imod,Imod,Imod,Imod,Imod,Imod,Imod,Imod,Imod,Imod,Imod,Imod,For,Imod,Imod,Imod,Imod,Imod,Imod,Imod,Imod,Imod,Imod,Imod,For,For,For,For,For,For,For,For,For,For,For,Imod,Imod,Imod,Imod,For,For,For,For,For,For,For,For,Imod,For,For,For,For,For,For,For,For,For,For,For,For,For,For,For,For,For,For,For,Imod,For,For,For,For,For,Imod,For,For,For,For,For,Imod,Imod,Imod,Imod,For,For,For,For,For,For,For
20379,Tobias Grotkjær Elmstrøm,M,,,,,,,,,,,,,,,,,,,,,,,,,,,,,,,,,,,,,,,,,,,,,,,,,,,,,,,,,,,,,,,,,,,,,,,,,,,,,,,,,,,,,,,,,,,,,,,,,,,,,,,,,,,,,,,,,,,,,,,,,,,,,,,,,,,,,,,,,,,,,,,,,,,,,,,,,,,,,,,,,,Fravær,Fravær,Fravær,Fravær,Fravær,Fravær,Fravær
20380,Monika Rubin,M,,,,,,,,,,,,,,,,,,,,,,,,,,,,,,,,,,,,,,,,,,,,,,,,,,,,,,,,,,,,,,,,,,,,,,,,,,,,,,,,,,,,,,,,,,,,,,,,,,,,,,,,,,,,,,,,,,,,,,,,,,,,,,,,,,,,,,,,,,,,,,,,,,,,,,,,,For,For,For,For,For,Imod,Imod,Imod,Imod,Fravær,Fravær,Fravær,For,Fravær,Fravær,Fravær
20381,Karin Liltorp,ALT,Imod,Fravær,Fravær,Fravær,Fravær,For,For,For,For,For,For,Imod,Imod,For,For,For,For,For,For,For,For,For,For,For,For,For,Imod,Imod,For,For,For,Imod,For,For,For,For,Imod,Imod,Imod,For,Imod,Imod,Imod,For,For,Imod,Imod,For,For,For,For,Hverken for eller imod,For,For,For,Imod,Imod,Hverken for eller imod,Hverken for eller imod,Hverken for eller imod,Imod,Imod,Hverken for eller imod,For,Imod,Imod,Imod,Imod,For,For,For,For,For,For,Imod,Imod,For,Imod,Imod,For,For,Imod,Hverken for eller imod,For,For,Imod,Hverken for eller imod,Imod,Imod,Imod,Imod,Imod,Imod,Imod,Imod,Imod,Imod,Imod,Hverken for eller imod,For,Imod,For,Fravær,Fravær,Fravær,Fravær,Fravær,Fravær,Fravær,Fravær,Fravær,Fravær,Fravær,Fravær,Fravær,Fravær,Fravær,For,For,For,For,For,Hverken for eller imod,Imod,For,For,For,For,For,For,For,Imod,Hverken for eller imod,For,For,For,For,Imod,For,For,For,For,For,For,For,For,Imod,Hverken for eller imod,For,For,For,For,For,For,Imod,Imod,For,For,Imod,Imod,For,Imod,For,Imod,Imod,For,Imod,For
20382,Mette Kierkgaard,M,For,For,Fravær,Fravær,Fravær,Fravær,Fravær,Fravær,Fravær,Fravær,Fravær,Fravær,Fravær,Fravær,Fravær,Fravær,Fravær,Fravær,Fravær,Fravær,Fravær,Fravær,Fravær,Fravær,Fravær,Fravær,Fravær,Fravær,Fravær,Fravær,Fravær,Fravær,Fravær,Fravær,Fravær,Fravær,Fravær,Fravær,Fravær,Fravær,Fravær,Fravær,Fravær,Fravær,Fravær,Fravær,Fravær,Fravær,Fravær,Fravær,Fravær,Fravær,Fravær,Fravær,Fravær,Fravær,Fravær,Fravær,Fravær,Fravær,Fravær,Fravær,Fravær,Fravær,Fravær,Fravær,Fravær,Fravær,Fravær,Fravær,Fravær,Fravær,Fravær,Fravær,Fravær,Fravær,Fravær,Fravær,Fravær,Fravær,Fravær,Fravær,Fravær,Fravær,Fravær,Fravær,Fravær,Fravær,Fravær,Fravær,Fravær,Fravær,Fravær,Fravær,Fravær,Fravær,Fravær,Fravær,Fravær,Fravær,Fravær,Fravær,Fravær,Fravær,Fravær,Fravær,Fravær,Fravær,Fravær,Fravær,Fravær,Fravær,Fravær,Fravær,Fravær,Fravær,Fravær,Fravær,Fravær,Fravær,Fravær,Fravær,Fravær,Fravær,Fravær,Fravær,Fravær,Fravær,Fravær,Fravær,Fravær,Fravær,Fravær,Fravær,Fravær,Fravær,Fravær,Fravær,Fravær,Fravær,Fravær,Fravær,Fravær,Fravær,Fravær,Fravær,Fravær,Fravær,Fravær,Fravær,Fravær,Fravær,For,For,For,For,For,Imod,Imod,Imod,Imod,For,For,For,For,For,For,For
20383,Jeppe Søe,UFG,For,Fravær,Fravær,Fravær,Fravær,For,For,For,Imod,For,For,Fravær,Fravær,Fravær,Fravær,Fravær,Fravær,Fravær,Fravær,Fravær,Fravær,Fravær,Fravær,Fravær,Fravær,Fravær,Fravær,Fravær,Fravær,Fravær,For,For,Imod,Imod,Imod,Imod,Fravær,Fravær,Fravær,Fravær,Fravær,Fravær,Fravær,Fravær,Fravær,Fravær,Fravær,Fravær,Fravær,Fravær,Fravær,Fravær,Fravær,Fravær,Fravær,Fravær,Fravær,Fravær,Fravær,Fravær,Fravær,Fravær,Fravær,Fravær,Fravær,Fravær,Fravær,Fravær,Fravær,Fravær,Fravær,Fravær,Fravær,Fravær,Fravær,Fravær,Fravær,Fravær,Fravær,Fravær,Fravær,Fravær,Fravær,Fravær,Fravær,Fravær,Fravær,Fravær,Fravær,Fravær,Fravær,Fravær,Fravær,Fravær,Fravær,Fravær,Fravær,Fravær,Fravær,Fravær,Fravær,Fravær,Fravær,Fravær,Fravær,Fravær,Fravær,Fravær,Fravær,Fravær,Fravær,Fravær,Fravær,Fravær,Fravær,Fravær,Fravær,Fravær,Fravær,Fravær,Fravær,Fravær,Fravær,Fravær,Fravær,Fravær,For,For,For,For,For,For,For,For,For,For,For,For,For,For,For,For,For,For,For,For,Fravær,Fravær,Fravær,For,Hverken for eller imod,For,Fravær,Fravær,Fravær,Fravær,Fravær,Fravær,Fravær,Fravær,Fravær,For,Imod,For,Imod,For,For,For
20384,Nanna W. Gotfredsen,M,For,For,Imod,For,For,Fravær,Fravær,Fravær,Fravær,Fravær,Fravær,For,For,For,For,For,For,Imod,Imod,Imod,Fravær,Fravær,Fravær,Fravær,Fravær,Fravær,Fravær,Fravær,Fravær,Fravær,For,For,Fravær,Fravær,Fravær,Fravær,Imod,Imod,Imod,Imod,Imod,Imod,Imod,Imod,Imod,Imod,Imod,Imod,Imod,Imod,Imod,Imod,Imod,Imod,Imod,Imod,Imod,Imod,Imod,Imod,Imod,For,Imod,Imod,Imod,Imod,Imod,Imod,Imod,Imod,Imod,Imod,Imod,Imod,Imod,Imod,Imod,Imod,Imod,Imod,Imod,Imod,Imod,Imod,Imod,Imod,Imod,Imod,Imod,Imod,For,Imod,Imod,Imod,Imod,Imod,Imod,Imod,Imod,Imod,Imod,Imod,Fravær,Fravær,Fravær,Fravær,Fravær,Fravær,Fravær,Fravær,Fravær,Fravær,Fravær,Fravær,Fravær,Fravær,Fravær,Fravær,Fravær,Fravær,Fravær,Fravær,Fravær,Fravær,Fravær,Fravær,Fravær,Fravær,Fravær,Fravær,Fravær,Fravær,Fravær,Fravær,Fravær,Fravær,Fravær,Fravær,Fravær,Fravær,Fravær,Fravær,Fravær,Fravær,Fravær,Fravær,Fravær,Fravær,Fravær,Fravær,Fravær,Fravær,Fravær,Fravær,Fravær,Fravær,Fravær,Fravær,Fravær,Fravær,Fravær,For,For,For,Fravær,For,Fravær,Fravær
20385,Charlotte Bagge Hansen,M,Fravær,For,Fravær,Fravær,Fravær,For,For,For,For,For,For,Fravær,Fravær,Fravær,Fravær,Fravær,Fravær,Fravær,Fravær,Fravær,For,For,For,For,For,For,For,For,For,For,Fravær,Fravær,Fravær,Fravær,Fravær,Fravær,Fravær,Fravær,Fravær,Fravær,Fravær,Fravær,Fravær,Fravær,Fravær,Fravær,Fravær,Fravær,Fravær,Fravær,Fravær,Fravær,Fravær,Fravær,Fravær,Fravær,Fravær,Fravær,Fravær,Fravær,Fravær,Fravær,Fravær,Fravær,Fravær,Fravær,Fravær,Fravær,Fravær,Fravær,Fravær,Fravær,Fravær,Fravær,Fravær,Fravær,Fravær,Fravær,Fravær,Fravær,Fravær,Fravær,Fravær,Fravær,Fravær,Fravær,Fravær,Fravær,Fravær,Fravær,Fravær,Fravær,Fravær,Fravær,Fravær,Fravær,Fravær,Fravær,Fravær,Fravær,Fravær,Fravær,Fravær,Fravær,Fravær,Fravær,Fravær,Fravær,Fravær,Fravær,Fravær,Fravær,Fravær,Fravær,Fravær,Fravær,Fravær,For,For,For,For,For,For,For,For,Imod,For,For,For,For,For,For,For,For,For,For,For,For,For,For,For,For,For,For,For,Imod,For,For,For,For,For,Imod,For,For,For,For,For,Imod,Imod,Imod,Imod,For,For,For,For,For,For,For
20386,Rasmus Lund-Nielsen,M,Fravær,For,Fravær,Fravær,Fravær,Fravær,Fravær,Fravær,Fravær,Fravær,Fravær,Fravær,Fravær,Fravær,Fravær,Fravær,Fravær,Fravær,Fravær,Fravær,For,For,For,For,For,For,For,For,For,For,For,For,Imod,Imod,Imod,Imod,Imod,Imod,Imod,Imod,Imod,Imod,Imod,Imod,Imod,Imod,Imod,Imod,Imod,Imod,Imod,Imod,Imod,Imod,Imod,Imod,Imod,Imod,Imod,Imod,Imod,For,Imod,Imod,Imod,Imod,Imod,Imod,Imod,Imod,Imod,Imod,Imod,Imod,Imod,Imod,Imod,Imod,Imod,Imod,Imod,Imod,Imod,Imod,Imod,Imod,Imod,Imod,Imod,Imod,For,Fravær,Imod,Imod,Imod,Imod,Imod,Imod,Imod,Imod,Imod,Imod,For,For,For,For,For,For,For,For,For,For,For,For,Imod,Imod,Imod,For,For,For,For,For,For,For,For,Imod,Fravær,Fravær,Fravær,Fravær,Fravær,Fravær,Fravær,Fravær,Fravær,Fravær,Fravær,Fravær,Fravær,Fravær,Fravær,Fravær,Fravær,Fravær,Fravær,Fravær,For,For,For,Fravær,Fravær,Fravær,Fravær,Fravær,Fravær,Fravær,Fravær,Fravær,Fravær,Fravær,Fravær,Fravær,Fravær,Fravær,Fravær,Fravær,Fravær,Fravær
20388,Jon Stephensen,UFG,For,Fravær,Fravær,Fravær,Fravær,Fravær,Fravær,Fravær,Fravær,Fravær,Fravær,For,For,For,For,For,For,Imod,Imod,Imod,Fravær,Fravær,Fravær,Fravær,Fravær,Fravær,Fravær,Fravær,Fravær,Fravær,For,For,Imod,Imod,Imod,Imod,Fravær,Fravær,Fravær,Fravær,Fravær,Fravær,Fravær,Fravær,Fravær,Fravær,Fravær,Fravær,Fravær,Fravær,Fravær,Fravær,Fravær,Fravær,Fravær,Fravær,Fravær,Fravær,Fravær,Fravær,Fravær,Fravær,Fravær,Fravær,Fravær,Fravær,Fravær,Fravær,Fravær,Fravær,Fravær,Fravær,Fravær,Fravær,Fravær,Fravær,Fravær,Fravær,Fravær,Fravær,Fravær,Fravær,Fravær,Fravær,Fravær,Fravær,Fravær,Fravær,Fravær,Fravær,Fravær,Fravær,Fravær,Fravær,Fravær,Fravær,Fravær,Fravær,Fravær,Fravær,Fravær,Fravær,Fravær,Fravær,Fravær,Fravær,Fravær,Fravær,Fravær,Fravær,Fravær,Fravær,Fravær,Fravær,Fravær,Fravær,Fravær,For,Fravær,For,For,For,For,For,For,Imod,For,For,For,For,For,For,For,For,For,For,For,For,For,For,For,For,For,Hverken for eller imod,Hverken for eller imod,Imod,For,For,For,For,For,For,Fravær,Fravær,Fravær,Fravær,Fravær,Fravær,Fravær,Fravær,Fravær,Fravær,Fravær,Fravær,Fravær,Fravær,Fravær,Fravær
20389,Peter Have,M,For,For,Imod,For,For,For,For,For,For,For,For,For,For,For,For,For,For,Imod,Imod,Imod,Fravær,Fravær,Fravær,Fravær,Fravær,Fravær,Fravær,Fravær,Fravær,Fravær,For,For,Imod,Imod,Imod,Imod,Imod,Imod,Imod,Imod,Imod,Imod,Imod,Imod,Imod,Imod,Imod,Imod,Imod,Imod,Imod,Imod,Imod,Imod,Imod,Imod,Imod,Imod,Imod,Imod,Imod,For,Imod,Imod,Imod,Imod,Imod,Imod,Imod,Imod,Imod,Imod,Imod,Imod,Imod,Imod,Imod,Imod,Imod,Imod,Imod,Imod,Imod,Imod,Imod,Imod,Imod,Imod,Imod,Imod,For,Imod,Imod,Imod,Imod,Imod,Imod,Imod,Imod,Imod,Imod,Imod,For,For,For,For,For,For,For,For,For,For,For,Imod,Imod,Imod,Imod,For,For,For,For,For,For,For,For,Imod,For,For,For,For,For,For,For,For,For,For,For,For,For,For,For,For,For,For,For,Imod,For,For,For,Fravær,Fravær,Fravær,For,For,For,For,For,Imod,Imod,Imod,Imod,For,For,For,For,For,For,For
20390,Mike Villa Fonseca,UFG,Imod,Fravær,Fravær,Fravær,Fravær,Hverken for eller imod,For,For,Hverken for eller imod,For,Hverken for eller imod,For,Imod,Hverken for eller imod,For,For,For,For,For,For,For,Hverken for eller imod,Hverken for eller imod,Hverken for eller imod,For,For,For,Hverken for eller imod,For,Imod,For,For,Imod,Imod,Imod,Imod,Fravær,Fravær,Fravær,Fravær,Fravær,Fravær,Fravær,Fravær,Fravær,Fravær,Fravær,Fravær,Fravær,Fravær,Fravær,Fravær,Fravær,Fravær,Fravær,Fravær,Fravær,Fravær,Fravær,Fravær,Fravær,Fravær,Fravær,Fravær,Fravær,Fravær,Fravær,Fravær,Fravær,Fravær,Fravær,Fravær,Fravær,Fravær,Fravær,Fravær,Fravær,Fravær,Fravær,Fravær,Fravær,Fravær,Fravær,Fravær,Fravær,Fravær,Fravær,Fravær,Fravær,Fravær,Fravær,Fravær,Fravær,Fravær,Fravær,Fravær,Fravær,Fravær,Fravær,Fravær,Fravær,Fravær,Fravær,Fravær,Fravær,Fravær,Fravær,Fravær,Fravær,Fravær,Fravær,Fravær,Fravær,Fravær,Fravær,Fravær,Fravær,For,For,For,For,For,For,For,For,Imod,For,For,For,For,For,For,For,For,Hverken for eller imod,For,For,For,For,For,For,For,For,Hverken for eller imod,Hverken for eller imod,For,For,For,Hverken for eller imod,Fravær,Fravær,Fravær,For,For,Hverken for eller imod,For,For,Hverken for eller imod,Hverken for eller imod,For,Imod,Fravær,Fravær,Fravær,Fravær,Fravær,Fravær,Fravær
20391,Sólbjørg Jakobsen,LA,Imod,Imod,For,Fravær,Fravær,For,For,For,Imod,For,For,Fravær,Fravær,Fravær,Fravær,Fravær,Fravær,Fravær,Fravær,Fravær,For,Imod,Imod,Hverken for eller imod,For,For,For,For,For,Imod,For,For,Imod,Imod,Imod,Imod,For,Imod,For,Imod,For,Imod,For,Imod,Hverken for eller imod,Imod,For,Imod,Hverken for eller imod,For,Imod,For,Hverken for eller imod,For,Imod,Imod,For,Imod,Imod,Imod,Imod,For,Imod,Imod,For,For,Imod,Imod,Imod,Imod,Imod,Imod,Imod,Imod,For,Imod,Imod,For,Imod,Imod,Imod,For,Imod,For,Imod,Imod,Imod,Imod,Imod,For,For,For,For,Hverken for eller imod,For,Hverken for eller imod,For,Hverken for eller imod,Imod,Imod,For,Imod,Hverken for eller imod,For,For,For,For,For,For,For,For,For,For,For,For,For,For,For,For,For,For,For,For,For,For,Imod,Fravær,Fravær,Fravær,Fravær,Fravær,Fravær,Fravær,Fravær,Fravær,Fravær,Fravær,Fravær,Fravær,Fravær,Fravær,Fravær,Fravær,Fravær,Fravær,Fravær,For,For,For,For,For,For,For,For,Imod,For,For,Imod,Hverken for eller imod,For,Imod,For,Imod,For,Imod,For,For,Imod
20392,Lars-Christian Brask,LA,Imod,Fravær,For,For,For,For,For,For,Imod,For,For,Fravær,Fravær,Fravær,Fravær,Fravær,Fravær,Fravær,Fravær,Fravær,Fravær,Fravær,Fravær,Fravær,Fravær,Fravær,Fravær,Fravær,Fravær,Fravær,Fravær,Fravær,Fravær,Fravær,Fravær,Fravær,Fravær,Fravær,Fravær,Fravær,Fravær,Fravær,Fravær,Fravær,Fravær,Fravær,Fravær,Fravær,Fravær,Fravær,Fravær,Fravær,Fravær,Fravær,Fravær,Fravær,Fravær,Fravær,Fravær,Fravær,Fravær,Fravær,Fravær,Fravær,Fravær,Fravær,Fravær,Fravær,Fravær,Fravær,Fravær,Fravær,Fravær,Fravær,Fravær,Fravær,Fravær,Fravær,Fravær,Fravær,Fravær,Fravær,Fravær,Fravær,Fravær,Fravær,Fravær,Fravær,Fravær,Fravær,Fravær,Fravær,Fravær,Fravær,Fravær,Fravær,Fravær,Fravær,Fravær,Fravær,Fravær,Fravær,Fravær,Fravær,Fravær,Fravær,Fravær,Fravær,Fravær,Fravær,Fravær,Fravær,Fravær,Fravær,Fravær,Fravær,Fravær,Fravær,Fravær,Fravær,Fravær,Fravær,Fravær,Fravær,Fravær,Fravær,For,For,Imod,For,For,For,For,For,For,For,For,For,For,For,For,For,For,For,For,For,Fravær,Fravær,Fravær,Fravær,Fravær,Fravær,For,For,Imod,For,For,Imod,Hverken for eller imod,For,Imod,For,Imod,For,Fravær,Fravær,Fravær,Fravær
20393,Katrine Daugaard,LA,Fravær,Imod,Fravær,Fravær,Fravær,For,For,For,Imod,For,For,For,Imod,Imod,For,For,For,For,For,For,Fravær,Fravær,Fravær,Fravær,Fravær,Fravær,Fravær,Fravær,Fravær,Fravær,For,For,Imod,Imod,Imod,Imod,For,Imod,For,Imod,For,Imod,For,Imod,Hverken for eller imod,Imod,For,Imod,Hverken for eller imod,For,Imod,For,Hverken for eller imod,For,Imod,Imod,For,Imod,Imod,Imod,Imod,For,Imod,Imod,For,For,Imod,Imod,Imod,Imod,Imod,Imod,Imod,Imod,For,Imod,Imod,For,Imod,Imod,Imod,For,Imod,For,Imod,Imod,Imod,Imod,Imod,For,For,For,For,Hverken for eller imod,For,Hverken for eller imod,For,Hverken for eller imod,Imod,Imod,For,Imod,Hverken for eller imod,For,For,For,For,For,For,For,For,For,For,For,For,For,For,Fravær,Fravær,Fravær,Fravær,Fravær,Fravær,Fravær,Fravær,Fravær,For,For,Imod,For,For,For,For,For,For,For,For,For,For,For,For,For,Fravær,For,For,For,For,For,For,For,For,For,For,For,Imod,For,For,Imod,Hverken for eller imod,For,Imod,Fravær,Fravær,Fravær,Fravær,Fravær,Fravær,Fravær
20394,Steffen W. Frølund,LA,Fravær,Fravær,For,For,For,Fravær,Fravær,Fravær,Fravær,Fravær,Fravær,Fravær,Fravær,Fravær,Fravær,Fravær,Fravær,Fravær,Fravær,Fravær,Fravær,Fravær,Fravær,Fravær,Fravær,Fravær,Fravær,Fravær,Fravær,Fravær,For,For,Imod,Imod,Imod,Imod,For,Imod,For,Imod,For,Imod,For,Imod,Hverken for eller imod,Imod,For,Imod,Hverken for eller imod,For,Imod,For,Hverken for eller imod,For,Imod,Imod,For,Imod,Imod,Imod,Imod,For,Imod,Imod,For,For,Imod,Imod,Imod,Imod,Imod,Imod,Imod,Imod,For,Imod,Imod,For,Imod,Imod,Imod,For,Imod,For,Imod,Imod,Imod,Imod,Imod,For,For,For,For,Hverken for eller imod,For,Hverken for eller imod,For,Hverken for eller imod,Imod,Imod,For,Imod,Hverken for eller imod,For,For,For,For,For,For,For,For,For,For,For,For,For,For,For,For,For,For,For,For,For,For,Imod,For,For,Imod,For,For,For,For,For,For,For,For,For,For,For,For,For,For,For,For,For,Fravær,Fravær,Fravær,For,For,For,For,For,Imod,For,For,Imod,Hverken for eller imod,For,Imod,For,Imod,For,Imod,For,For,Imod
20395,Alexander Ryle,LA,Fravær,Fravær,Fravær,Fravær,Fravær,For,For,For,Imod,For,For,For,Imod,Imod,For,For,For,For,For,For,For,Imod,Imod,Hverken for eller imod,For,For,For,For,For,Imod,For,For,Imod,Imod,Imod,Imod,For,Imod,For,Imod,For,Imod,For,Imod,Hverken for eller imod,Imod,For,Imod,Hverken for eller imod,For,Imod,For,Hverken for eller imod,For,Imod,Imod,For,Imod,Imod,Imod,Imod,For,Imod,Imod,For,For,Imod,Imod,Imod,Imod,Imod,Imod,Imod,Imod,For,Imod,Imod,For,Imod,Imod,Imod,For,Imod,For,Imod,Imod,Imod,Imod,Imod,For,For,For,For,Hverken for eller imod,For,Hverken for eller imod,For,Hverken for eller imod,Imod,Imod,For,Imod,Fravær,Fravær,Fravær,Fravær,Fravær,Fravær,Fravær,Fravær,Fravær,Fravær,Fravær,Fravær,Fravær,Fravær,Fravær,Fravær,Fravær,Fravær,Fravær,Fravær,Fravær,Fravær,Fravær,Fravær,For,For,Imod,For,For,For,For,For,For,For,For,For,For,For,For,For,For,For,For,For,Fravær,Fravær,Fravær,Fravær,Fravær,Fravær,For,For,Imod,For,For,Imod,Imod,For,Imod,For,Imod,For,Imod,For,For,Imod
20396,Jens Meilvang,LA,Fravær,Imod,For,For,For,Fravær,Fravær,Fravær,Fravær,Fravær,Fravær,For,Imod,Imod,For,For,For,For,For,For,For,Imod,Imod,Hverken for eller imod,For,For,For,For,For,Imod,Fravær,Fravær,Fravær,Fravær,Fravær,Fravær,For,Imod,For,Imod,For,Imod,For,Imod,Hverken for eller imod,Imod,For,Imod,Hverken for eller imod,For,Imod,For,Hverken for eller imod,For,Imod,Imod,For,Imod,Imod,Imod,Imod,For,Imod,Imod,For,For,Imod,Imod,Imod,Imod,Imod,Imod,Imod,Imod,For,Imod,Imod,For,Imod,Imod,Imod,For,Imod,For,Imod,Imod,Imod,Imod,Imod,For,For,For,For,Hverken for eller imod,For,Hverken for eller imod,For,Hverken for eller imod,Imod,Imod,For,Imod,Fravær,Fravær,Fravær,Fravær,Fravær,Fravær,Fravær,Fravær,Fravær,Fravær,Fravær,Fravær,Fravær,Fravær,Fravær,Fravær,Fravær,Fravær,Fravær,Fravær,Fravær,Fravær,Fravær,Fravær,Fravær,Fravær,Fravær,Fravær,Fravær,Fravær,Fravær,Fravær,Fravær,Fravær,Fravær,Fravær,Fravær,Fravær,Fravær,Fravær,Fravær,Fravær,Fravær,Fravær,Fravær,Fravær,Fravær,For,For,For,Fravær,Fravær,Fravær,Fravær,Fravær,Fravær,Fravær,Fravær,Fravær,Fravær,Fravær,Fravær,Fravær,Fravær,Fravær,Fravær
20397,Steffen Larsen,LA,Imod,Imod,For,For,For,For,For,For,Imod,For,For,For,Imod,Imod,For,For,For,For,For,For,Fravær,Fravær,Fravær,Fravær,Fravær,Fravær,Fravær,Fravær,Fravær,Fravær,Fravær,Fravær,Fravær,Fravær,Fravær,Fravær,Fravær,Fravær,Fravær,Fravær,Fravær,Fravær,Fravær,Fravær,Fravær,Fravær,Fravær,Fravær,Fravær,Fravær,Fravær,Fravær,Fravær,Fravær,Fravær,Fravær,Fravær,Fravær,Fravær,Fravær,Fravær,Fravær,Fravær,Fravær,Fravær,Fravær,Fravær,Fravær,Fravær,Fravær,Fravær,Fravær,Fravær,Fravær,Fravær,Fravær,Fravær,Fravær,Fravær,Fravær,Fravær,Fravær,Fravær,Fravær,Fravær,Fravær,Fravær,Fravær,Fravær,Fravær,Fravær,Fravær,Fravær,Fravær,Fravær,Fravær,Fravær,Fravær,Fravær,Fravær,Fravær,Fravær,Hverken for eller imod,For,For,For,For,For,For,For,For,For,For,For,For,For,For,Fravær,For,For,For,For,For,For,For,Imod,Fravær,Fravær,Fravær,Fravær,Fravær,Fravær,Fravær,Fravær,Fravær,Fravær,Fravær,Fravær,Fravær,Fravær,Fravær,Fravær,Fravær,Fravær,Fravær,Fravær,For,For,For,Fravær,Fravær,Fravær,Fravær,Fravær,Fravær,Fravær,Fravær,Fravær,Fravær,Fravær,Fravær,Fravær,Fravær,Fravær,Fravær,Fravær,Fravær,Fravær
20398,Helena Artmann Andresen,LA,Imod,Fravær,Fravær,Fravær,Fravær,Fravær,Fravær,Fravær,Fravær,Fravær,Fravær,For,Imod,Imod,For,For,For,For,For,For,For,Imod,Imod,Hverken for eller imod,For,For,For,For,For,Imod,For,For,Imod,Imod,Imod,Imod,For,Imod,For,Imod,For,Imod,For,Imod,Hverken for eller imod,Imod,For,Imod,Hverken for eller imod,For,Imod,For,Hverken for eller imod,For,Imod,Imod,For,Imod,Imod,Imod,Imod,For,Imod,Imod,For,For,Imod,Imod,Imod,Imod,Imod,Imod,Imod,Imod,For,Imod,Imod,For,Imod,Imod,Imod,For,Imod,For,Imod,Imod,Imod,Imod,Imod,For,For,For,For,Hverken for eller imod,For,Hverken for eller imod,For,Hverken for eller imod,Imod,Imod,For,Imod,Hverken for eller imod,For,For,For,For,For,For,For,For,For,For,For,For,For,For,For,For,For,For,For,For,For,For,Imod,For,For,Imod,For,For,For,For,For,For,For,For,For,For,For,For,For,For,For,For,For,For,For,For,Fravær,Fravær,Fravær,For,For,Imod,For,Fravær,Imod,Hverken for eller imod,For,Fravær,For,Imod,For,Imod,For,For,Imod
20399,Louise Brown,LA,Imod,Imod,For,For,For,Fravær,Fravær,Fravær,Fravær,Fravær,Fravær,For,Imod,Imod,For,For,For,For,For,For,For,Imod,Imod,Hverken for eller imod,For,For,For,For,For,Imod,For,For,Imod,Imod,Imod,Imod,For,Imod,For,Imod,For,Imod,For,Imod,Hverken for eller imod,Imod,For,Imod,Hverken for eller imod,For,Imod,For,Hverken for eller imod,For,Imod,Imod,For,Imod,Imod,Imod,Imod,For,Imod,Imod,For,For,Imod,Imod,Imod,Imod,Imod,Imod,Imod,Imod,For,Imod,Imod,For,Imod,Imod,Imod,For,Imod,For,Imod,Imod,Imod,Imod,Imod,For,For,For,For,Hverken for eller imod,For,Hverken for eller imod,For,Hverken for eller imod,Imod,Imod,For,Imod,Hverken for eller imod,For,For,For,For,For,For,For,For,For,For,For,For,For,For,For,For,For,For,For,For,For,For,Imod,Fravær,Fravær,Fravær,Fravær,Fravær,Fravær,Fravær,Fravær,Fravær,Fravær,Fravær,Fravær,Fravær,Fravær,Fravær,Fravær,Fravær,Fravær,Fravær,Fravær,For,For,For,For,For,For,For,For,Imod,For,For,Imod,Hverken for eller imod,For,Imod,Fravær,Fravær,Fravær,Fravær,Fravær,Fravær,Fravær
20400,Sandra Elisabeth Skalvig,LA,Imod,Imod,For,For,For,For,For,For,Imod,For,For,For,Imod,Imod,For,For,For,For,For,For,For,Imod,Imod,Hverken for eller imod,For,For,For,For,For,Imod,Fravær,Fravær,Fravær,Fravær,Fravær,Fravær,For,Imod,For,Imod,For,Imod,For,Imod,Hverken for eller imod,Imod,For,Imod,Hverken for eller imod,For,Imod,For,Hverken for eller imod,For,Imod,Imod,For,Imod,Imod,Imod,Imod,For,Imod,Imod,For,For,Imod,Imod,Imod,Imod,Imod,Imod,Imod,Imod,For,Imod,Imod,For,Imod,Imod,Imod,For,Imod,For,Imod,Imod,Imod,Imod,Imod,For,For,For,For,Hverken for eller imod,For,Hverken for eller imod,For,Hverken for eller imod,Imod,Imod,For,Imod,Hverken for eller imod,For,For,For,For,For,For,For,For,For,For,For,For,For,For,For,For,For,For,For,For,For,For,Imod,For,For,Imod,For,For,For,For,For,For,For,For,For,For,For,For,For,For,For,For,For,For,For,For,For,For,For,For,For,Imod,For,For,Imod,Hverken for eller imod,For,Imod,For,Imod,For,Imod,For,For,Imod
20411,Leila Stockmarr,EL,Fravær,Imod,Fravær,Fravær,Fravær,Fravær,Fravær,Fravær,Fravær,Fravær,Fravær,Imod,Imod,Hverken for eller imod,For,Imod,For,Imod,Imod,Imod,Fravær,Fravær,Fravær,Fravær,Fravær,Fravær,Fravær,Fravær,Fravær,Fravær,For,Imod,For,For,For,For,Fravær,Fravær,Fravær,Fravær,Fravær,Fravær,Fravær,Fravær,Fravær,Fravær,Fravær,Fravær,Fravær,Fravær,Fravær,Fravær,Fravær,Fravær,Fravær,Fravær,Fravær,Fravær,Fravær,Fravær,Fravær,Fravær,Fravær,Fravær,Fravær,Fravær,Fravær,Fravær,Fravær,Fravær,Fravær,Fravær,Fravær,Fravær,Fravær,Fravær,Fravær,Fravær,Fravær,Fravær,Fravær,Fravær,Fravær,Fravær,Fravær,Fravær,Fravær,Fravær,Fravær,Fravær,Fravær,Fravær,Fravær,Fravær,Fravær,Fravær,Fravær,Fravær,Fravær,Fravær,Fravær,Fravær,Imod,Imod,Imod,Imod,Imod,For,For,For,For,Hverken for eller imod,For,Imod,Imod,Imod,Hverken for eller imod,For,For,Imod,Imod,For,Hverken for eller imod,Imod,For,For,For,For,For,For,For,Imod,Hverken for eller imod,For,For,For,For,Imod,For,For,For,For,For,Imod,For,For,Fravær,Fravær,Fravær,Fravær,Fravær,Fravær,For,For,Imod,Imod,For,For,Imod,Imod,For,Fravær,Fravær,Fravær,Fravær,Fravær,Fravær,Fravær
20415,Mohammad Rona,M,For,Fravær,Fravær,Fravær,Fravær,For,For,For,For,For,For,For,For,For,For,For,For,Imod,Imod,Imod,For,For,For,For,For,For,For,For,For,For,For,For,Imod,Imod,Imod,Imod,Imod,Imod,Imod,Imod,Imod,Imod,Imod,Imod,Imod,Imod,Imod,Imod,Imod,Imod,Imod,Imod,Imod,Imod,Imod,Imod,Imod,Imod,Imod,Imod,Imod,For,Imod,Imod,Imod,Imod,Imod,Imod,Imod,Imod,Imod,Imod,Imod,Imod,Imod,Imod,Imod,Imod,Imod,Imod,Imod,Imod,Imod,Imod,Imod,Imod,Imod,Imod,Imod,Imod,For,Imod,Imod,Imod,Imod,Imod,Imod,Imod,Imod,Imod,Imod,Imod,For,For,For,For,For,For,For,For,For,For,For,Imod,Imod,Imod,Imod,For,For,For,For,For,For,For,For,Imod,For,For,For,For,For,For,For,For,For,For,For,For,For,For,For,For,For,For,For,Imod,For,For,For,For,For,Imod,For,For,For,For,For,Imod,Imod,Imod,Imod,For,For,For,For,For,For,For
20496,Henrik Rejnholt Andersen,M,For,Fravær,Imod,For,For,Fravær,Fravær,Fravær,Fravær,Fravær,Fravær,Fravær,Fravær,Fravær,Fravær,Fravær,Fravær,Fravær,Fravær,Fravær,For,For,For,For,For,For,For,For,For,For,For,For,Imod,Imod,Imod,Imod,Imod,Imod,Imod,Imod,Imod,Imod,Imod,Imod,Imod,Imod,Imod,Imod,Imod,Imod,Imod,Imod,Imod,Imod,Imod,Imod,Imod,Imod,Imod,Imod,Imod,For,Imod,Imod,Imod,Imod,Imod,Imod,Imod,Imod,Imod,Imod,Imod,Imod,Imod,Imod,Imod,Imod,Imod,Imod,Imod,Imod,Imod,Imod,Imod,Imod,Imod,Imod,Imod,Imod,For,Imod,Imod,Imod,Imod,Imod,Imod,Imod,Imod,Imod,Imod,Imod,For,For,For,For,For,For,For,For,For,For,For,Imod,Imod,Imod,Imod,Fravær,Fravær,Fravær,Fravær,Fravær,Fravær,Fravær,Fravær,Fravær,For,For,For,For,For,For,For,For,For,For,For,For,For,For,For,For,For,For,For,Imod,For,For,For,For,For,Imod,For,For,For,For,For,Imod,Imod,Imod,Imod,,,,,,,
20781,Gunvor Wibroe,S,For,Fravær,Fravær,For,For,Fravær,Fravær,Fravær,Fravær,Fravær,Fravær,For,For,For,For,For,For,Imod,Imod,Imod,For,For,For,For,For,For,For,For,For,For,For,For,Imod,Imod,Imod,Imod,Imod,Imod,Imod,Imod,Imod,Imod,Imod,Imod,Imod,Imod,Imod,Imod,Imod,Imod,Imod,Imod,Imod,Imod,Imod,Imod,Imod,Imod,Imod,Imod,Imod,For,Imod,Imod,Imod,Imod,Imod,Imod,Imod,Imod,Imod,Imod,Imod,Imod,Imod,Imod,Imod,Imod,Imod,Imod,Imod,Imod,Imod,Imod,Imod,Imod,Imod,Imod,Imod,Imod,For,Imod,Imod,Imod,Imod,Imod,Imod,Imod,Imod,Imod,Imod,Imod,For,For,For,For,For,For,For,For,For,For,For,Imod,Imod,Imod,Imod,For,For,For,For,For,For,For,For,Imod,For,For,For,For,For,For,For,For,For,For,For,For,For,For,For,For,For,For,For,Imod,For,For,For,Fravær,For,Imod,For,For,For,For,For,Imod,Imod,Imod,Imod,For,For,For,For,For,For,For
20798,Mads Olsen,SF,Imod,Imod,Imod,For,For,For,For,For,For,For,For,Imod,Imod,For,For,For,For,For,For,Imod,For,For,For,For,For,For,Imod,Imod,For,For,Fravær,Fravær,Fravær,Fravær,Fravær,Fravær,Imod,Imod,Imod,For,Imod,Imod,Imod,Imod,For,Imod,Imod,For,For,For,For,Imod,For,Imod,Hverken for eller imod,Hverken for eller imod,Imod,For,For,For,Imod,Imod,For,For,Imod,Imod,Imod,For,For,For,For,For,Imod,For,Imod,Imod,For,Imod,Imod,Imod,Imod,Imod,For,Hverken for eller imod,Hverken for eller imod,Imod,Imod,Imod,Imod,Imod,Imod,Imod,Imod,Imod,Imod,Imod,Imod,Imod,For,For,Imod,Imod,For,For,For,Imod,Imod,For,For,For,For,For,For,Imod,Imod,Imod,Imod,For,For,For,For,For,Hverken for eller imod,Imod,For,For,For,For,For,For,For,For,For,For,For,For,For,Imod,For,For,For,For,For,For,For,For,Imod,For,For,Fravær,Fravær,Fravær,For,For,Imod,Imod,For,For,Imod,Imod,For,Imod,For,Imod,For,For,For,For
20820,Carl Andersen,LA,Imod,Fravær,Fravær,Fravær,Fravær,For,For,For,Imod,For,For,For,Imod,Imod,For,For,For,For,For,For,For,Imod,Imod,Hverken for eller imod,For,For,For,For,For,Imod,For,For,Imod,Imod,Imod,Imod,Fravær,Fravær,Fravær,Fravær,Fravær,Fravær,Fravær,Fravær,Fravær,Fravær,Fravær,Fravær,Fravær,Fravær,Fravær,Fravær,Fravær,Fravær,Fravær,Fravær,Fravær,Fravær,Fravær,Fravær,Fravær,Fravær,Fravær,Fravær,Fravær,Fravær,Fravær,Fravær,Fravær,Fravær,Fravær,Fravær,Fravær,Fravær,Fravær,Fravær,Fravær,Fravær,Fravær,Fravær,Fravær,Fravær,Fravær,Fravær,Fravær,Fravær,Fravær,Fravær,Fravær,Fravær,Fravær,Fravær,Fravær,Fravær,Fravær,Fravær,Fravær,Fravær,Fravær,Fravær,Fravær,Fravær,Hverken for eller imod,For,For,For,For,For,For,For,For,For,For,For,For,For,For,For,For,For,For,For,For,For,For,Imod,For,For,Imod,For,For,For,For,For,For,For,For,For,For,For,For,For,For,For,For,For,For,For,For,Fravær,Fravær,Fravær,For,For,Imod,For,For,Fravær,Hverken for eller imod,Fravær,Imod,For,Imod,For,Imod,For,For,Imod
20917,Tina Cartey Hansen,KF,Fravær,Imod,For,For,For,,,,,,,,,,,,,,,,,,,,,,,,,,,,,,,,,,,,,,,,,,,,,,,,,,,,,,,,,,,,,,,,,,,,,,,,,,,,,,,,,,,,,,,,,,,,,,,,,,,,,,,,,,,,,,,,,,,,,,,,,,,,,,,,,,,,,,,,,,,,,,,,,,,,,,,,,,,,,,,,,,,
20925,Dina Raabjerg,KF,Imod,Imod,For,For,For,For,For,For,For,For,Imod,Imod,Imod,For,For,For,For,For,For,For,For,For,For,Hverken for eller imod,For,For,For,For,For,For,For,For,Imod,Imod,Imod,Imod,Imod,Imod,Imod,Imod,Imod,Imod,Imod,Imod,Imod,Imod,Imod,Imod,Imod,Imod,Imod,Imod,Imod,Imod,Imod,Imod,Imod,Imod,Imod,Imod,Imod,For,Imod,Imod,Imod,Imod,Imod,Imod,Imod,Imod,Imod,Imod,Imod,Imod,Imod,Imod,Imod,Imod,Imod,Imod,Imod,Imod,Imod,Imod,Imod,Imod,Imod,Imod,Imod,Imod,For,Imod,Imod,Imod,Imod,Imod,Imod,Imod,Imod,Imod,Imod,Imod,For,For,For,For,For,For,For,For,For,For,For,Imod,Imod,Imod,Imod,For,For,For,For,For,For,For,For,Imod,For,For,For,For,For,For,For,For,For,For,For,Fravær,For,For,For,For,For,For,For,For,For,For,For,For,For,For,Fravær,Fravær,Fravær,Fravær,Fravær,Fravær,Fravær,Fravær,Fravær,For,For,For,Imod,For,For,For
20930,Louise Mehnke,S,Fravær,For,Imod,For,For,For,For,For,For,For,For,For,For,For,For,For,For,Imod,Imod,Imod,Fravær,Fravær,Fravær,Fravær,Fravær,Fravær,Fravær,Fravær,Fravær,Fravær,For,For,Imod,Imod,Imod,Imod,Imod,Imod,Imod,Imod,Imod,Imod,Fravær,Fravær,Fravær,Fravær,Fravær,Fravær,Fravær,Fravær,Fravær,Fravær,Fravær,Fravær,Fravær,Fravær,Fravær,Fravær,Fravær,Fravær,Fravær,Fravær,Fravær,Fravær,Fravær,Fravær,Fravær,Fravær,Fravær,Fravær,Fravær,Fravær,Fravær,Fravær,Fravær,Fravær,Fravær,Fravær,Fravær,Fravær,Fravær,Fravær,Fravær,Fravær,Fravær,Fravær,Fravær,Fravær,Fravær,Fravær,Fravær,Fravær,Fravær,Fravær,Fravær,Fravær,Fravær,Fravær,Fravær,Fravær,Fravær,Fravær,For,For,For,For,For,For,For,For,For,For,For,Imod,Imod,Imod,Imod,For,For,For,For,For,For,For,For,Imod,For,For,For,For,For,For,For,For,For,For,For,For,For,For,For,For,For,For,For,Imod,For,For,For,For,For,Imod,,,,,,,,,,,,,,,,
20962,Claus Jørgensen,SF,Fravær,Imod,Fravær,Fravær,Fravær,For,For,For,For,For,For,Fravær,Fravær,Fravær,Fravær,Fravær,Fravær,Fravær,Fravær,Fravær,For,For,For,For,For,For,Imod,Imod,For,For,For,For,For,For,For,For,Fravær,Fravær,Fravær,Fravær,Fravær,Fravær,Fravær,Fravær,Fravær,Fravær,Fravær,Fravær,Fravær,Fravær,Fravær,Fravær,Fravær,Fravær,Fravær,Fravær,Fravær,Fravær,Fravær,Fravær,Fravær,Fravær,Fravær,Fravær,Fravær,Fravær,Fravær,Fravær,Fravær,Fravær,Fravær,Fravær,Fravær,Fravær,Fravær,Fravær,Fravær,Fravær,Fravær,Fravær,Fravær,Fravær,Fravær,Fravær,Fravær,Fravær,Fravær,Fravær,Fravær,Fravær,Fravær,Fravær,Fravær,Fravær,Fravær,Fravær,Fravær,Fravær,Fravær,Fravær,Fravær,Fravær,For,For,For,Imod,Imod,For,For,For,For,For,For,Imod,Imod,Imod,Imod,Fravær,Fravær,Fravær,Fravær,Fravær,Fravær,Fravær,Fravær,Fravær,For,For,For,For,For,For,For,For,For,For,For,Imod,For,For,For,For,For,For,For,For,Imod,For,For,For,For,For,For,For,Imod,Imod,For,For,Imod,Imod,For,Imod,For,Imod,For,For,For,For
20966,Frederik Bloch Münster,KF,Imod,Imod,For,For,For,For,For,For,For,For,Imod,Imod,Imod,For,For,For,For,For,For,For,Fravær,Fravær,Fravær,Fravær,Fravær,Fravær,Fravær,Fravær,Fravær,Fravær,Fravær,Fravær,Fravær,Fravær,Fravær,Fravær,Fravær,Fravær,Fravær,Fravær,Fravær,Fravær,Fravær,Fravær,Fravær,Fravær,Fravær,Fravær,Fravær,Fravær,Fravær,Fravær,Fravær,Fravær,Fravær,Fravær,Fravær,Fravær,Fravær,Fravær,Fravær,Fravær,Fravær,Fravær,Fravær,Fravær,Fravær,Fravær,Fravær,Fravær,Fravær,Fravær,Fravær,Fravær,Fravær,Fravær,Fravær,Fravær,Fravær,Fravær,Fravær,Fravær,Fravær,Fravær,Fravær,Fravær,Fravær,Fravær,Fravær,Fravær,Fravær,Fravær,Fravær,Fravær,Fravær,Fravær,Fravær,Fravær,Fravær,Fravær,Fravær,Fravær,Fravær,Fravær,Fravær,Fravær,Fravær,Fravær,Fravær,Fravær,Fravær,Fravær,Fravær,Fravær,Fravær,Fravær,Fravær,For,For,For,For,For,For,For,For,Imod,For,For,For,For,For,For,For,For,For,For,For,For,For,For,For,For,For,For,For,For,For,For,For,For,For,For,For,For,For,For,For,Hverken for eller imod,For,For,Imod,For,For,For,Imod,For,For,For
21044,Lasse Haugaard Pedersen,S,For,For,Imod,For,For,For,For,For,For,For,For,For,For,For,For,For,For,Imod,Imod,Imod,For,For,For,For,For,For,For,For,For,For,For,For,Imod,Imod,Imod,Imod,Imod,Imod,Imod,Imod,Imod,Imod,Imod,Imod,Imod,Imod,Imod,Imod,Imod,Imod,Imod,Imod,Imod,Imod,Imod,Imod,Imod,Imod,Imod,Imod,Imod,For,Imod,Imod,Imod,Imod,Imod,Imod,Imod,Imod,Imod,Imod,Imod,Imod,Imod,Imod,Imod,Imod,Imod,Imod,Imod,Imod,Imod,Imod,Imod,Imod,Imod,Imod,Imod,Imod,For,Imod,Imod,Imod,Imod,Imod,Imod,Imod,Imod,Imod,Imod,Imod,For,For,For,For,For,For,For,For,For,For,For,Imod,Imod,Imod,Imod,For,For,For,For,For,For,For,For,Imod,For,For,For,For,For,For,For,For,For,For,For,For,For,For,For,For,For,For,For,Imod,For,For,For,For,For,Imod,For,For,For,For,For,Imod,Imod,Imod,Imod,For,For,For,For,For,For,For
21083,Thorkild Holmboe-Hay,S,For,For,,,,,,,,,,,,,,,,,,,,,,,,,,,,,,,,,,,,,,,,,,,,,,,,,,,,,,,,,,,,,,,,,,,,,,,,,,,,,,,,,,,,,,,,,,,,,,,,,,,,,,,,,,,,,,,,,,,,,,,,,,,,,,,,,,,,,,,,,,,,,,,,,,,,,,,,,,,,,,,,,,,,,,
21143,Morten Klessen,S,For,For,Fravær,Fravær,Fravær,Fravær,Fravær,Fravær,Fravær,Fravær,Fravær,Fravær,Fravær,Fravær,Fravær,Fravær,Fravær,Fravær,Fravær,Fravær,For,For,For,For,For,For,For,For,For,For,For,For,Imod,Imod,Imod,Imod,Imod,Imod,Imod,Imod,Imod,Imod,Imod,Imod,Imod,Imod,Imod,Imod,Imod,Imod,Imod,Imod,Imod,Imod,Imod,Imod,Imod,Imod,Imod,Imod,Imod,For,Imod,Imod,Imod,Imod,Imod,Imod,Imod,Imod,Imod,Imod,Imod,Imod,Imod,Imod,Imod,Imod,Imod,Imod,Imod,Imod,Imod,Imod,Imod,Imod,Imod,Imod,Imod,Imod,For,Imod,Imod,Imod,Imod,Imod,Imod,Imod,Imod,Imod,Imod,Imod,For,For,For,For,For,For,For,For,For,For,For,Imod,Imod,Imod,Imod,Fravær,For,For,For,For,For,For,For,Imod,Fravær,Fravær,Fravær,Fravær,Fravær,Fravær,Fravær,Fravær,Fravær,Fravær,Fravær,Fravær,Fravær,Fravær,Fravær,Fravær,Fravær,Fravær,Fravær,Fravær,For,For,For,Fravær,Fravær,Fravær,For,For,For,For,For,Imod,Imod,Imod,Imod,For,For,For,For,Fravær,For,For
21159,Ammar Ali,M,Fravær,For,Imod,For,For,For,For,For,For,For,For,For,For,For,For,For,For,Imod,Imod,Imod,For,For,For,For,For,For,For,For,For,For,For,For,Fravær,Imod,Imod,Imod,Imod,Imod,Imod,Imod,Imod,Imod,Imod,Imod,Imod,Imod,Imod,Imod,Imod,Imod,Imod,Imod,Imod,Imod,Imod,Imod,Imod,Imod,Imod,Imod,Imod,For,Imod,Imod,Imod,Imod,Imod,Imod,Imod,Imod,Imod,Imod,Imod,Imod,Imod,Imod,Imod,Imod,Imod,Imod,Imod,Imod,Imod,Imod,Imod,Imod,Imod,Imod,Imod,Imod,For,Imod,Imod,Imod,Imod,Imod,Imod,Imod,Imod,Imod,Imod,Imod,For,For,For,For,For,For,For,For,For,For,For,Imod,Imod,Imod,Imod,Fravær,Fravær,Fravær,For,For,For,For,For,Imod,For,For,For,For,For,For,For,For,For,For,For,For,For,For,For,For,For,For,For,Imod,Fravær,Fravær,Fravær,For,For,Imod,,,,,,,,,,,,,,,,
21168,Erik Veje Rasmussen,V,For,For,Imod,For,For,For,For,For,For,For,For,For,For,For,For,For,For,Imod,Imod,Imod,Fravær,Fravær,Fravær,Fravær,Fravær,Fravær,Fravær,Fravær,Fravær,Fravær,For,For,Imod,Imod,Imod,Imod,Imod,Imod,Imod,Imod,Imod,Imod,Imod,Imod,Imod,Imod,Imod,Imod,Imod,Imod,Imod,Imod,Imod,Imod,Imod,Imod,Imod,Imod,Imod,Imod,Imod,For,Imod,Imod,Imod,Imod,Imod,Imod,Imod,Imod,Imod,Imod,Imod,Imod,Imod,Imod,Imod,Imod,Imod,Imod,Imod,Imod,Imod,Imod,Imod,Imod,Imod,Imod,Imod,Imod,For,Imod,Imod,Imod,Imod,Imod,Imod,Imod,Imod,Imod,Imod,Imod,For,For,For,For,For,For,For,For,For,For,For,Imod,Imod,Imod,Imod,Fravær,Fravær,Fravær,Fravær,Fravær,Fravær,Fravær,Fravær,Fravær,Fravær,Fravær,Fravær,Fravær,Fravær,Fravær,Fravær,Fravær,Fravær,Fravær,Fravær,Fravær,Fravær,Fravær,Fravær,Fravær,Fravær,Fravær,Fravær,Fravær,For,For,For,Fravær,Fravær,Fravær,For,For,For,For,For,Imod,Imod,Imod,Imod,For,For,For,For,For,For,For
21186,Mads Madsen Henriksen,S,For,For,,,,,,,,,,,,,,,,,,,,,,,,,,,,,,,,,,,,,,,,,,,,,,,,,,,,,,,,,,,,,,,,,,,,,,,,,,,,,,,,,,,,,,,,,,,,,,,,,,,,,,,,,,,,,,,,,,,,,,,,,,,,,,,,,,,,,,,,,,,,,,,,,,,,,,,,,,,,,,,,,,,,,,
21194,Joachim Hoffmann-Petersen,KF,Imod,Imod,Fravær,Fravær,Fravær,Fravær,Fravær,Fravær,Fravær,Fravær,Fravær,Imod,Imod,For,For,For,For,For,For,For,For,For,For,Hverken for eller imod,For,For,For,For,For,For,Fravær,Fravær,Fravær,Fravær,Fravær,Fravær,Fravær,Fravær,Fravær,Fravær,Fravær,Fravær,Fravær,Fravær,Fravær,Fravær,Fravær,Fravær,Fravær,Fravær,Fravær,Fravær,Fravær,Fravær,Fravær,Fravær,Fravær,Fravær,Fravær,Fravær,Fravær,Fravær,Fravær,Fravær,Fravær,Fravær,Fravær,Fravær,Fravær,Fravær,Fravær,Fravær,Fravær,Fravær,Fravær,Fravær,Fravær,Fravær,Fravær,Fravær,Fravær,Fravær,Fravær,Fravær,Fravær,Fravær,Fravær,Fravær,Fravær,Fravær,Fravær,Fravær,Fravær,Fravær,Fravær,Fravær,Fravær,Fravær,Fravær,Fravær,Fravær,Fravær,Fravær,Fravær,Fravær,Fravær,Fravær,Fravær,Fravær,Fravær,Fravær,Fravær,Fravær,Fravær,Fravær,Fravær,Fravær,For,For,For,For,For,For,For,For,Imod,For,For,For,For,For,For,For,For,For,For,For,For,For,For,For,For,For,For,For,For,For,For,For,Fravær,Fravær,Fravær,For,For,For,For,For,Hverken for eller imod,For,For,Imod,Fravær,Fravær,Fravær,Fravær,Fravær,Fravær,Fravær
21206,Elvira Kûitse,N,Fravær,Fravær,,,,,,,,,,,,,,,,,,,,,,,,,,,,,,,,,,,,,,,,,,,,,,,,,,,,,,,,,,,,,,,,,,,,,,,,,,,,,,,,,,,,,,,,,,,,,,,,,,,,,,,,,,,,,,,,,,,,,,,,,,,,,,,,,,,,,,,,,,,,,,,,,,,,,,,,,,,,,,,,,,,,,,
